client_id,client_type,first_name,last_name,date_of_birth,gender,country,region,acquisition_purpose,satisfaction_score,loan_applied,referral_channel,age,loan_applied_flag,purchases_count,avg_sale_price,median_sale_price,avg_price_per_sqft,last_purchase_date,total_listings,kmeans_label,agg_label,dbscan_label
C0001,Individual,Kareem,Liu,1968-05-11,F,USA,California,Home,4,Yes,Website,55,True,4,311691.18,287449.20499999996,319.96317185861204,2025-12-01,4,2,0,-1
C0002,Individual,Trystan,Oconnor,1962-11-26,M,USA,California,Home,1,No,Website,61,False,5,368219.1860000001,336892.39,313.1679087042186,2025-12-01,5,2,0,-1
C0003,Individual,Kale,Gay,1959-04-07,M,USA,California,Home,4,Yes,Agency,64,True,5,332291.518,260144.68,310.797967102675,2025-10-01,5,2,0,-1
C0004,Individual,Russell,Gross,1959-11-25,M,USA,California,Home,5,No,Website,64,False,6,268043.91833333333,212718.115,275.5640860802061,2025-08-01,6,0,2,-1
C0005,Company,Marleez,Co,1976-02-28,M,USA,California,Investment,5,No,Website,47,False,13,281029.64461538463,229412.62,299.39886333356816,2025-05-01,13,0,2,-1
C0006,Individual,Yurem,Wright,1957-03-06,M,USA,California,Home,3,Yes,Website,66,True,5,302826.212,294158.67,301.81143627425695,2025-11-01,5,2,0,-1
C0007,Individual,Xavier,Faulkner,1947-05-24,M,Canada,Quebec,Investment,5,No,Website,76,False,11,295558.8936363636,247739.44,296.0091174822707,2025-12-01,11,0,2,-1
C0008,Individual,Kayden,Olsen,1969-10-17,F,USA,California,Home,5,No,Website,54,False,5,295346.08200000005,234283.57,289.273363570013,2025-03-01,5,2,0,-1
C0009,Individual,Joaquin,Mullins,1975-10-05,M,USA,California,Investment,5,No,Agency,48,False,5,364166.47,396973.83,274.38568336203406,2025-05-01,5,2,0,-1
C0010,Individual,Nicolas,Navarro,1966-06-17,M,USA,Oregon,Investment,3,No,Agency,57,False,5,346486.8,340333.17,309.13580924027326,2025-09-01,5,2,0,-1
C0011,Individual,Laci,Guerra,1956-06-17,F,USA,California,Home,2,Yes,Website,67,True,5,265042.304,244266.24,282.7741404393233,2025-09-01,5,2,0,-1
C0012,Company,Kylax,Co,1975-04-25,M,USA,California,Investment,5,No,Website,48,False,4,399881.6,411692.39,299.78630561500273,2025-03-01,4,1,0,-1
C0013,Individual,Harley,Lucero,1962-08-10,M,USA,California,Home,1,Yes,Website,61,True,5,428550.178,457007.6,301.97365713513284,2025-10-01,5,1,1,-1
C0014,Company,Esther,Co,1980-07-10,M,USA,California,Home,3,Yes,Website,43,True,4,387035.0175,423857.085,301.30993275732385,2025-08-01,4,1,1,-1
C0015,Individual,Jaylynn,Hickman,1941-08-19,F,USA,California,Home,5,No,Client,82,False,5,317181.47400000005,357213.9,303.1325098373545,2025-06-01,5,2,0,-1
C0016,Individual,Olivia,Oconnell,1939-09-03,F,USA,California,Investment,5,No,Website,84,False,4,252554.4325,249111.545,300.3778723095888,2025-10-01,4,2,0,-1
C0017,Individual,Antonio,Porter,1977-01-08,M,USA,Arizona,Home,3,No,Client,47,False,5,355738.75,310831.21,299.2817021286784,2025-02-01,5,2,0,-1
C0018,Individual,Luke,Lynn,1967-02-07,M,USA,California,Home,2,Yes,Agency,56,True,4,265369.6675,214487.27,291.28189258355934,2025-04-01,4,2,0,-1
C0019,Individual,Anahi,Curry,1957-09-09,M,USA,California,Home,5,Yes,Client,66,True,4,443368.565,467490.085,312.4888439477021,2025-11-01,4,1,1,-1
C0020,Individual,Camille,Sharp,1967-10-17,F,USA,California,Home,5,No,Website,56,False,4,377008.0625,359847.30500000005,286.06024372846275,2025-08-01,4,2,0,-1
C0021,Individual,Jesus,Obrien,1938-06-09,M,USA,Oregon,Investment,3,No,Website,85,False,6,321362.12,229949.86,310.2368361355155,2025-06-01,6,0,0,-1
C0022,Individual,Araceli,Nelson,1966-09-14,M,Germany,Berlin,Investment,5,No,Agency,57,False,4,343100.8,357005.22,275.0762597580429,2025-10-01,4,2,0,-1
C0023,Individual,Cole,Taylor,1958-12-06,M,USA,California,Home,3,Yes,Website,65,True,5,291574.338,275394.25,304.79852506678174,2025-09-01,5,2,0,-1
C0024,Individual,Alonso,Terrell,1963-11-05,M,USA,California,Investment,4,No,Website,60,False,6,314026.15,299548.04000000004,294.8022223615109,2025-09-01,6,0,2,-1
C0025,Individual,Rodolfo,Gibson,1937-01-20,M,USA,Nevada,Home,2,Yes,Website,87,True,5,338889.766,330860.72,301.3231590304242,2025-04-01,5,2,0,-1
C0026,Individual,Joseph,Reeves,1962-09-23,M,USA,California,Investment,5,No,Website,61,False,10,293224.175,291689.01,299.4336686170726,2025-09-01,10,0,2,-1
C0027,Individual,Grant,Weber,1968-09-08,M,USA,California,Home,5,Yes,Website,55,True,5,303593.888,300385.62,286.1007546565657,2025-03-01,5,2,0,-1
C0028,Individual,Ava,Phelps,1958-04-15,F,USA,California,Home,3,No,Client,65,False,5,358216.558,387376.74,287.18845760262764,2024-12-01,5,2,0,-1
C0029,Individual,Kyla,Walker,1976-02-26,F,USA,Colorado,Home,4,Yes,Agency,47,True,4,311948.8275,324251.44999999995,312.3370151079838,2025-09-01,4,2,0,-1
C0030,Individual,Alanna,Hess,1952-06-19,F,USA,Nevada,Home,3,No,Website,71,False,4,386827.8225,383746.85,301.15138496976226,2025-10-01,4,1,0,16
C0031,Individual,Skylar,Buchanan,1977-12-25,M,USA,Nevada,Home,4,Yes,Website,46,True,5,215429.642,236588.93,316.7550430148504,2025-12-01,5,2,0,-1
C0032,Individual,Rodrigo,Robinson,1966-08-11,M,USA,California,Home,4,No,Website,57,False,5,377799.032,353560.25,297.27578497808724,2025-05-01,5,2,0,-1
C0033,Individual,Lydia,Tate,1968-08-14,F,USA,California,Home,3,Yes,Website,55,True,4,351249.6675,349778.16000000003,282.3664604545738,2025-07-01,4,2,0,-1
C0034,Individual,Lauryn,Patrick,1969-10-30,F,Belgium,Brussels,Home,2,No,Agency,54,False,5,326521.73199999996,242694.53,285.1147228727872,2025-07-01,5,2,0,-1
C0035,Individual,Diego,Mendez,1965-05-12,M,Mexico,Mexico City,Home,3,No,Agency,58,False,5,397575.28,427360.08,278.7295525133892,2025-09-01,5,1,0,-1
C0036,Individual,Victor,Jensen,1973-09-01,M,USA,California,Home,4,No,Website,50,False,4,293420.8825,278054.48,301.30234093415066,2025-06-01,4,2,0,3
C0037,Individual,Scarlet,Hendricks,1962-01-20,F,USA,California,Home,5,Yes,Website,61,True,5,321445.75,335123.96,313.6317891215475,2025-10-01,5,2,0,-1
C0038,Individual,Janelle,Espinoza,1974-12-25,F,USA,California,Investment,4,No,Client,49,False,4,293782.3175,313737.625,272.8702422858949,2024-06-01,4,2,0,12
C0039,Individual,Aleksandra,Karenina,1967-06-13,F,Russia,Krasnodar Krai,Home,1,No,Agency,56,False,4,464631.885,458273.68000000005,338.65862610327133,2024-12-01,4,1,1,-1
C0040,Individual,Conner,Huff,1975-03-22,M,USA,Nevada,Home,5,No,Website,48,False,6,309101.38166666665,258752.44,291.4677238378165,2024-12-01,6,0,2,-1
C0041,Individual,Zain,Horne,1967-04-13,M,USA,Arizona,Home,1,Yes,Website,56,True,5,274892.158,197033.27,318.85709837389675,2025-10-01,5,2,0,-1
C0042,Individual,Maia,Chandler,1975-08-12,F,USA,Utah,Home,1,Yes,Website,48,True,4,275347.5625,268404.6,302.8701353206072,2025-08-01,4,2,0,0
C0043,Individual,Jordyn,Park,1965-04-04,M,USA,Nevada,Investment,3,Yes,Website,58,True,4,281623.115,236803.97,281.3298261097273,2025-10-01,4,2,0,-1
C0044,Individual,Diana,Hunt,1931-02-13,F,USA,Arizona,Home,3,No,Website,92,False,4,332623.315,282828.02,304.7615369287913,2025-11-01,4,2,0,-1
C0045,Individual,Kevin,Mata,1968-10-12,M,USA,Colorado,Investment,2,No,Agency,55,False,5,292686.47199999995,249065.14,314.6119778517108,2025-09-01,5,2,0,-1
C0046,Individual,Brisa,Mckee,1964-09-24,F,USA,California,Home,5,No,Client,59,False,8,253314.675,240470.56,297.1196599473188,2025-10-01,8,0,2,-1
C0047,Individual,Mason,Gilbert,1970-07-31,M,USA,Colorado,Home,2,No,Agency,53,False,5,287647.856,269637.9,298.32744523144754,2025-10-01,5,2,0,-1
C0048,Individual,Derick,Li,1957-03-20,M,USA,California,Home,3,Yes,Agency,66,True,4,334679.5,299890.79000000004,323.2713053028784,2025-05-01,4,2,0,-1
C0049,Individual,Jace,Riggs,1971-08-20,F,USA,California,Home,1,No,Website,52,False,4,347522.8,308215.6,290.3509384197303,2025-08-01,4,2,0,13
C0050,Individual,Jair,Johns,1940-03-05,M,USA,California,Home,5,No,Website,83,False,9,304939.15,315459.54,304.22017127585246,2025-04-01,9,0,2,-1
C0051,Individual,Matilda,Madden,1941-03-03,F,USA,Colorado,Home,3,No,Agency,82,False,4,317610.105,245598.34,311.66896833269914,2025-03-01,4,2,0,-1
C0052,Individual,Myla,Ewing,1967-02-03,F,USA,Oregon,Investment,2,No,Client,56,False,4,368552.8825,364697.24,313.93085115429466,2025-11-01,4,1,1,-1
C0053,Individual,Miguel,Walter,1954-01-07,M,USA,Arizona,Home,4,No,Agency,70,False,4,280134.86,280934.31,300.1860077066342,2025-08-01,4,2,0,1
C0054,Company,Bridger CAL,Co,1967-02-15,M,USA,Nevada,Investment,5,No,Website,56,False,6,351546.26666666666,350829.485,315.86931081501643,2025-10-01,6,0,0,-1
C0055,Individual,Mara,Franco,1973-06-07,F,USA,California,Home,5,Yes,Agency,50,True,4,294744.8025,299618.83,309.2760373361762,2025-12-01,4,2,0,2
C0056,Individual,Erik,Mora,1964-12-07,M,USA,Oregon,Investment,5,No,Agency,59,False,4,394825.34,397500.83,299.9967738714426,2025-10-01,4,1,0,-1
C0057,Individual,Henry,Kennedy,1933-06-08,M,USA,California,Home,4,Yes,Agency,90,True,5,404103.904,311743.31,300.50658351907526,2025-10-01,5,2,0,-1
C0058,Company,Kenyon,Co,1969-05-03,F,USA,California,Investment,1,Yes,Website,54,True,5,288281.234,246050.4,310.29079874620993,2025-12-01,5,2,0,-1
C0059,Individual,Oswaldo,Palmer,1960-06-16,M,USA,California,Home,2,No,Website,63,False,4,319713.5625,330643.815,283.8232393320658,2025-10-01,4,2,0,-1
C0060,Individual,Kassidy,Vega,1972-05-07,F,USA,California,Home,5,No,Website,51,False,4,338915.5625,311145.89,307.18982419806434,2025-03-01,4,2,0,2
C0061,Individual,Morgan,Glass,1967-05-12,M,USA,Utah,Home,5,No,Agency,56,False,4,326726.895,311346.955,296.353773633854,2025-10-01,4,2,0,-1
C0062,Individual,Tyler,Carr,1974-03-27,M,USA,California,Home,5,Yes,Client,49,True,5,297866.698,306363.64,276.0988660647487,2025-07-01,5,2,0,-1
C0063,Individual,Yesenia,Marquez,1942-07-23,F,USA,Arizona,Home,4,No,Website,81,False,5,325096.176,252053.03,291.6406727352229,2025-06-01,5,2,0,-1
C0064,Individual,Gordon,Brown,1974-02-10,M,UK,Northern Ireland,Investment,4,No,Agency,49,False,4,362220.32,361633.76,322.47075587906164,2024-11-01,4,1,1,-1
C0065,Individual,Rodrigo,Ramirez,1972-03-26,M,USA,California,Home,1,No,Agency,51,False,4,389281.4325,420191.955,309.23446412471526,2025-06-01,4,1,1,-1
C0066,Individual,Melanie,Holland,1974-12-25,F,USA,California,Investment,3,No,Client,49,False,4,276791.0425,263525.23,301.943428392913,2025-12-01,4,2,0,-1
C0067,Individual,Enrique,Cardenas,1977-06-10,M,USA,California,Home,2,No,Website,46,False,5,286388.368,201418.27,326.17452103134707,2025-10-01,5,2,0,-1
C0068,Individual,Helen,Williamson,1966-02-26,F,USA,Colorado,Home,5,Yes,Agency,57,True,4,393194.8325,384326.1,276.6905992190839,2025-10-01,4,2,0,-1
C0069,Individual,Isis,Rios,1970-04-01,M,USA,California,Investment,4,No,Website,53,False,5,287828.494,228410.05,297.7396515670927,2025-12-01,5,2,0,-1
C0070,Individual,Kayley,Nielsen,1947-04-27,F,USA,Arizona,Home,4,Yes,Website,76,True,5,304314.124,293876.27,290.66906938876934,2025-09-01,5,2,0,-1
C0071,Individual,Donavan,Flowers,1985-12-27,M,USA,California,Home,1,Yes,Client,38,True,5,230076.81800000003,192542.32,289.8681345339796,2025-07-01,5,2,0,-1
C0072,Individual,Augustus,Hinton,1953-02-03,M,USA,Nevada,Investment,2,No,Website,70,False,6,374414.76333333337,333758.24,334.505223898359,2025-11-01,6,0,0,-1
C0073,Individual,Alejandra,Greer,1965-01-11,F,Denmark,Capital Region,Investment,1,No,Agency,59,False,4,353475.5825,327901.395,302.3803783087699,2025-10-01,4,2,0,-1
C0074,Individual,Violet,Nixon,1959-01-01,F,USA,Oregon,Investment,5,No,Client,65,False,5,341891.73,259489.79,299.642237208085,2025-08-01,5,2,0,-1
C0075,Individual,Jaelyn,Berger,1970-05-05,F,USA,California,Home,3,No,Website,53,False,4,317348.935,243517.075,302.3884329270391,2025-03-01,4,2,0,-1
C0076,Individual,Tristian,Fuller,1956-03-13,M,USA,California,Home,5,No,Agency,67,False,6,317642.01499999996,244047.98,296.64819897219985,2025-05-01,6,0,2,-1
C0077,Individual,Christian,Costa,1980-09-14,M,USA,California,Home,5,No,Website,43,False,5,376002.436,412118.88,316.7556317413306,2025-08-01,5,1,0,-1
C0078,Individual,Nora,Lynch,1948-04-23,F,USA,California,Home,5,No,Website,75,False,4,421470.5975,428790.02,300.1684643304417,2025-02-01,4,1,1,-1
C0079,Individual,Dangelo,Shea,1954-02-27,M,Belgium,Brussels,Investment,4,No,Website,69,False,4,364109.075,316900.98,294.36648924010007,2025-11-01,4,2,0,1
C0080,Individual,Aiyana,Christensen,1949-01-16,F,USA,California,Investment,3,No,Website,75,False,5,285506.31200000003,228990.94,308.57401306942813,2025-09-01,5,2,0,-1
C0081,Individual,Sidney,Cline,1943-07-24,F,USA,California,Home,4,Yes,Website,80,True,4,380536.065,301642.845,297.7366535115751,2025-09-01,4,2,0,-1
C0082,Individual,Kaitlin,Owen,1981-12-26,F,USA,Virginia,Investment,5,No,Client,42,False,5,256453.59,221227.26,295.1400683027561,2025-12-01,5,2,0,-1
C0083,Individual,Issac,Edwards,1938-10-29,M,USA,California,Home,5,No,Website,85,False,6,252273.57666666663,237602.52,293.88787475036446,2025-10-01,6,0,2,-1
C0084,Individual,Zaiden,Merritt,1948-02-23,M,USA,Wyoming,Home,3,No,Agency,75,False,5,352446.38399999996,380937.24,320.648282067402,2025-04-01,5,2,0,-1
C0085,Individual,Iris,Larsen,1966-09-14,M,USA,California,Home,4,Yes,Agency,57,True,4,296376.365,268990.395,299.80444699080437,2025-11-01,4,2,0,3
C0086,Individual,Grace,Stein,1968-12-20,F,USA,California,Home,3,Yes,Website,55,True,5,385637.7219999999,346906.89,287.17025376935896,2025-10-01,5,2,0,-1
C0087,Individual,Alessandra,Perry,1979-05-15,F,USA,California,Home,4,No,Agency,44,False,4,420288.32,470799.595,324.3612820820306,2025-11-01,4,1,1,-1
C0088,Individual,Jamal,Mueller,1936-08-13,M,USA,Oregon,Investment,2,No,Website,87,False,6,241753.2616666667,235447.875,313.37109309610923,2025-02-01,6,0,0,-1
C0089,Individual,Irvin,Ellis,1949-11-14,M,USA,California,Home,3,No,Agency,74,False,4,260463.4525,262073.575,305.25889798935304,2025-09-01,4,2,0,-1
C0090,Individual,Terry,Forbes,1982-05-27,M,USA,California,Home,5,No,Client,41,False,5,196170.08399999997,198591.85,276.47076234096636,2025-08-01,5,2,0,-1
C0091,Individual,Jacqueline,Grant,1959-11-13,F,USA,California,Home,4,No,Website,64,False,4,339161.185,349397.105,302.4076252717272,2024-12-01,4,2,0,-1
C0092,Individual,Brock,Fischer,1971-05-29,M,USA,Kansas,Home,3,No,Website,52,False,8,352240.87,335361.45,288.69570491545005,2025-10-01,8,0,2,-1
C0093,Individual,Curtis,Howard,1962-09-11,M,USA,California,Home,2,No,Agency,61,False,5,346511.676,353757.18,291.74734316486075,2025-12-01,5,2,0,-1
C0094,Individual,Avah,Huang,1948-04-23,F,USA,California,Home,5,No,Website,75,False,5,212535.164,213710.41,310.0683930408275,2025-12-01,5,2,0,-1
C0095,Individual,Frank,Meyer,1964-03-16,M,USA,California,Home,3,Yes,Agency,59,True,6,278162.17,274374.87,298.63939481980276,2025-10-01,6,0,2,-1
C0096,Individual,Darien,Dorsey,1985-12-27,M,USA,California,Investment,3,Yes,Website,38,True,4,340753.2925,323527.17000000004,310.9008896654844,2025-11-01,4,2,0,-1
C0097,Individual,Franklin,Mack,1943-06-18,M,USA,Virginia,Home,5,Yes,Website,80,True,7,312843.72000000003,251578.52,294.3620163184772,2025-04-01,7,0,2,-1
C0098,Individual,Elena,Petrova,1949-06-22,F,Russia,Saint Petersburg,Home,3,Yes,Agency,74,True,4,282898.1625,250334.495,285.7158462047039,2024-11-01,4,2,0,-1
C0099,Individual,Jack,Hanson,1941-12-01,M,USA,California,Investment,4,No,Website,82,False,6,333384.76333333337,340185.375,290.00847022953025,2025-05-01,6,0,2,-1
C0100,Individual,Emmett,Estes,1969-06-05,M,USA,California,Home,3,No,Website,54,False,4,362386.1625,350301.6,306.726846175456,2024-08-01,4,2,0,4
C0101,Individual,Aniya,Miller,1951-03-02,F,USA,Nevada,Home,3,No,Website,72,False,4,281253.45,282235.28500000003,312.8174483617631,2025-09-01,4,2,0,-1
C0102,Individual,Jack,Anderson,1947-02-13,M,USA,California,Investment,5,Yes,Website,76,True,9,378140.4277777778,410932.67,307.50877635454384,2025-11-01,9,0,2,-1
C0103,Individual,Kael,Hurley,1973-12-15,M,USA,Colorado,Home,3,No,Website,50,False,5,296767.754,312211.14,315.5271021087973,2025-09-01,5,2,0,-1
C0104,Individual,Kamden,Stewart,1978-09-14,M,USA,California,Home,5,No,Website,45,False,5,335431.002,319872.98,306.5429479475834,2025-11-01,5,2,0,-1
C0105,Individual,Aniyah,Ali,1959-11-03,F,USA,California,Investment,2,Yes,Website,64,True,5,265616.87200000003,241846.09,310.2787991501492,2025-09-01,5,2,0,-1
C0106,Individual,Simon,Bennett,1953-06-09,M,USA,Colorado,Home,4,No,Website,70,False,4,239419.8175,185361.04,280.4893799740676,2025-10-01,4,2,0,-1
C0107,Individual,Laurel,Benitez,1959-08-06,M,USA,California,Home,4,Yes,Agency,64,True,5,343011.646,269278.57,321.0937472547081,2025-06-01,5,2,0,-1
C0108,Individual,Trey,Strong,1958-12-20,M,USA,California,Home,4,No,Agency,65,False,6,333133.12,284516.14,302.2877171442092,2025-08-01,6,0,2,-1
C0109,Individual,Myah,Roman,1933-05-05,F,USA,California,Investment,5,Yes,Agency,90,True,5,399110.218,412499.97,307.1535990413305,2025-09-01,5,1,0,-1
C0110,Individual,Nyla,Blake,1959-06-05,F,USA,California,Investment,5,Yes,Agency,64,True,5,241111.092,195491.76,298.5467864426498,2025-08-01,5,2,0,-1
C0111,Individual,Kole,Shannon,1979-06-27,M,USA,Arizona,Home,2,Yes,Website,44,True,4,299605.305,276668.985,329.6075126945271,2025-07-01,4,2,0,-1
C0112,Individual,Melany,Glover,1960-10-01,F,USA,California,Investment,1,Yes,Agency,63,True,5,355028.44,266730.8,320.07470915259364,2025-12-01,5,2,0,-1
C0113,Individual,Arthur,Bray,1949-07-14,M,USA,Utah,Investment,4,No,Agency,74,False,4,353608.365,329990.79,297.92723512048633,2025-12-01,4,2,0,1
C0114,Individual,Kamila,Collier,1962-01-21,F,USA,California,Home,1,Yes,Website,61,True,4,281001.0125,258632.34000000003,302.70651871845456,2025-06-01,4,2,0,0
C0115,Individual,Amanda,Simon,1978-12-03,F,USA,California,Home,5,No,Agency,45,False,5,351470.918,330019.64,305.823176955505,2025-11-01,5,2,0,-1
C0116,Individual,Erika,Steward,1955-08-07,F,USA,California,Investment,4,No,Website,68,False,8,310573.76,236197.475,293.7700492203778,2025-10-01,8,0,2,-1
C0117,Individual,Jakobe,Bailey,1964-10-06,M,UK,Scotland,Investment,4,No,Agency,59,False,8,360569.53125,261736.695,314.48715228134006,2025-11-01,8,0,2,-1
C0118,Individual,Sonia,Choi,1948-11-09,F,USA,Oregon,Investment,5,No,Agency,75,False,4,304594.2975,263560.83,311.2890512146992,2025-02-01,4,2,0,-1
C0119,Individual,Erika,Gallagher,1942-07-19,F,USA,California,Home,1,Yes,Website,81,True,4,400760.98,416898.095,288.059030603339,2025-12-01,4,1,0,-1
C0120,Individual,Madeline,Michael,1953-07-30,F,USA,California,Home,4,Yes,Website,70,True,5,350717.478,312306.37,275.99413507449765,2025-10-01,5,2,0,-1
C0121,Individual,Bennett,Chen,1950-07-18,M,USA,Nevada,Home,2,No,Website,73,False,5,233830.062,198841.7,290.52748167423425,2025-12-01,5,2,0,-1
C0122,Individual,Belinda,Hogan,1973-08-18,F,USA,California,Home,1,Yes,Agency,50,True,4,353140.17,336130.49,319.92455374538275,2025-07-01,4,1,1,-1
C0123,Individual,Johanna,Fisher,1962-08-25,F,USA,California,Home,4,Yes,Website,61,True,5,364269.738,342414.51,298.5763214886527,2025-08-01,5,2,0,-1
C0124,Individual,Jaylen,Turner,1963-07-15,F,USA,California,Home,4,No,Agency,60,False,5,322797.016,323915.81,280.4248135298491,2024-11-01,5,2,0,-1
C0125,Individual,Michael,Juarez,1976-12-25,M,USA,Colorado,Home,4,Yes,Agency,47,True,4,335277.0625,320807.08,287.5490431988801,2024-06-01,4,2,0,-1
C0126,Individual,Adriana,Shaffer,1972-07-11,F,USA,California,Investment,2,No,Agency,51,False,5,263985.892,198075.99,303.61157787909195,2025-08-01,5,2,0,-1
C0127,Individual,Julio,Leonard,1974-07-18,M,USA,Nevada,Home,2,Yes,Website,49,True,4,241868.5575,233605.05,314.93720173163115,2025-10-01,4,2,0,-1
C0128,Company,Abdiel,Co,1963-05-22,M,USA,Nevada,Investment,5,Yes,Website,60,True,5,327878.59,222947.21,311.98843610305346,2025-12-01,5,2,0,-1
C0129,Individual,Warren,Pugh,1973-07-17,M,USA,Arizona,Investment,5,No,Website,50,False,4,437093.1875,451080.925,336.27374694863545,2025-11-01,4,1,1,-1
C0130,Individual,Luis,Crane,1959-04-20,M,USA,Nevada,Home,3,Yes,Website,64,True,4,372010.72,366618.155,308.423784320332,2025-12-01,4,1,1,-1
C0131,Individual,Mohammad,Irwin,1971-12-02,M,USA,California,Home,1,No,Website,52,False,5,285611.70999999996,225050.52,299.33404543762134,2025-06-01,5,2,0,-1
C0132,Individual,Davion,Stout,1965-07-20,M,USA,Nevada,Home,1,Yes,Agency,58,True,4,300943.76,280750.41000000003,294.0513542596994,2025-11-01,4,2,0,-1
C0133,Individual,Logan,Simmons,1946-09-14,M,USA,California,Investment,4,No,Agency,77,False,4,362449.9825,364479.22,307.7526795875988,2025-10-01,4,2,0,-1
C0134,Individual,Kaylin,Villarreal,1932-06-13,F,Russia,Novosibirsk,Investment,3,No,Website,91,False,5,352333.974,309544.73,320.93126785361443,2025-12-01,5,2,0,-1
C0135,Individual,Ruben,Melton,1939-03-05,M,USA,Utah,Investment,2,No,Agency,84,False,4,305360.73,310869.82,282.27335399506,2025-10-01,4,2,0,-1
C0136,Individual,Gianni,Fritz,1973-09-15,M,USA,California,Home,3,No,Website,50,False,5,378510.944,315031.62,305.25171337470726,2025-05-01,5,2,0,-1
C0137,Individual,Emilie,Morrison,1957-10-29,F,USA,California,Home,3,Yes,Website,66,True,4,247437.6125,233814.7,288.9749727554761,2024-12-01,4,2,0,-1
C0138,Individual,Crystal,Wyatt,1939-06-30,F,USA,Oregon,Investment,3,Yes,Website,84,True,5,273564.91000000003,258015.61,301.66109635761745,2025-11-01,5,2,0,-1
C0139,Individual,Annabel,Robles,1969-10-14,F,USA,California,Home,5,Yes,Website,54,True,5,361473.26,388570.89,320.61628857850053,2025-07-01,5,1,0,-1
C0140,Individual,Rachel,Cross,1952-06-18,F,USA,California,Home,3,No,Website,71,False,5,311912.306,282820.55,297.7645569532283,2025-06-01,5,2,0,-1
C0141,Individual,Madalyn,Mercer,1986-06-21,F,USA,California,Home,5,No,Website,37,False,5,353003.818,318346.14,319.12733732553926,2025-10-01,5,2,0,-1
C0142,Individual,Michelle,Cameron,1978-06-04,F,USA,Nevada,Home,3,Yes,Website,45,True,5,334754.038,269440.75,292.3324786010019,2025-12-01,5,2,0,-1
C0143,Individual,Ezra,Lozano,1958-02-24,M,USA,California,Home,1,No,Website,65,False,8,298745.0375,289512.78500000003,289.36566488414894,2025-10-01,8,0,2,-1
C0144,Individual,Ramiro,Oneill,1954-09-29,M,USA,California,Home,4,No,Agency,69,False,5,379547.948,382277.15,316.7065941966459,2025-04-01,5,1,0,-1
C0145,Individual,Emely,Watts,1964-11-30,F,USA,California,Home,4,No,Website,59,False,5,349314.31,371936.4,274.21065993950833,2025-05-01,5,2,0,-1
C0146,Individual,Hazel,Ayers,1963-02-01,M,USA,Colorado,Home,2,No,Website,60,False,4,370384.0975,374314.12,294.4618155325702,2024-05-01,4,1,1,-1
C0147,Individual,Cedric,Goodwin,1948-02-20,M,USA,Utah,Home,4,No,Client,75,False,5,279661.854,214341.34,287.3885472838249,2025-07-01,5,2,0,-1
C0148,Individual,Dayton,Hatfield,1969-04-19,M,USA,Colorado,Investment,4,Yes,Agency,54,True,4,425095.925,433053.36,301.4513793734404,2025-07-01,4,1,1,-1
C0149,Individual,Piotr,Aleksandrov,1955-12-02,M,Russia,Krasnodar Krai,Investment,3,No,Agency,68,False,4,262252.25,281247.25,287.7979932947236,2024-11-01,4,2,0,-1
C0150,Individual,Memphis,Mcconnell,1968-08-25,M,USA,California,Home,2,Yes,Website,55,True,4,461516.645,499398.875,306.120453424573,2025-04-01,4,1,1,-1
C0151,Individual,Arabella,Ferrell,1976-08-17,F,USA,Oregon,Home,1,No,Agency,47,False,5,317817.264,317473.86,277.73682827188185,2025-04-01,5,2,0,-1
C0152,Individual,Sincere,Hansen,1967-01-19,F,USA,California,Investment,2,Yes,Agency,56,True,7,362743.7042857143,325420.36,294.6573053444967,2025-07-01,7,0,2,-1
C0153,Individual,Lara,Carrillo,1983-02-24,F,USA,California,Home,5,No,Website,40,False,5,312075.052,267213.25,329.60563756264736,2025-12-01,5,2,0,-1
C0154,Individual,Valentina,Simpson,1965-01-24,F,USA,California,Home,4,Yes,Agency,58,True,5,428491.462,413475.24,308.6200494436542,2025-07-01,5,1,0,-1
C0155,Company,Kamd,Co,1975-08-18,M,USA,California,Investment,5,No,Agency,48,False,5,324577.106,297137.03,295.02566922391054,2025-05-01,5,2,0,-1
C0156,Individual,Case,Sanchez,1966-05-26,F,USA,California,Home,5,No,Website,57,False,4,336225.8675,349256.03500000003,305.5069416126888,2025-07-01,4,2,0,-1
C0157,Individual,Van,Charles,1952-05-15,M,USA,Colorado,Home,2,Yes,Client,71,True,4,265100.0075,237908.59,310.57081703857517,2025-02-01,4,2,0,-1
C0158,Individual,Emmy,Singh,1979-12-03,F,USA,Virginia,Investment,3,Yes,Agency,44,True,4,359869.415,364087.445,312.4568891073972,2025-12-01,4,1,0,4
C0159,Individual,Colin,Campos,1942-04-14,M,USA,California,Home,3,No,Website,81,False,4,399126.8625,437229.14,300.61486358032573,2025-09-01,4,1,0,16
C0160,Individual,Anya,Stephenson,1959-06-11,F,USA,California,Home,4,No,Website,64,False,5,335943.392,302130.61,297.4014063463627,2025-09-01,5,2,0,-1
C0161,Individual,Parker,Poole,1951-11-10,M,USA,California,Home,5,No,Website,72,False,9,281584.91777777777,282085.85,299.190548152945,2025-04-01,9,0,2,-1
C0162,Individual,Ivan,Bright,1953-09-15,M,USA,California,Home,4,No,Website,70,False,4,283840.88,242169.235,291.2756960006085,2025-12-01,4,2,0,-1
C0163,Individual,Larry,Turner,1986-03-24,M,USA,Utah,Investment,5,Yes,Agency,37,True,4,376648.5525,422628.0749999999,288.6436910242928,2025-11-01,4,1,0,-1
C0164,Individual,Matthew,Nelson,1986-09-20,M,USA,Arizona,Home,5,No,Website,37,False,4,359038.135,349525.67500000005,301.04930542820927,2025-09-01,4,2,0,-1
C0165,Individual,Mary,Hall,1956-07-11,F,USA,California,Home,3,Yes,Website,67,True,3,425616.44333333336,418981.24,317.14526904751153,2025-02-01,3,1,1,-1
C0166,Individual,Carolyn,Weaver,1984-01-24,F,USA,Arizona,Home,4,Yes,Agency,39,True,4,318410.8425,232243.165,309.51267068830805,2025-12-01,4,2,0,-1
C0167,Individual,Grace,Green,1955-02-02,F,UK,Scotland,Home,3,Yes,Website,68,True,7,392796.7614285714,419974.59,300.8857876348719,2025-11-01,7,0,2,-1
C0168,Individual,Pamela,Sanders,1960-06-06,F,USA,Nevada,Home,3,No,Agency,63,False,4,372946.4675,398057.83,285.01565214437966,2025-11-01,4,1,0,-1
C0169,Individual,Terry,Turner,1990-08-13,M,USA,Ohio,Investment,5,Yes,Agency,33,True,3,229621.4,217221.31,274.9870284848701,2025-10-01,3,2,0,-1
C0170,Individual,Jacob,Jones,1949-06-13,M,USA,California,Home,5,No,Website,74,False,3,387105.39,339650.5,288.5198159742899,2025-08-01,3,1,0,-1
C0171,Individual,Julie,Sanders,1991-05-05,F,USA,Washington,Investment,5,Yes,Client,32,True,4,319688.4275,346544.63,296.83854424641083,2025-07-01,4,2,0,-1
C0172,Individual,Catherine,Carter,1992-09-16,F,USA,Washington,Home,1,Yes,Agency,31,True,4,420367.9775,427307.77,269.18868156399094,2025-04-01,4,1,1,-1
C0173,Individual,Amber,Wilson,1976-07-20,F,USA,Arizona,Home,5,Yes,Agency,47,True,8,327496.05375,308563.62,311.60636323680546,2025-05-01,8,0,2,-1
C0174,Individual,Rachel,Harris,1982-07-06,F,USA,California,Investment,3,No,Client,41,False,3,288453.24333333335,303119.09,340.39702639981215,2024-03-01,3,2,0,-1
C0175,Individual,Brandon,Alexander,1962-04-05,M,USA,Washington,Home,5,No,Agency,61,False,4,401534.53,425485.755,297.6245595781397,2025-08-01,4,1,0,-1
C0176,Individual,Hannah,Williams,1993-06-27,F,USA,California,Home,2,No,Website,30,False,6,446987.985,476074.9,294.14300570241534,2025-10-01,6,0,2,-1
C0177,Individual,Sarah,Hansen,1951-03-05,F,UK,England,Home,5,Yes,Website,72,True,7,324271.02999999997,328669.66,277.01504559301156,2025-11-01,7,0,2,-1
C0178,Individual,Laura,Chavez,1952-12-23,F,USA,Virginia,Home,4,No,Agency,71,False,7,380845.42285714287,396708.4,294.91664917063696,2025-08-01,7,0,2,-1
C0179,Individual,Ashley,Turner,1986-02-11,F,USA,Oregon,Investment,2,No,Website,37,False,8,266421.51375,269410.9,284.5579027701791,2025-12-01,8,0,2,-1
C0180,Individual,Jacob,Wilson,1943-01-28,M,USA,California,Home,2,Yes,Agency,80,True,7,380041.76714285713,423148.15,306.4298010329248,2025-08-01,7,0,2,-1
C0181,Individual,Lawrence,Peterson,1970-04-26,M,USA,Texas,Home,2,Yes,Website,53,True,7,292455.66000000003,307831.28,305.23639354106615,2025-06-01,7,0,2,-1
C0182,Individual,Virginia,Bennett,1971-12-02,F,Germany,North Rhine-Westphalia,Investment,1,Yes,Website,52,True,8,385295.29375,350314.615,304.5288688260178,2025-12-01,8,0,2,-1
C0183,Individual,Nicholas,Green,1988-09-15,M,USA,Nevada,Home,3,No,Website,35,False,7,269015.27428571426,273820.14,300.9962623709325,2025-10-01,7,0,2,-1
C0184,Individual,Peter,Pierce,1994-01-21,M,USA,Florida,Home,1,No,Website,29,False,6,436489.69333333336,496605.1,292.8034788790312,2025-11-01,6,0,2,-1
C0185,Individual,Andrea,Nelson,1945-07-02,F,USA,Nevada,Home,4,Yes,Agency,78,True,7,355987.40142857144,365015.6,314.3363283341601,2025-08-01,7,0,2,-1
C0186,Individual,Carol,Green,1982-04-02,F,USA,Virginia,Home,1,No,Website,41,False,8,334285.82875,325954.765,304.9267995337976,2025-09-01,8,0,2,-1
C0187,Individual,Cheryl,Kim,1990-01-17,F,USA,Florida,Home,1,No,Website,33,False,6,344441.8566666667,311538.265,298.5170867577424,2025-12-01,6,0,2,-1
C0188,Individual,Jose,Martin,1940-10-08,M,USA,Oregon,Home,5,Yes,Website,83,True,7,413063.9428571429,415476.82,322.52554913485454,2025-12-01,7,0,2,-1
C0189,Individual,Anna,Adams,1958-12-11,F,USA,California,Home,2,No,Agency,65,False,7,315665.6314285714,249689.04,305.8456789427648,2025-03-01,7,0,2,-1
C0190,Individual,Karen,Johnson,1971-10-19,F,USA,California,Home,2,No,Website,52,False,7,325243.02428571426,266072.95,307.1910062907387,2025-08-01,7,0,2,-1
C0191,Individual,Sarah,Turner,1977-05-06,F,USA,Florida,Home,3,No,Agency,46,False,8,271615.84500000003,276212.77,298.05965918295794,2025-08-01,8,0,2,-1
C0192,Individual,Margaret,Moore,1984-02-04,F,Belgium,Brussels,Investment,2,Yes,Website,39,True,7,414358.4428571428,468036.24,318.6840040630009,2025-12-01,7,0,2,-1
C0193,Individual,Sharon,Campbell,1968-08-09,F,USA,California,Investment,4,Yes,Website,55,True,7,276254.03428571427,255723.6,287.58338668660036,2025-10-01,7,0,2,-1
C0194,Individual,Jonathan,Hall,1953-08-18,M,France,Ile-de-France,Home,5,Yes,Website,70,True,7,394196.03857142857,335715.04,315.396137399015,2025-10-01,7,0,2,-1
C0195,Individual,Sean,Jones,1947-06-19,M,USA,California,Home,2,Yes,Website,76,True,7,300319.12142857147,266544.05,294.6302850028284,2025-12-01,7,0,2,-1
C0196,Individual,Alexander,Adams,1957-04-22,M,USA,Nevada,Investment,5,No,Agency,66,False,6,435289.4066666667,461794.38,306.27514561192373,2025-09-01,6,0,0,-1
C0197,Individual,Kevin,Wright,1944-07-01,M,USA,Virginia,Home,4,No,Client,79,False,8,346971.075,311504.65,319.18219269592623,2025-11-01,8,0,2,-1
C0198,Individual,Michelle,White,1976-01-28,F,USA,California,Home,4,No,Website,47,False,8,299961.20875,314184.785,300.03251901840844,2025-10-01,8,0,2,-1
C0199,Individual,Ryan,Brown,1958-04-13,M,USA,California,Home,3,No,Agency,65,False,7,368994.26714285713,292476.39,314.1261254494504,2025-12-01,7,0,2,-1
C0200,Individual,Linda,Harris,1944-05-06,F,USA,California,Home,1,No,Agency,79,False,4,267839.84750000003,233708.76,296.82396613775273,2024-11-01,4,2,0,-1
C0201,Individual,Lauren,Weaver,1968-02-13,F,USA,California,Home,1,No,Agency,55,False,4,324696.885,334058.365,285.0271690424102,2025-02-01,4,2,0,13
C0202,Individual,Jack,Reyes,1996-11-11,M,Canada,British Columbia,Home,1,No,Website,27,False,3,339757.53,298596.43,321.74759393731864,2025-06-01,3,2,0,-1
C0203,Individual,Christine,Brooks,1956-05-18,F,USA,California,Home,4,No,Client,67,False,4,310619.7075,239066.09500000003,328.923241220169,2025-02-01,4,2,0,-1
C0204,Individual,Joyce,Pierce,1947-01-10,F,USA,California,Home,5,No,Agency,77,False,3,311477.66,342699.63,300.69211318016573,2025-06-01,3,2,0,-1
C0205,Individual,Kelly,Nelson,1968-08-26,F,Mexico,Puebla,Home,1,Yes,Agency,55,True,3,316408.16,350729.78,306.97993618778213,2025-12-01,3,2,0,-1
C0206,Individual,Nancy,Roberts,1957-05-08,F,USA,California,Home,1,Yes,Agency,66,True,3,284353.6433333333,248555.18,330.403450210996,2025-06-01,3,2,0,-1
C0207,Individual,Kyle,Gray,1944-11-19,M,USA,Virginia,Investment,4,No,Website,79,False,3,296649.58666666667,220378.4,259.33671553699253,2024-10-01,3,2,0,-1
C0208,Individual,Mark,James,1986-03-26,M,France,Provence,Home,4,Yes,Agency,37,True,4,299913.595,274963.46499999997,297.06760605039415,2025-02-01,4,2,0,7
C0209,Individual,Kyle,Moore,1949-08-22,M,USA,Arizona,Investment,3,No,Agency,74,False,4,244967.0325,242702.53,311.4542101044349,2025-11-01,4,2,0,-1
C0210,Individual,Janice,Price,1943-03-24,F,USA,Colorado,Home,2,No,Website,80,False,4,336539.1375,323352.44999999995,294.05078278050837,2025-10-01,4,2,0,-1
C0211,Individual,Amy,Evans,1972-02-23,F,USA,California,Home,3,No,Agency,51,False,4,313560.0175,277605.46,297.9909835004412,2025-10-01,4,2,0,-1
C0212,Individual,Jacob,Wood,1956-03-23,M,USA,California,Home,4,No,Agency,67,False,3,356092.92,362828.72,291.93691346700456,2025-02-01,3,2,0,-1
C0213,Individual,Jason,Gray,1976-10-23,M,USA,Florida,Investment,5,No,Agency,47,False,3,269897.04333333333,291601.39,297.36484331878984,2025-08-01,3,2,0,-1
C0214,Individual,Helen,Wood,1946-07-18,F,Belgium,Brussels,Investment,5,No,Website,77,False,3,356844.88000000006,303617.21,312.2859298487304,2025-10-01,3,2,0,-1
C0215,Individual,Lauren,Foster,1999-07-11,F,Germany,Hamburg,Investment,4,No,Website,24,False,3,344285.48666666663,326858.35,313.43921582688296,2024-06-01,3,1,0,-1
C0216,Individual,Albert,Hansen,1999-07-19,M,USA,Utah,Home,1,No,Website,24,False,4,338160.58499999996,366346.885,324.8901348706987,2025-10-01,4,1,1,-1
C0217,Individual,Deborah,Miller,1984-07-11,F,USA,Colorado,Home,3,No,Website,39,False,4,309608.7275,268426.275,299.77353792160875,2025-10-01,4,2,0,-1
C0218,Individual,Shirley,Anderson,1970-01-24,F,USA,California,Home,2,No,Website,53,False,3,278879.75666666665,269450.51,303.4179864612462,2025-10-01,3,2,0,-1
C0219,Individual,William,Turner,1988-01-20,M,USA,California,Home,4,No,Website,35,False,4,316913.3925,236828.26,299.2085446166128,2025-12-01,4,2,0,-1
C0220,Individual,Walter,Phillips,1951-06-06,M,Canada,Ontario,Investment,1,No,Website,72,False,3,353604.2266666666,337329.51,318.8090950653109,2025-02-01,3,1,0,5
C0221,Company,Atlas,Co,1987-05-14,F,USA,California,Home,5,No,Website,36,False,4,344283.39999999997,296824.125,299.1399307640693,2025-10-01,4,2,0,-1
C0222,Individual,Christopher,Stone,1956-11-08,M,USA,Utah,Investment,3,No,Agency,67,False,3,407853.6066666667,406250.16,269.09477075945733,2025-01-01,3,1,1,-1
C0223,Individual,Patrick,Hansen,1973-11-12,M,USA,Colorado,Investment,3,Yes,Website,50,True,4,242335.4675,250139.115,293.808903778189,2025-07-01,4,2,0,-1
C0224,Individual,Nathan,Richardson,1960-08-23,M,USA,Colorado,Home,5,No,Website,63,False,3,396418.5433333333,436176.31,297.4295746693706,2025-09-01,3,1,1,-1
C0225,Individual,Evelyn,Reyes,1948-12-19,F,USA,California,Home,1,Yes,Agency,75,True,4,280156.735,256276.905,305.6699243079895,2025-12-01,4,2,0,-1
C0226,Individual,Julia,Jordan,1958-07-11,F,USA,Colorado,Home,2,No,Website,65,False,3,523750.3433333333,548150.16,322.4343855737632,2025-05-01,3,1,1,-1
C0227,Individual,Rachel,Evans,1944-10-23,F,USA,Arizona,Home,5,Yes,Website,79,True,3,314081.79,288157.93,287.15065870245195,2025-10-01,3,2,0,-1
C0228,Individual,Hannah,Owens,1952-04-23,F,USA,Oregon,Investment,4,No,Website,71,False,3,202201.90666666665,168558.2,322.72861773615426,2025-05-01,3,2,0,-1
C0229,Individual,Jose,Turner,1981-11-19,M,USA,Colorado,Investment,5,No,Website,42,False,3,297406.71,320784.87,329.20050534502474,2025-09-01,3,2,0,-1
C0230,Company,Forsyte,Co,1977-07-22,M,USA,Nevada,Investment,4,Yes,Website,46,True,4,364357.255,336579.955,327.12444022996823,2025-08-01,4,1,1,-1
C0231,Individual,Ronald,Rogers,1993-12-18,M,Denmark,Central Denmark,Investment,2,Yes,Website,30,True,3,243297.69333333333,190247.1,287.9124812810531,2025-02-01,3,2,0,-1
C0232,Individual,Megan,Kim,1962-05-04,F,USA,California,Home,3,Yes,Website,61,True,4,319177.62250000006,271070.5,309.8752865891376,2025-05-01,4,2,0,-1
C0233,Individual,Larry,Garcia,1997-09-10,M,France,Provence,Home,4,Yes,Website,26,True,4,276451.635,269406.96499999997,303.5272816217257,2025-03-01,4,2,0,7
C0234,Individual,Andrea,Hughes,1979-03-02,F,USA,New York,Home,1,Yes,Website,44,True,3,279989.01333333337,206436.34,286.4716180486619,2025-07-01,3,2,0,-1
C0235,Individual,Kenneth,Allen,1949-10-10,M,USA,California,Home,5,No,Website,74,False,4,317146.645,323229.895,290.75770434593915,2025-12-01,4,2,0,-1
C0236,Individual,Gerald,Howard,1972-08-10,M,Canada,Manitoba,Home,3,No,Agency,51,False,3,440491.89666666667,353703.41,298.64467080242906,2024-12-01,3,1,1,-1
C0237,Individual,Jason,Nelson,1984-11-03,M,USA,California,Home,5,Yes,Website,39,True,3,464117.77,476822.55,285.8231565138917,2025-09-01,3,1,1,-1
C0238,Individual,Amber,Patterson,1982-01-08,F,USA,Virginia,Home,4,Yes,Agency,42,True,3,375244.24,438939.75,337.9534939142604,2024-11-01,3,1,0,-1
C0239,Individual,Megan,Baker,1973-02-18,F,USA,Oregon,Home,3,Yes,Website,50,True,4,338190.9175,317702.695,327.39721596279037,2025-08-01,4,2,0,-1
C0240,Individual,Amber,Morales,1942-05-15,F,USA,Colorado,Investment,3,No,Website,81,False,3,311676.0933333333,293067.82,307.7614279012237,2025-12-01,3,2,0,-1
C0241,Individual,Kelly,Anderson,1962-01-14,F,Mexico,Nuevo Leon,Home,5,Yes,Website,62,True,3,341978.23666666663,311573.77,317.38666230627405,2024-12-01,3,2,0,-1
C0242,Individual,Stephen,Peterson,1998-03-16,M,USA,Utah,Home,3,Yes,Agency,25,True,4,339578.9325,340245.20499999996,293.4441082677422,2025-07-01,4,2,0,-1
C0243,Individual,Nancy,Patterson,1978-07-11,F,USA,Utah,Home,2,No,Website,45,False,4,345694.47250000003,343228.96499999997,274.1414099948916,2025-07-01,4,2,0,-1
C0244,Individual,Joyce,Pierce,1998-08-03,F,USA,California,Home,1,No,Website,25,False,3,348884.0933333333,365998.75,311.487503124139,2025-08-01,3,1,0,-1
C0245,Individual,Sean,Long,1974-01-07,M,USA,Nevada,Investment,4,No,Agency,50,False,3,451528.1666666667,500551.32,309.6360394503248,2025-12-01,3,1,1,-1
C0246,Individual,Stephen,Pierce,1992-05-15,M,France,Normandy,Home,1,Yes,Agency,31,True,3,341495.08666666667,340987.95,305.8630203094845,2025-07-01,3,1,0,-1
C0247,Individual,Kevin,Morris,1965-01-18,M,USA,California,Home,1,No,Website,58,False,4,424135.13,417338.51,288.05190518157985,2025-07-01,4,1,1,-1
C0248,Individual,Carl,Collins,1968-12-09,M,USA,Florida,Home,4,Yes,Agency,55,True,3,345311.54333333333,355954.45,283.0289017413887,2024-09-01,3,2,0,-1
C0249,Individual,Stephanie,Montgomery,1968-12-05,F,USA,California,Investment,4,No,Agency,55,False,4,285748.88,230705.845,284.6956561547511,2025-02-01,4,2,0,-1
C0250,Individual,Justin,Stewart,1947-10-19,M,UK,England,Home,2,No,Agency,76,False,3,327435.55333333334,396653.03,301.4583980883542,2025-01-01,3,1,0,-1
C0251,Individual,Janice,Chavez,1976-08-11,F,USA,Utah,Home,5,No,Website,47,False,3,154537.31666666668,127461.75,271.75428137281943,2025-06-01,3,2,0,-1
C0252,Individual,Elizabeth,Rogers,1953-08-23,F,USA,Nevada,Investment,2,No,Website,70,False,3,360740.49333333335,312702.74,301.07196655906836,2025-09-01,3,2,0,-1
C0253,Individual,Betty,Hughes,1994-09-15,F,USA,Virginia,Home,4,No,Website,29,False,4,309806.5275,287663.835,292.8363606555335,2024-05-01,4,2,0,-1
C0254,Individual,Rachel,Freeman,1956-07-21,F,USA,Florida,Home,5,No,Website,67,False,4,333038.1425,326882.45,306.04013287799427,2025-09-01,4,2,0,15
C0255,Individual,Sara,Jones,1961-02-08,F,UK,England,Investment,3,Yes,Client,62,True,4,422270.765,446283.87,333.94282600869735,2025-05-01,4,1,1,-1
C0256,Individual,Anthony,Hughes,1990-12-10,M,USA,California,Home,1,Yes,Website,33,True,3,383409.7166666666,333320.89,297.5918243883253,2025-12-01,3,1,0,-1
C0257,Individual,Nicholas,Kim,1974-10-22,M,USA,California,Home,1,No,Website,49,False,3,381818.74333333335,398376.72,296.4675060531569,2025-05-01,3,1,1,-1
C0258,Individual,Carl,Murray,1991-04-15,M,UK,Northern Ireland,Home,4,Yes,Agency,32,True,3,333904.12333333335,306183.74,286.50725864702446,2025-05-01,3,2,0,-1
C0259,Individual,Emma,Chavez,1990-02-15,F,USA,Oregon,Home,4,No,Website,33,False,3,259798.80333333332,290115.22,314.0826730772205,2024-11-01,3,2,0,-1
C0260,Individual,Rebecca,Wood,1946-08-04,F,USA,Nevada,Investment,3,No,Website,77,False,4,264298.1975,243052.58,320.03004657551685,2025-10-01,4,2,0,-1
C0261,Company,Celera,Co,1985-05-13,F,USA,Florida,Investment,4,Yes,Website,38,True,4,523655.775,524988.505,316.7296997323388,2025-10-01,4,1,1,-1
C0262,Individual,Billy,Bryant,1947-05-25,M,USA,Oregon,Home,2,No,Website,76,False,3,411086.8,393385.99,300.87189053286824,2025-06-01,3,1,1,-1
C0263,Individual,Anthony,Garcia,1981-08-02,M,USA,Nevada,Investment,2,Yes,Website,42,True,3,323046.80333333334,364059.52,314.78205483488614,2025-11-01,3,1,0,-1
C0264,Individual,Melissa,Baker,1992-09-12,F,USA,Colorado,Home,2,Yes,Agency,31,True,4,281941.505,305628.985,289.35414120737903,2025-03-01,4,2,0,-1
C0265,Company,Celera,Co,1967-04-13,M,Belgium,Flanders,Home,1,No,Website,56,False,4,427007.9975,465734.94,319.3013273174175,2025-11-01,4,1,1,-1
C0266,Individual,Aaron,Owens,1977-02-26,M,USA,California,Home,5,Yes,Agency,46,True,3,310548.79333333333,366569.28,290.38148593016064,2025-04-01,3,2,1,-1
C0267,Individual,Judy,Howard,1948-11-12,F,USA,Utah,Home,4,Yes,Agency,75,True,4,328623.7525,304648.005,303.9894746358153,2025-11-01,4,2,0,1
C0268,Individual,Danielle,Carter,1959-02-21,F,USA,Georgia,Investment,3,No,Website,64,False,4,277234.96499999997,272849.91500000004,306.31816887990306,2024-11-01,4,2,0,-1
C0269,Individual,David,Stewart,1969-02-04,M,USA,New York,Home,2,No,Agency,54,False,3,349703.36000000004,371396.41,323.74149676000314,2025-12-01,3,1,0,-1
C0270,Individual,Megan,Allen,1944-07-21,F,USA,Florida,Home,5,No,Website,79,False,3,308003.3,301393.71,313.1614096224352,2025-08-01,3,2,0,-1
C0271,Individual,Laura,Hughes,1972-04-28,F,USA,California,Investment,3,No,Agency,51,False,4,323922.3425,325389.065,309.22116803694684,2025-12-01,4,2,0,6
C0272,Individual,Pamela,Green,1993-08-03,F,UK,Scotland,Home,5,Yes,Website,30,True,4,359896.0925,376502.24,293.45704204943775,2025-07-01,4,2,0,-1
C0273,Individual,Paul,Morales,1987-02-27,M,Denmark,Zealand,Investment,2,No,Website,36,False,3,227484.21333333335,170559.17,283.1584133310674,2025-07-01,3,2,0,-1
C0274,Individual,Raymond,Young,1950-10-01,M,USA,Florida,Home,2,No,Website,73,False,3,447816.4466666667,453519.83,297.8912333792844,2024-07-01,3,1,1,-1
C0275,Individual,William,Thompson,2000-06-26,M,USA,Oregon,Home,1,Yes,Website,23,True,4,309375.075,303781.985,273.3703332382304,2025-12-01,4,2,0,-1
C0276,Individual,Gloria,Harris,1953-02-16,F,USA,Washington,Home,5,No,Website,70,False,3,337065.32666666666,413166.71,293.4555743132912,2025-02-01,3,1,0,-1
C0277,Individual,Jordan,Garcia,1954-11-17,M,USA,Colorado,Investment,1,Yes,Agency,69,True,3,374483.1766666667,388031.05,288.65037752664716,2025-12-01,3,1,1,-1
C0278,Individual,Margaret,Foster,1955-08-03,F,USA,California,Investment,2,Yes,Website,68,True,3,480846.2233333333,459422.09,283.2922552063447,2024-11-01,3,1,1,-1
C0279,Individual,Heather,Montgomery,1967-05-15,F,USA,Oregon,Home,1,No,Website,56,False,3,337662.0833333333,299112.38,294.2512669578751,2024-04-01,3,2,0,-1
C0280,Individual,Nathan,Price,1944-04-14,M,USA,Florida,Home,4,No,Client,79,False,4,320505.2325,329042.075,276.88053764306045,2025-04-01,4,2,0,-1
C0281,Individual,Katherine,Phillips,1977-03-22,F,USA,California,Home,1,Yes,Agency,46,True,3,418758.4566666667,474937.38,302.32210907995153,2025-12-01,3,1,1,-1
C0282,Individual,Emily,Owens,1997-10-18,F,USA,California,Investment,1,No,Website,26,False,4,243465.95,225255.66,284.9097688586684,2025-07-01,4,2,0,-1
C0283,Individual,Susan,Edwards,1962-05-12,F,USA,Arizona,Home,2,Yes,Agency,61,True,4,279649.8675,234135.075,305.08878288778067,2025-07-01,4,2,0,20
C0284,Individual,Patrick,Owens,1977-02-25,M,USA,Arizona,Home,4,No,Client,46,False,4,312993.9625,293245.795,314.92437742589595,2025-04-01,4,2,0,-1
C0285,Individual,Billy,Parker,1999-03-09,M,France,Ile-de-France,Investment,3,No,Website,24,False,4,419764.0325,431955.80500000005,293.6771392385392,2025-08-01,4,1,1,-1
C0286,Individual,Noah,Brooks,1996-03-24,M,UK,Scotland,Home,1,No,Agency,27,False,3,286451.03,277376.95,288.8264568471256,2025-08-01,3,2,0,-1
C0287,Individual,Joan,Bell,1990-06-10,F,Australia,New South Wales,Home,5,No,Website,33,False,3,390421.6766666667,381642.32,321.88720803401526,2025-08-01,3,1,1,-1
C0288,Individual,Kevin,Freeman,1997-11-03,M,USA,Colorado,Investment,4,No,Agency,26,False,4,341072.3075,325649.55000000005,287.0360447319884,2025-06-01,4,2,0,-1
C0289,Individual,Laura,Hayes,1993-06-14,F,USA,California,Investment,5,No,Agency,30,False,4,383465.5875,382409.15,322.225734907122,2025-09-01,4,1,1,-1
C0290,Individual,Ryan,Watson,1962-01-01,M,USA,California,Home,2,No,Website,62,False,3,405132.7266666666,384711.43,294.6227326225505,2025-05-01,3,1,1,-1
C0291,Individual,James,Bryant,1953-07-06,M,USA,Nevada,Home,2,No,Agency,70,False,3,440835.5866666666,526760.59,283.8696129801324,2025-12-01,3,1,1,-1
C0292,Individual,Karen,Watson,1945-12-02,F,USA,California,Home,1,No,Agency,78,False,4,360704.585,323759.595,332.09382962711913,2025-07-01,4,1,0,-1
C0293,Individual,Ruth,Collins,1993-07-01,F,USA,California,Investment,4,No,Website,30,False,4,395219.1625,365011.365,305.79990656437246,2025-08-01,4,1,1,-1
C0294,Individual,Nicholas,Reyes,1963-07-17,M,USA,Nevada,Home,3,Yes,Website,60,True,4,256812.7275,190391.575,305.5148768465298,2025-02-01,4,2,0,-1
C0295,Individual,Roger,Harris,1967-09-07,M,Russia,Tatarstan,Home,3,No,Agency,56,False,3,450125.24333333335,480709.27,314.7560653893399,2025-06-01,3,1,1,-1
C0296,Individual,Mark,Young,1984-04-06,M,Canada,Manitoba,Home,1,Yes,Client,39,True,3,380958.48666666663,420345.63,307.38736313580745,2025-08-01,3,1,1,-1
C0297,Individual,Julia,Murray,1972-11-19,F,UK,Wales,Investment,5,No,Agency,51,False,4,427296.1875,460140.29,305.6113981399422,2024-08-01,4,1,1,-1
C0298,Individual,Sarah,Patterson,1972-11-10,F,USA,Oregon,Home,3,No,Website,51,False,4,315619.8075,261257.915,294.6537940165552,2025-12-01,4,2,0,-1
C0299,Individual,Barbara,Davis,1977-05-03,F,UK,Wales,Home,5,No,Agency,46,False,4,294415.44,254799.675,304.64949979748445,2025-02-01,4,2,0,2
C0300,Individual,Zachary,Peterson,1959-04-11,M,Canada,Alberta,Home,5,Yes,Website,64,True,3,281652.18333333335,279217.08,322.1718424492012,2025-08-01,3,2,0,-1
C0301,Individual,Lisa,Alexander,1959-03-02,F,USA,Virginia,Home,4,No,Agency,64,False,3,348592.17333333334,343865.93,276.5469053215637,2024-11-01,3,2,0,-1
C0302,Individual,Maria,Edwards,1976-07-25,F,USA,Utah,Investment,1,No,Agency,47,False,4,413575.0825,375771.57,318.4358739570472,2025-11-01,4,1,1,-1
C0303,Individual,Betty,Owens,1957-07-10,F,USA,Virginia,Investment,5,Yes,Website,66,True,4,379778.28,368004.45,313.2694872844787,2025-03-01,4,1,1,-1
C0304,Individual,Patrick,Morris,1959-12-22,M,USA,California,Investment,1,No,Agency,64,False,4,421438.32,404533.325,306.62799703926584,2025-11-01,4,1,0,-1
C0305,Individual,Emily,Kim,1995-11-22,F,USA,Arizona,Home,1,No,Website,28,False,3,442578.74333333335,442139.42,295.9988305209763,2025-06-01,3,1,1,-1
C0306,Individual,Samuel,Foster,1988-04-05,M,USA,California,Home,1,No,Client,35,False,4,349924.6975,337885.055,326.9407713397631,2025-11-01,4,1,1,-1
C0307,Individual,Samuel,Freeman,1992-10-13,M,USA,California,Home,5,Yes,Client,31,True,4,372542.595,350590.38,316.87830979740284,2025-08-01,4,1,0,-1
C0308,Individual,Catherine,Roberts,1972-10-10,F,Belgium,Flanders,Investment,4,Yes,Agency,51,True,3,392194.18,337265.16,288.303659067273,2025-12-01,3,1,1,-1
C0309,Individual,Stephanie,Cox,1957-10-15,F,USA,Washington,Home,4,No,Agency,66,False,3,460883.19333333336,545423.83,326.74190547944283,2025-09-01,3,1,1,-1
C0310,Individual,Edward,Weaver,1992-05-02,M,UK,Northern Ireland,Home,3,No,Website,31,False,3,463109.87333333335,487171.09,296.1843667526323,2025-05-01,3,1,1,-1
C0311,Individual,Justin,Anderson,1952-03-09,M,USA,Georgia,Home,2,No,Website,71,False,4,408249.89,382836.56,308.61102952310074,2025-08-01,4,1,0,-1
C0312,Individual,Zachary,Cooper,1941-01-14,M,USA,Nevada,Home,3,Yes,Website,83,True,4,276417.165,282016.79,286.1856970509979,2025-05-01,4,2,0,-1
C0313,Company,Stratos,Co,1974-04-12,M,USA,California,Home,1,No,Agency,49,False,3,363695.31000000006,381879.4,304.92115668437685,2025-01-01,3,1,1,-1
C0314,Individual,Andrew,Jones,1982-08-23,M,USA,Washington,Investment,4,No,Agency,41,False,3,346931.67333333334,365379.52,307.5866428042063,2024-12-01,3,1,1,-1
C0315,Individual,Michael,Phillips,1987-03-18,M,Mexico,Baja California,Investment,5,No,Website,36,False,4,294651.64,235928.515,303.08581200721073,2025-10-01,4,2,0,-1
C0316,Individual,Brandon,Martin,1997-04-14,M,UK,Scotland,Investment,4,Yes,Website,26,True,4,448111.8175,512073.965,334.2632578322125,2025-08-01,4,1,1,-1
C0317,Individual,Amber,Hansen,1999-11-17,F,USA,California,Investment,2,Yes,Website,24,True,3,416148.10333333333,447904.01,285.7972404273491,2025-02-01,3,1,1,-1
C0318,Individual,Amy,Peterson,1974-03-22,F,Germany,Berlin,Home,5,No,Website,49,False,3,290656.2233333333,284273.4,316.1814473112375,2024-10-01,3,2,0,-1
C0319,Company,Zynex,Co,1995-11-12,F,USA,Texas,Home,5,Yes,Website,28,True,4,515263.6625,533541.115,296.4407038672879,2025-12-01,4,1,1,-1
C0320,Individual,Tyler,Cox,1984-12-01,M,USA,Texas,Home,3,Yes,Client,39,True,3,439244.03,418331.0,296.9423125347185,2024-02-01,3,1,1,-1
C0321,Individual,Jesse,Cook,1992-01-12,M,USA,California,Investment,2,No,Agency,31,False,4,425438.4275,429238.93000000005,320.08555841883503,2025-04-01,4,1,1,-1
C0322,Individual,Deborah,Moore,1996-12-25,F,USA,California,Home,2,Yes,Website,27,True,3,449000.9766666666,417251.87,318.0864752801751,2025-07-01,3,1,1,-1
C0323,Individual,Samantha,Hayes,1975-09-16,F,USA,California,Investment,2,Yes,Website,48,True,3,410275.2066666667,462179.03,310.6404621508214,2025-08-01,3,1,1,-1
C0324,Individual,Raymond,Parker,1993-06-14,M,USA,Washington,Home,4,No,Website,30,False,3,382373.75,386429.67,297.08544836991325,2025-06-01,3,1,1,-1
C0325,Individual,Maria,Flores,1983-02-24,F,USA,California,Home,5,Yes,Agency,40,True,4,301293.89,299767.92500000005,286.38612411264194,2025-05-01,4,2,0,-1
C0326,Individual,Daniel,Reed,1958-05-10,M,USA,Oregon,Investment,4,Yes,Agency,65,True,4,330493.875,303195.525,325.0785062395622,2025-08-01,4,2,0,-1
C0327,Individual,Elizabeth,Ward,1961-07-09,F,UK,Scotland,Home,1,No,Agency,62,False,4,279091.68,207375.42,296.22191505254114,2025-12-01,4,2,0,-1
C0328,Individual,William,Young,1946-10-22,M,USA,California,Home,1,Yes,Client,77,True,4,339140.0775,317852.345,327.5047492642996,2025-10-01,4,2,0,-1
C0329,Individual,Diane,Morales,1998-10-05,F,Germany,Hesse,Home,3,No,Agency,25,False,3,256687.46666666667,290993.55,284.9675204985411,2025-10-01,3,2,0,-1
C0330,Individual,Christian,Richardson,1975-06-21,M,USA,California,Home,1,No,Website,48,False,4,332865.9075,328207.18,295.4457320102523,2025-06-01,4,2,0,13
C0331,Individual,Ann,Martin,1984-05-23,F,USA,California,Investment,3,No,Agency,39,False,4,386583.6,427425.34,302.88510282847795,2025-06-01,4,1,1,-1
C0332,Individual,Christopher,Price,1989-12-15,M,USA,Texas,Investment,3,No,Website,34,False,3,403329.1533333333,487888.3,279.22382181893295,2025-10-01,3,1,1,-1
C0333,Individual,Helen,Hall,1955-12-23,F,UK,Wales,Home,3,No,Website,68,False,3,372986.6866666667,444764.89,299.3859336879596,2025-04-01,3,1,1,-1
C0334,Individual,Andrew,Roberts,1950-08-01,M,USA,Arizona,Investment,3,No,Agency,73,False,4,361413.9825,341889.56,328.6288068018344,2024-12-01,4,1,0,-1
C0335,Individual,Charles,Morris,1975-12-24,M,USA,Arizona,Home,4,No,Website,48,False,4,369585.28,346248.35,312.04912702719423,2025-10-01,4,1,1,-1
C0336,Individual,Karen,Price,1971-11-17,F,USA,California,Investment,5,No,Agency,52,False,3,387896.8633333333,425040.86,301.12306123464424,2024-12-01,3,1,1,-1
C0337,Individual,Nathan,Alexander,1942-01-27,M,USA,Arizona,Home,3,Yes,Website,81,True,3,253103.4,203285.7,284.4843290368854,2025-04-01,3,2,0,-1
C0338,Individual,Patrick,Flores,1943-05-28,M,USA,California,Home,5,Yes,Website,80,True,4,372167.7825,367088.735,312.0553514031193,2025-12-01,4,1,0,-1
C0339,Individual,Keith,King,1963-10-05,M,USA,Utah,Investment,5,No,Agency,60,False,4,387206.0575,395932.09,331.2701829233304,2025-12-01,4,1,1,-1
C0340,Individual,Daniel,Garcia,1940-11-25,M,USA,California,Investment,2,No,Agency,83,False,3,349166.80666666664,376325.86,280.78386472986784,2025-11-01,3,2,1,-1
C0341,Individual,Carl,Chavez,1982-11-10,M,USA,California,Investment,4,No,Agency,41,False,4,419888.855,470422.55,317.5731591876758,2025-09-01,4,1,1,-1
C0342,Individual,Kevin,Hughes,1974-08-15,M,USA,California,Investment,2,No,Client,49,False,3,430189.13000000006,522829.28,328.5154318223778,2025-09-01,3,1,1,-1
C0343,Individual,Joyce,Thompson,1952-06-17,F,USA,California,Home,2,No,Website,71,False,4,407730.9925,400206.385,297.02815309476205,2025-08-01,4,1,0,-1
C0344,Individual,Joshua,Jackson,1997-05-13,M,Canada,British Columbia,Home,2,Yes,Website,26,True,4,319086.17,301272.4,302.0567047165623,2025-11-01,4,2,0,-1
C0345,Individual,Stephanie,Hall,1969-09-15,F,USA,New York,Home,4,Yes,Website,54,True,3,446562.4166666667,427064.4,300.46366304724853,2025-08-01,3,1,1,-1
C0346,Individual,Amy,Nelson,1963-06-02,F,USA,California,Home,5,No,Agency,60,False,3,391604.2866666666,440939.43,310.0140757745108,2025-05-01,3,1,1,-1
C0347,Individual,Mark,Reyes,1992-05-24,M,USA,Washington,Home,3,Yes,Website,31,True,3,459335.48333333334,456133.0,314.2399384440205,2025-11-01,3,1,1,-1
C0348,Individual,Jack,Pierce,1982-02-13,M,USA,Colorado,Investment,5,Yes,Agency,41,True,4,370658.48,355903.805,293.5582443960669,2025-10-01,4,2,0,-1
C0349,Individual,Paul,Jackson,1975-06-26,M,USA,Arizona,Home,2,Yes,Agency,48,True,3,355248.61333333334,278010.89,319.2896042097387,2025-09-01,3,2,0,-1
C0350,Individual,Richard,Jones,1992-12-11,M,USA,Arizona,Home,2,No,Agency,31,False,3,355469.43333333335,297965.35,296.5916270272384,2025-05-01,3,2,0,-1
C0351,Individual,Michelle,Watson,1961-12-27,F,USA,Oregon,Home,5,No,Agency,62,False,4,387778.44,391340.895,311.1977892874013,2025-11-01,4,1,1,-1
C0352,Individual,Judith,Williams,1977-06-22,F,USA,Nevada,Investment,3,No,Agency,46,False,3,446610.01333333337,521203.39,309.9987605861159,2024-09-01,3,1,1,-1
C0353,Individual,Anna,Murray,1964-04-24,F,USA,Arizona,Home,2,No,Agency,59,False,3,296618.38666666666,321694.85,301.9405053330321,2025-12-01,3,2,0,-1
C0354,Individual,Kimberly,Turner,1998-10-23,F,USA,California,Home,4,No,Website,25,False,3,320732.2,312873.77,307.43997805800313,2024-11-01,3,2,0,-1
C0355,Individual,Henry,Alexander,1951-10-16,M,Mexico,Baja California,Investment,1,No,Website,72,False,3,343197.99,367617.71,269.231546180389,2025-05-01,3,2,1,-1
C0356,Individual,Andrea,Kim,1976-06-06,F,USA,Georgia,Home,3,No,Website,47,False,4,241087.975,211736.235,292.63598367500725,2025-11-01,4,2,0,-1
C0357,Individual,Danielle,Griffin,1988-04-09,F,USA,California,Home,3,No,Website,35,False,3,323543.0733333333,334865.34,311.3215166895127,2025-09-01,3,2,0,-1
C0358,Individual,Katherine,Griffin,1978-09-26,F,Australia,New South Wales,Home,3,Yes,Agency,45,True,3,383639.9133333334,377317.05,311.4839936166393,2024-11-01,3,1,1,-1
C0359,Individual,Julie,Cooper,1951-03-10,F,USA,California,Investment,1,No,Agency,72,False,3,366063.2966666667,393759.61,277.1234294037575,2025-10-01,3,1,1,-1
C0360,Individual,Laura,Baker,1948-09-09,F,USA,Utah,Home,2,Yes,Agency,75,True,4,494506.62,508826.76,294.6673252367168,2025-12-01,4,1,1,-1
C0361,Individual,Nicholas,Miller,1958-09-08,M,UK,England,Home,1,Yes,Website,65,True,4,367093.0625,387846.945,303.6700564236641,2024-11-01,4,1,0,-1
C0362,Individual,Betty,Moore,2000-09-06,F,USA,Utah,Home,4,No,Website,23,False,3,376556.4666666666,467662.76,319.6891059879742,2025-07-01,3,1,1,-1
C0363,Individual,Christine,Edwards,1959-01-25,F,USA,Utah,Investment,2,No,Client,64,False,4,308075.36,297276.61,321.83400059422536,2025-05-01,4,2,0,-1
C0364,Individual,George,Gray,1944-03-02,M,USA,Texas,Home,2,No,Website,79,False,4,373126.295,340899.80000000005,292.4122292635231,2024-07-01,4,2,0,-1
C0365,Individual,Brandon,Morales,1962-02-11,M,USA,Colorado,Investment,5,No,Agency,61,False,3,317086.63333333336,355616.43,275.7780692701144,2025-05-01,3,2,0,-1
C0366,Individual,Keith,Long,1983-04-26,M,USA,California,Home,4,No,Website,40,False,3,473378.44,526612.91,316.81346853217974,2025-02-01,3,1,1,-1
C0367,Individual,Samuel,Collins,1964-11-25,M,USA,California,Investment,4,No,Agency,59,False,4,415654.47,413733.535,324.83524052336105,2025-09-01,4,1,1,-1
C0368,Individual,Betty,Scott,1992-08-11,F,USA,California,Home,4,Yes,Agency,31,True,4,373638.1125,366460.1,327.32400753374435,2025-07-01,4,1,0,-1
C0369,Individual,Helen,Murray,1954-10-01,F,USA,Utah,Home,2,Yes,Agency,69,True,4,396609.77,404545.055,288.11277877378416,2025-08-01,4,1,0,-1
C0370,Individual,Michelle,Brooks,1957-09-23,F,Russia,Krasnodar Krai,Home,1,No,Website,66,False,4,403408.3475,370431.66,304.0319808491904,2025-06-01,4,1,0,-1
C0371,Individual,Ryan,Moore,1970-03-15,M,Belgium,Wallonia,Investment,3,No,Agency,53,False,3,275736.2033333333,305116.48,326.6072425296932,2024-11-01,3,2,0,-1
C0372,Individual,Teresa,Nelson,1952-04-22,F,Belgium,Flanders,Investment,1,No,Agency,71,False,3,426709.35333333333,496384.24,309.50534540154507,2025-11-01,3,1,1,-1
C0373,Individual,Karen,Morales,1993-01-27,F,USA,Georgia,Home,2,No,Agency,30,False,3,349092.3933333333,327566.38,303.34029592197317,2025-03-01,3,2,0,-1
C0374,Individual,Madison,Hughes,1993-11-07,F,Australia,New South Wales,Investment,4,Yes,Agency,30,True,4,229206.465,234902.085,316.86755206486544,2024-10-01,4,2,0,-1
C0375,Individual,Kyle,Thompson,1968-07-15,M,USA,California,Investment,4,No,Website,55,False,3,392860.2133333334,398974.61,319.28680511141596,2025-01-01,3,1,0,-1
C0376,Individual,Shirley,Smith,1953-04-19,F,USA,California,Home,3,No,Website,70,False,3,394269.43,415409.21,298.9659387154721,2024-06-01,3,1,1,-1
C0377,Individual,Charles,Patterson,1998-05-14,M,USA,Washington,Home,4,No,Website,25,False,3,274260.10666666663,256437.11,304.7935850232173,2025-06-01,3,2,0,-1
C0378,Individual,Heather,Anderson,1957-11-28,F,USA,California,Investment,3,Yes,Website,66,True,3,270795.83666666667,247337.57,275.12811466232733,2025-07-01,3,2,0,-1
C0379,Company,Optima,Co,1977-04-22,M,USA,California,Investment,2,Yes,Client,46,True,4,313729.83999999997,345525.83499999996,277.03028561814415,2025-07-01,4,2,0,-1
C0380,Individual,Evelyn,Chavez,1973-09-13,F,USA,California,Home,3,Yes,Website,50,True,3,313236.29,221476.9,264.1700106052158,2024-09-01,3,2,0,-1
C0381,Individual,David,Gray,1961-01-08,M,USA,California,Home,5,Yes,Agency,63,True,3,292971.0633333333,285091.79,247.61239219170295,2025-12-01,3,2,0,-1
C0382,Individual,Nicholas,Garcia,1975-08-08,M,USA,California,Investment,1,Yes,Agency,48,True,3,326713.0833333333,307857.51,334.35323184783533,2024-09-01,3,1,0,-1
C0383,Company,Novex,Co,1985-11-09,F,Mexico,Mexico City,Investment,3,No,Agency,38,False,4,242017.66,193899.33,293.1790859595892,2025-10-01,4,2,0,-1
C0384,Individual,Amy,Stewart,1944-03-22,F,USA,California,Home,3,Yes,Website,79,True,3,336920.58,361049.96,326.1556369811854,2025-12-01,3,1,0,-1
C0385,Individual,Douglas,Owens,1969-01-12,M,UK,Northern Ireland,Investment,4,No,Website,55,False,3,429882.1366666667,403458.01,337.4718781773158,2025-12-01,3,1,0,-1
C0386,Individual,Carol,Stewart,1976-03-25,F,USA,Colorado,Home,2,No,Client,47,False,3,544657.4033333333,520647.76,373.74485785009733,2025-10-01,3,1,1,-1
C0387,Individual,Jessica,Owens,1974-07-18,F,USA,California,Home,2,Yes,Website,49,True,4,498245.8875,513739.205,319.8735674974433,2025-09-01,4,1,1,-1
C0388,Individual,Zachary,Cox,1995-09-24,M,USA,California,Home,4,No,Agency,28,False,3,320631.64,354595.01,330.03455243509705,2025-03-01,3,1,0,-1
C0389,Individual,Ronald,Stone,1954-11-18,M,USA,Colorado,Home,3,No,Website,69,False,4,315387.27249999996,337988.46499999997,290.2584398047477,2025-06-01,4,2,0,-1
C0390,Individual,Steven,Griffin,1942-04-23,M,Canada,Quebec,Investment,2,No,Website,81,False,4,419690.5175,439639.735,331.66644794911855,2024-09-01,4,1,1,-1
C0391,Individual,Heather,Long,1966-11-12,F,USA,California,Home,5,No,Agency,57,False,3,345004.3033333333,290803.21,324.92570886620587,2024-08-01,3,2,0,-1
C0392,Individual,Katherine,Adams,1977-06-14,F,USA,Arizona,Home,2,Yes,Website,46,True,4,253957.5075,215575.935,272.48890928553595,2025-09-01,4,2,0,-1
C0393,Individual,Nicole,Allen,1988-06-08,F,USA,Arizona,Home,4,No,Agency,35,False,4,404139.195,391796.71,313.7124550314773,2025-05-01,4,1,1,-1
C0394,Individual,Shirley,Foster,1954-11-24,F,USA,Colorado,Home,3,Yes,Website,69,True,4,314710.0,252497.055,292.80734079965566,2025-08-01,4,2,0,-1
C0395,Individual,Deborah,Chavez,1959-01-17,F,USA,Florida,Home,1,No,Website,65,False,3,384378.16,354546.23,300.0076340913001,2025-01-01,3,1,1,-1
C0396,Individual,Charles,Allen,2000-04-17,M,USA,Nevada,Home,5,No,Agency,23,False,4,295361.8125,294051.66500000004,325.39102840117124,2025-08-01,4,2,0,-1
C0397,Individual,Hannah,Williams,2000-09-18,F,USA,California,Home,5,No,Website,23,False,3,264514.42333333334,254835.58,306.5224231458849,2025-07-01,3,2,0,-1
C0398,Individual,Jennifer,Alexander,1948-12-22,F,USA,Texas,Home,1,Yes,Agency,75,True,4,296673.4625,320540.305,307.7780713117717,2024-07-01,4,2,0,-1
C0399,Individual,Albert,Kim,1984-06-09,M,USA,California,Home,4,No,Agency,39,False,4,307264.3725,265790.755,280.14179966702727,2025-02-01,4,2,0,-1
C0400,Individual,Brandon,Anderson,1959-11-25,M,USA,California,Home,4,No,Agency,64,False,4,340038.2475,341762.52,281.3228620371108,2025-06-01,4,2,0,-1
C0401,Individual,Brian,Anderson,1969-07-21,M,USA,Arizona,Home,5,Yes,Website,54,True,4,255228.2675,237358.655,302.2393174029927,2025-04-01,4,2,0,-1
C0402,Individual,Brenda,Garcia,1941-02-22,F,USA,Georgia,Home,5,No,Website,82,False,3,351388.98333333334,382767.51,321.6006217207176,2025-10-01,3,1,0,-1
C0403,Individual,Jennifer,Adams,1963-03-25,F,Australia,New South Wales,Home,1,No,Website,60,False,3,292930.99333333335,250827.86,283.50875319866367,2024-07-01,3,2,0,-1
C0404,Individual,Sara,Cook,1976-12-05,F,France,Normandy,Investment,1,No,Client,47,False,3,243929.65333333332,175215.94,316.9473423836062,2025-11-01,3,2,0,-1
C0405,Company,Horizon,Co,1969-12-25,M,USA,Colorado,Home,1,No,Agency,54,False,4,327740.8125,353762.57499999995,287.2931397143084,2025-05-01,4,2,0,-1
C0406,Individual,Christine,Brown,1960-05-26,F,USA,Colorado,Home,3,No,Website,63,False,4,329291.28,288909.4,309.6720098443668,2025-01-01,4,2,0,-1
C0407,Individual,Lisa,Freeman,1982-04-23,F,USA,California,Home,2,No,Client,41,False,4,313623.7275,321892.985,300.95370130801626,2024-12-01,4,2,0,17
C0408,Individual,Tyler,Rogers,1977-02-03,M,USA,California,Home,3,No,Website,46,False,3,440165.67,504362.44,312.61587796358623,2025-10-01,3,1,1,-1
C0409,Individual,Timothy,Reyes,1972-09-18,M,USA,Nevada,Home,1,Yes,Website,51,True,4,454167.3,459892.255,326.98781819756886,2024-12-01,4,1,1,-1
C0410,Individual,Diane,Johnson,1982-07-13,F,Russia,Saint Petersburg,Home,5,Yes,Agency,41,True,3,340568.67333333334,259423.47,294.4273034453859,2025-03-01,3,2,0,-1
C0411,Individual,Amanda,Moore,1983-05-09,F,USA,California,Home,2,No,Website,40,False,3,298995.73666666663,258544.89,350.543692607301,2024-06-01,3,2,0,-1
C0412,Individual,Karen,Richardson,1984-04-24,F,UK,Scotland,Home,5,No,Website,39,False,3,366792.0833333333,383816.78,293.65308710017615,2025-03-01,3,1,1,-1
C0413,Individual,Brandon,Smith,1940-07-11,M,Canada,British Columbia,Home,3,No,Website,83,False,4,442281.555,434809.83,309.9375210398746,2025-09-01,4,1,0,-1
C0414,Individual,Brandon,Reed,1962-12-07,M,USA,California,Home,4,No,Website,61,False,4,353037.235,340127.105,301.11168977355436,2025-11-01,4,2,0,19
C0415,Individual,Grace,Turner,1980-07-09,F,USA,Nevada,Home,5,Yes,Agency,43,True,4,326482.08749999997,290507.02999999997,296.5966811499519,2024-07-01,4,2,0,-1
C0416,Company,Bravada,Co,1981-07-28,M,Germany,North Rhine-Westphalia,Investment,5,Yes,Client,42,True,3,353177.50333333336,358050.18,280.3649553639519,2025-11-01,3,2,1,-1
C0417,Individual,Peter,Collins,1947-12-03,M,USA,Utah,Home,2,No,Website,76,False,3,451591.32,429024.15,303.54859739281426,2024-09-01,3,1,1,-1
C0418,Individual,Douglas,Howard,1996-08-20,M,USA,Arizona,Home,5,No,Agency,27,False,4,407371.7075,470453.265,315.5994805272792,2025-04-01,4,1,1,-1
C0419,Individual,Jack,Hansen,1962-11-03,M,USA,Washington,Home,3,Yes,Agency,61,True,4,293503.0475,303675.87,295.6119602001012,2024-12-01,4,2,0,-1
C0420,Individual,Debra,Reyes,1994-01-04,F,USA,California,Home,5,No,Agency,30,False,3,420032.0533333334,434894.1,316.25469908155173,2025-04-01,3,1,1,-1
C0421,Individual,Zachary,Cox,1975-08-25,M,Germany,Hesse,Investment,5,Yes,Website,48,True,4,373940.8425,375042.895,304.1080371257723,2025-12-01,4,1,0,-1
C0422,Company,Telnox,Co,1973-11-13,F,USA,California,Home,1,Yes,Client,50,True,4,413292.905,451020.095,290.5765092248332,2024-10-01,4,1,1,-1
C0423,Individual,Rachel,Sanders,1950-04-17,F,USA,California,Home,1,No,Client,73,False,3,356238.73,344995.54,299.39697998677116,2025-08-01,3,1,1,-1
C0424,Individual,Sarah,Stewart,1998-12-04,F,USA,Florida,Home,1,No,Website,25,False,3,344678.76666666666,332700.31,304.86287798475354,2025-02-01,3,1,0,-1
C0425,Individual,Gerald,Wright,1965-03-11,M,USA,Nevada,Home,2,No,Agency,58,False,3,418977.49333333335,515350.54,277.1864844883531,2025-02-01,3,1,1,-1
C0426,Individual,Julie,Brown,1953-10-07,F,USA,Oregon,Home,4,Yes,Client,70,True,3,296750.2033333333,236524.71,319.1133959347753,2025-12-01,3,2,0,-1
C0427,Individual,Sarah,Peterson,1994-09-06,F,USA,California,Home,4,Yes,Website,29,True,4,364254.0775,372784.75,302.69307402108933,2025-06-01,4,1,1,-1
C0428,Individual,Gloria,Rogers,1962-07-20,F,USA,Oregon,Home,3,No,Agency,61,False,4,246112.83,240069.375,304.46346214538653,2025-09-01,4,2,0,-1
C0429,Individual,Danielle,Stone,1995-11-05,F,USA,California,Home,3,Yes,Website,28,True,4,375976.04,370747.97,271.6125972406938,2025-11-01,4,2,1,-1
C0430,Individual,Roger,Wood,1974-10-05,M,USA,Nevada,Home,2,No,Agency,49,False,3,310380.6533333333,398416.6,295.7021065249133,2025-05-01,3,2,1,-1
C0431,Individual,Austin,King,1969-05-05,M,USA,California,Home,5,Yes,Website,54,True,4,386187.8325,340786.775,313.20071224088105,2025-04-01,4,1,1,-1
C0432,Company,Grandis,Co,1995-02-17,M,USA,California,Home,5,No,Agency,28,False,4,319462.5375,310343.92000000004,314.6041407462146,2025-08-01,4,2,0,-1
C0433,Individual,Ruth,Hughes,1969-03-03,F,USA,California,Investment,2,Yes,Website,54,True,4,484265.3425,517967.77,304.29883450852856,2025-09-01,4,1,1,-1
C0434,Individual,Amanda,Sanders,1964-12-25,F,Russia,Tatarstan,Home,5,No,Website,59,False,3,454963.08,485123.68,308.9373434408803,2025-11-01,3,1,1,-1
C0435,Individual,Sara,Richardson,1966-01-25,F,Australia,New South Wales,Home,5,Yes,Website,57,True,3,302990.11333333334,356062.49,281.7493100861018,2024-11-01,3,2,0,-1
C0436,Individual,Brandon,Jones,1972-05-12,M,USA,Colorado,Home,2,Yes,Client,51,True,4,331898.66,320831.055,311.8441932238405,2025-03-01,4,2,0,-1
C0437,Individual,Danielle,James,1990-10-05,F,USA,Texas,Home,1,No,Website,33,False,3,219010.94000000003,158053.14,265.68470849402985,2024-08-01,3,2,0,-1
C0438,Individual,Gregory,Collins,1982-10-09,M,USA,Georgia,Investment,1,Yes,Client,41,True,4,364660.275,375084.695,292.4323939195912,2025-05-01,4,1,0,-1
C0439,Individual,Larry,Thompson,1956-03-08,M,USA,Virginia,Home,2,No,Agency,67,False,3,424442.87333333335,461116.22,309.77485010281384,2024-03-01,3,1,1,-1
C0440,Individual,Lawrence,Parker,1960-07-13,M,USA,California,Investment,1,No,Agency,63,False,3,234499.61,224492.48,282.4074620459203,2024-12-01,3,2,0,-1
C0441,Individual,Joan,Foster,1980-10-01,F,Russia,Krasnodar Krai,Investment,1,No,Agency,43,False,4,381462.3875,357331.13,300.9437926864456,2025-10-01,4,1,1,-1
C0442,Individual,Sarah,Hansen,1975-04-14,F,USA,Colorado,Home,3,Yes,Website,48,True,4,426866.7425,424111.12,285.440299805932,2025-02-01,4,1,1,-1
C0443,Individual,Noah,Foster,1950-06-22,M,Denmark,Capital Region,Home,1,Yes,Agency,73,True,3,451946.3666666667,483241.64,293.95351694731335,2024-07-01,3,1,1,-1
C0444,Individual,Jennifer,Martin,1941-03-15,F,USA,California,Home,2,No,Website,82,False,4,263628.635,235741.03000000003,292.38370778728057,2025-11-01,4,2,0,-1
C0445,Individual,Michelle,Evans,1995-11-12,F,USA,California,Home,2,Yes,Website,28,True,4,356422.9075,365605.1,323.00629612872393,2025-07-01,4,1,1,-1
C0446,Individual,Douglas,Thomas,1955-02-01,M,USA,Colorado,Home,2,No,Website,68,False,3,341551.68,372421.45,274.3202198630034,2025-01-01,3,2,1,-1
C0447,Individual,Patricia,Johnson,1956-06-27,F,USA,New York,Home,2,No,Website,67,False,3,514530.7166666666,548573.88,307.121240292514,2025-09-01,3,1,1,-1
C0448,Individual,Mark,White,1980-06-10,M,USA,Nevada,Investment,2,No,Agency,43,False,3,314022.16,296292.91,293.4816106541252,2024-12-01,3,2,0,-1
C0449,Individual,Jordan,King,1972-06-24,M,USA,Oregon,Investment,2,No,Agency,51,False,3,472974.14666666667,443646.85,313.16286683153135,2025-08-01,3,1,1,-1
C0450,Individual,Matthew,Jackson,1992-02-19,M,Mexico,Nuevo Leon,Home,3,No,Website,31,False,4,388824.3425,435627.36,316.0358646367394,2025-01-01,4,1,1,-1
C0451,Individual,Larry,Anderson,1985-09-20,M,Canada,Alberta,Investment,5,Yes,Client,38,True,4,416491.8525,409838.485,308.73425162687926,2025-10-01,4,1,1,-1
C0452,Individual,Brandon,Adams,1967-10-17,M,USA,Washington,Home,3,No,Website,56,False,4,349589.6725,342681.65,316.493204669515,2025-09-01,4,2,0,6
C0453,Individual,Carl,Wood,1993-04-16,M,UK,Scotland,Investment,1,No,Website,30,False,4,330252.69,282627.42,301.104230303951,2025-07-01,4,2,0,-1
C0454,Company,Altira,Co,1961-04-01,F,USA,Nevada,Investment,4,No,Agency,62,False,3,326894.57666666666,266288.33,306.9392060404991,2024-11-01,3,2,0,-1
C0455,Individual,Karen,Williams,1963-02-01,F,USA,California,Home,1,No,Agency,60,False,4,281431.655,222916.46,331.69961032443473,2025-07-01,4,2,0,-1
C0456,Individual,Virginia,Brooks,1995-11-18,F,USA,Oregon,Home,3,Yes,Website,28,True,3,449736.85,438900.35,309.63612122143303,2025-08-01,3,1,1,-1
C0457,Individual,Kenneth,Hansen,1980-07-19,M,UK,Wales,Investment,1,No,Agency,43,False,3,466646.73666666663,581602.93,310.4024237825942,2025-04-01,3,1,1,-1
C0458,Individual,Thomas,Turner,1995-07-04,M,USA,Oregon,Investment,1,No,Agency,28,False,4,345720.4525,359366.28,319.65410898630785,2025-09-01,4,1,1,-1
C0459,Individual,Steven,Johnson,1955-03-23,M,USA,California,Home,3,No,Agency,68,False,3,273905.38,286069.52,292.1623183822492,2024-12-01,3,2,0,-1
C0460,Individual,Amanda,Cox,1992-12-25,F,USA,Virginia,Home,1,No,Website,31,False,3,353783.01,453254.04,312.40293478692,2025-07-01,3,1,1,-1
C0461,Individual,Jonathan,Peterson,1960-02-16,M,USA,Arizona,Home,1,No,Agency,63,False,3,328876.7966666667,257348.69,301.8269514846226,2025-04-01,3,2,0,-1
C0462,Individual,Eric,White,1943-10-22,M,Australia,Victoria,Home,2,No,Agency,80,False,4,401666.92,353724.66000000003,303.4503826175592,2025-06-01,4,1,0,-1
C0463,Individual,Nicholas,Garcia,1970-06-13,M,USA,California,Home,5,No,Client,53,False,4,308773.6825,285124.54000000004,306.629900030289,2024-10-01,4,2,0,2
C0464,Individual,Gregory,Turner,1974-12-11,M,USA,Florida,Home,5,No,Website,49,False,4,363887.5,422762.915,284.2502461097144,2025-10-01,4,1,0,-1
C0465,Individual,George,Carter,1949-09-02,M,USA,California,Home,3,No,Website,74,False,3,235933.30666666664,183121.51,282.87186409222505,2025-12-01,3,2,0,-1
C0466,Individual,Patricia,Cox,1988-05-19,F,USA,Virginia,Investment,2,No,Website,35,False,4,307162.8025,280987.27,299.3764364442108,2025-11-01,4,2,0,17
C0467,Individual,Rebecca,Chavez,1952-04-05,F,USA,Ohio,Home,1,Yes,Agency,71,True,3,325355.64333333337,369049.21,283.64758590037087,2025-08-01,3,2,0,-1
C0468,Individual,Raymond,Smith,1952-11-13,M,Mexico,Jalisco,Investment,3,Yes,Website,71,True,3,422465.5999999999,443913.41,303.951174411019,2024-09-01,3,1,1,-1
C0469,Individual,Adam,Foster,1997-03-23,M,USA,California,Home,2,No,Website,26,False,4,379619.1175,442125.235,302.7937775205082,2024-10-01,4,1,1,-1
C0470,Individual,Joan,Anderson,1963-02-17,F,USA,Oregon,Home,1,No,Agency,60,False,3,287517.51333333337,240169.93,317.65314341816924,2024-11-01,3,2,0,-1
C0471,Individual,Gary,Collins,1984-06-26,M,USA,Utah,Investment,3,No,Agency,39,False,3,361665.79666666663,312573.06,305.4209950146938,2024-10-01,3,2,1,-1
C0472,Individual,Edward,Moore,1951-10-04,M,USA,California,Home,4,No,Website,72,False,3,425828.79,500319.59,306.04375845996213,2025-11-01,3,1,1,-1
C0473,Individual,Sharon,Price,1981-08-09,F,USA,California,Home,3,No,Agency,42,False,4,326131.91500000004,285506.21499999997,311.0032863747571,2025-10-01,4,2,0,-1
C0474,Individual,Gregory,Young,1995-12-08,M,USA,Nevada,Home,1,No,Website,28,False,4,240503.8225,205323.905,293.43947677979094,2025-12-01,4,2,0,-1
C0475,Individual,William,Brooks,1946-08-18,M,Belgium,Wallonia,Investment,2,Yes,Agency,77,True,3,411490.0533333333,453250.7,298.7582574583638,2024-08-01,3,1,1,-1
C0476,Individual,Steven,Johnson,1997-04-05,M,USA,Florida,Home,3,No,Agency,26,False,4,371325.7525,378323.815,286.9801751470443,2025-05-01,4,1,1,-1
C0477,Individual,Jesse,Stone,1984-02-01,M,USA,California,Investment,4,Yes,Website,39,True,3,511704.96,564815.29,340.6211221673721,2025-08-01,3,1,1,-1
C0478,Individual,Ashley,Garcia,1940-08-02,F,USA,Ohio,Investment,4,No,Website,83,False,3,258297.59666666668,196234.42,269.7359731946328,2024-10-01,3,2,0,-1
C0479,Individual,Virginia,Wright,1978-04-06,F,USA,California,Home,2,Yes,Agency,45,True,4,293195.7325,248382.99,306.60761210683484,2025-07-01,4,2,0,-1
C0480,Individual,Scott,Bryant,1974-09-16,M,USA,California,Home,4,Yes,Website,49,True,4,258315.2575,265099.71,310.4080044304496,2025-07-01,4,2,0,-1
C0481,Individual,Sean,Williams,1976-12-12,M,USA,Arizona,Home,3,No,Agency,47,False,4,341365.06,328399.135,319.7953565311169,2025-09-01,4,2,0,6
C0482,Individual,Deborah,Brown,1980-10-08,F,USA,New York,Investment,3,Yes,Agency,43,True,3,335377.59,312109.48,288.31251028207953,2025-10-01,3,2,0,-1
C0483,Individual,Kevin,Jackson,1985-11-08,M,USA,Arizona,Investment,1,No,Website,38,False,3,293704.5966666667,304758.75,312.8909163237087,2025-01-01,3,2,0,-1
C0484,Individual,Janet,Wright,1989-04-19,F,USA,Texas,Investment,3,No,Website,34,False,4,328310.1675,368890.625,294.4071600592643,2025-07-01,4,2,0,-1
C0485,Individual,Julia,Morales,1991-10-07,F,USA,Arizona,Home,2,No,Website,32,False,3,333613.7266666666,211469.9,282.8760171625835,2024-10-01,3,2,0,-1
C0486,Individual,Billy,Carter,1999-09-16,M,USA,California,Investment,2,Yes,Website,24,True,3,363529.22,268594.51,306.2980452606605,2025-05-01,3,2,0,-1
C0487,Individual,Jessica,Williams,1991-10-23,F,USA,Washington,Home,5,No,Website,32,False,4,394068.1775,426383.425,300.72336015493204,2025-07-01,4,1,1,-1
C0488,Individual,Megan,Jackson,1979-05-11,F,USA,California,Investment,4,No,Agency,44,False,4,304566.33999999997,248764.58,300.25830784913865,2024-12-01,4,2,0,-1
C0489,Individual,Austin,Jordan,1950-06-08,M,Germany,Berlin,Investment,2,No,Website,73,False,3,341758.25666666665,351969.39,309.1097918928489,2024-08-01,3,1,0,-1
C0490,Individual,Emily,Wright,1954-01-23,F,USA,Nevada,Investment,5,Yes,Website,69,True,3,430789.31,401252.51,348.3129554083068,2025-11-01,3,1,0,-1
C0491,Individual,Noah,White,1941-08-05,M,USA,Washington,Home,2,No,Website,82,False,3,368793.26666666666,383499.34,316.2532060301885,2024-12-01,3,1,0,-1
C0492,Individual,Raymond,Price,2000-05-07,M,USA,Utah,Home,3,Yes,Website,23,True,4,325229.275,268311.70499999996,313.8182642173241,2025-08-01,4,2,0,-1
C0493,Individual,Tyler,Hughes,1954-07-06,M,USA,Colorado,Home,3,No,Website,69,False,4,328049.745,314344.015,292.41602997198896,2025-04-01,4,2,0,-1
C0494,Individual,Grace,Carter,1990-08-03,F,USA,California,Home,3,Yes,Website,33,True,4,263169.1625,265282.57499999995,286.36534222271075,2025-12-01,4,2,0,-1
C0495,Individual,Jerry,Hall,1954-02-18,M,USA,California,Investment,5,No,Client,69,False,4,311685.61,328052.65,316.57335953411865,2025-12-01,4,2,0,-1
C0496,Individual,Billy,Reyes,1990-01-04,M,USA,California,Home,4,No,Agency,34,False,4,280094.11,297560.26,296.43747164743013,2025-05-01,4,2,0,7
C0497,Individual,Emma,Stewart,1985-02-02,F,USA,Arizona,Investment,4,Yes,Website,38,True,3,443561.6633333334,413675.04,307.850364923873,2025-04-01,3,1,1,-1
C0498,Individual,Nancy,Collins,1948-11-21,F,Canada,Alberta,Home,2,Yes,Website,75,True,3,335818.43,355804.31,271.5597603730395,2024-12-01,3,2,1,-1
C0499,Individual,Lisa,Patterson,1946-02-10,F,USA,Colorado,Home,3,Yes,Agency,77,True,3,299256.60333333333,271433.87,343.7293882516419,2025-02-01,3,2,0,-1
C0500,Individual,Dennis,Howard,1977-03-15,M,USA,California,Home,4,Yes,Website,46,True,3,431648.17333333334,415809.78,301.6105027947336,2024-12-01,3,1,1,-1
C0501,Individual,Kenneth,Jackson,1995-11-12,M,USA,Nevada,Investment,5,Yes,Agency,28,True,4,435291.5675,465337.585,298.61165147213114,2025-05-01,4,1,1,-1
C0502,Individual,Madison,Gray,1966-11-28,F,USA,Arizona,Home,4,No,Website,57,False,4,384497.4375,426158.775,290.45670616800567,2025-08-01,4,1,0,-1
C0503,Individual,Keith,Peterson,1943-09-26,M,USA,Utah,Investment,2,Yes,Client,80,True,4,358041.835,345604.47,309.6175696888815,2025-09-01,4,2,0,-1
C0504,Individual,Jeffrey,Green,1992-01-14,M,USA,Utah,Home,2,No,Website,31,False,4,341797.145,356249.07999999996,307.66700450808355,2025-12-01,4,2,0,8
C0505,Individual,Katherine,Wilson,1995-07-18,F,USA,Arizona,Home,3,No,Agency,28,False,3,347845.07,401540.54,307.0346243577051,2024-09-01,3,1,1,-1
C0506,Individual,Albert,Stone,1967-07-04,M,USA,California,Home,5,No,Agency,56,False,3,374067.6766666667,413388.42,298.86090954521507,2025-11-01,3,1,1,-1
C0507,Individual,Mark,Morales,1951-02-26,M,USA,New York,Home,3,No,Website,72,False,3,354218.86999999994,300950.66,295.17952216092317,2025-06-01,3,2,0,-1
C0508,Individual,Grace,Weaver,1970-01-06,F,USA,Nevada,Home,5,No,Agency,54,False,3,277903.35333333333,226236.28,295.227784033305,2025-01-01,3,2,0,-1
C0509,Individual,Aaron,Cook,1956-04-02,M,Belgium,Wallonia,Home,3,No,Website,67,False,4,421982.5625,446041.64,313.49759921744516,2025-01-01,4,1,0,-1
C0510,Individual,Samantha,Evans,1947-08-28,F,France,Brittany,Investment,1,Yes,Website,76,True,3,364744.2233333333,431210.5,293.37469787974555,2025-07-01,3,1,1,-1
C0511,Individual,Christine,Parker,1954-07-20,F,UK,England,Home,2,No,Website,69,False,3,363512.5333333334,313924.14,314.26367369464674,2025-05-01,3,1,0,-1
C0512,Individual,Hannah,Flores,1945-06-27,F,USA,Arizona,Home,1,No,Client,78,False,3,482719.38000000006,451472.07,293.6759220515758,2025-11-01,3,1,1,-1
C0513,Individual,Christian,Morales,1999-03-07,M,USA,Florida,Home,2,Yes,Agency,24,True,3,324865.54333333333,255059.53,305.4693348530066,2024-12-01,3,2,0,-1
C0514,Individual,Rebecca,Evans,1977-08-17,F,USA,Oregon,Home,1,Yes,Website,46,True,4,382006.885,352093.345,286.46656147751514,2025-07-01,4,2,0,-1
C0515,Individual,Melissa,Patterson,1963-09-12,F,USA,California,Home,1,Yes,Website,60,True,4,390456.2325,395915.4250000001,291.06402877415996,2025-08-01,4,1,0,-1
C0516,Individual,Lawrence,Nelson,1946-04-21,M,USA,Utah,Home,3,No,Website,77,False,4,359459.3725,347992.135,307.8719376284213,2024-11-01,4,2,0,-1
C0517,Individual,Harold,Thompson,1959-03-20,M,USA,California,Home,5,No,Client,64,False,4,278951.75,286890.695,293.8346641485807,2025-08-01,4,2,0,-1
C0518,Company,Lumina,Co,1962-05-22,F,USA,New York,Home,3,No,Website,61,False,4,408277.9125,409781.69,331.1825451605455,2025-07-01,4,1,1,-1
C0519,Individual,Madison,Freeman,1975-10-04,F,USA,Arizona,Investment,3,No,Agency,48,False,3,327239.75333333336,296416.45,296.6203837905688,2025-07-01,3,2,0,-1
C0520,Individual,Helen,White,1970-02-11,F,USA,Oregon,Home,3,Yes,Agency,53,True,3,344507.72000000003,366202.32,306.64664633721344,2025-10-01,3,1,1,18
C0521,Individual,Stephanie,Allen,1967-04-02,F,Canada,British Columbia,Home,3,No,Website,56,False,4,268576.625,236198.125,308.80590188229496,2025-08-01,4,2,0,-1
C0522,Individual,Nicole,Campbell,1942-07-13,F,USA,Virginia,Home,5,No,Agency,81,False,3,331007.71,345683.12,270.6832271290653,2025-12-01,3,2,0,-1
C0523,Individual,Cynthia,Hansen,1960-08-22,F,USA,Colorado,Home,2,No,Agency,63,False,3,309654.31666666665,267225.51,292.50010474679505,2025-12-01,3,2,0,-1
C0524,Individual,Harold,Thompson,1953-05-24,M,USA,Washington,Home,3,No,Website,70,False,3,267034.89666666667,260759.58,293.96194183625585,2024-12-01,3,2,0,-1
C0525,Individual,Frank,Gray,1950-06-12,M,USA,Arizona,Home,4,Yes,Agency,73,True,4,407364.38,369733.47,321.32541542910053,2025-12-01,4,1,1,-1
C0526,Individual,Harold,Green,1968-02-28,M,Germany,Bavaria,Home,5,No,Website,55,False,3,433713.25666666665,378656.55,270.53388005506037,2025-09-01,3,1,1,-1
C0527,Individual,Andrew,Baker,1979-07-19,M,USA,California,Home,2,No,Website,44,False,3,379366.56666666665,370479.06,292.3744277107866,2024-10-01,3,1,1,-1
C0528,Individual,Benjamin,Davis,2000-08-09,M,USA,Washington,Investment,2,No,Client,23,False,3,372824.29,320367.69,312.0408596032824,2024-07-01,3,1,0,-1
C0529,Individual,Paul,Jordan,1973-11-14,M,USA,Nevada,Home,4,Yes,Website,50,True,4,317034.7375,326393.52,290.8803360961828,2025-06-01,4,2,0,-1
C0530,Individual,Patricia,Reed,1952-09-07,F,USA,Utah,Home,2,Yes,Agency,71,True,4,389781.1725,380513.64,313.049937138993,2025-07-01,4,1,0,-1
C0531,Individual,Emily,White,1976-09-19,F,USA,California,Home,1,No,Website,47,False,4,477825.19499999995,504140.1,320.4530942019581,2025-09-01,4,1,1,-1
C0532,Individual,Lauren,Moore,1979-08-12,F,Belgium,Flanders,Home,2,No,Website,44,False,4,268800.6925,255845.565,279.497424019468,2024-12-01,4,2,0,-1
C0533,Individual,Jeffrey,Williams,1963-09-06,M,USA,Nevada,Investment,1,No,Agency,60,False,4,247507.0475,208873.275,314.62162940324595,2025-08-01,4,2,0,-1
C0534,Individual,Bryan,Miller,1958-02-21,M,USA,California,Investment,1,No,Agency,65,False,3,377731.73333333334,377789.49,275.1749213071327,2024-09-01,3,1,1,-1
C0535,Individual,Judith,Allen,1987-12-22,F,UK,Wales,Home,3,No,Agency,36,False,3,433017.98,464919.18,313.15133701647676,2025-04-01,3,1,1,-1
C0536,Individual,Brittany,Weaver,1956-03-14,F,USA,Arizona,Investment,5,Yes,Website,67,True,3,327702.28,298750.15,304.33941478707567,2025-05-01,3,2,0,-1
C0537,Individual,Carl,Baker,1962-04-25,M,USA,Florida,Home,2,No,Client,61,False,4,372581.875,353235.14,297.00241974438995,2025-11-01,4,2,1,-1
C0538,Individual,Richard,Pierce,1969-04-23,M,USA,California,Home,1,Yes,Agency,54,True,4,301724.42500000005,263071.335,290.2408775414216,2025-09-01,4,2,0,-1
C0539,Individual,Lawrence,Bryant,1991-02-25,M,USA,California,Investment,1,Yes,Agency,32,True,4,411330.3,470167.945,308.015068779066,2025-12-01,4,1,1,-1
C0540,Individual,Anna,Long,1997-02-27,F,USA,New York,Home,3,No,Agency,26,False,3,164724.43666666668,161563.67,285.0803001564541,2025-11-01,3,2,0,-1
C0541,Individual,Anthony,Garcia,2000-03-22,M,UK,Northern Ireland,Home,3,No,Agency,23,False,4,430418.385,425598.935,329.75781791142776,2025-12-01,4,1,1,-1
C0542,Company,Lumina,Co,1985-09-26,M,Mexico,Mexico City,Home,3,No,Website,38,False,4,298954.85,300989.49,298.5169097152346,2025-12-01,4,2,0,-1
C0543,Individual,Joan,Parker,1947-07-23,F,USA,Texas,Home,2,Yes,Website,76,True,3,251048.55666666667,246720.63,288.0878179185861,2025-06-01,3,2,0,-1
C0544,Individual,Kevin,White,1974-10-16,M,USA,Utah,Home,2,No,Website,49,False,4,409189.07,426877.46,310.1883739530156,2025-07-01,4,1,1,10
C0545,Individual,Paul,Griffin,1942-08-04,M,USA,Colorado,Home,1,Yes,Agency,81,True,3,420042.12999999995,500882.85,287.6393396341448,2025-09-01,3,1,1,-1
C0546,Individual,Samuel,Flores,1967-12-23,M,Canada,Manitoba,Home,4,No,Client,56,False,3,265176.02,271891.69,283.44710389546293,2025-06-01,3,2,0,-1
C0547,Individual,Diane,Allen,1947-09-20,F,USA,California,Investment,2,No,Agency,76,False,4,294614.4875,276594.66500000004,286.6352879840458,2025-10-01,4,2,0,-1
C0548,Individual,Christopher,Foster,1980-04-11,M,USA,California,Home,2,No,Agency,43,False,3,349158.9766666666,307063.74,294.6156094896653,2024-07-01,3,2,0,-1
C0549,Individual,Daniel,Sanders,1972-10-15,M,USA,Florida,Home,4,No,Website,51,False,3,313739.92,383706.79,297.0408657301116,2025-11-01,3,2,1,-1
C0550,Company,Vertex,Co,1967-04-09,F,USA,Nevada,Home,1,No,Agency,56,False,4,353642.0225,390978.445,317.85659155456136,2024-08-01,4,1,1,-1
C0551,Individual,Billy,Freeman,1960-05-17,M,USA,California,Investment,4,No,Website,63,False,3,335799.1866666667,265492.59,294.83606034994125,2025-03-01,3,2,0,-1
C0552,Individual,Kyle,Cook,1965-10-20,M,USA,Virginia,Investment,3,No,Agency,58,False,3,380492.1866666667,377522.43,310.43987686480256,2025-09-01,3,1,1,18
C0553,Individual,James,Bell,1978-11-26,M,USA,Arizona,Home,3,No,Website,45,False,3,273844.98000000004,237154.66,307.10716396951597,2025-08-01,3,2,0,-1
C0554,Individual,Carl,Moore,1948-12-24,M,Australia,Victoria,Home,1,Yes,Agency,75,True,4,410898.2125,442210.84,320.54266465748947,2025-03-01,4,1,1,-1
C0555,Individual,Aaron,Nelson,1971-04-23,M,USA,California,Investment,4,Yes,Agency,52,True,3,354844.42333333334,393962.39,299.5251132309169,2025-08-01,3,1,1,-1
C0556,Individual,Zachary,Sanders,1958-10-17,M,USA,Colorado,Home,5,No,Website,65,False,3,445159.3933333333,415938.84,292.3126707049851,2025-11-01,3,1,1,-1
C0557,Individual,Judy,Griffin,1941-09-25,F,USA,Utah,Investment,2,No,Website,82,False,3,244387.32666666663,223537.47,305.02132507076266,2025-12-01,3,2,0,-1
C0558,Individual,Cheryl,Wood,1974-10-23,F,Denmark,North Denmark,Home,3,No,Website,49,False,3,344665.32,317171.03,312.3815995188432,2025-11-01,3,2,0,-1
C0559,Company,Corvus,Co,1969-08-18,M,USA,California,Home,5,No,Client,54,False,4,251007.2175,207128.055,319.1707874259946,2025-09-01,4,2,0,-1
C0560,Individual,Janice,Nelson,1988-04-20,F,Australia,South Australia,Home,3,No,Website,35,False,3,477906.04,477017.14,318.89161537749095,2025-11-01,3,1,1,-1
C0561,Company,Bravada,Co,1962-11-20,F,USA,Arizona,Investment,3,No,Website,61,False,4,397313.1075,391628.365,305.046128755979,2025-01-01,4,1,1,-1
C0562,Individual,Judy,Peterson,1940-11-23,F,USA,Utah,Investment,5,Yes,Website,83,True,4,355918.93000000005,294892.81,305.0337149239334,2025-07-01,4,2,0,-1
C0563,Individual,William,Howard,1991-01-22,M,USA,California,Home,2,Yes,Agency,32,True,4,253201.9825,251729.235,300.6421876454113,2025-07-01,4,2,0,-1
C0564,Individual,Scott,Adams,1952-09-02,M,USA,Texas,Home,1,No,Agency,71,False,3,378339.2,381756.88,300.2118289907222,2025-10-01,3,1,1,-1
C0565,Individual,Austin,Wood,1985-09-26,M,France,Brittany,Home,1,No,Website,38,False,3,347831.44,334547.53,302.33892785778363,2025-07-01,3,1,0,-1
C0566,Individual,Janice,Miller,2000-12-09,F,USA,Oregon,Investment,4,Yes,Agency,23,True,4,291925.475,232302.55,300.56301659016333,2025-09-01,4,2,0,-1
C0567,Individual,Megan,Chavez,1953-10-07,F,Russia,Saint Petersburg,Investment,2,Yes,Agency,70,True,4,467321.525,442366.355,301.7793814787401,2025-10-01,4,1,1,-1
C0568,Individual,Timothy,Wright,1953-09-04,M,USA,California,Home,3,No,Website,70,False,3,314778.62666666665,262882.87,312.8200089239528,2024-09-01,3,2,0,-1
C0569,Individual,Mary,Cook,1971-12-05,F,USA,California,Home,5,Yes,Client,52,True,3,461583.1,441130.9,316.8524348086141,2025-11-01,3,1,1,-1
C0570,Individual,Hannah,Peterson,1965-06-03,F,France,Occitanie,Home,5,Yes,Website,58,True,4,381802.6175,398447.605,292.02493091610836,2024-06-01,4,1,0,-1
C0571,Individual,Adam,Chavez,1966-07-03,M,USA,California,Home,3,No,Website,57,False,4,387492.3725,394719.72,274.8050126391672,2024-06-01,4,1,1,-1
C0572,Individual,Ann,Johnson,1993-11-12,F,USA,California,Investment,5,No,Website,30,False,4,379919.36,406327.63,320.72684656087205,2025-04-01,4,1,1,-1
C0573,Company,Altira,Co,1977-04-24,M,USA,Georgia,Home,4,Yes,Agency,46,True,3,261947.58666666667,189535.24,299.36766765108706,2024-11-01,3,2,0,-1
C0574,Individual,Gerald,Cox,1968-09-15,M,USA,California,Home,2,No,Agency,55,False,4,315476.58,277378.86,295.34382931043945,2025-06-01,4,2,0,9
C0575,Individual,Brian,Hansen,1966-01-21,M,USA,California,Investment,2,No,Website,57,False,3,339463.75666666665,346660.08,297.8604596152001,2024-12-01,3,2,0,-1
C0576,Individual,Terry,Reyes,1959-02-24,M,Germany,Hamburg,Home,1,No,Client,64,False,3,349135.5966666667,285332.67,317.8840006267897,2024-12-01,3,2,0,-1
C0577,Individual,Christopher,Miller,1989-05-18,M,USA,Arizona,Home,3,No,Website,34,False,3,231299.66999999995,248569.02,263.11305285965733,2025-05-01,3,2,0,-1
C0578,Individual,Lauren,Rogers,1999-07-22,F,USA,Arizona,Home,5,Yes,Client,24,True,3,235758.84333333335,223780.85,262.77498376490684,2025-02-01,3,2,0,-1
C0579,Individual,Christopher,Ward,1941-09-04,M,USA,Texas,Investment,3,No,Website,82,False,3,399476.2133333334,403269.79,300.04968830840284,2025-11-01,3,1,1,-1
C0580,Individual,Heather,Watson,1948-11-01,F,USA,California,Home,2,Yes,Client,75,True,4,539738.6950000001,547302.615,312.68442078628436,2025-10-01,4,1,1,-1
C0581,Individual,Kimberly,Stewart,1957-12-21,F,USA,California,Investment,5,Yes,Website,66,True,4,257438.89,255756.82,318.8186499683478,2024-09-01,4,2,0,-1
C0582,Individual,Teresa,Pierce,1940-02-10,F,USA,Washington,Investment,3,Yes,Website,83,True,3,236186.3833333333,191273.75,293.6243581297054,2025-12-01,3,2,0,-1
C0583,Individual,Kevin,Scott,1986-10-27,M,USA,California,Home,2,No,Agency,37,False,4,309307.045,325534.25,310.8438240992058,2025-12-01,4,2,0,-1
C0584,Individual,Janice,Taylor,1982-11-03,F,USA,California,Home,5,No,Website,41,False,3,378563.87333333335,447263.48,282.8320435714983,2025-06-01,3,1,1,-1
C0585,Individual,Anthony,Edwards,1961-02-07,M,USA,Colorado,Home,3,No,Agency,62,False,4,250922.545,267345.62,282.62534764037093,2025-10-01,4,2,0,-1
C0586,Individual,Noah,Morales,1977-06-14,M,USA,California,Home,2,Yes,Client,46,True,3,408841.4366666667,429245.17,315.0602641455691,2025-07-01,3,1,1,-1
C0587,Individual,Pamela,Richardson,1992-11-24,F,USA,New York,Home,4,No,Website,31,False,4,273359.95999999996,276149.89,302.6221480306888,2025-10-01,4,2,0,7
C0588,Individual,Janice,White,1989-11-20,F,USA,Florida,Home,2,No,Website,34,False,4,373994.035,346972.56000000006,298.6021241850181,2025-07-01,4,2,0,-1
C0589,Individual,Christopher,Williams,1946-09-21,M,USA,Texas,Investment,5,No,Client,77,False,4,495561.555,526639.755,290.57192511322916,2025-09-01,4,1,1,-1
C0590,Individual,Arthur,Campbell,1966-09-16,M,UK,Scotland,Investment,2,No,Website,57,False,4,276347.22250000003,294732.42,298.5010955563988,2025-07-01,4,2,0,9
C0591,Individual,Dorothy,Long,1968-09-03,F,USA,Nevada,Home,1,No,Website,55,False,3,445405.8833333333,455532.2,305.7142070666491,2025-02-01,3,1,1,-1
C0592,Individual,Roger,Moore,1972-03-06,M,USA,Arizona,Investment,2,No,Client,51,False,3,262505.5266666667,227362.44,304.6017791521842,2025-04-01,3,2,0,-1
C0593,Individual,Elizabeth,Carter,1952-08-08,F,USA,California,Home,2,Yes,Agency,71,True,4,503015.845,540830.595,319.55794554992394,2024-08-01,4,1,1,-1
C0594,Individual,Diane,Patterson,1942-08-02,F,USA,Utah,Home,1,No,Agency,81,False,3,379190.9566666667,321750.41,317.4840213600542,2025-08-01,3,1,0,-1
C0595,Individual,Anna,Murray,1966-10-06,F,USA,Utah,Home,3,No,Agency,57,False,3,304768.3233333333,264319.55,321.59200023053324,2025-04-01,3,2,0,-1
C0596,Individual,Gerald,Phillips,1976-04-17,M,USA,Nevada,Home,4,No,Agency,47,False,4,273692.8725,292534.735,268.71346436583286,2025-12-01,4,2,0,-1
C0597,Individual,Peter,King,1986-02-17,M,UK,Northern Ireland,Home,2,Yes,Website,37,True,3,325614.7233333333,322523.39,316.36629492109006,2025-08-01,3,2,0,-1
C0598,Individual,Jacob,Gray,1949-06-24,M,USA,Colorado,Investment,4,No,Website,74,False,4,349732.67500000005,339864.675,307.99946387611016,2025-12-01,4,2,0,-1
C0599,Individual,Jennifer,Turner,1998-03-19,F,Canada,Alberta,Home,2,No,Agency,25,False,3,387605.26,419994.84,280.8622967539782,2025-06-01,3,1,1,-1
C0600,Individual,Thomas,King,1984-03-17,M,USA,Oregon,Investment,1,No,Client,39,False,3,305903.2033333333,324190.87,299.5586767720553,2024-12-01,3,2,0,-1
C0601,Individual,Lisa,Nelson,1972-10-16,F,USA,California,Home,4,No,Website,51,False,4,425102.93,415667.545,324.4429542692236,2025-07-01,4,1,1,-1
C0602,Individual,Albert,Hayes,1984-03-24,M,Germany,Bavaria,Home,4,No,Agency,39,False,4,226377.205,205707.07,298.6892851449089,2025-11-01,4,2,0,-1
C0603,Individual,Diane,Thompson,1994-01-07,F,USA,New York,Home,4,Yes,Agency,30,True,4,304523.825,311822.23,296.2417955774921,2024-09-01,4,2,0,7
C0604,Individual,Danielle,Montgomery,1998-09-17,F,Belgium,Wallonia,Home,1,No,Agency,25,False,3,263711.01,185170.24,288.5124058632202,2025-07-01,3,2,0,-1
C0605,Individual,Nathan,Flores,1974-06-28,M,USA,Utah,Home,4,Yes,Agency,49,True,4,351828.5825,331787.32,285.7231522180315,2024-12-01,4,2,0,-1
C0606,Individual,Carolyn,Stone,1949-12-25,F,France,Ile-de-France,Investment,1,No,Website,74,False,3,356989.8433333333,333788.69,313.61713376150334,2025-12-01,3,1,0,5
C0607,Individual,Daniel,Edwards,1962-09-14,M,USA,California,Home,1,No,Agency,61,False,3,375076.7066666666,380225.91,274.0389663617243,2024-12-01,3,1,1,-1
C0608,Individual,Jerry,Adams,1956-06-14,M,USA,California,Home,4,No,Agency,67,False,4,300352.89,217115.365,295.4937894654722,2024-06-01,4,2,0,-1
C0609,Individual,Julia,Richardson,1961-05-22,F,USA,Washington,Home,4,No,Agency,62,False,4,326891.91,291035.295,264.1895296634044,2025-08-01,4,2,0,-1
C0610,Individual,Ann,Owens,1970-05-10,F,USA,California,Investment,4,No,Website,53,False,3,392865.8933333333,450279.0,295.9214079433128,2025-09-01,3,1,1,-1
C0611,Individual,Jacob,Price,1950-12-06,M,USA,California,Home,4,No,Agency,73,False,4,285667.985,299585.885,279.33976691581074,2025-07-01,4,2,0,-1
C0612,Individual,Kevin,Wood,1960-01-26,M,USA,Florida,Home,4,No,Agency,63,False,4,417961.575,429231.79,300.02147789360413,2024-11-01,4,1,1,-1
C0613,Individual,Cynthia,Cox,1995-10-02,F,Australia,Victoria,Home,4,No,Agency,28,False,3,395339.84,383057.87,295.46634451021083,2025-10-01,3,1,1,-1
C0614,Individual,George,Bryant,1972-01-07,M,UK,Wales,Home,3,Yes,Website,52,True,4,256489.595,245866.715,300.8272508329308,2025-06-01,4,2,0,-1
C0615,Individual,Jordan,King,1957-01-12,M,USA,Utah,Home,2,Yes,Website,67,True,4,229750.5025,234531.295,307.12716692512765,2025-10-01,4,2,0,-1
C0616,Individual,Julie,Brooks,1963-04-17,F,USA,Virginia,Investment,1,Yes,Agency,60,True,3,337788.10000000003,363278.34,309.8821293324002,2025-02-01,3,1,0,-1
C0617,Individual,Carolyn,Evans,1986-10-07,F,USA,Ohio,Home,5,Yes,Website,37,True,3,255620.40333333332,183055.23,295.92339334372826,2024-10-01,3,2,0,-1
C0618,Individual,Austin,Taylor,1968-05-11,M,USA,Texas,Home,3,No,Agency,55,False,3,327601.0,288826.04,291.3172831425711,2024-09-01,3,2,0,-1
C0619,Individual,Heather,Morales,1970-04-25,F,USA,Washington,Home,4,No,Website,53,False,3,470659.13666666666,484801.23,318.27085849486457,2024-07-01,3,1,1,-1
C0620,Individual,Sarah,Howard,1960-04-22,F,France,Brittany,Home,3,No,Website,63,False,3,510809.76333333337,484693.93,338.3096253727112,2025-08-01,3,1,1,-1
C0621,Individual,Jonathan,Turner,1982-02-13,M,Germany,Bavaria,Investment,3,Yes,Agency,41,True,3,263869.7033333333,270512.28,305.3268357815998,2025-04-01,3,2,0,-1
C0622,Individual,Katherine,Ward,1987-10-09,F,USA,Washington,Investment,2,No,Client,36,False,3,289778.24333333335,334454.42,291.58061033183304,2025-12-01,3,2,0,-1
C0623,Individual,Jonathan,Adams,1986-04-27,M,USA,Florida,Investment,3,Yes,Client,37,True,4,352583.3625,372098.595,317.2382716730889,2025-11-01,4,1,1,-1
C0624,Individual,Carl,Jordan,2000-09-02,M,USA,Nevada,Investment,3,No,Agency,23,False,3,405203.8466666667,483639.68,287.28624779022016,2025-11-01,3,1,1,-1
C0625,Individual,Deborah,Hayes,1983-07-08,F,Belgium,Flanders,Investment,2,Yes,Agency,40,True,4,250041.72,260534.745,292.8195869575726,2025-11-01,4,2,0,-1
C0626,Individual,Sara,Jones,1968-06-13,F,Germany,Hamburg,Investment,2,No,Website,55,False,3,353898.0433333334,400575.75,285.1940313192774,2025-09-01,3,1,1,-1
C0627,Individual,Katherine,Johnson,2000-11-07,F,USA,Arizona,Home,3,No,Agency,23,False,4,467701.605,467866.19,270.75016633382285,2024-11-01,4,1,1,-1
C0628,Individual,Arthur,Campbell,1985-05-16,M,Canada,British Columbia,Home,3,Yes,Agency,38,True,4,405777.4075,405318.945,321.38257980747676,2025-07-01,4,1,1,-1
C0629,Individual,Maria,Richardson,1946-07-09,F,USA,California,Investment,2,No,Agency,77,False,3,320573.92333333334,298598.28,288.9653200365696,2025-10-01,3,2,0,-1
C0630,Individual,Stephen,Roberts,1965-07-28,M,USA,California,Home,2,No,Website,58,False,4,327019.40249999997,284576.75,299.3394123212475,2025-12-01,4,2,0,9
C0631,Individual,Dorothy,Flores,1966-12-11,F,USA,California,Home,5,No,Website,57,False,4,383722.805,391347.29,322.72671846476993,2025-05-01,4,1,1,-1
C0632,Individual,Thomas,Nelson,1948-05-16,M,UK,Northern Ireland,Home,4,No,Website,75,False,4,286711.495,294538.29,297.7150223108018,2025-05-01,4,2,0,1
C0633,Individual,Ann,Owens,1941-05-12,F,USA,Nevada,Home,3,No,Agency,82,False,4,301879.065,246906.075,326.25710067918743,2025-10-01,4,2,0,-1
C0634,Individual,Justin,Ward,1980-11-17,M,USA,Washington,Investment,4,Yes,Website,43,True,3,393897.87666666665,461250.81,281.64223622416745,2025-01-01,3,1,1,-1
C0635,Individual,Kimberly,King,1960-06-14,F,UK,Scotland,Investment,5,No,Website,63,False,3,458566.6766666667,486619.23,313.2355479652279,2025-03-01,3,1,1,-1
C0636,Individual,Kathleen,Rogers,1980-11-10,F,France,Brittany,Home,5,No,Website,43,False,4,245452.52,232100.085,299.06553892659133,2025-12-01,4,2,0,-1
C0637,Individual,Catherine,Stone,1967-08-14,F,USA,California,Home,2,No,Website,56,False,4,400619.5175,408706.84,309.58837207302247,2025-05-01,4,1,1,10
C0638,Individual,Jason,King,1975-02-04,M,USA,Ohio,Home,5,Yes,Website,48,True,4,336761.355,306234.025,287.15174224417376,2025-02-01,4,2,0,-1
C0639,Individual,Mark,Campbell,1961-03-03,M,UK,Scotland,Home,3,Yes,Website,62,True,3,287223.5733333333,216362.33,290.6802798000895,2025-11-01,3,2,0,-1
C0640,Individual,Emily,Thompson,1967-03-01,F,USA,Utah,Home,3,No,Agency,56,False,3,257650.05666666664,274700.0,282.3080842959894,2025-07-01,3,2,0,-1
C0641,Company,Zynex,Co,1994-02-26,M,USA,Arizona,Home,2,No,Agency,29,False,3,405737.75333333336,419164.55,328.4254236516344,2025-03-01,3,1,1,-1
C0642,Individual,Julia,Reyes,1967-11-21,F,USA,California,Home,4,No,Website,56,False,3,342380.2033333333,269137.96,297.80058191299514,2024-06-01,3,2,0,-1
C0643,Individual,Samantha,Richardson,1974-05-05,F,USA,California,Home,5,No,Website,49,False,3,309548.33666666667,367948.15,315.9044427822436,2025-11-01,3,2,0,-1
C0644,Individual,Teresa,Johnson,1956-08-25,F,USA,California,Home,4,Yes,Agency,67,True,3,516541.41,537075.78,315.51472286719064,2024-12-01,3,1,1,-1
C0645,Individual,Arthur,Cox,1988-07-18,M,USA,Nevada,Home,2,No,Client,35,False,3,243817.84333333335,242986.14,282.906576050256,2025-08-01,3,2,0,-1
C0646,Individual,Cynthia,Campbell,1995-07-21,F,USA,Arizona,Investment,5,No,Agency,28,False,3,441770.61,457152.28,302.48359642072694,2025-12-01,3,1,1,-1
C0647,Individual,Victoria,Green,1946-02-06,F,USA,California,Home,4,No,Agency,77,False,4,528880.105,523522.7,314.2885727793599,2025-12-01,4,1,1,-1
C0648,Individual,Stephanie,Reed,1999-03-02,F,USA,California,Home,1,Yes,Website,24,True,4,285746.345,282437.755,288.2363886872438,2025-04-01,4,2,0,-1
C0649,Individual,Patricia,Mitchell,1995-03-01,F,USA,California,Home,4,No,Agency,28,False,4,350362.1275,325701.195,318.85950533977984,2025-04-01,4,2,0,-1
C0650,Company,Polaris,Co,1976-02-19,M,France,Occitanie,Home,3,Yes,Client,47,True,3,266580.75333333336,256264.72,288.066031861014,2025-12-01,3,2,0,-1
C0651,Company,Horizon,Co,1993-01-14,M,USA,Washington,Home,1,No,Agency,30,False,4,269273.6825,245968.09,291.0687670513722,2025-10-01,4,2,0,-1
C0652,Individual,Heather,Johnson,1993-12-08,F,USA,Washington,Home,2,No,Website,30,False,3,301385.74,260912.82,311.8558727516952,2025-09-01,3,2,0,-1
C0653,Individual,Gerald,Adams,1970-07-22,M,USA,Ohio,Home,2,No,Client,53,False,4,303885.7875,307974.78,294.7851332735887,2025-09-01,4,2,0,9
C0654,Individual,Eric,Griffin,1960-05-07,M,USA,New York,Home,2,Yes,Website,63,True,3,288431.2966666667,243752.12,291.6213068687354,2025-09-01,3,2,0,-1
C0655,Individual,Patricia,King,1950-05-19,F,USA,Nevada,Home,1,Yes,Agency,73,True,3,357254.4066666667,340608.67,320.80174643789627,2025-05-01,3,1,0,5
C0656,Individual,Amber,Allen,1977-02-08,F,USA,Colorado,Home,5,No,Client,46,False,4,322095.845,309317.82999999996,272.56720920906037,2025-09-01,4,2,0,-1
C0657,Individual,Alexander,Allen,1956-09-26,M,USA,California,Home,2,No,Agency,67,False,3,419370.43999999994,404116.85,306.7882620263122,2025-11-01,3,1,1,-1
C0658,Individual,Kelly,Green,1999-12-13,F,USA,Virginia,Home,3,Yes,Agency,24,True,3,374007.0933333333,354219.71,301.4756979175042,2025-11-01,3,1,1,-1
C0659,Individual,Sara,Foster,1988-10-06,F,USA,California,Home,4,Yes,Agency,35,True,4,250137.715,255579.905,305.31942802807214,2025-11-01,4,2,0,7
C0660,Individual,Charles,Kim,1991-08-10,M,USA,Arizona,Home,4,Yes,Client,32,True,3,382769.45,373991.51,286.4432933590263,2025-06-01,3,1,1,-1
C0661,Individual,Deborah,Williams,1961-06-25,F,Canada,Manitoba,Home,3,No,Website,62,False,4,406928.2624999999,353230.845,310.47679115794534,2025-12-01,4,1,1,-1
C0662,Individual,Stephanie,Kim,1957-08-25,F,USA,California,Investment,3,No,Website,66,False,4,380059.9925,381889.695,323.65670495877663,2025-03-01,4,1,1,-1
C0663,Individual,Anthony,Flores,1958-02-02,M,USA,California,Home,2,Yes,Agency,65,True,4,386078.335,355735.52,307.74678265635316,2025-10-01,4,1,0,-1
C0664,Individual,Lawrence,Wood,1958-08-17,M,Canada,Alberta,Investment,5,Yes,Website,65,True,4,265756.1425,276900.2,297.56075291368495,2025-04-01,4,2,0,-1
C0665,Individual,Robert,Adams,1959-08-27,M,USA,Colorado,Investment,1,No,Agency,64,False,3,234962.00666666668,233010.15,307.8983581638773,2025-02-01,3,2,0,-1
C0666,Individual,Maria,Davis,1948-10-09,F,USA,California,Investment,1,No,Website,75,False,4,383018.5675,342976.955,306.4454018186857,2025-12-01,4,1,0,-1
C0667,Individual,Anthony,Mitchell,1966-07-07,M,USA,Arizona,Investment,2,No,Agency,57,False,4,371640.015,367053.885,292.5604496662045,2024-12-01,4,2,1,-1
C0668,Individual,Margaret,Peterson,1978-11-15,F,France,Ile-de-France,Investment,4,Yes,Website,45,True,4,246793.7525,230680.355,302.2540028172113,2025-09-01,4,2,0,-1
C0669,Individual,Cheryl,Bell,1958-03-18,F,Canada,British Columbia,Home,3,No,Agency,65,False,3,455511.1633333334,487921.83,285.82087164617263,2025-07-01,3,1,1,-1
C0670,Company,Altira,Co,1976-06-18,M,USA,Nevada,Investment,4,No,Website,47,False,3,543991.1833333332,556047.5,302.0008828167261,2025-01-01,3,1,1,-1
C0671,Individual,Jerry,Pierce,1941-12-09,M,USA,Colorado,Home,4,Yes,Client,82,True,3,253226.04,216852.53,304.75267792694325,2025-09-01,3,2,0,-1
C0672,Individual,Amber,Williams,1967-03-10,F,USA,California,Home,2,No,Website,56,False,3,433989.35,519970.36,299.95897142075273,2025-08-01,3,1,1,-1
C0673,Individual,Janice,Hayes,1965-10-19,F,USA,California,Home,4,No,Website,58,False,3,290167.96666666673,314295.78,288.30634444005767,2025-11-01,3,2,0,-1
C0674,Individual,Judy,Turner,1986-05-26,F,USA,California,Investment,4,No,Website,37,False,4,433359.63,442199.805,316.8275338092095,2025-10-01,4,1,1,-1
C0675,Individual,Andrea,Wright,1969-12-23,F,USA,Texas,Home,5,No,Website,54,False,3,372386.39,313437.89,342.7720336053362,2024-09-01,3,1,0,-1
C0676,Individual,Lisa,Davis,1942-06-12,F,USA,Nevada,Home,2,No,Agency,81,False,3,340798.6766666667,419280.43,330.15138108079117,2024-03-01,3,1,0,-1
C0677,Individual,Jerry,Miller,1981-09-02,M,USA,Arizona,Investment,2,No,Agency,42,False,4,304253.77749999997,333080.26,300.00249931528646,2025-08-01,4,2,0,17
C0678,Individual,Joseph,Watson,1972-10-19,M,USA,California,Home,4,Yes,Website,51,True,3,301350.29,242156.78,331.30723233262876,2025-08-01,3,2,0,-1
C0679,Individual,Lisa,Patterson,1964-12-02,F,USA,Nevada,Home,1,No,Agency,59,False,4,486342.92,496781.63,283.6692192666235,2025-10-01,4,1,1,-1
C0680,Individual,Andrew,Griffin,1965-04-16,M,USA,Utah,Investment,2,No,Agency,58,False,4,383431.9275,421825.28,292.95481586924626,2025-11-01,4,1,1,-1
C0681,Company,Helios,Co,1977-04-25,F,USA,California,Home,3,No,Agency,46,False,4,184174.2425,181768.06,274.9177092938877,2025-11-01,4,2,0,-1
C0682,Individual,Donald,Bennett,1973-06-12,M,USA,California,Home,5,No,Website,50,False,4,359001.555,411979.705,297.37073543990766,2025-02-01,4,1,0,-1
C0683,Individual,Patrick,Jordan,1948-08-20,M,USA,Colorado,Home,2,Yes,Agency,75,True,3,405521.8433333333,445260.24,277.04186140861026,2025-04-01,3,1,1,-1
C0684,Individual,Donald,Miller,1985-10-05,M,USA,California,Home,1,No,Agency,38,False,4,350656.3625,398936.02,303.8373174363276,2025-12-01,4,1,0,-1
C0685,Individual,Sharon,Hansen,1987-04-18,F,USA,Washington,Home,5,No,Agency,36,False,3,376611.6866666667,365814.85,289.31464355745044,2025-10-01,3,1,1,-1
C0686,Individual,Michael,Howard,1963-11-17,M,USA,California,Home,1,Yes,Website,60,True,3,416722.11,376208.61,303.1945308245193,2025-09-01,3,1,1,-1
C0687,Individual,Susan,Long,1959-01-03,F,USA,Utah,Home,3,Yes,Website,65,True,4,383151.0,296063.635,301.80354172653267,2025-07-01,4,2,0,-1
C0688,Individual,Kathleen,Howard,1968-12-04,F,USA,Colorado,Investment,5,Yes,Website,55,True,4,273440.605,257169.64,306.5183230055185,2025-10-01,4,2,0,-1
C0689,Individual,Ann,Williams,1998-04-17,F,USA,California,Home,4,No,Website,25,False,3,350419.79000000004,353759.71,294.6877753003221,2025-11-01,3,1,0,-1
C0690,Individual,Janet,Stewart,1985-09-09,F,USA,Oregon,Home,4,Yes,Agency,38,True,4,350505.81,350783.175,300.5961844038745,2025-12-01,4,2,1,-1
C0691,Individual,Kenneth,Bell,1943-07-22,M,USA,California,Investment,4,No,Agency,80,False,4,237138.2225,228238.995,290.56720726693106,2025-08-01,4,2,0,-1
C0692,Individual,Adam,Roberts,1964-03-14,M,USA,Georgia,Investment,3,No,Agency,59,False,4,301646.4675,316290.0,299.5495073947391,2025-05-01,4,2,0,11
C0693,Individual,Jesse,Chavez,1957-04-28,M,USA,California,Investment,5,Yes,Agency,66,True,4,457875.73,490203.925,302.8076865038587,2024-12-01,4,1,1,-1
C0694,Company,Sterling,Co,1989-07-13,M,UK,Scotland,Investment,2,No,Website,34,False,4,321941.7675,361521.1750000001,303.055509354016,2025-10-01,4,2,0,8
C0695,Individual,Timothy,Rogers,1947-03-24,M,USA,Washington,Home,4,No,Website,76,False,3,290150.55,286110.52,323.0922596930234,2025-01-01,3,2,0,-1
C0696,Individual,Carol,Green,1994-03-06,F,USA,Washington,Investment,5,Yes,Agency,29,True,4,354256.3725,275806.61,277.7675083347151,2025-10-01,4,2,0,-1
C0697,Individual,Bryan,Mitchell,1986-11-01,M,USA,California,Investment,4,Yes,Agency,37,True,4,300892.8,252524.78000000003,290.4335245028834,2025-10-01,4,2,0,7
C0698,Individual,Maria,Scott,1946-07-16,F,USA,California,Home,2,Yes,Website,77,True,4,390158.8775,362599.975,307.9603135534052,2025-06-01,4,1,0,-1
C0699,Individual,Stephen,Bennett,1986-12-22,M,USA,Washington,Home,1,Yes,Agency,37,True,3,430815.05,495465.48,318.6152453856261,2025-11-01,3,1,1,-1
C0700,Individual,Christine,Sanders,1944-04-14,F,USA,Washington,Home,5,No,Website,79,False,3,241484.56666666665,229285.01,282.93780353298,2025-12-01,3,2,0,-1
C0701,Individual,Danielle,Peterson,1962-09-17,F,UK,England,Investment,1,No,Website,61,False,4,329634.44,247459.68,304.20595887478254,2025-12-01,4,2,0,-1
C0702,Individual,Nicholas,Flores,1966-07-24,M,USA,Arizona,Home,5,No,Agency,57,False,3,405007.3333333333,434102.29,311.0624599044384,2025-01-01,3,1,1,-1
C0703,Company,Elara,Co,1984-05-15,M,USA,Colorado,Home,3,No,Website,39,False,3,312691.19,324499.23,308.2167615628062,2025-08-01,3,2,0,-1
C0704,Individual,Nicole,Jordan,1942-01-23,F,USA,Georgia,Home,4,No,Agency,81,False,3,376926.2866666667,365284.07,317.21408986323775,2024-11-01,3,1,0,-1
C0705,Individual,Timothy,Murray,1940-12-18,M,USA,Nevada,Home,3,No,Website,83,False,3,547794.5566666666,503584.0,324.0979609858608,2024-07-01,3,1,1,-1
C0706,Individual,Kyle,Thomas,1984-06-23,M,UK,England,Investment,2,No,Client,39,False,3,344984.94666666666,412137.45,298.731268274053,2025-01-01,3,1,1,-1
C0707,Individual,Zachary,Richardson,1995-09-23,M,USA,Virginia,Home,5,Yes,Website,28,True,4,292813.805,333774.71499999997,298.39548981596226,2025-09-01,4,2,0,-1
C0708,Individual,Brian,Cook,1964-11-28,M,USA,California,Home,2,No,Client,59,False,3,513113.6233333333,650142.73,325.468567530367,2024-12-01,3,1,1,-1
C0709,Individual,Samantha,Price,1982-11-06,F,USA,Georgia,Home,2,Yes,Agency,41,True,4,308490.13,258562.6,313.75996043349187,2025-09-01,4,2,0,-1
C0710,Individual,Kyle,Bryant,1946-08-18,M,USA,Oregon,Home,2,Yes,Agency,77,True,4,289500.33999999997,247724.725,303.9456641085883,2025-12-01,4,2,0,-1
C0711,Individual,Victoria,Hughes,1995-10-20,F,USA,California,Investment,3,No,Agency,28,False,4,261414.635,233897.885,285.7926869742843,2024-12-01,4,2,0,-1
C0712,Individual,Joseph,Scott,1991-01-21,M,USA,California,Home,1,No,Agency,32,False,3,233896.10333333336,249056.03,280.63309631189395,2024-06-01,3,2,0,-1
C0713,Individual,Debra,Thomas,1997-02-14,F,USA,California,Investment,3,No,Agency,26,False,3,315512.58,300276.81,279.13497268536076,2025-03-01,3,2,0,-1
C0714,Individual,Kyle,Murray,1977-01-03,M,Russia,Saint Petersburg,Home,3,No,Website,47,False,3,506739.3933333333,467192.08,300.49110441401837,2025-10-01,3,1,1,-1
C0715,Individual,Janice,Wilson,1982-08-05,F,USA,Utah,Home,3,No,Website,41,False,3,383790.9166666667,407106.37,294.07391084605104,2025-01-01,3,1,1,-1
C0716,Individual,Jordan,Davis,1994-10-24,M,UK,Northern Ireland,Home,1,No,Client,29,False,3,391081.9133333334,381360.21,297.53773398366985,2025-11-01,3,1,1,-1
C0717,Individual,Virginia,Weaver,1946-06-09,F,USA,Arizona,Investment,3,Yes,Agency,77,True,3,333509.88999999996,317284.62,286.5515487238422,2025-06-01,3,2,0,-1
C0718,Individual,Martha,Scott,1944-10-08,F,France,Ile-de-France,Home,2,Yes,Website,79,True,3,300052.63666666666,302949.76,279.3999356441512,2025-02-01,3,2,0,-1
C0719,Individual,Jason,Jordan,1974-07-02,M,USA,California,Investment,2,Yes,Agency,49,True,3,304305.59,348008.75,300.5135989331466,2025-12-01,3,2,1,-1
C0720,Individual,Shirley,Wilson,1981-05-17,F,USA,California,Investment,1,Yes,Agency,42,True,4,211079.1725,211266.305,313.99370359722434,2025-12-01,4,2,0,-1
C0721,Individual,Julia,Jordan,1999-03-07,F,USA,Florida,Home,4,No,Website,24,False,4,291803.005,283416.38,308.3858719928015,2025-10-01,4,2,0,-1
C0722,Individual,Carol,Sanders,1943-09-11,F,USA,Texas,Home,1,No,Website,80,False,3,312034.68333333335,262278.1,299.2843696477643,2025-09-01,3,2,0,-1
C0723,Individual,Ann,Hansen,1999-04-19,F,Germany,North Rhine-Westphalia,Home,3,Yes,Website,24,True,3,518014.5966666667,470839.17,308.29363445057703,2025-03-01,3,1,1,-1
C0724,Individual,Samuel,Howard,1960-09-27,M,USA,Arizona,Investment,4,Yes,Agency,63,True,4,391198.82,401214.09,309.21208173968006,2025-11-01,4,1,1,-1
C0725,Individual,Katherine,Jones,1983-07-03,F,USA,New York,Home,3,No,Website,40,False,3,519259.8433333333,510876.28,300.00206956397875,2025-06-01,3,1,1,-1
C0726,Individual,Melissa,Harris,1977-01-25,F,USA,Georgia,Home,4,No,Website,46,False,4,263851.5425,257267.89,293.6323652273104,2025-08-01,4,2,0,-1
C0727,Individual,Ronald,Bell,1941-08-24,M,USA,California,Investment,3,Yes,Client,82,True,4,481054.5625,506476.89,329.50800332765834,2025-05-01,4,1,1,-1
C0728,Individual,Jason,Jones,1971-07-23,M,USA,California,Home,3,Yes,Agency,52,True,3,298682.14333333337,269005.9,327.9513725380009,2024-10-01,3,2,0,-1
C0729,Individual,Raymond,Long,1944-01-04,M,USA,Washington,Investment,3,Yes,Agency,80,True,3,366859.4733333333,398568.84,284.7991112426232,2025-09-01,3,1,1,-1
C0730,Individual,Gregory,Baker,1988-05-09,M,USA,California,Investment,4,No,Website,35,False,3,465153.51333333337,509478.53,323.57984485050025,2024-05-01,3,1,1,-1
C0731,Individual,Larry,Harris,2000-10-18,M,USA,California,Home,5,No,Agency,23,False,4,540968.3375,545395.2050000001,319.08224457379634,2025-08-01,4,1,1,-1
C0732,Individual,Justin,Peterson,1985-03-03,M,USA,Oregon,Home,5,No,Website,38,False,4,440900.6175,442634.115,306.8196266785186,2024-10-01,4,1,1,-1
C0733,Individual,Susan,White,1976-01-03,F,USA,Nevada,Home,5,No,Agency,48,False,3,536826.7000000001,564226.6,332.77373070273126,2025-11-01,3,1,1,-1
C0734,Individual,Danielle,Ward,1981-06-27,F,USA,Virginia,Investment,5,Yes,Client,42,True,3,298191.0733333333,238006.64,279.9946002008845,2025-06-01,3,2,0,-1
C0735,Individual,Matthew,Long,1994-08-10,M,Germany,Hesse,Investment,4,No,Website,29,False,3,360890.17,401935.35,313.912537008794,2025-12-01,3,1,1,-1
C0736,Individual,Jordan,Campbell,1942-06-13,M,USA,Utah,Investment,3,No,Agency,81,False,3,320553.48333333334,269593.82,302.7660123278874,2025-11-01,3,2,0,-1
C0737,Individual,Harold,Harris,1978-08-15,M,USA,California,Investment,3,No,Agency,45,False,3,423765.14,490797.12,302.2276207568195,2025-08-01,3,1,1,-1
C0738,Individual,Jose,White,1980-09-21,M,USA,Texas,Home,5,No,Website,43,False,4,304294.8725,291673.265,315.6140508496973,2024-10-01,4,2,0,2
C0739,Individual,Albert,Turner,1965-03-16,M,USA,California,Home,2,No,Agency,58,False,4,309978.87,301386.05000000005,281.14767266299765,2025-12-01,4,2,0,-1
C0740,Individual,Julia,Bell,1966-12-08,F,USA,Utah,Investment,1,No,Client,57,False,3,383361.5733333333,310600.71,321.463526838591,2025-02-01,3,1,0,-1
C0741,Individual,Sandra,Stone,1962-08-11,F,USA,California,Home,2,No,Website,61,False,3,269366.76666666666,248256.07,286.88279274715285,2025-09-01,3,2,0,-1
C0742,Individual,Bryan,Howard,1980-08-21,M,UK,Wales,Home,1,Yes,Website,43,True,3,314360.80666666664,376343.67,291.4501152943838,2025-09-01,3,2,0,-1
C0743,Individual,Joshua,Allen,1972-09-10,M,USA,Oregon,Investment,4,Yes,Website,51,True,3,324569.10333333333,338713.65,292.0776979749862,2025-12-01,3,2,1,-1
C0744,Individual,Helen,Morales,1950-11-10,F,USA,Virginia,Home,1,No,Website,73,False,3,315797.89999999997,293294.07,335.23731425730807,2025-04-01,3,2,0,-1
C0745,Individual,Emily,Collins,1997-06-18,F,USA,California,Investment,5,No,Website,26,False,4,284306.53,267116.115,295.1249931050721,2025-07-01,4,2,0,-1
C0746,Individual,Gary,Reyes,1956-10-13,M,UK,Scotland,Home,4,No,Website,67,False,4,371260.3625,412521.165,335.2338187013054,2025-01-01,4,1,1,-1
C0747,Individual,George,Patterson,1992-04-18,M,USA,Florida,Home,4,Yes,Website,31,True,3,440380.7833333334,516067.93,306.12850428188943,2025-02-01,3,1,1,-1
C0748,Company,Vantage,Co,1974-03-05,F,USA,California,Home,1,Yes,Client,49,True,3,396245.41,444006.51,297.65683317437384,2025-11-01,3,1,1,-1
C0749,Individual,Dorothy,Anderson,1992-11-26,F,USA,New York,Home,5,No,Agency,31,False,3,390294.6433333333,400540.86,309.49289457910066,2025-05-01,3,1,1,-1
C0750,Individual,Janice,Price,1976-06-08,F,USA,Nevada,Investment,1,No,Agency,47,False,3,295898.9266666667,204999.29,304.42393937761733,2024-11-01,3,2,0,-1
C0751,Individual,Keith,Parker,1974-09-19,M,USA,California,Home,5,No,Client,49,False,4,263987.2425,271424.035,276.69833760806756,2024-09-01,4,2,0,14
C0752,Individual,Lisa,Young,1954-12-17,F,Belgium,Brussels,Investment,3,No,Agency,69,False,4,209053.56,210338.23,287.40661619517806,2025-02-01,4,2,0,-1
C0753,Individual,Nicholas,Patterson,1960-12-22,M,Germany,Hamburg,Home,5,No,Website,63,False,4,263275.58,251061.735,304.4982458800239,2025-05-01,4,2,0,-1
C0754,Individual,Teresa,Johnson,1970-08-17,F,USA,Arizona,Investment,3,No,Website,53,False,4,325002.39,329994.92500000005,316.5416206780071,2025-07-01,4,2,0,6
C0755,Company,Celera,Co,1967-12-23,F,USA,California,Home,5,No,Website,56,False,3,346999.0833333333,346780.22,271.78757236163364,2025-08-01,3,2,0,-1
C0756,Individual,Jessica,Patterson,1963-03-19,F,USA,Utah,Home,5,Yes,Website,60,True,3,261922.69666666663,290299.07,282.2056558532571,2025-10-01,3,2,0,-1
C0757,Individual,Keith,Taylor,1946-05-09,M,USA,Oregon,Home,3,Yes,Website,77,True,4,348172.52999999997,301954.20499999996,332.7923361105536,2025-11-01,4,2,0,-1
C0758,Individual,Joe,Allen,1958-08-12,M,USA,California,Investment,2,No,Website,65,False,4,283797.29,255742.46,303.5984407446299,2025-03-01,4,2,0,20
C0759,Individual,Samuel,Anderson,1991-10-27,M,USA,Florida,Home,4,No,Website,32,False,3,442600.44,503108.67,297.1099898291573,2025-05-01,3,1,1,-1
C0760,Individual,Amanda,Adams,1964-12-27,F,USA,California,Investment,3,No,Website,59,False,4,322002.0525,284172.895,291.964625621392,2025-01-01,4,2,0,-1
C0761,Individual,Joyce,Patterson,1981-08-24,F,Belgium,Flanders,Home,2,No,Agency,42,False,4,346987.0175,309784.67000000004,302.8354471660675,2025-09-01,4,2,0,-1
C0762,Individual,Anna,Young,1967-07-01,F,USA,Ohio,Home,4,No,Website,56,False,4,364046.3325,416061.7,282.2750534057651,2025-01-01,4,1,0,-1
C0763,Company,Summit,Co,1971-07-18,F,USA,Georgia,Home,3,No,Agency,52,False,3,345593.99,363575.75,298.85589436508616,2025-09-01,3,1,1,-1
C0764,Individual,Debra,Parker,1983-02-09,F,UK,Northern Ireland,Investment,4,No,Client,40,False,4,417656.185,412463.355,294.22177981658905,2025-11-01,4,1,1,-1
C0765,Individual,Joe,Green,1967-06-22,M,France,Brittany,Home,3,No,Website,56,False,4,379104.5725,382479.165,294.4679305392661,2025-08-01,4,1,1,-1
C0766,Individual,Robert,Bennett,1994-09-04,M,Germany,North Rhine-Westphalia,Home,3,Yes,Client,29,True,4,400469.035,408354.7,310.06511645723833,2025-08-01,4,1,1,-1
C0767,Individual,David,Brown,1961-02-02,M,Canada,British Columbia,Investment,2,No,Agency,62,False,4,350983.12,359037.41500000004,278.43709059084756,2025-10-01,4,2,0,-1
C0768,Individual,Matthew,Weaver,1992-07-22,M,Denmark,Southern Denmark,Investment,5,Yes,Website,31,True,3,349375.8233333333,279852.1,291.56041147346576,2025-03-01,3,2,0,-1
C0769,Individual,Nicole,Long,1958-02-21,F,USA,Ohio,Home,4,No,Agency,65,False,3,225202.59666666665,196059.27,299.57432421913035,2025-09-01,3,2,0,-1
C0770,Individual,Shirley,Hall,1951-02-09,F,Russia,Krasnodar Krai,Home,4,No,Website,72,False,3,328199.57666666666,308315.97,291.90188965907197,2025-03-01,3,2,0,-1
C0771,Company,Quasar,Co,1984-06-09,M,USA,California,Home,1,No,Website,39,False,4,464249.27,395230.09,323.3900312040827,2025-10-01,4,1,1,-1
C0772,Individual,Ethan,White,1991-09-25,M,USA,California,Investment,1,No,Client,32,False,3,303721.50666666665,328838.91,295.45455963913673,2025-12-01,3,2,0,-1
C0773,Individual,Christopher,Taylor,1964-12-09,M,Russia,Saint Petersburg,Home,1,No,Website,59,False,4,362866.365,357028.44499999995,312.52027994764853,2025-10-01,4,1,1,-1
C0774,Individual,David,Wood,1983-03-23,M,USA,Georgia,Home,5,Yes,Agency,40,True,3,333264.2266666666,240880.7,291.40765373674816,2024-12-01,3,2,0,-1
C0775,Individual,Andrea,Reyes,1975-12-25,F,USA,Arizona,Home,1,No,Agency,48,False,4,260902.0925,274052.905,289.7113272946693,2025-11-01,4,2,0,-1
C0776,Individual,Ashley,Morales,1966-06-11,F,Germany,Bavaria,Home,4,Yes,Agency,57,True,3,304821.7766666667,296351.94,309.4641934486999,2025-08-01,3,2,0,-1
C0777,Company,Meridian,Co,1982-05-15,M,USA,Arizona,Home,1,No,Client,41,False,3,376919.8033333334,426658.82,295.5140003391789,2024-11-01,3,1,1,-1
C0778,Individual,George,Pierce,1998-07-22,M,USA,California,Investment,4,Yes,Agency,25,True,4,411730.48,361997.105,306.98198974238255,2025-09-01,4,1,1,-1
C0779,Individual,Lisa,Hughes,1953-04-05,F,USA,California,Home,5,Yes,Agency,70,True,3,407319.04,467818.66,306.5356571105046,2025-11-01,3,1,1,-1
C0780,Individual,Martha,Hansen,1947-08-01,F,USA,California,Home,3,No,Website,76,False,3,236253.8966666667,192992.54,284.784821535402,2025-10-01,3,2,0,-1
C0781,Individual,Gerald,Sanders,1940-11-28,M,USA,California,Investment,5,Yes,Website,83,True,4,295301.6725,332346.57,283.79927219273293,2025-11-01,4,2,0,-1
C0782,Individual,Ethan,Williams,1970-10-02,M,USA,Utah,Investment,2,Yes,Website,53,True,4,291659.54000000004,238125.565,322.14323161957884,2025-02-01,4,2,0,-1
C0783,Individual,Betty,Sanders,1961-03-27,F,Canada,Alberta,Home,1,Yes,Agency,62,True,3,343824.12,337198.08,294.2967160908652,2024-12-01,3,2,0,-1
C0784,Individual,Charles,Baker,1973-06-26,M,Mexico,Baja California,Investment,4,No,Website,50,False,3,390838.2166666666,452941.86,299.6725501001209,2025-09-01,3,1,1,-1
C0785,Company,Rexon,Co,1971-03-27,F,USA,California,Home,2,No,Website,52,False,4,261778.12,223687.59000000003,306.6167725571084,2025-05-01,4,2,0,-1
C0786,Individual,Sarah,Martin,1983-03-25,F,USA,California,Investment,3,No,Website,40,False,3,221265.79,212720.73,302.04140281052054,2025-12-01,3,2,0,-1
C0787,Individual,Andrew,Jackson,1950-11-20,M,USA,Washington,Home,1,No,Website,73,False,3,468649.22,523772.88,307.56853242895073,2025-11-01,3,1,1,-1
C0788,Individual,Matthew,Stone,1944-05-14,M,France,Brittany,Investment,4,No,Website,79,False,4,449861.7525,479587.585,309.49639406078114,2025-03-01,4,1,1,-1
C0789,Individual,Madison,Price,1974-04-06,F,Canada,Ontario,Investment,1,No,Website,49,False,3,375090.5333333334,449725.17,303.2073959835769,2025-01-01,3,1,1,-1
C0790,Individual,Brandon,Cooper,1974-01-18,M,USA,California,Home,5,Yes,Agency,49,True,4,380360.215,366550.34,299.49803514694605,2024-12-01,4,1,0,-1
C0791,Individual,Walter,Adams,1983-01-07,M,USA,Texas,Home,4,No,Website,41,False,4,356116.4525,356002.19499999995,307.8408243147681,2025-08-01,4,2,1,-1
C0792,Individual,Joseph,Richardson,1982-04-14,M,USA,California,Investment,4,Yes,Website,41,True,4,389994.955,400930.75,318.8117893891475,2025-12-01,4,1,1,-1
C0793,Individual,Kevin,Brown,1969-09-04,M,USA,New York,Home,4,No,Agency,54,False,4,311308.5875,264837.07,294.2023761564657,2025-07-01,4,2,0,3
C0794,Individual,Gregory,Mitchell,1951-02-11,M,USA,California,Home,4,Yes,Website,72,True,3,373496.25666666665,448712.69,286.4643685389213,2025-04-01,3,1,1,-1
C0795,Individual,Harold,Murray,1969-01-14,M,USA,California,Investment,4,Yes,Website,55,True,3,390289.6966666666,304037.29,336.31716892648285,2025-10-01,3,1,0,-1
C0796,Individual,Stephanie,Ward,1983-04-11,F,USA,California,Investment,5,Yes,Website,40,True,3,186532.18,192947.73,308.84465686665186,2025-11-01,3,2,0,-1
C0797,Individual,Joan,Gray,1990-06-08,F,USA,Oregon,Home,5,Yes,Agency,33,True,3,293726.43333333335,249655.07,337.5376984044663,2025-11-01,3,2,0,-1
C0798,Company,Novex,Co,1965-10-21,M,USA,Nevada,Home,4,Yes,Agency,58,True,4,246816.87,236204.90499999997,304.81197894331945,2025-05-01,4,2,0,-1
C0799,Individual,Pamela,Johnson,1954-07-24,F,USA,California,Home,4,No,Website,69,False,4,277233.96499999997,300566.735,286.3094968391149,2025-04-01,4,2,0,-1
C0800,Individual,Lawrence,Smith,1974-01-02,M,USA,Virginia,Investment,5,Yes,Website,50,True,3,327857.7266666666,239550.24,286.20672734492643,2024-07-01,3,2,0,-1
C0801,Individual,Betty,Price,1969-04-03,F,USA,Washington,Home,4,Yes,Website,54,True,3,453904.0999999999,520562.02,320.8893256121283,2025-04-01,3,1,1,-1
C0802,Individual,Matthew,Williams,1970-11-10,M,USA,Virginia,Home,5,No,Agency,53,False,3,358160.27,320280.83,291.45859188697153,2025-11-01,3,2,1,-1
C0803,Individual,Evelyn,Moore,1945-12-13,F,USA,Texas,Home,4,No,Agency,78,False,4,385704.8825,372129.91,283.6483693314935,2025-05-01,4,2,0,-1
C0804,Individual,Tyler,Cook,1967-01-10,M,USA,Washington,Home,5,No,Agency,57,False,3,407918.64,364460.23,276.8930741790998,2024-11-01,3,1,1,-1
C0805,Individual,Albert,Cook,1953-01-17,M,Germany,Berlin,Home,1,Yes,Website,71,True,3,313654.91,290766.8,313.41064823609526,2024-12-01,3,2,0,-1
C0806,Individual,Jack,Richardson,1989-11-18,M,France,Ile-de-France,Home,5,No,Client,34,False,4,371292.0675,363616.255,306.8939349761006,2025-11-01,4,1,0,-1
C0807,Individual,Amy,Chavez,1993-11-16,F,Mexico,Mexico City,Investment,5,No,Website,30,False,4,408854.98,432867.94,293.84755010430564,2025-12-01,4,1,1,-1
C0808,Individual,Gregory,Ward,1943-05-17,M,Germany,Berlin,Home,3,Yes,Website,80,True,3,295052.7166666667,295003.43,305.3961014512122,2025-04-01,3,2,0,-1
C0809,Individual,Hannah,Alexander,1967-02-16,F,France,Occitanie,Home,5,Yes,Agency,56,True,3,462039.39666666667,428520.04,314.96733421611924,2025-02-01,3,1,1,-1
C0810,Individual,Ronald,Sanders,1995-02-13,M,USA,California,Home,1,Yes,Website,28,True,3,307532.5266666667,329670.08,333.01958487528333,2025-10-01,3,1,0,-1
C0811,Individual,Carl,Allen,1945-04-17,M,UK,Wales,Home,3,No,Agency,78,False,3,505067.01666666666,498655.74,345.91788927494,2025-11-01,3,1,1,-1
C0812,Individual,Harold,Cooper,1974-08-24,M,UK,Northern Ireland,Home,3,Yes,Website,49,True,4,360806.0025,397671.125,280.30434811212365,2025-09-01,4,2,1,-1
C0813,Individual,Gerald,Cook,1974-10-11,M,UK,Scotland,Investment,3,No,Agency,49,False,4,328506.13,337276.225,307.6645181267488,2025-12-01,4,2,0,6
C0814,Individual,Joan,Stewart,1964-03-26,F,USA,California,Home,2,No,Website,59,False,3,224787.91333333333,225592.91,318.0715726910921,2025-06-01,3,2,0,-1
C0815,Company,Horizon,Co,1965-11-06,F,USA,Nevada,Home,4,Yes,Agency,58,True,3,320791.55,304264.54,265.93231886986047,2025-08-01,3,2,0,-1
C0816,Individual,Deborah,Wright,1947-12-23,F,Germany,Hamburg,Home,2,Yes,Website,76,True,3,334363.6166666667,262483.04,297.00118498780694,2024-12-01,3,2,0,-1
C0817,Individual,Grace,Thompson,1972-05-12,F,USA,California,Investment,1,No,Website,51,False,3,446093.6666666667,427534.07,308.75530204471136,2025-05-01,3,1,1,-1
C0818,Company,Sterling,Co,1991-09-08,F,USA,Colorado,Home,2,No,Website,32,False,4,190110.8375,170853.255,284.7450186787868,2025-12-01,4,2,0,-1
C0819,Individual,Jose,Bryant,1951-03-15,M,USA,California,Home,5,No,Website,72,False,3,413126.09,476510.16,313.22158602229166,2025-09-01,3,1,1,-1
C0820,Individual,Judith,Collins,1940-10-22,F,USA,Texas,Investment,4,No,Agency,83,False,3,306732.5933333333,281332.1,314.7580262145545,2025-03-01,3,2,0,-1
C0821,Individual,Elizabeth,Moore,1957-09-04,F,USA,California,Home,5,Yes,Agency,66,True,3,457071.0866666666,464047.92,315.2939326387077,2025-04-01,3,1,1,-1
C0822,Individual,Jessica,Weaver,1959-04-19,F,USA,California,Investment,3,Yes,Website,64,True,3,469210.0966666667,500277.62,300.8023411785495,2024-07-01,3,1,1,-1
C0823,Individual,Nancy,Hayes,1975-04-16,F,USA,Oregon,Investment,5,Yes,Agency,48,True,4,430597.2225,463952.505,317.82677737346125,2024-10-01,4,1,1,-1
C0824,Individual,Douglas,Cox,1976-06-01,M,USA,California,Home,3,No,Agency,47,False,3,411459.6166666667,464815.25,292.08734182923376,2025-08-01,3,1,1,-1
C0825,Individual,Ruth,Hughes,1982-03-26,F,Mexico,Nuevo Leon,Home,4,Yes,Agency,41,True,4,311549.5,264043.925,282.4811186408689,2025-04-01,4,2,0,-1
C0826,Individual,Jason,Stewart,1970-09-11,M,USA,Ohio,Investment,4,Yes,Website,53,True,4,313816.455,216391.735,311.0215374297446,2025-11-01,4,2,0,-1
C0827,Individual,Ruth,Wright,1965-08-23,F,USA,Washington,Home,2,Yes,Website,58,True,4,294116.9425,210100.99,286.916035041445,2025-11-01,4,2,0,-1
C0828,Individual,Elizabeth,Stewart,1947-10-10,F,USA,Arizona,Investment,4,Yes,Website,76,True,4,328393.55,311663.385,298.2755690674255,2025-10-01,4,2,0,1
C0829,Individual,Jonathan,Stewart,1960-11-16,M,USA,Utah,Investment,3,No,Website,63,False,4,324211.0475,342752.935,300.1892912626639,2025-06-01,4,2,0,11
C0830,Individual,William,Martin,1952-05-16,M,USA,Oregon,Investment,3,No,Agency,71,False,4,379699.6725,378696.225,323.4117006499843,2025-12-01,4,1,1,-1
C0831,Individual,Judith,Martin,1977-09-24,F,USA,California,Home,2,No,Website,46,False,3,303177.49,275828.72,311.663917045049,2024-11-01,3,2,0,-1
C0832,Individual,Dorothy,Ward,1990-01-09,F,USA,Nevada,Investment,3,Yes,Website,34,True,3,430247.33,456444.2,326.644087701286,2025-01-01,3,1,1,-1
C0833,Individual,Roger,Green,1951-11-06,M,Denmark,Southern Denmark,Home,5,No,Website,72,False,3,474162.2033333333,502693.56,292.9953788666901,2025-04-01,3,1,1,-1
C0834,Individual,Helen,Parker,1957-12-23,F,USA,California,Home,5,No,Website,66,False,4,346165.135,357741.63,328.1957278374988,2025-07-01,4,1,1,-1
C0835,Individual,Maria,Foster,1974-06-06,F,USA,California,Home,5,Yes,Website,49,True,4,289829.4225,238907.515,301.6093932009608,2025-12-01,4,2,0,-1
C0836,Individual,Adam,Sanders,1942-02-04,M,USA,Ohio,Home,4,No,Website,81,False,3,426905.0966666667,441228.83,289.36281850033316,2025-03-01,3,1,1,-1
C0837,Individual,Peter,Montgomery,1967-06-06,M,France,Brittany,Home,1,No,Website,56,False,4,353861.4275,362649.485,288.46015272758075,2025-05-01,4,2,0,-1
C0838,Individual,Jacob,Morris,1992-04-05,M,USA,Nevada,Investment,1,Yes,Website,31,True,3,279201.43333333335,254110.4,326.0913930157176,2025-12-01,3,2,0,-1
C0839,Individual,Elizabeth,Baker,1994-01-26,F,UK,England,Home,5,Yes,Agency,29,True,3,374655.89666666667,395419.06,281.66976490988117,2025-10-01,3,1,1,-1
C0840,Individual,Elizabeth,Wilson,1981-11-01,F,Belgium,Brussels,Home,1,No,Website,42,False,4,377088.0625,367379.055,284.1936237390182,2025-10-01,4,2,0,-1
C0841,Individual,Timothy,Cooper,1999-02-05,M,Belgium,Wallonia,Home,5,No,Website,24,False,4,336204.025,312947.4,287.2720038635614,2025-05-01,4,2,0,-1
C0842,Individual,Keith,Morales,1996-02-27,M,USA,Washington,Home,5,Yes,Client,27,True,4,270619.45499999996,209751.58,285.31847494849086,2025-11-01,4,2,0,-1
C0843,Individual,Amanda,Hansen,2000-12-04,F,USA,Georgia,Home,4,No,Agency,23,False,3,459042.4566666667,476904.44,310.2983466429507,2025-10-01,3,1,1,-1
C0844,Individual,Margaret,Scott,1947-06-13,F,USA,California,Home,2,No,Website,76,False,4,340800.49,345669.915,286.6211440867866,2025-11-01,4,2,0,-1
C0845,Individual,Ashley,Long,1993-09-05,F,USA,Washington,Home,3,No,Client,30,False,3,451756.72,426338.68,305.8787293583351,2025-01-01,3,1,1,-1
C0846,Individual,Martha,Harris,1976-05-15,F,Canada,Quebec,Investment,3,No,Agency,47,False,3,356344.59,312370.43,304.2620936201817,2024-12-01,3,2,1,-1
C0847,Individual,Nicole,James,1988-02-27,F,USA,Utah,Home,2,Yes,Agency,35,True,4,314691.365,297262.015,312.0693895088224,2025-12-01,4,2,0,-1
C0848,Individual,Aaron,Hughes,1967-11-22,M,USA,California,Home,4,No,Agency,56,False,4,341697.0825,307505.165,294.8811577166271,2025-01-01,4,2,0,19
C0849,Individual,Brian,Wilson,1977-04-11,M,USA,Oregon,Home,1,Yes,Website,46,True,4,315732.915,285165.16,307.7478715580654,2025-11-01,4,2,0,0
C0850,Individual,Judy,Stone,1983-11-13,F,USA,Colorado,Investment,5,No,Agency,40,False,3,176144.16,170201.06,288.9416642920567,2024-09-01,3,2,0,-1
C0851,Individual,Kyle,White,1993-05-16,M,USA,California,Investment,2,Yes,Website,30,True,4,370739.47,384897.8000000001,292.23636168618356,2025-08-01,4,1,1,-1
C0852,Individual,Carl,Brown,1989-07-20,M,Germany,North Rhine-Westphalia,Home,2,No,Agency,34,False,4,342114.5925,343790.30000000005,283.3197424989349,2024-10-01,4,2,0,-1
C0853,Individual,Gerald,Bryant,1950-08-07,M,USA,Utah,Home,4,No,Website,73,False,4,323390.555,327199.97,298.5740248235053,2025-08-01,4,2,0,1
C0854,Individual,David,Reyes,1944-02-13,M,USA,California,Home,4,No,Website,79,False,3,473010.5366666666,431041.65,322.881767706823,2024-12-01,3,1,1,-1
C0855,Individual,Amanda,Foster,1973-03-10,F,Australia,Queensland,Home,4,No,Website,50,False,4,299675.5375,296868.54000000004,277.9824082637193,2025-11-01,4,2,0,12
C0856,Individual,Janice,Chavez,1964-08-16,F,USA,Florida,Home,5,Yes,Website,59,True,4,391377.2475,396835.68999999994,321.04644506396664,2025-02-01,4,1,1,-1
C0857,Individual,Danielle,Ward,1951-05-11,F,USA,California,Investment,1,Yes,Website,72,True,4,357766.14,361117.015,306.8611088854491,2025-11-01,4,1,0,-1
C0858,Individual,Samuel,Howard,1994-07-12,M,USA,Nevada,Home,1,No,Website,29,False,3,324050.2,305756.04,281.73064080751226,2024-12-01,3,2,0,-1
C0859,Individual,Megan,Anderson,1942-12-03,F,USA,California,Home,2,Yes,Agency,81,True,4,360155.97250000003,286548.175,307.1237768260935,2025-10-01,4,2,0,-1
C0860,Individual,Virginia,Morales,1968-07-09,F,USA,Utah,Home,5,Yes,Website,55,True,4,340644.96,363306.525,295.07295295436273,2025-05-01,4,2,0,-1
C0861,Individual,Christine,Peterson,1994-08-04,F,France,Brittany,Investment,2,No,Agency,29,False,3,509153.5233333334,500988.76,314.68100682771677,2025-01-01,3,1,1,-1
C0862,Individual,Amanda,Jordan,1981-06-14,F,USA,Colorado,Investment,1,No,Website,42,False,3,451473.97,444902.95,292.7765275368804,2025-10-01,3,1,1,-1
C0863,Individual,Brandon,Peterson,1975-04-20,M,Belgium,Wallonia,Home,5,Yes,Agency,48,True,4,276936.24,313119.89,283.2830434701238,2024-11-01,4,2,0,-1
C0864,Individual,Noah,Kim,1970-07-07,M,USA,Texas,Home,3,No,Website,53,False,3,361849.34,344027.61,312.8404586706677,2025-10-01,3,1,0,-1
C0865,Individual,Rebecca,Gray,1975-05-20,F,USA,Colorado,Investment,5,Yes,Website,48,True,4,317014.7825,241219.34,313.6153784118969,2024-11-01,4,2,0,2
C0866,Individual,Lawrence,Bryant,1987-11-27,M,Belgium,Brussels,Home,3,No,Agency,36,False,4,332928.27,349968.41500000004,296.4052478325079,2025-10-01,4,2,0,-1
C0867,Individual,Julia,Davis,1967-04-12,F,USA,California,Home,2,No,Agency,56,False,3,342915.76666666666,314004.62,298.8466364564212,2024-08-01,3,2,0,-1
C0868,Individual,Victoria,Rogers,1945-02-21,F,USA,Florida,Home,3,Yes,Agency,78,True,3,329070.38999999996,327308.85,316.49402175782353,2025-04-01,3,2,0,-1
C0869,Individual,Jose,Roberts,1993-03-07,M,USA,California,Home,4,No,Agency,30,False,3,286269.04333333333,297657.72,283.4140659016659,2025-09-01,3,2,0,-1
C0870,Company,Harmon,Co,1966-09-01,F,UK,Northern Ireland,Home,2,Yes,Website,57,True,4,274475.565,269514.555,307.87495262882703,2025-09-01,4,2,0,-1
C0871,Individual,Pamela,Pierce,1989-11-28,F,USA,Virginia,Home,1,Yes,Website,34,True,4,484962.1325,552192.74,315.86788660881155,2024-09-01,4,1,1,-1
C0872,Individual,Sarah,Bennett,1943-06-22,F,UK,England,Home,4,No,Website,80,False,4,365580.0975,391557.13,274.3560649132103,2025-05-01,4,2,0,-1
C0873,Individual,Gerald,Murray,1940-09-09,M,USA,New York,Home,2,No,Website,83,False,3,441925.9266666667,461277.4,300.5462542501073,2025-11-01,3,1,1,-1
C0874,Individual,Debra,Murray,1953-07-26,F,Belgium,Flanders,Investment,2,No,Website,70,False,4,372572.2775,332182.71,309.15725845550025,2025-03-01,4,2,0,-1
C0875,Individual,Jeffrey,Evans,1972-07-09,M,Canada,Manitoba,Home,4,No,Website,51,False,3,436327.16,534355.36,316.43807024482015,2024-08-01,3,1,1,-1
C0876,Individual,Benjamin,Chavez,1973-08-22,M,USA,California,Home,3,No,Client,50,False,3,291257.17333333334,276552.01,303.1453983035049,2025-05-01,3,2,0,-1
C0877,Individual,Jennifer,Weaver,1998-12-22,F,USA,Utah,Investment,2,Yes,Agency,25,True,3,469216.8,475181.99,315.98094172226456,2025-09-01,3,1,1,-1
C0878,Individual,Ashley,Hansen,1945-04-28,F,USA,Nevada,Home,4,Yes,Website,78,True,3,323556.7166666666,245584.03,316.25317851031645,2025-07-01,3,2,0,-1
C0879,Individual,Brandon,Adams,1945-03-15,M,UK,Northern Ireland,Home,4,Yes,Website,78,True,3,449707.1066666667,405947.93,305.1457789222248,2025-10-01,3,1,1,-1
C0880,Individual,Judith,Bennett,1941-06-23,F,USA,New York,Home,2,No,Website,82,False,4,347500.66000000003,337752.41,300.1519609034721,2025-08-01,4,2,0,-1
C0881,Individual,Ruth,Weaver,1954-09-24,F,USA,Colorado,Investment,1,No,Website,69,False,4,311830.3,256751.22000000003,271.62788758556525,2025-08-01,4,2,0,-1
C0882,Individual,Peter,Moore,2000-07-07,M,UK,Wales,Home,3,No,Website,23,False,3,380942.7133333334,462989.76,266.6154276396846,2025-08-01,3,1,1,-1
C0883,Individual,Gerald,Thompson,1946-10-22,M,USA,Texas,Home,4,No,Client,77,False,4,494814.5675,514420.83,290.08114296056306,2025-01-01,4,1,1,-1
C0884,Individual,Joe,Reed,1949-05-07,M,USA,Nevada,Home,2,No,Website,74,False,3,340565.8333333333,336177.61,298.23058471031595,2025-05-01,3,2,0,-1
C0885,Individual,Michael,Williams,1941-09-21,M,Canada,British Columbia,Investment,2,Yes,Agency,82,True,3,513614.67333333334,470199.52,304.09561097849235,2024-07-01,3,1,1,-1
C0886,Individual,Joseph,Brooks,1961-07-20,M,USA,California,Home,3,Yes,Agency,62,True,3,269185.49,209153.29,284.7893224711529,2025-12-01,3,2,0,-1
C0887,Individual,Joan,Bryant,1993-04-23,F,USA,California,Home,3,No,Agency,30,False,4,311821.7725,306062.13,314.98566455193463,2025-08-01,4,2,0,-1
C0888,Individual,Sharon,Montgomery,1987-05-24,F,Germany,Berlin,Home,4,Yes,Website,36,True,4,276178.2975,217905.13,297.4721133150078,2025-11-01,4,2,0,-1
C0889,Individual,Scott,Campbell,1985-10-15,M,USA,Nevada,Investment,4,Yes,Website,38,True,3,446450.1966666666,458755.73,313.4583729272578,2025-12-01,3,1,1,-1
C0890,Individual,Julie,Nelson,1955-07-23,F,USA,Virginia,Investment,3,Yes,Website,68,True,4,284598.5725,267017.83999999997,303.680705416924,2025-04-01,4,2,0,-1
C0891,Individual,Raymond,Roberts,1970-06-20,M,Germany,North Rhine-Westphalia,Investment,1,Yes,Website,53,True,4,335093.27,298570.24,288.6593686869396,2025-06-01,4,2,0,13
C0892,Individual,Helen,Watson,1958-06-05,F,USA,California,Investment,2,Yes,Website,65,True,3,328040.4666666666,351688.67,286.36623340172076,2025-10-01,3,2,0,-1
C0893,Individual,Evelyn,Thompson,1995-06-23,F,USA,Colorado,Home,3,Yes,Website,28,True,4,423959.8675,424400.065,316.9860128802226,2025-05-01,4,1,1,-1
C0894,Individual,Carl,Evans,1953-06-14,M,USA,Georgia,Home,5,No,Website,70,False,3,294022.49,300235.9,317.68353154361245,2025-07-01,3,2,0,-1
C0895,Individual,Amanda,Rogers,1953-08-25,F,USA,Arizona,Investment,4,Yes,Website,70,True,3,375893.5333333334,398571.59,293.3534620750145,2025-12-01,3,1,1,-1
C0896,Individual,Timothy,Jones,1970-05-06,M,France,Brittany,Home,4,Yes,Agency,53,True,4,289483.36,289544.37,310.5075374541726,2025-11-01,4,2,0,-1
C0897,Individual,Ann,Foster,1971-08-04,F,Australia,Victoria,Home,1,No,Website,52,False,3,248563.88333333333,230643.48,308.2402966100844,2024-03-01,3,2,0,-1
C0898,Individual,Deborah,King,1953-09-27,F,USA,Arizona,Investment,5,Yes,Agency,70,True,4,209123.505,179852.285,294.90427703593605,2025-10-01,4,2,0,-1
C0899,Company,Apex,Co,1988-06-26,F,USA,Washington,Investment,2,No,Website,35,False,3,350135.87666666665,440930.72,321.01194762368965,2025-02-01,3,1,1,-1
C0900,Individual,Betty,Cook,1999-05-22,F,Germany,North Rhine-Westphalia,Home,4,No,Agency,24,False,3,202019.40666666665,167124.56,261.1778130081744,2024-12-01,3,2,0,-1
C0901,Individual,Gregory,Allen,1999-02-15,M,France,Brittany,Investment,4,No,Agency,24,False,3,303046.28,218381.46,323.69449128055436,2025-09-01,3,2,0,-1
C0902,Company,Peerex,Co,1964-02-11,F,UK,Northern Ireland,Home,3,Yes,Agency,59,True,4,320266.19,326400.88,300.9680189124511,2025-12-01,4,2,0,11
C0903,Individual,Christine,Morales,1992-04-28,F,USA,Texas,Investment,3,No,Website,31,False,3,369382.5366666666,340711.24,299.6010403853574,2024-11-01,3,1,1,-1
C0904,Individual,Nancy,Brooks,1984-03-08,F,Russia,Saint Petersburg,Home,1,Yes,Website,39,True,4,262588.8225,264535.065,290.04708482677603,2025-11-01,4,2,0,-1
C0905,Individual,Emma,Allen,1993-05-16,F,USA,Virginia,Home,5,Yes,Website,30,True,3,292492.5733333333,260928.85,309.22503185688345,2024-12-01,3,2,0,-1
C0906,Individual,Jacqueline,Baker,1969-08-13,F,USA,California,Investment,5,No,Website,54,False,4,439491.89,443368.235,300.62495699385056,2025-09-01,4,1,1,-1
C0907,Individual,Danielle,Scott,1973-11-14,F,USA,California,Home,3,No,Agency,50,False,3,458460.1533333333,506373.41,310.601097464294,2025-12-01,3,1,1,-1
C0908,Individual,Carl,Kim,1960-11-17,M,USA,California,Home,4,Yes,Agency,63,True,4,282485.3375,241981.65500000003,347.65920286677624,2025-12-01,4,2,0,-1
C0909,Individual,Brandon,Turner,1967-07-10,M,USA,California,Investment,1,Yes,Agency,56,True,4,382363.9325,369558.285,325.2407114942365,2025-06-01,4,1,1,-1
C0910,Individual,Victoria,Jackson,1971-11-24,F,USA,Texas,Home,3,Yes,Agency,52,True,3,431199.49333333335,354722.93,342.79945374819334,2025-07-01,3,1,0,-1
C0911,Individual,Donald,Long,1989-03-27,M,USA,California,Home,4,No,Website,34,False,4,327601.33,277524.355,337.0034363061051,2025-07-01,4,2,0,-1
C0912,Individual,Christina,Freeman,1949-05-11,F,USA,California,Home,1,No,Agency,74,False,3,440710.01666666666,448225.53,324.3756481756993,2025-10-01,3,1,1,-1
C0913,Individual,Nathan,Hansen,1999-01-13,M,USA,California,Home,4,No,Agency,24,False,4,483909.48,479367.27,313.36913444851484,2025-07-01,4,1,1,-1
C0914,Individual,Helen,Freeman,1948-10-12,F,France,Provence,Investment,4,No,Website,75,False,4,281072.695,288967.495,289.3480172051452,2024-12-01,4,2,0,-1
C0915,Individual,Ronald,Harris,1948-01-23,M,USA,Florida,Home,2,No,Agency,75,False,3,436589.57,576725.19,327.18114040361917,2025-04-01,3,1,1,-1
C0916,Individual,Nathan,Hansen,1988-02-10,M,Russia,Moscow Oblast,Home,2,No,Website,35,False,4,344397.865,361647.77,306.23787991648885,2024-11-01,4,2,0,8
C0917,Individual,Kenneth,Hughes,1969-08-01,M,USA,Arizona,Home,2,Yes,Agency,54,True,3,252261.83,255069.28,297.57195253176656,2025-05-01,3,2,0,-1
C0918,Individual,Susan,Cook,2000-02-21,F,Australia,Western Australia,Home,4,No,Client,23,False,3,487120.6233333333,539324.57,309.795387697743,2024-12-01,3,1,1,-1
C0919,Individual,Barbara,Foster,1975-08-17,F,Canada,Quebec,Investment,5,No,Agency,48,False,3,353174.85000000003,310876.37,305.89085083165935,2025-05-01,3,2,1,-1
C0920,Individual,Christian,Williams,1973-10-11,M,USA,California,Home,4,No,Website,50,False,3,292789.5966666667,241447.03,321.2931144571189,2025-09-01,3,2,0,-1
C0921,Individual,Christina,Reyes,1999-03-10,F,Australia,New South Wales,Home,4,No,Agency,24,False,3,267578.92,296209.13,294.3762503755404,2025-10-01,3,2,0,-1
C0922,Individual,Joe,Bell,1942-10-28,M,Australia,Victoria,Investment,4,Yes,Website,81,True,3,368584.66,366377.13,308.73094161670343,2025-10-01,3,1,0,-1
C0923,Individual,Ruth,Richardson,1950-08-26,F,USA,Oregon,Home,3,No,Client,73,False,4,295855.7125,239695.595,285.2070155991702,2025-12-01,4,2,0,-1
C0924,Individual,Emily,Wright,1988-03-20,F,USA,California,Home,4,No,Website,35,False,4,389667.7075,440538.47,299.73730068249455,2025-08-01,4,1,1,-1
C0925,Individual,Michael,Ward,1944-05-12,M,Germany,Hamburg,Home,2,No,Website,79,False,3,436011.67333333334,410865.42,295.3701328390946,2025-07-01,3,1,1,-1
C0926,Individual,Lauren,Harris,1961-04-04,F,USA,California,Home,3,No,Website,62,False,3,359613.91,340450.25,297.61005005296533,2025-06-01,3,2,1,-1
C0927,Individual,Carol,Hayes,1962-11-04,F,France,Ile-de-France,Home,4,No,Client,61,False,3,311166.46,205017.07,320.8203680770841,2025-12-01,3,2,0,-1
C0928,Individual,Jordan,Jordan,1950-02-27,M,USA,California,Home,1,Yes,Agency,73,True,3,252690.0433333333,228208.94,298.25383289313083,2024-11-01,3,2,0,-1
C0929,Individual,Jack,Hall,1954-05-23,M,USA,Washington,Home,4,No,Website,69,False,3,389280.5733333333,391681.55,349.45308429299877,2025-10-01,3,1,0,-1
C0930,Individual,Debra,Moore,1993-04-15,F,USA,Washington,Investment,1,Yes,Agency,30,True,3,308101.8433333333,271729.26,289.4556742458752,2025-01-01,3,2,0,-1
C0931,Individual,Daniel,Parker,1977-12-25,M,USA,Nevada,Investment,2,Yes,Client,46,True,3,332472.87,379602.6,304.2758060505078,2025-08-01,3,1,1,-1
C0932,Individual,Kathleen,Moore,1949-07-14,F,USA,New York,Home,5,No,Website,74,False,4,367077.665,372389.77,305.08055221862105,2025-01-01,4,1,0,-1
C0933,Individual,Kimberly,Johnson,1955-09-03,F,USA,California,Home,4,No,Website,68,False,3,359056.98,351057.32,311.75039494413755,2025-12-01,3,1,0,-1
C0934,Individual,Barbara,Allen,1943-10-02,F,UK,Northern Ireland,Investment,5,Yes,Website,80,True,3,304163.1966666667,343136.11,291.740054900947,2024-08-01,3,2,0,-1
C0935,Individual,Katherine,Cooper,2000-05-17,F,Canada,Manitoba,Home,4,No,Agency,23,False,3,377677.49666666664,359572.52,320.71481879954456,2024-08-01,3,1,1,-1
C0936,Individual,Carolyn,Brooks,1951-04-10,F,USA,California,Home,3,No,Client,72,False,3,260981.99,282918.51,296.84915859488143,2025-06-01,3,2,0,-1
C0937,Individual,Gerald,Chavez,1982-04-03,M,USA,Arizona,Home,5,No,Client,41,False,4,342585.22750000004,340319.485,307.37339672768826,2025-09-01,4,2,0,-1
C0938,Individual,William,Chavez,1963-05-08,M,Russia,Krasnodar Krai,Home,4,No,Website,60,False,3,284739.23333333334,245496.02,331.4848799607234,2025-04-01,3,2,0,-1
C0939,Individual,Anna,Alexander,1978-02-02,F,Belgium,Brussels,Investment,1,No,Website,45,False,4,297708.42,284617.38,299.3216776801628,2025-11-01,4,2,0,0
C0940,Individual,Kyle,Bell,1985-12-19,M,USA,Virginia,Investment,5,No,Website,38,False,4,407234.4625,386546.1,301.2069210723519,2024-12-01,4,1,0,-1
C0941,Individual,Grace,Moore,1955-07-17,F,Mexico,Jalisco,Home,1,No,Agency,68,False,3,342771.36333333334,366995.11,314.26994691832437,2025-10-01,3,1,0,5
C0942,Individual,Joan,Jackson,1991-12-14,F,USA,California,Home,1,No,Website,32,False,4,350657.94,336005.51,344.62482428868657,2025-11-01,4,1,1,-1
C0943,Individual,Karen,Cox,1957-09-13,F,Canada,Manitoba,Investment,5,No,Website,66,False,3,325016.0933333333,342174.93,288.9682701005914,2025-12-01,3,2,0,-1
C0944,Individual,Virginia,Hughes,1956-08-24,F,USA,Florida,Home,2,No,Website,67,False,3,418907.3433333333,438270.08,316.41455277495,2025-12-01,3,1,1,-1
C0945,Individual,Emily,Hayes,1945-09-04,F,France,Provence,Home,4,No,Website,78,False,3,324468.85000000003,344051.81,292.67881177084405,2025-05-01,3,2,0,-1
C0946,Individual,Ashley,Weaver,1946-07-04,F,USA,Nevada,Investment,3,Yes,Agency,77,True,3,275868.54333333333,248737.57,308.0848539378181,2025-10-01,3,2,0,-1
C0947,Individual,Samantha,Cox,1981-05-16,F,USA,Texas,Home,2,No,Website,42,False,3,365527.76333333337,377269.07,303.0773212797431,2025-07-01,3,1,1,-1
C0948,Individual,Emma,Nelson,1989-12-16,F,USA,California,Investment,3,Yes,Website,34,True,4,383000.1275,408947.29,292.4294946291139,2025-08-01,4,1,1,-1
C0949,Individual,Julia,Price,1943-06-26,F,USA,Colorado,Investment,5,Yes,Client,80,True,4,349264.4875,272229.97,304.96042569271594,2025-08-01,4,2,0,-1
C0950,Individual,Christina,Price,1991-12-11,F,USA,Texas,Investment,5,No,Website,32,False,4,354553.12,341618.76,309.1729172561952,2025-09-01,4,2,0,-1
C0951,Individual,Rachel,Chavez,1998-11-15,F,Mexico,Nuevo Leon,Home,1,Yes,Client,25,True,4,414575.48,440752.815,318.9352119657447,2025-04-01,4,1,1,-1
C0952,Individual,Ann,Martin,1959-09-03,F,USA,Oregon,Home,5,No,Website,64,False,4,471625.4825,531710.975,311.13443814146524,2025-12-01,4,1,1,-1
C0953,Company,Helios,Co,1995-10-22,M,USA,Washington,Home,5,Yes,Website,28,True,3,213271.66666666663,175245.96,260.1807906814217,2025-09-01,3,2,0,-1
C0954,Individual,Michael,Evans,1950-04-08,M,France,Brittany,Investment,4,Yes,Agency,73,True,4,373447.0,370514.615,316.54789585866547,2025-10-01,4,1,1,-1
C0955,Individual,Megan,Garcia,1969-01-11,F,USA,California,Home,1,No,Website,55,False,3,366037.26,374418.94,303.7837294950627,2025-09-01,3,1,1,-1
C0956,Individual,Donald,Jackson,1966-03-10,M,USA,California,Home,1,Yes,Website,57,True,4,411799.3625,443773.39,318.118525167396,2025-05-01,4,1,1,-1
C0957,Company,Crestwood,Co,1961-05-21,M,USA,Oregon,Home,2,Yes,Client,62,True,4,323810.505,343810.255,309.9639640800107,2025-02-01,4,2,0,-1
C0958,Individual,Betty,Rogers,1991-07-11,F,USA,Nevada,Home,1,Yes,Website,32,True,4,234022.8625,231050.275,281.68130459746465,2025-09-01,4,2,0,-1
C0959,Individual,Carl,Hayes,1952-09-13,M,USA,California,Home,3,No,Agency,71,False,4,460039.915,465186.445,290.24815048754033,2025-11-01,4,1,1,-1
C0960,Individual,Linda,Bennett,1960-04-01,F,USA,Arizona,Investment,1,Yes,Client,63,True,4,345021.145,358614.64,302.4929876697332,2025-04-01,4,2,0,-1
C0961,Individual,Brandon,Morales,1974-08-03,M,UK,Wales,Home,2,Yes,Website,49,True,4,420327.9175,350730.9,322.9858897950755,2025-03-01,4,1,1,-1
C0962,Individual,Nicholas,Hansen,1940-07-18,M,USA,California,Home,4,No,Website,83,False,4,333931.705,322084.06,300.90854803873805,2025-10-01,4,2,0,1
C0963,Individual,James,Davis,1941-08-09,M,Canada,Alberta,Home,4,No,Agency,82,False,3,199624.99666666667,211696.98,294.37238795965703,2025-10-01,3,2,0,-1
C0964,Individual,Elizabeth,Hall,1953-09-19,F,USA,California,Home,4,No,Website,70,False,3,338373.89666666667,357942.9,287.7562530722898,2025-02-01,3,2,0,-1
C0965,Individual,Lauren,Adams,1961-09-26,F,USA,New York,Investment,3,No,Website,62,False,3,280066.5366666667,255581.66,327.9994305582956,2025-04-01,3,2,0,-1
C0966,Company,Corvus,Co,1995-10-11,M,USA,California,Investment,3,No,Website,28,False,4,401696.2624999999,438883.5749999999,275.3910258640924,2025-06-01,4,1,1,-1
C0967,Individual,Jennifer,Moore,1959-01-20,F,USA,California,Home,2,No,Agency,64,False,3,235199.8866666667,236109.63,270.92870403576376,2025-11-01,3,2,0,-1
C0968,Individual,Julie,Hansen,1995-11-21,F,USA,Arizona,Home,4,No,Website,28,False,3,363024.9033333333,397474.25,306.8578888571016,2025-09-01,3,1,1,-1
C0969,Individual,Amber,Ward,1976-03-27,F,Russia,Tatarstan,Investment,1,Yes,Agency,47,True,3,372920.0633333333,259231.73,304.3414643174505,2025-12-01,3,2,0,-1
C0970,Individual,Peter,Johnson,1986-12-01,M,Denmark,North Denmark,Home,3,Yes,Website,37,True,4,399101.0625,431829.155,301.00245069306345,2025-12-01,4,1,1,-1
C0971,Individual,Cynthia,Mitchell,1969-06-02,F,USA,Colorado,Investment,5,Yes,Website,54,True,4,319612.5125,270568.91500000004,313.85065589563084,2025-12-01,4,2,0,2
C0972,Individual,Sandra,Evans,1964-09-16,F,USA,Arizona,Home,5,No,Agency,59,False,4,324502.2575,267317.87,299.19843063898196,2024-05-01,4,2,0,-1
C0973,Individual,Charles,Stone,1992-12-03,M,USA,California,Investment,2,No,Client,31,False,4,398954.29,354853.335,333.0310914890481,2025-06-01,4,1,1,-1
C0974,Individual,Michael,Hansen,1961-05-22,M,USA,New York,Home,1,No,Agency,62,False,4,302747.5275,216183.395,294.33650684938635,2025-03-01,4,2,0,-1
C0975,Individual,Gregory,Reyes,1946-07-09,M,USA,Utah,Home,4,No,Website,77,False,3,313770.2033333333,343401.0,302.3541105653684,2025-12-01,3,2,0,-1
C0976,Individual,Ryan,Miller,1983-07-18,M,USA,California,Home,4,Yes,Website,40,True,4,301537.495,286912.01,315.51504086805863,2025-08-01,4,2,0,-1
C0977,Individual,Ryan,James,1996-04-07,M,USA,California,Home,1,No,Agency,27,False,3,314890.98333333334,332426.72,284.63107516012536,2025-12-01,3,2,0,-1
C0978,Individual,Lauren,Brown,1963-11-11,F,USA,California,Home,4,Yes,Website,60,True,3,483120.3033333334,471813.07,316.650344003343,2025-04-01,3,1,1,-1
C0979,Individual,Madison,Roberts,1940-02-25,F,Canada,Quebec,Investment,4,No,Website,83,False,3,288220.48333333334,241164.92,307.1839583202157,2024-02-01,3,2,0,-1
C0980,Individual,Daniel,Davis,1942-01-13,M,USA,New York,Investment,1,Yes,Website,82,True,3,385442.2133333334,427748.64,288.11923914459976,2025-08-01,3,1,1,-1
C0981,Individual,Jessica,Stewart,1961-11-14,F,USA,California,Investment,1,No,Website,62,False,4,512081.0475,520510.675,331.2073515732492,2025-06-01,4,1,1,-1
C0982,Individual,Joyce,Jackson,1961-07-08,F,Canada,Manitoba,Investment,5,Yes,Agency,62,True,3,481167.91,532386.73,342.41607823212286,2025-07-01,3,1,1,-1
C0983,Individual,Brittany,Freeman,1994-06-21,F,Germany,North Rhine-Westphalia,Home,4,No,Website,29,False,3,267739.89999999997,291793.4,297.90910935589744,2025-06-01,3,2,0,-1
C0984,Individual,Mark,Johnson,1962-12-03,M,Canada,British Columbia,Home,5,Yes,Agency,61,True,3,402176.4033333333,446275.9,306.06036448231094,2025-05-01,3,1,1,-1
C0985,Individual,Ruth,Griffin,1954-10-15,F,USA,California,Home,1,Yes,Website,69,True,3,295663.5733333333,256025.28,318.71525327720883,2025-08-01,3,2,0,-1
C0986,Individual,Jacqueline,Ward,1981-10-18,F,Russia,Saint Petersburg,Home,2,No,Website,42,False,3,481742.0233333334,399182.83,314.022197887687,2024-12-01,3,1,1,-1
C0987,Individual,Maria,Johnson,1967-10-22,F,Germany,North Rhine-Westphalia,Home,1,Yes,Agency,56,True,4,271504.59,235842.205,282.1152952097202,2025-10-01,4,2,0,-1
C0988,Individual,Douglas,Cooper,1988-04-21,M,USA,Texas,Home,3,Yes,Agency,35,True,3,231677.93333333335,233630.18,323.15023711577953,2024-12-01,3,2,0,-1
C0989,Individual,Amber,Cook,1946-10-19,F,USA,Oregon,Home,4,No,Website,77,False,4,282476.8275,242426.36,275.65055280155553,2024-12-01,4,2,0,-1
C0990,Individual,Carl,Carter,1942-01-21,M,USA,Utah,Home,4,No,Website,82,False,4,397095.84,396507.0,298.8450324700167,2025-05-01,4,1,0,-1
C0991,Individual,Heather,Adams,1975-03-27,F,USA,Nevada,Home,1,No,Website,48,False,3,407705.3833333333,416298.42,281.16282453781065,2025-07-01,3,1,1,-1
C0992,Individual,Scott,Hughes,1988-11-19,M,Denmark,Capital Region,Home,1,Yes,Website,35,True,4,369620.6525,371034.395,308.4945964231183,2025-05-01,4,1,0,-1
C0993,Individual,Ryan,Campbell,1954-03-11,M,USA,California,Home,2,Yes,Website,69,True,3,176831.47999999998,203789.3,287.45408616535224,2024-07-01,3,2,0,-1
C0994,Individual,Michael,Moore,1976-11-26,M,USA,California,Home,3,No,Website,47,False,4,344975.71749999997,306890.22,293.55926482131196,2025-11-01,4,2,0,-1
C0995,Individual,Amanda,Kim,1949-10-14,F,Australia,New South Wales,Home,1,Yes,Website,74,True,3,334706.92333333334,262156.81,320.3535747659157,2025-12-01,3,2,0,-1
C0996,Individual,Terry,Howard,1956-06-11,M,Canada,Manitoba,Home,2,Yes,Client,67,True,3,296322.6666666667,267723.88,314.8072855839984,2025-03-01,3,2,0,-1
C0997,Individual,Terry,Collins,1950-03-11,M,USA,California,Investment,3,Yes,Agency,73,True,3,535959.0233333333,540022.29,327.1364224522813,2025-07-01,3,1,1,-1
C0998,Company,Grandis,Co,1969-05-06,F,USA,Virginia,Home,4,No,Agency,54,False,4,307638.0375,275724.775,290.3612311492981,2025-08-01,4,2,0,-1
C0999,Individual,Jacqueline,Cox,1969-09-15,F,USA,California,Investment,3,No,Agency,54,False,3,220661.45,171074.17,294.4571639699334,2025-09-01,3,2,0,-1
C1000,Individual,Judith,Parker,1963-07-21,F,USA,Utah,Home,2,Yes,Website,60,True,4,407343.0575,477019.195,295.5081146814199,2025-06-01,4,1,1,-1
C1001,Individual,Aaron,Nelson,1981-07-13,M,USA,California,Home,3,No,Website,42,False,4,412574.235,381623.525,310.16333452944724,2025-07-01,4,1,1,-1
C1002,Individual,Scott,Hughes,1967-06-08,M,USA,California,Home,5,No,Website,56,False,3,354683.5733333333,311141.43,324.7466875375312,2024-12-01,3,1,0,-1
C1003,Individual,Lauren,Bennett,1977-08-11,F,USA,Nevada,Home,2,No,Website,46,False,3,388303.07666666666,350796.84,293.62565256578495,2025-08-01,3,1,1,-1
C1004,Individual,Alexander,Anderson,1982-09-17,M,USA,Oregon,Home,3,Yes,Website,41,True,4,388366.915,370867.98,307.39957363177257,2025-10-01,4,1,1,-1
C1005,Individual,Barbara,Chavez,1988-06-07,F,Germany,Hamburg,Home,3,No,Client,35,False,3,259367.20000000004,270860.88,271.00098242980476,2025-08-01,3,2,0,-1
C1006,Individual,Stephanie,Weaver,1992-12-24,F,USA,Georgia,Home,1,No,Website,31,False,3,246312.93333333335,286678.7,294.7771085435938,2025-06-01,3,2,0,-1
C1007,Individual,Joyce,Brooks,1948-10-25,F,UK,England,Home,4,No,Agency,75,False,3,271034.89333333337,288226.7,317.6790312619853,2025-03-01,3,2,0,-1
C1008,Company,Sterling,Co,1987-10-02,M,USA,California,Home,2,No,Website,36,False,4,254565.6725,228538.805,303.07177350254955,2025-08-01,4,2,0,-1
C1009,Individual,Evelyn,Bell,1950-02-11,F,USA,Nevada,Investment,4,Yes,Agency,73,True,3,247053.34666666668,235315.07,257.5333442470797,2024-10-01,3,2,0,-1
C1010,Individual,Dennis,Moore,1964-03-10,M,Mexico,Jalisco,Home,4,No,Website,59,False,4,332869.9325,323553.14,301.60505964963625,2025-11-01,4,2,0,19
C1011,Individual,Virginia,Brooks,1952-12-18,F,USA,California,Investment,1,No,Website,71,False,4,320347.34750000003,282515.66500000004,305.9364376382235,2025-02-01,4,2,0,-1
C1012,Individual,Raymond,Morales,1960-10-20,M,USA,New York,Home,4,Yes,Website,63,True,3,563423.5,557939.4,325.46681833593675,2024-07-01,3,1,1,-1
C1013,Individual,Stephanie,Patterson,1994-06-19,F,USA,Oregon,Home,1,Yes,Website,29,True,4,406976.9925,406739.79,312.654772421993,2025-12-01,4,1,1,-1
C1014,Individual,David,Weaver,1969-01-06,M,USA,California,Home,3,Yes,Website,55,True,3,426035.45333333337,486678.57,292.9843221669268,2025-02-01,3,1,1,-1
C1015,Individual,Kyle,Davis,1977-09-01,M,USA,California,Home,4,Yes,Website,46,True,3,294808.83666666667,208354.22,300.2249321831583,2024-11-01,3,2,0,-1
C1016,Individual,Andrea,Wilson,1976-04-05,F,USA,California,Home,4,Yes,Agency,47,True,4,385693.6525,428253.91,312.8043986665632,2024-11-01,4,1,1,-1
C1017,Individual,Megan,Baker,1968-12-22,F,USA,California,Home,1,Yes,Agency,55,True,4,279092.8575,250101.13,305.23937087997666,2024-12-01,4,2,0,0
C1018,Individual,Tiffany,Turner,1967-06-19,F,USA,Colorado,Home,5,Yes,Client,56,True,3,281893.5233333334,279311.68,273.2305004945338,2025-04-01,3,2,0,-1
C1019,Individual,Carolyn,Stewart,1975-10-27,F,USA,Nevada,Home,2,No,Client,48,False,3,389085.06,394884.68,298.1001304860728,2024-10-01,3,1,1,-1
C1020,Individual,Deborah,Morales,1994-07-23,F,USA,California,Home,3,No,Agency,29,False,4,312206.71499999997,272485.195,306.5220996767232,2025-01-01,4,2,0,-1
C1021,Individual,Jeffrey,Bryant,1974-09-04,M,USA,California,Investment,1,No,Client,49,False,4,388684.975,422397.275,295.54079628802083,2024-12-01,4,1,0,-1
C1022,Individual,Christina,King,1984-04-17,F,USA,Colorado,Home,1,No,Agency,39,False,4,347427.2825,271059.975,306.8867427595196,2025-12-01,4,2,0,-1
C1023,Individual,Heather,Bell,1953-07-28,F,USA,Nevada,Home,1,Yes,Website,70,True,3,445412.62333333335,481857.4,275.5785645289239,2025-07-01,3,1,1,-1
C1024,Individual,Gregory,Long,1969-08-03,M,USA,Arizona,Investment,2,No,Agency,54,False,3,450344.30666666664,382287.72,295.4987557332975,2025-11-01,3,1,1,-1
C1025,Individual,Michelle,King,1947-01-20,F,USA,California,Home,1,No,Client,77,False,3,246141.3933333333,253485.23,335.6071778462603,2024-12-01,3,2,0,-1
C1026,Individual,Robert,Parker,1991-08-12,M,USA,California,Investment,1,No,Agency,32,False,3,480258.3666666667,577003.83,334.1423474482069,2025-07-01,3,1,1,-1
C1027,Individual,Gerald,White,1976-12-10,M,USA,California,Investment,1,Yes,Client,47,True,3,518135.9366666667,518981.38,318.96681579874877,2025-11-01,3,1,1,-1
C1028,Individual,Nicholas,Cox,1942-04-07,M,USA,California,Home,1,Yes,Website,81,True,4,285956.6775,253090.065,290.9076854075112,2025-09-01,4,2,0,-1
C1029,Individual,Ryan,Jackson,1949-11-06,M,Australia,Victoria,Home,1,No,Agency,74,False,3,315520.3233333333,273200.87,299.1766034932709,2025-05-01,3,2,0,-1
C1030,Individual,Christine,Owens,1960-04-20,F,USA,Ohio,Home,4,No,Website,63,False,4,338385.765,382216.5749999999,313.4285139672919,2024-12-01,4,1,1,-1
C1031,Individual,Alexander,Reed,1989-01-13,M,UK,England,Home,1,No,Website,34,False,3,337111.06666666665,375564.29,312.3940949609546,2024-08-01,3,1,0,-1
C1032,Individual,Larry,Freeman,1977-01-03,M,USA,Nevada,Home,5,No,Website,47,False,4,373572.4325,344584.06000000006,342.2080408780598,2025-07-01,4,1,0,-1
C1033,Individual,Eric,Jackson,1962-06-21,M,France,Ile-de-France,Home,2,No,Website,61,False,4,374030.1275,424360.77,290.56103891604687,2025-12-01,4,1,1,-1
C1034,Individual,Andrea,Wilson,1979-01-20,F,USA,Colorado,Home,5,No,Client,44,False,4,300012.4,275139.185,310.75049022317035,2025-09-01,4,2,0,2
C1035,Individual,Jacob,Williams,1961-02-10,M,USA,Virginia,Home,2,No,Website,62,False,4,382137.5325,393536.495,311.63793649156986,2025-06-01,4,1,1,10
C1036,Individual,Martha,Collins,1988-03-13,F,USA,Oregon,Home,2,No,Agency,35,False,3,392145.36,374750.52,289.98572327398165,2025-01-01,3,1,1,-1
C1037,Company,Corvus,Co,1970-01-02,M,Mexico,Baja California,Home,2,Yes,Website,54,True,3,371879.0433333333,385027.41,307.6473681977245,2024-11-01,3,1,1,-1
C1038,Individual,Gerald,Gray,1959-05-25,M,USA,California,Investment,3,No,Website,64,False,3,302376.0666666667,258549.13,320.6355734378572,2024-09-01,3,2,0,-1
C1039,Individual,Nicholas,Carter,1962-07-17,M,USA,California,Home,1,Yes,Agency,61,True,4,357113.235,321277.72,290.18791818982925,2025-11-01,4,2,0,-1
C1040,Individual,Joseph,Young,1940-04-05,M,USA,California,Investment,5,Yes,Website,83,True,3,300365.26333333337,311096.8,302.49273184974817,2025-10-01,3,2,0,-1
C1041,Individual,Evelyn,Morris,1990-12-07,F,USA,Nevada,Home,5,Yes,Website,33,True,3,383346.93,374318.33,296.6726115199364,2025-12-01,3,1,1,-1
C1042,Individual,Rebecca,Parker,1945-08-03,F,USA,Nevada,Home,2,No,Agency,78,False,4,331445.865,291363.015,300.32888890851893,2025-02-01,4,2,0,-1
C1043,Individual,Carol,Griffin,1999-07-14,F,USA,Washington,Home,5,No,Website,24,False,3,355970.61999999994,397503.1,262.4906999884452,2025-08-01,3,2,1,-1
C1044,Individual,Eric,Howard,1971-05-15,M,USA,Nevada,Investment,5,No,Website,52,False,4,342009.09750000003,389807.4250000001,297.38934570167584,2025-11-01,4,2,0,-1
C1045,Individual,Rebecca,Allen,1942-04-01,F,USA,New York,Home,3,No,Website,81,False,3,324946.6766666667,294230.82,304.33718511175783,2024-06-01,3,2,0,-1
C1046,Individual,Maria,Wood,1969-05-21,F,Canada,Quebec,Home,4,Yes,Website,54,True,4,325282.0975,293240.83499999996,306.37197607525377,2025-11-01,4,2,0,-1
C1047,Individual,Ronald,Reyes,1984-12-12,M,USA,Virginia,Home,3,No,Website,39,False,3,444579.2766666667,467931.57,305.3774365823991,2024-11-01,3,1,1,-1
C1048,Individual,Angela,Turner,1970-01-27,F,USA,Oregon,Investment,1,No,Agency,53,False,3,449779.8033333333,537168.96,317.946504185774,2025-01-01,3,1,1,-1
C1049,Individual,Tiffany,Sanders,1940-11-05,F,USA,California,Investment,5,No,Website,83,False,3,404764.72,487419.68,278.866775395034,2025-11-01,3,1,1,-1
C1050,Individual,Tyler,Watson,1955-10-03,M,USA,Georgia,Home,4,Yes,Website,68,True,4,318663.7725,326526.275,268.38827216190396,2025-08-01,4,2,0,-1
C1051,Individual,Cheryl,Hansen,1958-07-19,F,USA,Virginia,Home,1,Yes,Agency,65,True,3,298324.08666666667,208960.43,285.4355278770435,2024-10-01,3,2,0,-1
C1052,Individual,Kimberly,Parker,1953-04-24,F,USA,Utah,Home,1,Yes,Agency,70,True,4,252000.135,256952.775,306.12137055351894,2025-03-01,4,2,0,-1
C1053,Individual,Adam,Kim,1974-11-10,M,Mexico,Nuevo Leon,Home,2,Yes,Website,49,True,3,426992.3,416396.32,313.1594809077357,2025-06-01,3,1,1,-1
C1054,Individual,Edward,Foster,1989-09-04,M,USA,Arizona,Home,2,Yes,Website,34,True,3,279306.86000000004,315005.02,318.5971653034283,2025-11-01,3,2,0,-1
C1055,Individual,Jonathan,Bennett,1972-11-20,M,USA,New York,Investment,2,Yes,Website,51,True,3,270499.5933333333,230136.01,287.2751317727363,2025-08-01,3,2,0,-1
C1056,Individual,Larry,Wilson,1979-01-19,M,USA,Colorado,Home,1,Yes,Website,44,True,3,478784.25666666665,476221.14,273.1451540331124,2025-02-01,3,1,1,-1
C1057,Individual,Jesse,Garcia,1994-04-17,M,USA,Nevada,Investment,5,No,Website,29,False,4,357648.3825,337275.43000000005,284.0846420812627,2025-02-01,4,2,0,-1
C1058,Individual,Rachel,Weaver,1973-06-12,F,Germany,Bavaria,Home,3,Yes,Website,50,True,4,381501.955,406444.165,320.5533224872499,2025-12-01,4,1,1,-1
C1059,Individual,Danielle,Davis,1978-06-26,F,USA,California,Home,4,No,Website,45,False,3,422326.5866666666,457443.89,298.61536509265187,2025-11-01,3,1,1,-1
C1060,Individual,Christian,Evans,1940-12-25,M,USA,Nevada,Home,5,No,Agency,83,False,3,389208.3933333333,367291.58,292.84046366410996,2025-11-01,3,1,0,-1
C1061,Individual,Stephanie,Smith,1960-06-01,F,UK,Scotland,Home,1,No,Website,63,False,4,422441.8225,455850.61,295.5438986749776,2025-07-01,4,1,1,-1
C1062,Individual,Billy,Foster,1975-12-20,M,USA,California,Home,4,No,Agency,48,False,4,441720.6325,446820.4,310.5227475029277,2024-08-01,4,1,1,-1
C1063,Individual,Nicole,Weaver,1988-12-05,F,USA,New York,Investment,5,Yes,Website,35,True,3,438606.98,439922.56,331.43911501254087,2024-11-01,3,1,0,-1
C1064,Individual,Brandon,Pierce,1945-08-06,M,USA,California,Home,5,Yes,Website,78,True,3,231811.59,207033.36,280.86082373635776,2025-12-01,3,2,0,-1
C1065,Individual,Mark,Reyes,1955-01-06,M,USA,Georgia,Home,3,Yes,Client,69,True,3,369210.4466666667,444680.77,291.9173313852005,2025-04-01,3,1,1,-1
C1066,Individual,Ashley,Moore,1941-09-21,F,Australia,Victoria,Home,1,No,Website,82,False,4,302217.1925,259802.445,301.5513813972149,2025-12-01,4,2,0,-1
C1067,Individual,Samuel,Howard,1942-12-24,M,Mexico,Jalisco,Investment,4,No,Agency,81,False,3,283000.4533333333,265976.26,315.0468330999723,2025-04-01,3,2,0,-1
C1068,Individual,Kathleen,Carter,1984-02-10,F,USA,California,Home,3,No,Agency,39,False,3,467943.77,521136.09,289.7214368698945,2025-11-01,3,1,1,-1
C1069,Individual,Lawrence,Cox,1992-06-13,M,USA,Virginia,Home,3,Yes,Agency,31,True,3,441253.6133333333,542510.83,303.44639679224434,2025-06-01,3,1,1,-1
C1070,Individual,Virginia,Rogers,1951-06-26,F,Germany,Bavaria,Home,5,No,Agency,72,False,3,428755.0466666667,452617.95,291.8865314648721,2025-11-01,3,1,1,-1
C1071,Individual,Aaron,Johnson,1966-08-11,M,USA,Texas,Home,2,No,Agency,57,False,4,261843.905,253104.055,294.39774298838563,2025-02-01,4,2,0,20
C1072,Individual,Kimberly,Jones,1962-06-10,F,USA,Utah,Home,3,No,Agency,61,False,3,276628.31,248127.36,288.56963894241676,2025-11-01,3,2,0,-1
C1073,Individual,Carl,Collins,1955-07-02,M,USA,California,Investment,2,No,Website,68,False,4,299452.2075,308533.45999999996,315.7428127942344,2025-08-01,4,2,0,-1
C1074,Individual,George,Foster,1954-07-10,M,UK,Northern Ireland,Home,1,No,Website,69,False,3,334900.14999999997,305183.98,306.02898987266514,2025-06-01,3,2,0,-1
C1075,Individual,Carolyn,Watson,1975-02-17,F,Mexico,Baja California,Home,3,No,Website,48,False,4,294600.02,284872.245,291.1346820030751,2025-08-01,4,2,0,-1
C1076,Individual,Betty,Thompson,1980-10-28,F,USA,Florida,Investment,3,No,Agency,43,False,3,294723.14666666667,288304.74,303.95564128129627,2025-05-01,3,2,0,-1
C1077,Individual,Peter,Griffin,1982-03-07,M,USA,Texas,Investment,2,No,Agency,41,False,4,366862.31,346250.44,300.2193199381815,2025-07-01,4,2,0,-1
C1078,Individual,Joshua,Howard,1940-07-22,M,USA,Ohio,Home,1,No,Agency,83,False,3,415779.19333333336,404553.77,317.94679041186913,2025-08-01,3,1,1,-1
C1079,Individual,Steven,Hayes,1959-06-19,M,USA,California,Investment,4,Yes,Website,64,True,3,383742.77,362372.68,285.64249887077904,2025-08-01,3,1,0,-1
C1080,Individual,Hannah,Stewart,1956-10-06,F,UK,England,Investment,4,No,Agency,67,False,4,398698.88,453435.44,282.1009486357786,2025-04-01,4,1,0,-1
C1081,Company,Meridian,Co,1974-09-08,M,Russia,Novosibirsk,Home,4,Yes,Agency,49,True,3,335528.23333333334,413894.32,279.70752797696326,2024-12-01,3,1,0,-1
C1082,Individual,Patricia,Martin,1993-02-04,F,USA,Oregon,Investment,5,Yes,Website,30,True,3,276499.95,281317.87,292.43153921750064,2024-12-01,3,2,0,-1
C1083,Individual,Pamela,Jackson,1950-10-06,F,USA,Colorado,Investment,4,No,Agency,73,False,4,286280.525,303239.20999999996,299.9984868272559,2025-03-01,4,2,0,1
C1084,Individual,Sarah,Hansen,1989-07-27,F,France,Ile-de-France,Home,4,No,Agency,34,False,4,339480.2875,321883.835,303.3563463175702,2025-10-01,4,2,1,-1
C1085,Individual,Sarah,Flores,1947-10-18,F,Australia,Queensland,Investment,1,No,Client,76,False,3,265891.6766666667,259840.79,273.38861448511835,2025-08-01,3,2,0,-1
C1086,Individual,Timothy,Montgomery,1956-03-01,M,USA,Colorado,Home,1,Yes,Website,67,True,4,334956.8175,300275.26,332.96019753387134,2025-11-01,4,2,0,-1
C1087,Individual,Matthew,Owens,1984-01-03,M,USA,Colorado,Home,3,No,Website,40,False,4,469608.3025,481260.105,297.17530966468473,2025-12-01,4,1,1,-1
C1088,Individual,Nicholas,Stewart,1998-09-26,M,USA,Utah,Home,4,Yes,Agency,25,True,3,267423.73,217334.75,298.33613271119646,2025-04-01,3,2,0,-1
C1089,Individual,Madison,Ward,1962-09-17,F,USA,Utah,Home,1,Yes,Website,61,True,4,239836.02,242760.01,293.88221582972517,2025-12-01,4,2,0,-1
C1090,Individual,Laura,Moore,1962-09-07,F,Canada,Alberta,Home,3,Yes,Client,61,True,3,405757.5266666667,471065.82,287.55351459580817,2025-04-01,3,1,1,-1
C1091,Individual,Arthur,Phillips,1984-07-21,M,USA,Nevada,Home,1,Yes,Agency,39,True,3,247265.83,256829.42,289.5807889521602,2025-06-01,3,2,0,-1
C1092,Individual,Terry,Adams,1996-11-24,M,USA,Oregon,Investment,2,No,Website,27,False,3,404416.01666666666,442174.78,290.88400827499936,2025-04-01,3,1,1,-1
C1093,Individual,Adam,Allen,1980-07-13,M,USA,Oregon,Home,1,Yes,Website,43,True,3,268467.61000000004,268667.27,297.64989318099333,2025-06-01,3,2,0,-1
C1094,Individual,Sarah,Cook,1960-02-12,F,USA,Washington,Home,2,Yes,Website,63,True,4,407851.89,348730.455,321.910050441513,2025-06-01,4,1,1,-1
C1095,Individual,Cynthia,Howard,1940-02-26,F,USA,California,Home,3,No,Agency,83,False,4,363591.56,344144.045,287.07973244706454,2024-11-01,4,2,0,-1
C1096,Individual,Grace,Edwards,1965-05-20,F,USA,New York,Home,2,No,Client,58,False,4,439165.4775,430355.46,324.96820599709486,2025-09-01,4,1,1,-1
C1097,Individual,Teresa,Pierce,1962-07-16,F,Canada,Alberta,Home,3,Yes,Agency,61,True,3,354780.9366666667,387052.7,318.3470635810819,2025-12-01,3,1,0,-1
C1098,Individual,Paul,Young,1976-10-24,M,USA,California,Investment,3,No,Client,47,False,3,395924.74333333335,414448.26,309.5473952289038,2025-08-01,3,1,1,-1
C1099,Individual,Joan,Scott,1972-06-26,F,USA,Colorado,Home,3,No,Agency,51,False,4,356625.28,379281.965,309.2715698339898,2025-12-01,4,1,0,4
C1100,Individual,Frank,Thomas,1940-05-14,M,Russia,Novosibirsk,Home,1,No,Website,83,False,4,328556.39749999996,307864.7,310.0783216572116,2025-07-01,4,2,0,-1
C1101,Individual,Matthew,King,1964-01-03,M,Belgium,Flanders,Home,5,No,Website,60,False,4,259478.6075,273197.075,301.7278462138911,2025-02-01,4,2,0,-1
C1102,Company,Harmon,Co,1960-05-06,M,Germany,Berlin,Home,2,No,Agency,63,False,4,312114.0075,272983.62,317.67184899825617,2025-12-01,4,2,0,-1
C1103,Individual,Jose,Johnson,1961-04-27,M,Belgium,Wallonia,Home,4,No,Agency,62,False,4,301710.2025,282180.395,305.2775463875523,2025-08-01,4,2,0,3
C1104,Individual,Christian,Weaver,1998-10-15,M,USA,Utah,Investment,5,Yes,Website,25,True,3,297998.73,289076.11,291.7482554350695,2025-05-01,3,2,0,-1
C1105,Individual,Roger,Ward,1940-01-14,M,USA,Nevada,Home,3,Yes,Website,84,True,4,405877.5775,431244.16,293.87506553912937,2024-09-01,4,1,0,16
C1106,Individual,Sean,Martin,1982-05-16,M,USA,California,Home,1,No,Agency,41,False,3,257833.28333333333,294558.36,307.9397570403658,2025-08-01,3,2,0,-1
C1107,Individual,Frank,Hayes,1948-01-15,M,Canada,British Columbia,Home,1,No,Website,76,False,3,385509.1966666667,380745.79,301.14564940979614,2024-09-01,3,1,1,-1
C1108,Individual,Helen,Ward,1994-01-12,F,Australia,South Australia,Home,4,No,Website,29,False,3,356634.7,349761.45,294.7851453769064,2025-09-01,3,1,0,-1
C1109,Individual,Rebecca,Anderson,1967-09-05,F,USA,California,Home,1,Yes,Client,56,True,4,439241.3425,447647.16,301.4131185315214,2024-10-01,4,1,1,-1
C1110,Individual,Harold,Watson,1977-05-12,M,USA,New York,Home,5,Yes,Website,46,True,4,361364.5825,387381.15,318.9166393822343,2025-11-01,4,1,1,-1
C1111,Company,Corvus,Co,1967-01-23,M,USA,California,Home,4,Yes,Website,56,True,3,295048.7133333333,247793.15,323.9129182993204,2024-10-01,3,2,0,-1
C1112,Individual,Donald,Green,1982-01-05,M,USA,Nevada,Investment,3,Yes,Website,42,True,3,320533.13999999996,377256.14,326.2803977244216,2025-07-01,3,1,0,-1
C1113,Individual,Brenda,Martin,1974-08-18,F,USA,Texas,Investment,2,No,Client,49,False,4,290692.72,246175.815,304.61097821969054,2025-11-01,4,2,0,-1
C1114,Individual,Cheryl,Wood,1992-02-04,F,USA,California,Home,3,No,Website,31,False,3,290941.91,356105.59,268.4954114712071,2024-10-01,3,2,0,-1
C1115,Individual,Joseph,Bell,1973-10-24,M,USA,Colorado,Home,3,Yes,Agency,50,True,3,351533.0633333333,331504.2,316.35871256065496,2025-06-01,3,1,0,-1
C1116,Individual,Angela,Freeman,1991-12-17,F,USA,California,Home,1,Yes,Agency,32,True,3,255650.65,286546.53,291.23958841858274,2025-02-01,3,2,0,-1
C1117,Individual,Rebecca,Patterson,1955-02-23,F,Mexico,Mexico City,Home,5,Yes,Website,68,True,4,287407.3725,268353.355,280.3384349684571,2025-09-01,4,2,0,-1
C1118,Company,Caldera,Co,1969-04-26,M,UK,Scotland,Investment,2,Yes,Website,54,True,3,286456.33,229444.3,290.7041020975858,2024-09-01,3,2,0,-1
C1119,Individual,Larry,Green,1941-03-14,M,USA,Oregon,Home,1,Yes,Website,82,True,3,312901.22,288907.22,327.5590450489572,2025-01-01,3,2,0,-1
C1120,Individual,Kathleen,Carter,1979-07-16,F,USA,Arizona,Home,1,No,Website,44,False,4,342802.8225,361968.56,312.88671385451624,2025-02-01,4,1,1,-1
C1121,Individual,Carolyn,Gray,1985-06-02,F,USA,California,Home,1,No,Client,38,False,3,338220.5933333333,240394.52,291.2511892427533,2024-12-01,3,2,0,-1
C1122,Individual,Judith,Evans,1942-10-04,F,USA,California,Home,4,No,Website,81,False,4,389737.3,367298.485,318.8516883734127,2025-11-01,4,1,1,-1
C1123,Individual,Robert,Pierce,1951-03-11,M,USA,Virginia,Home,5,No,Agency,72,False,3,413923.8133333333,406088.42,323.27364041661014,2025-12-01,3,1,1,-1
C1124,Individual,Sharon,Murray,1976-02-04,F,USA,Oregon,Investment,5,Yes,Website,47,True,4,318047.5025,283092.015,306.10616888588527,2025-03-01,4,2,0,2
C1125,Individual,Ronald,Price,1941-02-03,M,USA,Oregon,Home,3,No,Agency,82,False,3,395635.69333333336,425502.86,307.51701187478665,2025-09-01,3,1,1,-1
C1126,Company,Elara,Co,1983-02-16,M,USA,Virginia,Home,1,Yes,Website,40,True,3,297829.39999999997,258779.74,292.2085361059286,2024-07-01,3,2,0,-1
C1127,Individual,Ann,Cooper,1943-06-15,F,UK,England,Investment,1,No,Website,80,False,3,279576.13333333336,280293.38,300.49428607077675,2025-10-01,3,2,0,-1
C1128,Individual,Brian,Montgomery,1983-12-05,M,USA,California,Investment,1,No,Website,40,False,3,395544.8433333333,384736.43,296.58207301336256,2025-07-01,3,1,1,-1
C1129,Individual,Martha,Hansen,1945-09-03,F,USA,Colorado,Investment,5,No,Agency,78,False,4,365781.315,386669.755,289.99242072016574,2025-04-01,4,2,0,-1
C1130,Individual,Tiffany,Parker,1987-03-01,F,USA,Arizona,Home,5,No,Website,36,False,4,331554.2525,244409.92,321.0255612779805,2025-10-01,4,2,0,-1
C1131,Individual,Cheryl,Kim,1984-05-28,F,USA,California,Investment,3,No,Website,39,False,3,403500.26333333337,440294.2,304.22771450311956,2024-10-01,3,1,1,-1
C1132,Individual,Terry,Roberts,1982-01-21,M,USA,New York,Home,2,Yes,Website,41,True,3,461300.42333333334,415927.28,316.1775561422482,2025-08-01,3,1,1,-1
C1133,Individual,Jason,Hansen,1993-01-21,M,USA,Oregon,Investment,3,No,Website,30,False,4,356754.98,353107.235,300.5105741068888,2025-11-01,4,2,0,-1
C1134,Individual,Dorothy,Bennett,1943-10-10,F,USA,California,Investment,1,No,Website,80,False,4,272145.945,214916.82,305.8142695003933,2025-12-01,4,2,0,-1
C1135,Individual,Melissa,Phillips,1999-09-22,F,Russia,Moscow Oblast,Investment,5,Yes,Client,24,True,3,395360.9166666667,390460.54,310.18037672015083,2024-10-01,3,1,1,-1
C1136,Individual,Shirley,Weaver,1965-04-27,F,USA,California,Home,3,Yes,Agency,58,True,3,338948.2133333333,349579.55,333.70262237392313,2025-10-01,3,1,0,-1
C1137,Individual,Carol,Price,1986-12-24,F,USA,Nevada,Home,4,Yes,Agency,37,True,3,371634.1433333333,288427.44,324.2515926101251,2025-10-01,3,1,0,-1
C1138,Individual,George,Green,1964-08-24,M,USA,Oregon,Home,1,No,Website,59,False,3,280200.9733333333,266754.6,295.5658414604464,2024-03-01,3,2,0,-1
C1139,Individual,Tiffany,Green,1996-03-03,F,USA,California,Home,4,Yes,Client,27,True,3,432460.86333333334,490784.82,309.4276922307376,2025-08-01,3,1,1,-1
C1140,Individual,Billy,Jackson,1976-07-01,M,USA,Florida,Home,1,Yes,Website,47,True,3,425269.9033333333,476244.3,330.9722053529248,2025-12-01,3,1,1,-1
C1141,Individual,Kimberly,Montgomery,2000-01-26,F,USA,Arizona,Investment,3,No,Website,23,False,3,330080.7766666667,366080.74,303.3971991818051,2025-12-01,3,1,1,-1
C1142,Individual,Julia,Hughes,1948-03-10,F,USA,Colorado,Home,2,Yes,Agency,75,True,4,373170.0325,369631.955,305.6875216980184,2024-12-01,4,1,0,-1
C1143,Individual,Michael,Garcia,1994-09-10,M,USA,Arizona,Home,2,Yes,Website,29,True,3,369443.2233333333,365164.05,279.2478375354422,2025-10-01,3,1,1,-1
C1144,Individual,Diane,Young,1978-11-10,F,USA,Georgia,Investment,4,No,Client,45,False,4,311166.53,293144.28,302.4560159525921,2024-09-01,4,2,0,-1
C1145,Individual,Ethan,King,1993-04-04,M,USA,Nevada,Home,5,No,Website,30,False,3,372950.10333333333,318619.68,290.8141502077893,2025-09-01,3,2,0,-1
C1146,Individual,Richard,Weaver,1991-03-14,M,USA,California,Investment,2,No,Website,32,False,3,345941.4766666667,340442.96,301.5674926151485,2025-10-01,3,1,0,-1
C1147,Individual,Brittany,Edwards,1978-02-09,F,USA,Utah,Home,3,No,Website,45,False,3,301771.61333333334,229942.63,283.68967137156125,2025-09-01,3,2,0,-1
C1148,Individual,Joshua,Rogers,1991-07-15,M,Australia,New South Wales,Home,1,Yes,Agency,32,True,3,361225.8566666667,295506.38,294.26408327270445,2025-01-01,3,2,0,-1
C1149,Individual,Kimberly,Thomas,1980-03-06,F,Russia,Tatarstan,Home,3,No,Agency,43,False,4,319362.4975,298363.37,304.88114561528886,2025-03-01,4,2,0,6
C1150,Individual,Tiffany,Cook,1992-11-08,F,USA,Nevada,Investment,4,No,Agency,31,False,3,492323.43333333335,516408.12,318.31597010486763,2025-11-01,3,1,1,-1
C1151,Individual,Tyler,Anderson,1963-12-14,M,USA,Arizona,Investment,2,No,Website,60,False,4,440000.085,477513.015,323.3665425556313,2024-12-01,4,1,1,-1
C1152,Individual,Jason,Williams,1977-09-16,M,USA,Georgia,Home,1,No,Website,46,False,4,413732.08,418340.27,305.277426135718,2025-05-01,4,1,1,-1
C1153,Individual,Scott,Sanders,1991-09-14,M,USA,California,Home,1,No,Website,32,False,3,335876.6666666667,300788.15,284.8708308993425,2025-09-01,3,2,0,-1
C1154,Individual,Jerry,Brown,1956-07-12,M,USA,Utah,Home,5,Yes,Agency,67,True,4,343472.49,331228.85,296.23350884925514,2025-10-01,4,2,0,-1
C1155,Individual,William,Young,1977-03-03,M,USA,California,Home,5,No,Website,46,False,3,525875.0,510616.13,314.40356525425926,2025-11-01,3,1,1,-1
C1156,Individual,Dorothy,Kim,1956-05-16,F,USA,Virginia,Home,4,No,Agency,67,False,3,286652.22000000003,235532.69,287.8408123810682,2025-11-01,3,2,0,-1
C1157,Individual,Kenneth,Davis,1944-11-02,M,Canada,Alberta,Investment,2,No,Website,79,False,4,223520.095,211939.555,310.20801691089594,2025-09-01,4,2,0,-1
C1158,Individual,Joan,Pierce,1955-05-19,F,USA,California,Investment,2,No,Website,68,False,3,313786.76333333337,187580.54,311.26917145987926,2025-05-01,3,2,0,-1
C1159,Individual,Gerald,Howard,1940-03-24,M,USA,Nevada,Investment,1,Yes,Website,83,True,3,390183.64,359054.49,334.37478955160805,2025-09-01,3,1,0,-1
C1160,Individual,Walter,Griffin,1980-11-21,M,USA,Florida,Home,2,Yes,Website,43,True,4,339856.46499999997,327385.395,319.87916910180417,2025-01-01,4,2,0,-1
C1161,Individual,Stephen,White,1994-02-12,M,Canada,Alberta,Investment,3,Yes,Website,29,True,4,505604.0775,548818.915,337.438142645512,2024-11-01,4,1,1,-1
C1162,Individual,Charles,Nelson,1962-01-25,M,USA,California,Investment,2,No,Website,61,False,4,279055.9075,232558.11,322.6787424380419,2025-04-01,4,2,0,-1
C1163,Individual,Noah,Morales,1998-10-26,M,USA,California,Home,3,Yes,Website,25,True,4,300677.295,283483.115,274.5996436629596,2025-07-01,4,2,0,-1
C1164,Individual,Emma,Watson,1968-04-11,F,Belgium,Wallonia,Home,3,Yes,Agency,55,True,4,328821.7575,347962.42500000005,279.92191536959746,2025-12-01,4,2,0,-1
C1165,Individual,Victoria,Alexander,1994-09-26,F,Russia,Moscow Oblast,Home,1,No,Website,29,False,3,323568.4666666666,272621.22,302.49355231312893,2025-12-01,3,2,0,-1
C1166,Individual,Scott,Hall,1991-11-15,M,USA,New York,Investment,1,No,Website,32,False,4,290900.4475,305995.575,311.1239477513616,2024-11-01,4,2,0,-1
C1167,Individual,Kevin,Alexander,1967-12-20,M,UK,Scotland,Home,3,No,Website,56,False,3,387701.61,356216.19,322.91920266086953,2025-08-01,3,1,0,-1
C1168,Individual,Brittany,Reyes,1998-12-25,F,Germany,Hamburg,Home,2,Yes,Agency,25,True,4,270267.2975,260990.81,303.7050205160196,2024-12-01,4,2,0,-1
C1169,Individual,Noah,Bryant,1994-01-05,M,Russia,Saint Petersburg,Home,5,Yes,Agency,30,True,4,225075.055,248145.67,272.46330534254247,2025-02-01,4,2,0,-1
C1170,Individual,Amanda,Collins,1990-02-09,F,USA,Nevada,Home,1,Yes,Website,33,True,4,291488.905,318120.205,298.4031524399469,2024-12-01,4,2,0,-1
C1171,Individual,Anna,Patterson,1984-08-21,F,USA,California,Investment,4,Yes,Website,39,True,4,390452.3125,441766.125,296.6143175015088,2025-11-01,4,1,1,-1
C1172,Individual,Victoria,Freeman,1942-11-05,F,USA,Nevada,Home,5,No,Website,81,False,4,310068.6975,315185.245,308.84872209858736,2025-05-01,4,2,0,-1
C1173,Individual,Cheryl,Price,1984-11-02,F,Canada,Manitoba,Investment,1,No,Website,39,False,4,315268.0425,322768.66500000004,308.0241842217684,2025-08-01,4,2,0,-1
C1174,Individual,Kenneth,White,1982-07-06,M,USA,Nevada,Home,2,No,Agency,41,False,4,353699.7475,390641.305,284.4852213227559,2025-10-01,4,2,1,-1
C1175,Individual,Evelyn,Long,1959-09-27,F,USA,California,Home,2,No,Website,64,False,4,441558.155,431731.895,298.57039201485236,2025-10-01,4,1,1,-1
C1176,Individual,Lauren,Baker,1975-06-03,F,USA,California,Investment,4,Yes,Agency,48,True,3,334442.9633333333,316522.59,293.1328929065208,2024-10-01,3,2,1,-1
C1177,Individual,Larry,Sanders,1998-09-05,M,USA,California,Investment,2,No,Agency,25,False,4,261806.0675,255584.01,326.498763844369,2024-08-01,4,2,0,-1
C1178,Individual,Jessica,Richardson,1950-07-16,F,USA,California,Home,1,No,Agency,73,False,3,248217.02333333332,187337.33,303.42108571012227,2025-01-01,3,2,0,-1
C1179,Individual,Melissa,Anderson,1991-02-09,F,USA,California,Home,4,No,Agency,32,False,3,282717.34,270484.0,279.8786312107401,2024-11-01,3,2,0,-1
C1180,Individual,Deborah,Miller,1995-07-11,F,Belgium,Brussels,Home,2,Yes,Website,28,True,4,277772.31,250031.95,272.55931153295217,2025-12-01,4,2,0,-1
C1181,Individual,Judith,Hansen,1956-03-23,F,USA,Nevada,Investment,5,No,Website,67,False,3,247907.77,199578.85,260.87602996615857,2025-06-01,3,2,0,-1
C1182,Individual,Christopher,Murray,1961-03-11,M,Germany,Bavaria,Investment,3,Yes,Website,62,True,4,380545.845,372293.65,298.7934167813669,2025-07-01,4,1,1,-1
C1183,Individual,Carl,Rogers,1993-11-14,M,USA,Arizona,Investment,1,No,Website,30,False,4,341148.47,305076.4,309.3699818243346,2025-11-01,4,2,0,-1
C1184,Individual,David,Nelson,1953-04-14,M,France,Ile-de-France,Home,2,No,Website,70,False,3,166751.87666666668,169191.18,271.22767547077206,2025-08-01,3,2,0,-1
C1185,Individual,Ronald,Peterson,2000-06-27,M,USA,California,Home,3,No,Website,23,False,4,304642.7475,322316.83999999997,299.6790493624279,2025-06-01,4,2,0,-1
C1186,Individual,Victoria,Bennett,1978-06-27,F,USA,Nevada,Home,3,Yes,Website,45,True,3,380384.6533333333,284157.87,305.3714238326145,2025-01-01,3,2,1,-1
C1187,Individual,Melissa,Pierce,1962-03-18,F,USA,Nevada,Home,4,No,Website,61,False,3,365846.41,326386.96,337.616288257039,2025-03-01,3,1,0,-1
C1188,Individual,Matthew,White,1995-11-01,M,Canada,Alberta,Home,1,No,Client,28,False,4,359383.8125,334850.24,300.65439754483594,2025-11-01,4,2,0,-1
C1189,Individual,Peter,Alexander,1963-01-22,M,USA,Florida,Home,2,Yes,Client,60,True,4,295073.7725,293821.765,300.4820655775108,2025-04-01,4,2,0,9
C1190,Individual,Sandra,Baker,1946-08-04,F,USA,Texas,Home,4,No,Client,77,False,4,339667.255,354962.13,305.30990759703985,2025-09-01,4,2,0,-1
C1191,Individual,Mary,Cox,1950-04-17,F,USA,California,Investment,3,No,Website,73,False,3,365179.60333333333,407901.41,273.7011135282778,2025-09-01,3,1,1,-1
C1192,Individual,Adam,Jones,2000-01-05,M,USA,Florida,Home,5,No,Website,24,False,4,277809.485,232005.145,296.25843363984995,2025-11-01,4,2,0,-1
C1193,Individual,Amy,Owens,1975-04-20,F,UK,England,Home,1,No,Website,48,False,4,236699.06,233393.145,323.97836460390846,2025-02-01,4,2,0,-1
C1194,Individual,Melissa,Brooks,1943-06-17,F,USA,Colorado,Home,1,No,Website,80,False,3,361652.51,389495.74,291.0273787399834,2025-12-01,3,1,1,-1
C1195,Individual,Anna,Pierce,1990-06-07,F,USA,California,Home,4,Yes,Agency,33,True,4,279559.7275,238346.585,314.13221148158135,2025-07-01,4,2,0,-1
C1196,Individual,William,Freeman,1955-09-03,M,USA,Nevada,Home,2,No,Agency,68,False,4,432788.44,384149.99,318.69792285710173,2025-11-01,4,1,1,-1
C1197,Individual,Deborah,Roberts,1959-04-10,F,USA,Arizona,Home,4,No,Website,64,False,3,479865.19,502022.4,324.20515294107616,2024-09-01,3,1,1,-1
C1198,Individual,Lisa,Young,1960-01-21,F,USA,New York,Home,1,No,Agency,63,False,3,471797.1966666666,469471.11,306.25621223553867,2025-04-01,3,1,1,-1
C1199,Individual,Justin,Campbell,1943-03-03,M,USA,Colorado,Home,2,No,Website,80,False,4,253250.7225,254131.475,278.0399550907613,2025-04-01,4,2,0,-1
C1200,Individual,Henry,Taylor,1969-11-03,M,USA,Utah,Home,4,No,Agency,54,False,4,447400.3325,462159.645,312.64281043058384,2025-10-01,4,1,1,-1
C1201,Individual,Timothy,Stewart,2000-03-22,M,USA,Oregon,Investment,1,Yes,Website,23,True,4,265958.4775,255971.37,302.40453661508013,2025-09-01,4,2,0,-1
C1202,Company,Telnox,Co,1985-05-09,M,Canada,Quebec,Investment,5,Yes,Website,38,True,4,381778.79,375407.295,300.663913665422,2025-08-01,4,1,0,-1
C1203,Individual,Ashley,Green,1962-01-18,F,USA,Arizona,Home,2,Yes,Website,61,True,3,361126.18333333335,404151.5,272.44314560657284,2024-10-01,3,1,1,-1
C1204,Individual,William,Reed,1992-04-03,M,Mexico,Puebla,Investment,2,Yes,Website,31,True,3,410452.08,354267.31,320.69687146949735,2025-03-01,3,1,1,-1
C1205,Individual,Patrick,Pierce,1959-05-15,M,Belgium,Flanders,Home,4,No,Website,64,False,3,322707.79333333333,338601.69,298.88923322687873,2025-12-01,3,2,0,-1
C1206,Individual,Melissa,Baker,1957-12-09,F,USA,California,Investment,5,No,Website,66,False,3,313908.73,327517.83,286.47864012438447,2025-10-01,3,2,0,-1
C1207,Individual,Lauren,Price,1973-10-24,F,USA,Texas,Home,5,Yes,Agency,50,True,4,271098.245,267457.45,271.7832969908455,2025-09-01,4,2,0,14
C1208,Individual,Noah,Ward,1977-11-27,M,USA,Colorado,Home,1,No,Website,46,False,3,425673.2733333334,401193.76,287.0008175123508,2025-07-01,3,1,1,-1
C1209,Individual,Tiffany,Kim,1978-07-01,F,USA,California,Home,4,Yes,Website,45,True,4,300408.2525,329321.365,280.06599653702597,2025-09-01,4,2,0,12
C1210,Individual,Dennis,Cox,1991-06-04,M,USA,California,Investment,1,No,Website,32,False,4,286700.2075,277206.74,324.2114273058785,2025-03-01,4,2,0,-1
C1211,Individual,Kathleen,Owens,1996-07-10,F,Canada,British Columbia,Home,5,Yes,Website,27,True,4,361981.755,345755.245,312.40734862089477,2025-10-01,4,2,0,-1
C1212,Individual,Lawrence,Gray,1957-07-11,M,USA,California,Home,1,No,Agency,66,False,4,263072.69,258056.08,290.03223699889367,2024-12-01,4,2,0,-1
C1213,Individual,Ruth,Martin,1993-08-06,F,Canada,Manitoba,Home,5,No,Website,30,False,3,276487.1866666667,293129.02,307.65103559137043,2025-08-01,3,2,0,-1
C1214,Individual,Jennifer,Peterson,2000-08-10,F,USA,Florida,Home,1,No,Agency,23,False,4,431254.6025,417780.94,295.9589018647372,2025-11-01,4,1,1,-1
C1215,Individual,Charles,Patterson,1994-07-24,M,USA,California,Home,3,No,Website,29,False,3,380141.1266666667,303985.03,334.31623160665356,2024-12-01,3,1,0,-1
C1216,Individual,Martha,Jordan,1997-07-10,F,France,Normandy,Home,4,No,Website,26,False,3,397128.12333333335,357442.82,268.94886008799637,2025-12-01,3,1,1,-1
C1217,Individual,William,Carter,1997-01-05,M,USA,California,Investment,4,Yes,Website,27,True,3,335734.9266666667,341227.9,284.3015209635757,2025-09-01,3,2,0,-1
C1218,Individual,Teresa,Smith,1941-12-28,F,USA,California,Home,1,Yes,Website,82,True,4,327153.39249999996,294654.73,294.14095893216097,2025-09-01,4,2,0,-1
C1219,Individual,Danielle,Howard,1983-12-06,F,USA,Arizona,Home,1,Yes,Website,40,True,3,289136.42333333334,311354.7,272.8212370768839,2025-05-01,3,2,0,-1
C1220,Individual,Christina,Martin,1967-09-08,F,USA,Colorado,Investment,4,Yes,Website,56,True,4,367799.9375,361710.08,291.9967395985485,2025-09-01,4,2,0,-1
C1221,Individual,Cynthia,Thomas,1984-05-23,F,USA,Nevada,Investment,2,No,Agency,39,False,3,451622.9766666666,484595.35,289.2757491815252,2025-07-01,3,1,1,-1
C1222,Individual,Christopher,Taylor,1969-01-07,M,USA,Utah,Home,4,No,Website,55,False,3,439783.2866666666,525796.95,309.677366079583,2024-10-01,3,1,1,-1
C1223,Individual,Sharon,Stone,1952-09-17,F,USA,Washington,Home,4,No,Website,71,False,3,357527.5933333333,349839.43,262.54150288793767,2025-05-01,3,2,0,-1
C1224,Individual,Paul,Carter,1942-06-13,M,USA,New York,Investment,5,Yes,Client,81,True,3,275746.09,260008.44,295.6907716496717,2024-04-01,3,2,0,-1
C1225,Individual,Larry,James,1990-11-10,M,USA,Oregon,Home,2,No,Website,33,False,3,374195.9,292030.79,310.7464336420492,2025-09-01,3,1,0,-1
C1226,Individual,Michael,Sanders,1989-05-01,M,USA,Utah,Home,4,No,Website,34,False,3,324198.71,318562.94,305.26025301274785,2024-10-01,3,2,0,-1
C1227,Individual,Alexander,Reyes,1987-03-13,M,USA,Colorado,Home,3,Yes,Agency,36,True,4,537883.6825,518274.49,321.7925599318375,2024-12-01,4,1,1,-1
C1228,Individual,Joseph,Howard,1954-07-07,M,USA,California,Home,2,No,Website,69,False,3,352906.25666666665,298489.15,322.2225104865599,2025-02-01,3,2,0,-1
C1229,Individual,Madison,Reyes,1994-11-02,F,UK,Scotland,Home,1,Yes,Website,29,True,3,395042.26,374761.15,298.8370474176625,2024-07-01,3,1,1,-1
C1230,Individual,Lawrence,Parker,1985-02-18,M,USA,California,Home,5,No,Client,38,False,3,253324.38333333333,246380.95,322.55301374799575,2025-10-01,3,2,0,-1
C1231,Individual,Betty,Carter,1954-12-09,F,USA,California,Home,2,No,Agency,69,False,3,286568.38999999996,357028.07,305.7026506482377,2025-08-01,3,2,0,-1
C1232,Individual,Mary,Jackson,1989-09-23,F,Canada,British Columbia,Home,3,No,Website,34,False,4,381843.2575,435084.665,326.2271674324686,2025-09-01,4,1,1,-1
C1233,Individual,Brian,Scott,1979-08-05,M,USA,Utah,Home,4,No,Website,44,False,3,312095.93333333335,374103.56,289.2080400743226,2025-09-01,3,2,1,-1
C1234,Individual,Karen,King,1957-01-20,F,USA,Colorado,Investment,1,No,Website,66,False,4,365797.57,360067.45,290.0384746664327,2025-12-01,4,2,0,-1
C1235,Individual,Michael,Morales,1957-05-27,M,USA,Arizona,Home,2,No,Website,66,False,4,317836.02749999997,223852.495,307.73330345087203,2025-02-01,4,2,0,-1
C1236,Individual,Brandon,Cook,1972-08-24,M,USA,Arizona,Home,4,Yes,Website,51,True,4,436941.505,493056.4,312.92944946642984,2024-09-01,4,1,1,-1
C1237,Individual,Helen,Cook,1943-09-25,F,UK,Wales,Investment,4,Yes,Website,80,True,3,229411.24666666667,216692.83,288.7713371436331,2025-05-01,3,2,0,-1
C1238,Individual,Joshua,Bennett,1946-04-22,M,USA,Nevada,Home,1,Yes,Agency,77,True,4,412218.3925,380904.745,311.8664599780692,2025-06-01,4,1,0,-1
C1239,Individual,Catherine,Adams,1953-02-07,F,USA,Oregon,Home,3,No,Agency,70,False,4,364260.27,360854.615,323.4770957834436,2025-09-01,4,1,1,-1
C1240,Individual,Gloria,Wright,1984-11-12,F,USA,Nevada,Investment,4,Yes,Website,39,True,3,339531.48000000004,343497.51,303.2518202383132,2025-02-01,3,2,1,-1
C1241,Individual,Danielle,Martin,1973-08-19,F,USA,California,Home,1,No,Agency,50,False,4,289271.14749999996,279642.27,307.65926372693644,2024-11-01,4,2,0,0
C1242,Individual,Gerald,Collins,1961-09-22,M,USA,California,Home,3,Yes,Website,62,True,3,351947.5933333333,385047.18,310.2434888894541,2024-12-01,3,1,0,-1
C1243,Individual,Jeffrey,Edwards,1948-10-04,M,USA,Colorado,Home,1,No,Website,75,False,4,354875.51,312261.3,283.8858539511572,2025-06-01,4,2,0,-1
C1244,Individual,Joseph,Phillips,1992-06-10,M,USA,Utah,Investment,5,Yes,Website,31,True,3,479436.6433333333,461393.51,319.29948078252545,2025-03-01,3,1,1,-1
C1245,Individual,Edward,Reyes,1963-02-10,M,USA,California,Home,3,Yes,Agency,60,True,3,474173.17,475895.11,312.9667282878813,2025-10-01,3,1,1,-1
C1246,Individual,Joyce,Jackson,1943-05-10,F,Canada,Alberta,Home,2,No,Agency,80,False,3,286661.49,259608.83,292.4466463907468,2025-03-01,3,2,0,-1
C1247,Individual,Judy,Moore,1957-04-09,F,USA,Nevada,Investment,2,No,Website,66,False,4,443604.08,431803.78,300.7467525478454,2025-04-01,4,1,1,-1
C1248,Individual,Sara,Scott,1976-07-04,F,USA,Arizona,Home,3,No,Agency,47,False,3,262298.63,250569.4,292.3046935159251,2025-02-01,3,2,0,-1
C1249,Individual,Janet,James,1971-07-14,F,USA,California,Investment,1,No,Website,52,False,4,322484.66000000003,308573.265,292.20520145045657,2025-10-01,4,2,0,13
C1250,Individual,Jordan,Stewart,1950-04-19,M,USA,Nevada,Home,5,No,Agency,73,False,3,527553.87,514479.75,318.0400190315169,2025-01-01,3,1,1,-1
C1251,Individual,Aaron,Thompson,1975-11-01,M,USA,Texas,Investment,5,No,Website,48,False,4,311678.5925,288714.75,325.50986668573245,2025-07-01,4,2,0,-1
C1252,Individual,Margaret,Cook,1962-02-27,F,USA,Arizona,Home,3,Yes,Website,61,True,3,379224.51666666666,328382.39,314.4196861801559,2025-10-01,3,1,0,-1
C1253,Individual,Jason,Flores,1991-09-24,M,USA,California,Home,2,No,Agency,32,False,3,255720.74,272856.78,305.13823588122506,2025-01-01,3,2,0,-1
C1254,Individual,Ethan,Freeman,1956-04-04,M,USA,California,Home,5,Yes,Agency,67,True,4,401012.72,432393.65,312.472453631792,2025-04-01,4,1,1,-1
C1255,Individual,Mark,Patterson,1999-09-15,M,USA,California,Home,3,No,Agency,24,False,4,276282.5475,231056.905,298.30365394936996,2025-05-01,4,2,0,-1
C1256,Company,Triton,Co,1972-02-18,F,USA,California,Investment,4,No,Agency,51,False,3,409097.67333333334,436569.79,305.6422156779153,2025-10-01,3,1,1,-1
C1257,Individual,Michael,Scott,1991-12-22,M,USA,California,Home,5,Yes,Agency,32,True,3,283516.71,258105.88,324.03085908911993,2025-09-01,3,2,0,-1
C1258,Individual,Betty,Stone,1969-06-22,F,USA,Nevada,Home,1,No,Website,54,False,4,253909.0475,258392.01,308.3410129428896,2025-04-01,4,2,0,0
C1259,Individual,William,Edwards,1971-02-19,M,USA,California,Investment,3,Yes,Agency,52,True,4,314191.6275,328292.28,313.1328719668483,2025-12-01,4,2,0,6
C1260,Individual,Elizabeth,Ward,1992-08-24,F,USA,California,Home,2,No,Agency,31,False,4,408362.335,415512.72,292.1552017186309,2025-12-01,4,1,1,-1
C1261,Individual,Patrick,Kim,1976-09-03,M,USA,Utah,Home,3,No,Client,47,False,3,497054.5733333333,475881.66,329.50647394430507,2025-08-01,3,1,1,-1
C1262,Individual,Dorothy,Evans,1950-11-10,F,USA,California,Investment,4,No,Agency,73,False,3,320475.12333333335,358223.33,291.4970216024968,2025-02-01,3,2,0,-1
C1263,Individual,Lawrence,Alexander,1951-11-17,M,USA,California,Investment,3,No,Agency,72,False,4,493846.0500000001,514940.455,306.38051030033876,2025-10-01,4,1,1,-1
C1264,Individual,Sarah,Garcia,1999-12-06,F,USA,California,Investment,1,No,Agency,24,False,3,429057.82,443019.3,305.40494135681024,2024-10-01,3,1,1,-1
C1265,Individual,Gary,White,1943-03-24,M,USA,Washington,Home,1,Yes,Agency,80,True,3,356810.98666666663,346882.78,269.3053599047053,2025-08-01,3,2,1,-1
C1266,Individual,Christopher,Hughes,1952-06-20,M,UK,England,Home,2,No,Website,71,False,4,301072.9325,310649.53,273.05266723833233,2025-10-01,4,2,0,-1
C1267,Individual,Dorothy,Peterson,1965-04-07,F,USA,Colorado,Home,3,Yes,Website,58,True,3,466644.6266666667,470821.82,303.8631917164992,2024-12-01,3,1,1,-1
C1268,Individual,Gloria,Green,1995-10-01,F,UK,Northern Ireland,Investment,1,Yes,Website,28,True,3,322976.0833333333,383070.84,324.3330013936697,2025-01-01,3,1,0,-1
C1269,Individual,Jack,Bennett,1964-09-28,M,USA,California,Home,5,No,Website,59,False,3,348845.0,270210.04,300.8931992785535,2025-11-01,3,2,0,-1
C1270,Individual,Cheryl,Ward,1978-10-18,F,USA,Texas,Home,4,No,Agency,45,False,3,436811.8433333333,393927.21,297.1370165750943,2025-01-01,3,1,1,-1
C1271,Individual,Noah,Anderson,1992-09-10,M,USA,California,Home,2,Yes,Agency,31,True,4,324227.9625,340346.13,301.85823978883417,2025-06-01,4,2,0,8
C1272,Individual,Ryan,Collins,1941-05-13,M,France,Occitanie,Home,1,Yes,Website,82,True,3,259610.26666666663,257050.56,289.1932404531524,2025-04-01,3,2,0,-1
C1273,Individual,Gerald,Jordan,1968-05-13,M,Canada,Alberta,Home,5,No,Website,55,False,3,487360.1066666667,518178.17,303.63608223036954,2025-12-01,3,1,1,-1
C1274,Individual,Linda,Jones,1979-07-09,F,USA,California,Investment,1,Yes,Website,44,True,3,346277.2833333334,389362.89,299.1460353623706,2025-11-01,3,1,1,-1
C1275,Individual,Jessica,Roberts,1969-02-26,F,USA,Georgia,Investment,1,No,Website,54,False,4,434398.25,451538.5,329.1616939102863,2025-10-01,4,1,1,-1
C1276,Individual,Arthur,Griffin,1940-03-09,M,Australia,Victoria,Home,1,Yes,Agency,83,True,3,545305.99,542356.68,310.85377441242235,2025-03-01,3,1,1,-1
C1277,Individual,Lauren,Griffin,1981-04-01,F,USA,California,Investment,2,No,Agency,42,False,3,423416.8933333333,434958.41,341.3806389579295,2025-12-01,3,1,1,-1
C1278,Individual,Arthur,Griffin,1997-07-25,M,USA,Utah,Home,4,No,Website,26,False,3,228529.27,181508.78,288.96790493337113,2025-05-01,3,2,0,-1
C1279,Individual,Peter,Martin,1943-10-12,M,USA,California,Home,4,Yes,Website,80,True,3,426041.1966666667,446685.14,313.1094319023571,2025-07-01,3,1,1,-1
C1280,Individual,Jacob,Bennett,1953-09-19,M,USA,Texas,Home,2,Yes,Website,70,True,3,431945.56,447987.25,305.86676104336146,2025-06-01,3,1,1,-1
C1281,Individual,Deborah,Edwards,1998-06-12,F,Canada,Manitoba,Investment,2,Yes,Website,25,True,3,296437.38,366010.6,318.30616978040996,2025-10-01,3,1,0,-1
C1282,Individual,Ashley,Taylor,1996-05-18,F,USA,Colorado,Investment,3,Yes,Agency,27,True,4,325749.65,341779.15,289.6247087677826,2025-09-01,4,2,0,-1
C1283,Individual,Janice,Collins,1945-11-08,F,USA,New York,Home,3,No,Agency,78,False,4,369762.735,305131.885,301.009826635721,2025-05-01,4,2,0,-1
C1284,Individual,Patrick,Bennett,1955-10-16,M,USA,California,Home,2,No,Website,68,False,4,360966.3775,327798.98,317.99538178504724,2025-12-01,4,2,0,-1
C1285,Individual,Steven,Cox,1954-03-02,M,USA,Utah,Home,4,Yes,Website,69,True,3,536530.86,563644.13,317.97700810134893,2025-11-01,3,1,1,-1
C1286,Individual,Stephen,Evans,1963-07-10,M,USA,California,Home,5,No,Agency,60,False,3,401102.3033333333,399238.3,332.2095544408267,2025-03-01,3,1,1,-1
C1287,Individual,Diane,Hughes,1998-04-07,F,USA,California,Investment,4,No,Website,25,False,3,281193.79,214979.96,308.4147183841683,2025-10-01,3,2,0,-1
C1288,Individual,Sean,Cooper,1941-01-20,M,Belgium,Wallonia,Home,3,No,Agency,83,False,3,323712.23000000004,307100.4,277.8947408503251,2025-12-01,3,2,0,-1
C1289,Individual,Samuel,Freeman,1973-07-26,M,Mexico,Jalisco,Investment,1,Yes,Agency,50,True,4,269040.46499999997,208458.83,305.854787325517,2025-07-01,4,2,0,0
C1290,Individual,Teresa,Long,1973-10-24,F,USA,Washington,Home,3,Yes,Website,50,True,4,333108.22750000004,309654.17000000004,270.47420585362784,2025-12-01,4,2,0,-1
C1291,Individual,Paul,Johnson,1983-11-09,M,USA,California,Investment,5,Yes,Website,40,True,3,374467.82,337474.44,299.60436198853193,2025-04-01,3,1,1,-1
C1292,Individual,Jordan,Evans,1977-05-22,M,USA,Texas,Investment,5,Yes,Website,46,True,4,274841.485,262884.2,274.33317746180415,2025-08-01,4,2,0,14
C1293,Individual,Anna,Wright,1972-08-01,F,USA,California,Home,1,No,Agency,51,False,4,463392.52,474490.795,298.7271183873049,2025-04-01,4,1,1,-1
C1294,Individual,Henry,Davis,1963-02-09,M,Canada,Ontario,Investment,3,Yes,Agency,60,True,3,406844.4266666667,407851.43,297.3926954853702,2024-08-01,3,1,1,-1
C1295,Individual,Anna,Bryant,1992-04-21,F,USA,California,Investment,1,Yes,Website,31,True,4,369709.1425,335153.8,304.8354152752629,2024-06-01,4,2,0,-1
C1296,Individual,Keith,Hughes,1963-06-02,M,USA,Virginia,Home,1,No,Website,60,False,3,341709.23666666663,392024.6,311.53304235834355,2024-08-01,3,1,0,-1
C1297,Company,Vertex,Co,1983-09-06,M,Germany,Berlin,Home,5,No,Website,40,False,3,389955.39666666667,451844.69,309.0064273458236,2025-11-01,3,1,1,-1
C1298,Individual,Margaret,Taylor,1968-08-04,F,USA,California,Home,2,No,Agency,55,False,4,392840.0275,438528.435,307.0306964319474,2025-10-01,4,1,1,10
C1299,Individual,Karen,James,1944-05-05,F,USA,California,Investment,3,No,Website,79,False,3,432200.14,462942.84,300.4144260558383,2024-07-01,3,1,1,-1
C1300,Individual,Judith,Collins,1961-01-06,F,USA,California,Home,2,No,Website,63,False,3,476256.96,557626.79,327.8824297941291,2025-05-01,3,1,1,-1
C1301,Individual,Benjamin,Hayes,1955-12-17,M,USA,Virginia,Home,2,No,Agency,68,False,3,247379.96,237072.9,293.7312978586513,2024-08-01,3,2,0,-1
C1302,Individual,Jerry,Anderson,1996-04-19,M,USA,Arizona,Investment,5,No,Website,27,False,4,427383.15,492205.1999999999,284.1023184671226,2024-09-01,4,1,1,-1
C1303,Individual,Christian,Miller,1962-08-22,M,USA,Arizona,Home,3,Yes,Website,61,True,3,326472.99333333335,350764.21,299.57634677232915,2025-07-01,3,2,1,-1
C1304,Individual,Angela,Cook,1985-06-08,F,USA,California,Investment,1,No,Website,38,False,3,321915.9366666667,301000.32,306.67764956984564,2025-04-01,3,2,0,-1
C1305,Individual,Catherine,Anderson,1978-09-17,F,USA,Georgia,Home,4,No,Website,45,False,4,258547.725,259398.85,299.27468051423875,2025-10-01,4,2,0,-1
C1306,Individual,Kathleen,Morales,1948-03-18,F,USA,Washington,Home,5,No,Website,75,False,3,322364.92,375764.01,290.93227144910253,2025-05-01,3,2,0,-1
C1307,Individual,Rachel,Rogers,1993-02-14,F,USA,Colorado,Home,5,No,Agency,30,False,3,306813.00666666665,316833.18,304.6236470594258,2025-11-01,3,2,0,-1
C1308,Individual,Timothy,Sanders,2000-03-04,M,USA,California,Investment,5,No,Agency,23,False,4,340889.7825,278088.23,319.931721150569,2025-12-01,4,2,0,-1
C1309,Individual,David,Reyes,1999-12-06,M,USA,California,Home,5,No,Website,24,False,3,486723.8033333334,471855.64,290.92731892630866,2025-07-01,3,1,1,-1
C1310,Individual,Ann,Roberts,1955-05-04,F,USA,New York,Home,5,No,Agency,68,False,4,311083.53500000003,316382.97,291.1520688348928,2024-12-01,4,2,0,-1
C1311,Individual,Christopher,Ward,1940-08-14,M,UK,England,Home,4,Yes,Client,83,True,3,450758.5466666667,491342.08,326.23548483949776,2025-08-01,3,1,1,-1
C1312,Individual,Timothy,Stone,1942-09-03,M,USA,New York,Home,5,No,Website,81,False,3,262292.35333333333,224375.63,329.94846757785575,2025-05-01,3,2,0,-1
C1313,Individual,Heather,Reed,1972-03-17,F,Australia,Western Australia,Investment,3,No,Website,51,False,3,332526.5366666667,372948.3,289.73778648242074,2025-09-01,3,2,1,-1
C1314,Individual,Rachel,Miller,1964-09-17,F,USA,Arizona,Home,3,No,Website,59,False,3,267776.41,202489.6,261.0676098183861,2024-12-01,3,2,0,-1
C1315,Individual,Joshua,Garcia,1948-12-24,M,USA,Colorado,Home,3,No,Agency,75,False,3,355436.16,353716.12,307.1590436536374,2025-09-01,3,1,0,-1
C1316,Individual,Emma,King,1993-05-09,F,USA,Colorado,Home,2,Yes,Website,30,True,4,309540.7425,278254.41000000003,300.45395318273955,2025-12-01,4,2,0,-1
C1317,Company,Atlas,Co,1973-11-27,M,USA,Utah,Home,2,Yes,Website,50,True,3,438400.04,508239.14,296.24345786098615,2025-03-01,3,1,1,-1
C1318,Individual,William,Montgomery,1943-01-18,M,USA,Texas,Home,1,No,Website,81,False,4,355980.995,369503.74,300.3757528149411,2025-04-01,4,2,0,-1
C1319,Individual,Grace,James,1954-08-17,F,USA,Florida,Home,3,Yes,Client,69,True,4,356176.0325,364657.22,290.8809401794673,2025-03-01,4,2,0,16
C1320,Individual,Peter,Reyes,1969-05-03,M,USA,California,Investment,1,No,Website,54,False,3,359231.01333333337,369834.68,323.8048741477655,2024-11-01,3,1,0,-1
C1321,Individual,Christopher,Reed,1990-09-11,M,USA,Colorado,Investment,5,No,Client,33,False,3,262615.79,253352.93,304.56986247039276,2024-07-01,3,2,0,-1
C1322,Individual,Barbara,Reyes,1994-12-26,F,USA,California,Home,5,No,Agency,29,False,3,364675.4466666666,387981.26,292.15441842982426,2025-04-01,3,1,1,-1
C1323,Individual,Nicholas,Moore,1963-07-28,M,USA,Utah,Home,3,No,Website,60,False,4,295163.65,264402.13,298.6410425683013,2025-10-01,4,2,0,-1
C1324,Individual,Carl,Edwards,1992-04-21,M,USA,Arizona,Investment,2,Yes,Agency,31,True,3,441102.17,426236.07,300.30225741864166,2025-09-01,3,1,1,-1
C1325,Individual,George,Jones,1974-12-09,M,Canada,Alberta,Home,5,Yes,Agency,49,True,4,345073.14,348504.385,320.3033579820976,2025-06-01,4,2,1,-1
C1326,Individual,Brandon,Mitchell,1944-05-22,M,USA,Colorado,Investment,4,No,Website,79,False,4,372394.5025,339895.83999999997,300.06743547413544,2025-02-01,4,2,0,1
C1327,Individual,Betty,Carter,1993-05-14,F,USA,California,Home,4,Yes,Website,30,True,3,221339.27,191594.66,292.82933553308914,2025-06-01,3,2,0,-1
C1328,Individual,Sandra,Cooper,1956-07-23,F,USA,Washington,Home,4,No,Website,67,False,4,334320.8225,369345.58,284.79646614467947,2025-12-01,4,2,0,-1
C1329,Individual,Scott,Parker,1968-04-28,M,USA,California,Investment,3,Yes,Agency,55,True,3,347265.85333333333,381719.77,301.08908711795453,2024-12-01,3,1,1,18
C1330,Individual,Kelly,James,1975-05-02,F,USA,Colorado,Investment,2,No,Agency,48,False,4,208774.2175,202787.05,299.70040435410067,2025-01-01,4,2,0,-1
C1331,Individual,Christina,Bennett,1986-10-06,F,USA,California,Investment,1,No,Agency,37,False,3,349319.37,316622.87,314.860411129258,2025-11-01,3,1,0,-1
C1332,Individual,Michael,Howard,1995-12-11,M,USA,Washington,Investment,5,Yes,Agency,28,True,3,409117.87666666665,387086.2,305.320634007784,2024-08-01,3,1,1,-1
C1333,Individual,Jack,Hansen,1988-03-27,M,USA,Nevada,Investment,2,Yes,Website,35,True,4,341077.6125,343704.825,293.01872950107156,2024-12-01,4,2,0,-1
C1334,Individual,Victoria,Nelson,1965-12-08,F,USA,California,Home,5,Yes,Agency,58,True,4,476660.445,484944.645,306.4526823583849,2025-12-01,4,1,1,-1
C1335,Individual,Elizabeth,Hall,1982-05-01,F,USA,Oregon,Investment,2,Yes,Website,41,True,3,333836.86000000004,240782.75,306.6020443465909,2025-05-01,3,2,0,-1
C1336,Individual,Joyce,Thompson,1948-12-09,F,USA,California,Home,5,No,Client,75,False,4,342897.85,363211.4,294.8303500368349,2025-07-01,4,2,0,-1
C1337,Individual,Jennifer,Johnson,1953-09-20,F,USA,California,Investment,5,No,Website,70,False,4,327747.4275,312119.77,303.425307452761,2025-02-01,4,2,0,15
C1338,Individual,Christine,James,1968-12-01,F,USA,California,Home,2,Yes,Website,55,True,3,365606.2133333333,261951.73,307.751875840346,2025-04-01,3,2,0,-1
C1339,Company,Rexon,Co,1961-02-24,M,USA,Nevada,Home,4,Yes,Website,62,True,4,383085.1575,414496.005,290.9089417657924,2025-08-01,4,1,0,-1
C1340,Company,Forsyte,Co,1988-12-05,M,USA,Colorado,Home,5,No,Website,35,False,4,436512.4825,462232.54,306.7401245691841,2025-12-01,4,1,1,-1
C1341,Individual,Julie,Cox,1952-09-23,F,USA,Colorado,Home,5,Yes,Website,71,True,3,252231.61,186077.63,270.53927769192296,2024-11-01,3,2,0,-1
C1342,Individual,Maria,Griffin,1964-02-21,F,USA,California,Home,1,Yes,Agency,59,True,3,307574.0633333333,354323.8,307.87871084804675,2025-01-01,3,2,0,-1
C1343,Individual,Megan,Turner,1995-03-13,F,Canada,Ontario,Home,5,No,Agency,28,False,3,335049.54666666663,272070.17,289.85841278382395,2025-10-01,3,2,0,-1
C1344,Individual,Carl,Phillips,1974-05-24,M,USA,Florida,Home,1,No,Agency,49,False,4,329872.73,318448.45,289.83749201743683,2025-10-01,4,2,0,13
C1345,Individual,Mary,Parker,1956-04-25,F,USA,Texas,Home,5,No,Website,67,False,3,314155.80333333334,236365.7,295.62836927054275,2025-09-01,3,2,0,-1
C1346,Company,Triton,Co,1987-03-18,F,USA,Colorado,Investment,4,No,Agency,36,False,3,345874.4633333334,384227.84,320.6485349916175,2024-04-01,3,1,1,-1
C1347,Individual,Mark,James,1956-02-13,M,USA,Washington,Home,2,No,Client,67,False,3,333901.82666666666,361601.95,309.31487016254704,2025-02-01,3,1,0,-1
C1348,Individual,Peter,Harris,1998-07-16,M,USA,Oregon,Home,4,Yes,Client,25,True,3,340436.6433333333,324556.46,287.7346955860514,2025-09-01,3,2,0,-1
C1349,Individual,Joyce,Johnson,1982-02-14,F,USA,Virginia,Investment,3,No,Website,41,False,3,257728.78,245523.79,273.63708542091894,2025-01-01,3,2,0,-1
C1350,Individual,Julia,King,1991-05-17,F,Germany,Hamburg,Home,5,No,Website,32,False,4,185824.22,184358.35,294.8533286176711,2025-09-01,4,2,0,-1
C1351,Individual,Judith,Long,1987-06-24,F,Australia,South Australia,Home,2,No,Client,36,False,4,350114.3525,328424.87,288.6164119503805,2025-11-01,4,2,0,-1
C1352,Individual,Benjamin,Gray,1989-03-16,M,USA,California,Home,2,Yes,Agency,34,True,3,511987.7266666666,490828.61,311.06421416171185,2025-07-01,3,1,1,-1
C1353,Individual,Debra,Jackson,1997-10-15,F,Canada,Alberta,Home,1,No,Agency,26,False,3,177532.74666666667,142187.57,308.89892717930564,2025-02-01,3,2,0,-1
C1354,Individual,Patrick,Johnson,1941-04-09,M,USA,Florida,Home,5,No,Website,82,False,3,515266.64666666667,462346.45,301.367849241984,2025-12-01,3,1,1,-1
C1355,Individual,Shirley,Owens,1966-11-22,F,USA,California,Investment,2,Yes,Client,57,True,3,415148.9266666666,427154.66,277.206870923407,2025-11-01,3,1,1,-1
C1356,Individual,Jonathan,Morales,1994-03-26,M,USA,Oregon,Investment,4,No,Agency,29,False,3,496745.87333333335,521054.42,300.76576021619985,2025-06-01,3,1,1,-1
C1357,Individual,Danielle,Patterson,1987-03-01,F,USA,California,Home,5,Yes,Website,36,True,3,359127.8466666667,285360.69,320.9627754281345,2025-04-01,3,2,0,-1
C1358,Individual,Gregory,Taylor,1943-01-05,M,USA,Texas,Home,4,No,Agency,81,False,3,321726.9433333333,383350.47,295.3570386561734,2025-12-01,3,2,0,-1
C1359,Individual,Gary,Owens,1975-07-25,M,USA,Virginia,Home,3,No,Agency,48,False,4,345333.825,291105.24,310.61690685222595,2024-07-01,4,2,0,6
C1360,Individual,Billy,Nelson,1990-11-27,M,USA,Virginia,Home,4,No,Agency,33,False,3,333668.8466666667,312462.36,299.83423564259164,2025-11-01,3,2,0,-1
C1361,Individual,Ashley,Owens,1943-07-21,F,USA,California,Home,3,No,Client,80,False,4,382315.075,394488.055,298.72811827632455,2024-07-01,4,1,0,16
C1362,Individual,Laura,Jordan,1965-04-13,F,USA,California,Investment,1,Yes,Agency,58,True,4,248282.96,198262.68,288.1338062523594,2025-07-01,4,2,0,-1
C1363,Individual,James,Stone,1981-06-04,M,USA,Georgia,Home,5,Yes,Agency,42,True,4,277479.83999999997,239335.56,298.65794388005617,2025-04-01,4,2,0,-1
C1364,Individual,Andrea,Watson,1998-12-23,F,USA,California,Investment,1,No,Website,25,False,4,300394.7325,344436.67,267.8716477111817,2024-09-01,4,2,0,-1
C1365,Individual,Tiffany,Sanders,1969-03-16,F,Belgium,Brussels,Investment,5,Yes,Website,54,True,4,360973.505,351268.56,288.78153177318814,2025-06-01,4,2,0,-1
C1366,Individual,George,Thompson,1995-07-27,M,USA,California,Home,1,No,Website,28,False,3,496175.0433333333,512721.62,295.09422620894026,2024-11-01,3,1,1,-1
C1367,Individual,Stephanie,Jordan,1953-01-11,F,Germany,Berlin,Home,2,No,Client,71,False,3,345296.5,276785.44,313.19543331816163,2025-04-01,3,2,0,-1
C1368,Individual,Jose,Gray,1947-11-22,M,USA,California,Home,5,Yes,Client,76,True,4,344744.8725,361194.795,324.28681644399717,2025-05-01,4,1,1,-1
C1369,Individual,Peter,Garcia,1983-10-07,M,France,Brittany,Home,4,Yes,Agency,40,True,4,403848.53,407442.65,303.1426698017808,2025-12-01,4,1,1,-1
C1370,Individual,Frank,Evans,1965-06-04,M,USA,Colorado,Investment,1,No,Agency,58,False,4,208664.8075,217985.28,296.83280519668,2025-08-01,4,2,0,-1
C1371,Individual,Timothy,Thomas,1989-06-19,M,UK,England,Home,2,Yes,Website,34,True,4,259170.2975,267264.88,283.828197605474,2025-12-01,4,2,0,-1
C1372,Individual,Lisa,Turner,1981-11-21,F,USA,Washington,Investment,2,No,Website,42,False,3,291624.26666666666,248810.04,283.43809920276067,2024-12-01,3,2,0,-1
C1373,Individual,Melissa,Evans,1992-10-11,F,USA,California,Home,3,Yes,Website,31,True,3,425221.09,344895.35,347.7696713686618,2025-03-01,3,1,0,-1
C1374,Company,Quasar,Co,1990-01-25,M,France,Ile-de-France,Home,3,Yes,Agency,33,True,3,410196.76,362011.56,311.0989886774999,2025-11-01,3,1,1,-1
C1375,Individual,Carolyn,Flores,1972-11-22,F,USA,California,Investment,4,Yes,Agency,51,True,4,274295.59750000003,280988.385,278.3924761574727,2025-07-01,4,2,0,12
C1376,Individual,Carolyn,Edwards,1987-06-23,F,USA,Arizona,Investment,3,Yes,Agency,36,True,3,424129.0999999999,424519.13,283.3309734301966,2025-08-01,3,1,1,-1
C1377,Individual,Laura,Long,1984-01-04,F,USA,Utah,Investment,2,No,Website,40,False,3,276147.13666666666,288299.66,323.406319351847,2025-10-01,3,2,0,-1
C1378,Individual,Maria,Morales,1976-11-19,F,USA,California,Investment,1,No,Website,47,False,3,466579.9566666667,421867.31,314.37888073539654,2025-08-01,3,1,1,-1
C1379,Individual,Kevin,Gray,1970-06-11,M,UK,Scotland,Home,2,No,Website,53,False,3,275922.5633333333,327686.08,253.9385363632223,2024-10-01,3,2,0,-1
C1380,Individual,Michael,Hughes,1949-10-15,M,Canada,Alberta,Investment,4,No,Website,74,False,3,337514.06,348106.05,321.70851505298106,2025-08-01,3,1,0,-1
C1381,Individual,Eric,Cox,1962-06-16,M,Germany,Hesse,Home,3,Yes,Website,61,True,3,360879.97,276441.24,323.4200440739846,2025-01-01,3,2,0,-1
C1382,Individual,Adam,James,1951-05-19,M,USA,Oregon,Home,2,No,Website,72,False,4,294227.5325,324693.75,289.6867868165497,2025-04-01,4,2,0,-1
C1383,Individual,Noah,Moore,1992-11-11,M,USA,California,Home,2,No,Agency,31,False,3,288256.2766666667,338810.07,319.1447580090689,2025-11-01,3,2,0,-1
C1384,Individual,Mary,Young,1988-03-10,F,USA,California,Home,2,Yes,Agency,35,True,3,301826.68,296758.78,300.22268174276223,2025-09-01,3,2,0,-1
C1385,Individual,Kenneth,Owens,1946-06-01,M,USA,California,Home,1,No,Agency,77,False,3,394327.6766666667,317901.09,315.5606573875795,2025-03-01,3,1,0,-1
C1386,Individual,Harold,Howard,1947-08-23,M,USA,Washington,Home,4,Yes,Website,76,True,3,428122.26,533937.17,297.0928843357579,2025-09-01,3,1,1,-1
C1387,Individual,Jose,Reed,1943-05-27,M,Germany,Hamburg,Investment,4,No,Website,80,False,3,268183.49,172998.05,294.2920370958322,2024-10-01,3,2,0,-1
C1388,Individual,Hannah,Stone,1999-04-20,F,USA,Washington,Home,3,No,Website,24,False,3,394343.6866666667,483705.16,295.9077826970037,2025-12-01,3,1,1,-1
C1389,Individual,Jordan,Montgomery,1952-07-03,M,UK,Scotland,Home,2,No,Website,71,False,4,435630.7075,409542.14,332.82889280812594,2025-07-01,4,1,1,-1
C1390,Individual,Lauren,Thomas,1979-07-21,F,USA,Nevada,Home,3,No,Website,44,False,3,302164.0633333333,284965.13,312.16237881778284,2025-09-01,3,2,0,-1
C1391,Individual,Barbara,Campbell,1974-03-06,F,USA,Utah,Home,1,No,Website,49,False,4,394906.995,347674.905,293.221415458873,2025-08-01,4,1,0,-1
C1392,Individual,Jose,Johnson,1990-06-05,M,USA,Colorado,Home,4,Yes,Agency,33,True,4,358744.55000000005,348110.05500000005,316.3477678989435,2025-12-01,4,1,0,-1
C1393,Individual,Virginia,Miller,1981-07-09,F,Mexico,Baja California,Investment,1,No,Agency,42,False,4,296949.9975,265640.82499999995,300.9699791342987,2025-02-01,4,2,0,0
C1394,Individual,Debra,Hansen,1977-02-26,F,USA,Nevada,Home,4,No,Website,46,False,4,331351.15,342900.795,338.24849420095643,2025-07-01,4,1,0,-1
C1395,Individual,Megan,Campbell,1988-09-27,F,Canada,Alberta,Investment,4,No,Website,35,False,4,374491.23,360169.56,298.330563007414,2025-07-01,4,1,1,-1
C1396,Individual,Steven,Foster,1971-06-02,M,Canada,Manitoba,Investment,3,Yes,Website,52,True,3,325690.04,306939.29,299.10393131276413,2024-09-01,3,2,0,-1
C1397,Individual,Linda,Chavez,1983-03-10,F,USA,Nevada,Home,4,No,Website,40,False,4,387842.4575,382103.65,322.77712929203545,2025-05-01,4,1,1,-1
C1398,Individual,Alexander,Jones,1966-12-13,M,USA,California,Home,5,Yes,Website,57,True,3,308848.57,302112.82,266.04769183145544,2025-05-01,3,2,0,-1
C1399,Individual,Lauren,Evans,1978-08-23,F,Canada,British Columbia,Home,5,No,Agency,45,False,4,314903.74,241340.73,294.4519351741127,2025-11-01,4,2,0,-1
C1400,Individual,Maria,Jones,1991-10-24,F,UK,Northern Ireland,Home,4,No,Client,32,False,4,286548.635,294134.035,305.0892113884579,2025-04-01,4,2,0,7
C1401,Individual,Virginia,Brooks,1999-03-24,F,USA,Virginia,Investment,1,No,Website,24,False,4,305880.9275,314808.855,304.87269128671323,2025-12-01,4,2,0,-1
C1402,Individual,Helen,Jordan,1968-09-28,F,USA,Utah,Home,3,No,Agency,55,False,4,348539.9825,316032.645,308.3155927686012,2025-08-01,4,2,0,4
C1403,Individual,Pamela,Scott,1983-09-22,F,USA,Oregon,Home,2,No,Website,40,False,4,365837.6725,310181.01,298.77504906617276,2025-12-01,4,2,0,-1
C1404,Individual,Sharon,Williams,1950-07-22,F,USA,California,Home,4,No,Agency,73,False,4,298419.51,321814.345,293.38581779206373,2025-05-01,4,2,0,1
C1405,Individual,Ryan,Williams,1955-06-08,M,USA,Oregon,Home,5,No,Agency,68,False,3,435574.11999999994,385358.62,300.1765985835861,2025-12-01,3,1,1,-1
C1406,Individual,Sara,Wood,1970-09-01,F,USA,California,Home,3,No,Website,53,False,4,341103.3625,334412.0,292.83609949320567,2025-10-01,4,2,0,-1
C1407,Individual,Sharon,Hansen,1956-03-22,F,USA,California,Home,1,No,Agency,67,False,4,357429.27249999996,376666.35,321.81110918967147,2025-09-01,4,1,1,-1
C1408,Company,Grandis,Co,1963-11-13,F,USA,California,Home,2,No,Agency,60,False,4,336258.935,300378.70499999996,300.25852632419776,2025-08-01,4,2,0,9
C1409,Individual,Katherine,Price,1957-08-01,F,USA,Oregon,Investment,2,No,Website,66,False,3,357600.37333333335,347148.29,319.59152349740117,2025-02-01,3,1,0,-1
C1410,Individual,Jennifer,Edwards,1965-12-16,F,USA,Nevada,Home,2,No,Agency,58,False,4,359799.1225,323923.525,307.80838722111224,2024-12-01,4,2,0,-1
C1411,Individual,Anthony,Watson,1987-04-04,M,USA,California,Home,2,No,Client,36,False,4,329705.79000000004,346076.26,305.1111929428628,2025-11-01,4,2,0,8
C1412,Company,Optima,Co,1985-06-28,F,USA,Nevada,Home,2,No,Agency,38,False,4,374531.3,358423.08999999997,319.1782560511938,2025-12-01,4,1,0,-1
C1413,Individual,Margaret,Rogers,1968-09-18,F,USA,California,Home,4,No,Agency,55,False,4,372266.29,339483.52,263.8251331821692,2025-10-01,4,2,0,-1
C1414,Individual,Michelle,Wright,1975-05-01,F,USA,Florida,Home,4,No,Website,48,False,4,297179.675,265191.21499999997,321.3830908549594,2025-07-01,4,2,0,-1
C1415,Individual,Tyler,Murray,1959-07-14,M,USA,California,Investment,1,No,Website,64,False,3,249599.08666666667,268561.28,280.4393855022754,2025-07-01,3,2,0,-1
C1416,Individual,Bryan,Peterson,1954-07-01,M,USA,Oregon,Home,2,No,Agency,69,False,3,472688.7966666667,560968.54,323.14009613968216,2024-12-01,3,1,1,-1
C1417,Individual,Dennis,Williams,1953-10-26,M,UK,Scotland,Home,5,No,Website,70,False,3,341007.16,252203.89,304.16747497947966,2025-11-01,3,2,0,-1
C1418,Individual,Kyle,Cox,1954-04-06,M,USA,Ohio,Investment,2,No,Website,69,False,3,481078.2966666667,540205.3,312.2167070521368,2025-08-01,3,1,1,-1
C1419,Individual,Jason,Peterson,1971-08-08,M,Germany,Hamburg,Investment,4,Yes,Website,52,True,4,285901.43,255727.045,316.9954617876365,2025-02-01,4,2,0,-1
C1420,Company,Terova,Co,1981-10-20,M,UK,Wales,Home,5,No,Website,42,False,4,299214.1725,296199.725,314.74054100358313,2025-02-01,4,2,0,2
C1421,Individual,James,Jones,1957-11-14,M,USA,Colorado,Home,1,No,Website,66,False,3,312852.39666666667,274210.46,285.13158002401656,2024-09-01,3,2,0,-1
C1422,Individual,Billy,Hansen,1955-01-15,M,USA,Florida,Investment,1,Yes,Website,69,True,4,508141.2775,477953.035,325.12661754679567,2024-11-01,4,1,1,-1
C1423,Individual,Jack,Brooks,1955-09-21,M,UK,Northern Ireland,Home,4,Yes,Website,68,True,4,455694.59,500835.735,304.29811013204437,2025-10-01,4,1,1,-1
C1424,Individual,Judy,Harris,1954-03-12,F,USA,Utah,Home,2,Yes,Agency,69,True,3,460918.8566666667,486946.4,311.0601813697586,2025-11-01,3,1,1,-1
C1425,Individual,Raymond,Taylor,1971-12-16,M,Belgium,Flanders,Home,3,No,Website,52,False,3,483187.77333333326,543741.11,314.2388366836658,2025-11-01,3,1,1,-1
C1426,Individual,Christina,Campbell,1964-05-20,F,USA,Washington,Home,2,No,Website,59,False,4,427274.545,480058.14,281.3329516342789,2025-12-01,4,1,1,-1
C1427,Individual,Julia,Richardson,1955-05-10,F,Australia,Victoria,Home,5,No,Website,68,False,4,344659.0525,340821.37,304.2647367234449,2025-08-01,4,2,0,15
C1428,Individual,Nicole,Allen,1953-12-05,F,USA,Oregon,Home,4,Yes,Agency,70,True,4,284013.135,253153.59000000003,303.1437065301845,2025-11-01,4,2,0,1
C1429,Individual,Jesse,Stewart,1991-10-01,M,USA,Nevada,Investment,5,No,Agency,32,False,4,424387.5025,470016.91,296.0390082148649,2024-08-01,4,1,1,-1
C1430,Individual,Patrick,Allen,1963-09-11,M,USA,Nevada,Home,4,No,Website,60,False,3,309487.73333333334,257213.45,302.30540532128686,2025-09-01,3,2,0,-1
C1431,Individual,Melissa,Griffin,1943-07-01,F,Germany,Hesse,Home,3,Yes,Website,80,True,4,405039.9325,416363.755,294.31092622036033,2025-10-01,4,1,0,16
C1432,Individual,Larry,Weaver,1951-12-26,M,USA,Utah,Home,3,No,Agency,72,False,3,287794.58,290170.99,280.5723045676737,2025-12-01,3,2,0,-1
C1433,Individual,Christian,Mitchell,1953-04-12,M,Germany,Hamburg,Home,4,No,Website,70,False,3,452703.68999999994,392122.42,301.8286471674962,2025-03-01,3,1,1,-1
C1434,Company,Terova,Co,1985-06-25,F,USA,California,Investment,5,No,Agency,38,False,4,259660.0125,192422.385,280.66256486581585,2025-12-01,4,2,0,-1
C1435,Individual,Zachary,Morales,1967-04-08,M,USA,Texas,Investment,2,No,Agency,56,False,3,301255.29,352780.59,306.85415306784034,2025-07-01,3,2,0,-1
C1436,Individual,Kyle,Wright,1998-10-09,M,USA,California,Home,2,No,Website,25,False,3,323305.73,305312.51,328.2224337089137,2025-10-01,3,2,0,-1
C1437,Individual,Gerald,Stewart,1997-04-08,M,USA,Arizona,Investment,5,No,Agency,26,False,4,417237.145,392753.825,316.56522818730286,2025-07-01,4,1,1,-1
C1438,Individual,Benjamin,Taylor,1988-08-04,M,USA,California,Home,2,Yes,Agency,35,True,3,418371.6666666667,445333.44,311.81769669548936,2025-06-01,3,1,1,-1
C1439,Individual,Helen,Morales,2000-10-14,F,USA,Virginia,Home,2,No,Agency,23,False,3,346894.27,414990.91,299.2165849851361,2025-07-01,3,1,1,-1
C1440,Individual,Mary,Phillips,1952-07-20,F,USA,Colorado,Investment,2,No,Agency,71,False,3,300337.80666666664,262212.19,312.59193529757385,2025-04-01,3,2,0,-1
C1441,Individual,Helen,Campbell,1945-09-08,F,USA,California,Investment,5,No,Website,78,False,3,400592.5933333333,422353.15,299.77777473901716,2025-10-01,3,1,1,-1
C1442,Individual,Timothy,Foster,2000-06-17,M,USA,Colorado,Home,2,Yes,Client,23,True,3,335782.9166666667,249297.36,297.3387751031688,2025-12-01,3,2,0,-1
C1443,Individual,Betty,Hughes,1979-11-22,F,USA,Florida,Home,2,No,Website,44,False,3,348449.37000000005,229209.92,312.6904479895455,2025-03-01,3,2,0,-1
C1444,Individual,Frank,Alexander,1981-06-25,M,USA,Colorado,Home,3,No,Website,42,False,3,363210.56666666665,385864.39,309.89794039598473,2025-08-01,3,1,1,-1
C1445,Individual,Gregory,Hall,1988-07-26,M,USA,Florida,Home,5,No,Website,35,False,4,312284.7275,344914.89,311.85896251718844,2025-03-01,4,2,0,-1
C1446,Individual,Amber,Gray,1951-12-09,F,USA,Ohio,Home,4,No,Website,72,False,4,387705.1225,338366.855,282.12305197898206,2025-01-01,4,2,0,-1
C1447,Individual,Janet,Rogers,1972-05-14,F,USA,Nevada,Investment,4,Yes,Client,51,True,4,343102.225,335823.325,300.87864555065676,2025-09-01,4,2,0,19
C1448,Individual,Henry,Ward,1959-03-15,M,Russia,Tatarstan,Home,1,No,Website,64,False,4,305326.155,287558.635,310.0261833663882,2025-09-01,4,2,0,-1
C1449,Individual,Nicole,Cox,1999-06-14,F,USA,California,Investment,5,No,Website,24,False,3,370185.83,306962.07,300.02809628023556,2025-01-01,3,2,0,-1
C1450,Individual,Pamela,White,1996-04-06,F,USA,Virginia,Home,5,No,Website,27,False,3,342836.5333333333,354490.38,330.50035181845584,2025-08-01,3,1,0,-1
C1451,Individual,Hannah,Turner,1983-10-19,F,USA,California,Home,1,No,Website,40,False,4,382418.33,416243.55,308.9886930825248,2025-12-01,4,1,1,-1
C1452,Individual,Kelly,Edwards,1993-08-05,F,Belgium,Wallonia,Home,3,No,Client,30,False,3,440001.92333333334,430665.65,295.65286266710586,2025-07-01,3,1,1,-1
C1453,Individual,Kenneth,Stone,1981-10-07,M,USA,California,Home,2,No,Agency,42,False,3,381681.6333333333,465247.02,302.5763924117034,2025-06-01,3,1,1,-1
C1454,Individual,Ann,Kim,1948-05-23,F,USA,California,Investment,1,No,Client,75,False,3,396275.14666666667,447783.62,302.1319212510687,2024-10-01,3,1,1,-1
C1455,Individual,Christina,Nelson,1989-06-15,F,USA,Colorado,Home,3,Yes,Agency,34,True,3,328664.1433333333,269484.63,328.95864543315975,2025-06-01,3,2,0,-1
C1456,Company,Quasar,Co,1992-06-26,F,USA,Oregon,Investment,1,Yes,Website,31,True,4,399713.3875,433364.64,306.4595679787559,2025-09-01,4,1,1,-1
C1457,Individual,Julie,Foster,1949-01-27,F,USA,California,Home,3,Yes,Agency,74,True,4,384301.265,390590.6999999999,322.5246216007684,2025-10-01,4,1,1,-1
C1458,Individual,Keith,Reed,1950-09-16,M,USA,Arizona,Home,1,No,Website,73,False,3,305973.8466666667,289745.77,323.36335122868644,2025-07-01,3,2,0,-1
C1459,Individual,Terry,Hall,1949-09-28,M,USA,Arizona,Home,5,No,Website,74,False,4,389063.37,382336.455,281.76842860276616,2025-12-01,4,2,0,-1
C1460,Individual,Pamela,Long,1972-12-05,F,UK,England,Home,1,Yes,Agency,51,True,4,392347.6725,388463.025,301.2160297680804,2025-07-01,4,1,0,-1
C1461,Individual,Gloria,Reyes,1944-01-13,F,USA,California,Home,5,No,Website,80,False,4,376991.7175,344651.775,294.65289273709425,2025-05-01,4,2,0,-1
C1462,Individual,Virginia,Allen,1984-04-19,F,Germany,Hamburg,Investment,3,No,Agency,39,False,4,305082.78,241863.05,309.07038935922253,2025-12-01,4,2,0,-1
C1463,Individual,Lawrence,Ward,1943-12-28,M,USA,California,Home,2,Yes,Website,80,True,4,409761.0,409615.81,302.06418749892663,2025-06-01,4,1,0,-1
C1464,Individual,Terry,Weaver,1940-01-25,M,USA,Arizona,Home,1,No,Website,83,False,3,364939.56,324503.53,330.4418595121292,2025-07-01,3,1,0,-1
C1465,Individual,Edward,Stewart,1990-07-09,M,USA,Ohio,Home,3,Yes,Website,33,True,3,437397.1566666667,494231.73,300.5316615488964,2025-08-01,3,1,1,-1
C1466,Individual,Ashley,Howard,1999-08-28,F,Belgium,Flanders,Investment,2,No,Website,24,False,4,346956.7875,319717.47,328.1210552680937,2025-09-01,4,2,1,-1
C1467,Individual,Rebecca,Adams,1951-07-19,F,USA,California,Home,5,No,Client,72,False,3,253784.42,195607.16,302.2165301319923,2024-10-01,3,2,0,-1
C1468,Individual,Jason,Martin,1940-08-24,M,Canada,Manitoba,Home,3,No,Website,83,False,3,357484.0233333334,431255.44,294.75098457522006,2024-06-01,3,1,1,-1
C1469,Individual,Keith,Richardson,1970-05-17,M,USA,Colorado,Home,1,No,Website,53,False,3,504040.5466666667,477598.19,327.2079411120867,2025-09-01,3,1,1,-1
C1470,Individual,Alexander,Richardson,1940-05-27,M,USA,Colorado,Investment,3,Yes,Agency,83,True,3,480227.4033333333,494576.31,304.4043350910646,2024-05-01,3,1,1,-1
C1471,Individual,Judith,Williams,1940-05-24,F,UK,Northern Ireland,Home,1,Yes,Website,83,True,4,262147.19,261399.825,331.0608088131045,2025-12-01,4,2,0,-1
C1472,Individual,Paul,Flores,1991-03-23,M,USA,Washington,Home,1,No,Website,32,False,4,402580.2175,373535.685,322.59002526256074,2025-07-01,4,1,1,-1
C1473,Individual,Maria,Freeman,1974-03-14,F,USA,California,Home,2,No,Agency,49,False,4,353825.185,262999.59,336.1945799047344,2025-02-01,4,2,0,-1
C1474,Individual,Kevin,Brown,1969-04-10,M,USA,Oregon,Home,3,No,Website,54,False,4,390858.6175,409238.23,297.35612211570975,2025-11-01,4,1,1,-1
C1475,Individual,Raymond,Brown,1944-08-02,M,Mexico,Jalisco,Home,4,Yes,Agency,79,True,4,394796.5625,378126.98,296.4368907369637,2025-10-01,4,1,0,-1
C1476,Individual,Kevin,Jackson,2000-06-08,M,USA,Nevada,Home,1,No,Agency,23,False,4,376342.355,324298.455,322.5105874998143,2025-10-01,4,1,1,-1
C1477,Company,Zynex,Co,1968-04-10,F,USA,California,Investment,1,No,Agency,55,False,4,262866.73,200641.965,281.8186828524417,2025-11-01,4,2,0,-1
C1478,Individual,Emily,Reed,1958-09-12,F,Canada,British Columbia,Investment,1,No,Agency,65,False,3,321924.24666666664,285774.24,306.9857194616921,2025-02-01,3,2,0,-1
C1479,Individual,Paul,Carter,1968-03-26,M,USA,California,Investment,1,No,Website,55,False,4,318863.8775,238737.21,309.7212538833377,2025-12-01,4,2,0,-1
C1480,Individual,Danielle,White,1985-04-09,F,USA,Virginia,Investment,3,No,Client,38,False,4,366616.9475,349494.43,303.07216392304974,2025-09-01,4,2,1,-1
C1481,Company,Caldera,Co,1984-12-04,F,USA,Arizona,Investment,3,No,Website,39,False,4,264925.22000000003,247967.235,302.0945395261979,2025-05-01,4,2,0,-1
C1482,Individual,Kimberly,Murray,1953-01-24,F,USA,Oregon,Home,2,Yes,Website,70,True,4,416253.7925,372906.845,317.8228762167945,2025-10-01,4,1,1,-1
C1483,Individual,Gary,Hall,1975-06-01,M,USA,Colorado,Home,3,Yes,Agency,48,True,4,457942.405,514747.81000000006,305.1133886249056,2025-11-01,4,1,1,-1
C1484,Individual,Christina,Nelson,1971-10-09,F,USA,Colorado,Home,3,No,Client,52,False,4,279297.9525,251947.195,279.1613172418742,2025-11-01,4,2,0,-1
C1485,Individual,Rachel,Scott,1984-06-26,F,USA,Washington,Investment,4,No,Website,39,False,4,401221.38,420248.76,292.9816807748882,2024-07-01,4,1,1,-1
C1486,Individual,Madison,Campbell,1996-06-14,F,UK,Wales,Home,5,Yes,Website,27,True,3,339795.23,327382.45,292.8673703039761,2024-07-01,3,2,0,-1
C1487,Individual,Sandra,Martin,1965-12-10,F,USA,New York,Home,3,No,Agency,58,False,4,388383.3775,397061.005,297.7811731198733,2025-10-01,4,1,1,-1
C1488,Individual,Keith,Scott,1975-09-07,M,USA,Florida,Investment,2,No,Website,48,False,3,343079.5966666667,363974.2,289.4914294540913,2024-12-01,3,2,1,-1
C1489,Individual,Gloria,Montgomery,1951-03-19,F,USA,Arizona,Home,5,No,Agency,72,False,3,352183.1566666667,344108.77,289.0081924125951,2024-07-01,3,2,0,-1
C1490,Individual,Dennis,Hall,1994-11-06,M,UK,Wales,Investment,5,Yes,Client,29,True,3,287039.92,262390.52,310.25731616493863,2025-02-01,3,2,0,-1
C1491,Individual,Rebecca,Evans,1997-07-10,F,USA,Georgia,Home,4,No,Agency,26,False,4,264187.5075,230601.895,293.3993073211121,2025-05-01,4,2,0,-1
C1492,Individual,Mary,Taylor,1984-12-18,F,Germany,Bavaria,Home,2,No,Agency,39,False,3,436551.83,441147.68,276.4736214807618,2025-11-01,3,1,1,-1
C1493,Individual,Thomas,Bennett,1992-03-16,M,USA,Washington,Home,4,Yes,Agency,31,True,3,288201.87,241793.69,289.6202277618615,2025-12-01,3,2,0,-1
C1494,Individual,Nicholas,Cooper,1996-04-09,M,USA,New York,Home,1,No,Client,27,False,3,304446.0233333333,308919.06,328.08146284347066,2025-11-01,3,2,0,-1
C1495,Individual,Jason,Hughes,1991-11-09,M,Denmark,Capital Region,Home,1,No,Website,32,False,4,514823.17,592045.59,318.4907225562597,2025-08-01,4,1,1,-1
C1496,Individual,Bryan,Patterson,1986-11-15,M,USA,Florida,Home,5,No,Agency,37,False,3,373004.5366666666,257914.02,325.3276497292432,2025-01-01,3,2,0,-1
C1497,Individual,Samuel,Parker,1940-01-13,M,USA,California,Investment,4,No,Agency,84,False,3,264921.77999999997,227118.11,300.49342243566065,2025-12-01,3,2,0,-1
C1498,Individual,Nicole,Carter,1967-02-03,F,Mexico,Puebla,Investment,5,No,Website,56,False,4,285657.9575,265341.82,319.26796185885496,2025-05-01,4,2,0,-1
C1499,Individual,Lauren,Gray,1997-11-04,F,Russia,Saint Petersburg,Home,3,Yes,Agency,26,True,3,440635.18,516604.4,288.32959612880296,2025-08-01,3,1,1,-1
C1500,Individual,Shirley,Ward,1995-01-04,F,Australia,Victoria,Home,2,No,Agency,29,False,4,255074.98,264739.865,301.55758255718763,2024-11-01,4,2,0,-1
C1501,Individual,Brenda,White,1951-12-16,F,USA,Oregon,Investment,4,No,Agency,72,False,3,253759.69333333333,232234.81,293.9057419832944,2025-03-01,3,2,0,-1
C1502,Individual,Elizabeth,Weaver,1994-10-27,F,UK,Wales,Home,5,Yes,Website,29,True,4,261443.085,266305.725,291.9126467750839,2025-01-01,4,2,0,-1
C1503,Company,Triton,Co,1986-08-21,M,USA,Arizona,Investment,5,No,Website,37,False,4,324992.87,251899.805,305.76986301876855,2025-07-01,4,2,0,-1
C1504,Individual,Patrick,Hughes,1946-08-19,M,USA,California,Home,4,No,Website,77,False,3,290601.98666666663,255135.92,298.2924969011381,2025-06-01,3,2,0,-1
C1505,Individual,William,Cook,1994-05-14,M,USA,Virginia,Home,3,No,Agency,29,False,4,253230.515,246648.29,309.21948095717687,2025-12-01,4,2,0,-1
C1506,Individual,Larry,Price,1950-01-11,M,USA,Utah,Investment,3,No,Website,74,False,3,336703.13333333336,349185.44,293.17701824535834,2024-08-01,3,2,0,-1
C1507,Individual,Joyce,Cooper,1951-03-28,F,USA,Florida,Home,3,No,Agency,72,False,4,374916.61,375953.93,296.105598799069,2025-07-01,4,1,0,16
C1508,Individual,Benjamin,Morris,1994-12-03,M,UK,Scotland,Home,3,No,Agency,29,False,4,241320.9475,260141.54,307.13049447062,2025-06-01,4,2,0,-1
C1509,Individual,Rebecca,Campbell,1946-12-16,F,USA,California,Home,3,No,Website,77,False,4,455478.2175,497577.705,310.98598398910434,2024-09-01,4,1,1,-1
C1510,Company,Altira,Co,1962-12-01,M,USA,California,Home,5,No,Agency,61,False,3,268081.0733333333,309531.73,313.11786986632654,2025-12-01,3,2,0,-1
C1511,Individual,Ann,Hansen,1989-07-20,F,France,Provence,Home,2,Yes,Website,34,True,3,364360.2866666666,280402.3,313.13782522532307,2025-03-01,3,2,0,-1
C1512,Individual,Anna,Young,1955-06-18,F,USA,Nevada,Home,4,Yes,Client,68,True,4,302264.2375,299456.53500000003,295.78788460472964,2024-12-01,4,2,0,1
C1513,Individual,Danielle,Morales,1995-06-08,F,USA,Florida,Home,2,No,Website,28,False,3,484088.79,461758.65,314.51644459269636,2025-12-01,3,1,1,-1
C1514,Individual,Linda,Bryant,1986-12-08,F,USA,New York,Home,4,No,Website,37,False,3,403969.51,434337.24,292.4424153622393,2025-04-01,3,1,1,-1
C1515,Individual,Angela,Williams,1946-10-16,F,USA,Nevada,Investment,5,No,Website,77,False,4,358425.88,375067.44,300.017466666214,2025-07-01,4,2,0,-1
C1516,Individual,Grace,Wood,1953-05-23,F,USA,Texas,Home,4,No,Website,70,False,3,230152.30333333337,181906.01,282.5805427279085,2025-09-01,3,2,0,-1
C1517,Individual,Benjamin,Chavez,1978-02-23,M,USA,California,Investment,2,No,Agency,45,False,4,332173.355,354666.505,314.3224112026111,2025-08-01,4,2,0,-1
C1518,Individual,Teresa,Rogers,1994-10-08,F,Australia,Victoria,Home,5,Yes,Agency,29,True,4,240485.71999999997,241265.59499999997,271.8180164903408,2025-06-01,4,2,0,-1
C1519,Individual,Kyle,Freeman,1972-08-19,M,USA,California,Home,1,No,Agency,51,False,4,341747.53250000003,261438.74,314.78140946293524,2025-12-01,4,2,0,-1
C1520,Individual,Patrick,Griffin,1945-12-05,M,USA,Utah,Home,1,No,Website,78,False,4,356367.255,350416.45999999996,298.05669935056414,2025-05-01,4,2,0,-1
C1521,Individual,Bryan,Foster,1973-12-25,M,USA,Nevada,Home,4,No,Agency,50,False,3,304526.47,340093.67,296.9488921952655,2025-12-01,3,2,1,-1
C1522,Individual,Debra,Mitchell,1964-09-14,F,USA,Washington,Home,5,No,Website,59,False,4,399576.245,402016.585,291.99700032189105,2025-10-01,4,1,0,-1
C1523,Company,Horizon,Co,1981-07-22,M,Australia,Victoria,Investment,3,No,Website,42,False,4,413020.98,397986.385,308.4287730196221,2025-12-01,4,1,1,-1
C1524,Individual,Jordan,Wilson,1967-07-24,M,USA,Virginia,Home,2,No,Client,56,False,4,358552.075,309422.53500000003,310.18224336622586,2025-06-01,4,2,0,-1
C1525,Individual,Timothy,Brown,1959-08-24,M,USA,California,Home,1,No,Agency,64,False,3,445585.7266666666,480579.28,290.9902327776977,2025-12-01,3,1,1,-1
C1526,Individual,Victoria,Howard,1956-08-05,F,USA,California,Home,3,No,Website,67,False,3,476443.3833333333,510808.24,298.8037586643884,2025-05-01,3,1,1,-1
C1527,Individual,Martha,Thomas,1989-05-13,F,USA,California,Home,1,No,Agency,34,False,3,331149.01999999996,332875.8,276.3289525019986,2025-06-01,3,2,0,-1
C1528,Individual,Jennifer,Weaver,1997-09-02,F,Germany,Hamburg,Home,1,Yes,Website,26,True,3,352817.56,361775.45,305.66475837574933,2025-12-01,3,1,0,-1
C1529,Company,Helios,Co,1989-04-19,M,USA,California,Home,4,No,Website,34,False,4,403630.725,430138.195,300.44911294307315,2025-11-01,4,1,1,-1
C1530,Individual,Sarah,Wright,1988-11-20,F,USA,California,Home,2,No,Website,35,False,3,337029.25,284280.68,308.5928380611333,2025-06-01,3,2,0,-1
C1531,Individual,Bryan,Cox,1964-03-15,M,France,Brittany,Investment,2,No,Website,59,False,4,318117.7625,306856.77,297.9391163758428,2024-12-01,4,2,0,9
C1532,Individual,Linda,Freeman,1998-09-26,F,USA,Texas,Home,3,Yes,Website,25,True,4,361615.6975,343463.07999999996,309.902778608621,2025-06-01,4,1,0,-1
C1533,Individual,Anthony,Bryant,1988-10-05,M,Canada,British Columbia,Home,4,No,Agency,35,False,4,254781.7725,191334.44,344.03247862808036,2025-07-01,4,2,0,-1
C1534,Individual,Sandra,Pierce,1996-06-08,F,USA,California,Home,4,Yes,Website,27,True,3,398453.2933333333,368136.36,303.77609308440236,2025-10-01,3,1,1,-1
C1535,Individual,Jeremy,Stone,1994-09-03,M,UK,England,Investment,3,No,Agency,29,False,4,491751.365,547537.185,311.3057429808408,2025-09-01,4,1,1,-1
C1536,Individual,Sara,Baker,1982-06-05,F,USA,Washington,Home,3,No,Website,41,False,3,358961.61333333334,263038.44,326.4196675634502,2025-06-01,3,2,0,-1
C1537,Individual,Lisa,Foster,1999-08-04,F,USA,Arizona,Home,5,No,Website,24,False,3,545766.8033333333,546710.43,345.4049857254848,2025-06-01,3,1,1,-1
C1538,Individual,Jessica,Kim,1947-01-07,F,USA,California,Investment,5,No,Website,77,False,3,258514.92666666667,236804.87,285.75111611160736,2025-09-01,3,2,0,-1
C1539,Individual,Terry,Brown,1997-05-13,M,USA,Nevada,Home,1,No,Agency,26,False,3,270482.7866666667,278299.85,272.5672214691155,2025-06-01,3,2,0,-1
C1540,Individual,Roger,Cox,1957-12-02,M,USA,California,Home,2,Yes,Client,66,True,3,280836.89999999997,249497.22,315.45532732347186,2025-06-01,3,2,0,-1
C1541,Individual,Carl,Adams,1964-11-20,M,USA,California,Home,2,No,Website,59,False,4,293404.115,297970.925,304.45242557540735,2025-03-01,4,2,0,9
C1542,Individual,Gary,Cook,1989-07-27,M,USA,Nevada,Home,1,Yes,Website,34,True,3,420549.64,479358.58,310.20797336558843,2025-01-01,3,1,1,-1
C1543,Individual,Virginia,Peterson,1955-11-10,F,USA,New York,Investment,3,No,Agency,68,False,3,399830.10333333333,390611.21,308.065002319388,2025-02-01,3,1,1,-1
C1544,Individual,Heather,Evans,1947-04-27,F,Russia,Tatarstan,Home,3,No,Website,76,False,3,517207.76666666666,553861.15,305.8955791098728,2025-02-01,3,1,1,-1
C1545,Individual,Elizabeth,Price,1992-11-23,F,USA,California,Investment,1,Yes,Website,31,True,3,367270.3833333333,325916.69,292.4366170207845,2024-04-01,3,2,0,-1
C1546,Individual,Sarah,Scott,1966-06-06,F,Mexico,Puebla,Home,4,Yes,Agency,57,True,4,290255.6275,233270.355,330.28443786484144,2024-12-01,4,2,0,-1
C1547,Individual,Margaret,Martin,1975-04-03,F,USA,Florida,Home,2,Yes,Agency,48,True,4,299834.365,300856.73,312.4852459330545,2025-12-01,4,2,0,-1
C1548,Company,Telnox,Co,1967-12-26,M,USA,California,Home,2,Yes,Website,56,True,3,205074.34333333335,188067.0,303.25227189402636,2025-12-01,3,2,0,-1
C1549,Individual,Gary,Reyes,1961-06-15,M,Mexico,Nuevo Leon,Home,4,No,Client,62,False,3,279014.7833333333,258561.18,287.3216267134631,2024-11-01,3,2,0,-1
C1550,Individual,Jason,Rogers,1998-10-01,M,USA,California,Home,2,No,Agency,25,False,4,342191.9475,296741.105,287.565972329854,2025-06-01,4,2,0,-1
C1551,Individual,Aaron,Howard,1991-05-17,M,USA,California,Home,2,No,Agency,32,False,3,417413.5633333333,423474.91,290.61329911843484,2024-10-01,3,1,1,-1
C1552,Individual,Peter,Wilson,1947-04-20,M,USA,California,Investment,2,Yes,Agency,76,True,4,339112.67500000005,324659.73,305.497304095097,2025-09-01,4,2,0,-1
C1553,Company,Horizon,Co,1990-03-27,M,USA,Utah,Home,4,No,Agency,33,False,3,326512.12,279700.41,307.509144213996,2025-08-01,3,2,0,-1
C1554,Individual,Gregory,Cox,1998-03-04,M,Germany,Bavaria,Home,1,No,Website,25,False,3,247344.74666666667,258376.64,362.2549695266313,2025-08-01,3,2,0,-1
C1555,Individual,Julia,Martin,1946-04-25,F,UK,England,Home,5,No,Website,77,False,4,308463.095,283785.35,310.779300285579,2025-08-01,4,2,0,-1
C1556,Individual,Grace,Wood,1982-11-20,F,USA,Colorado,Investment,2,No,Agency,41,False,4,303933.6775,292942.245,299.72891706328323,2025-05-01,4,2,0,17
C1557,Individual,Joan,Griffin,1942-03-15,F,USA,New York,Home,2,Yes,Website,81,True,3,318351.3933333333,245118.66,294.1136841749192,2025-10-01,3,2,0,-1
C1558,Individual,Tyler,Phillips,1944-03-12,M,Mexico,Baja California,Home,4,No,Website,79,False,3,494023.1866666667,463208.89,299.1675367344344,2024-10-01,3,1,1,-1
C1559,Individual,Sara,Mitchell,1975-03-27,F,UK,England,Home,2,No,Website,48,False,3,448602.9566666667,496160.88,315.20816215083465,2025-01-01,3,1,1,-1
C1560,Individual,Christina,Hughes,1940-07-15,F,USA,California,Home,4,Yes,Client,83,True,3,350892.52333333326,347987.67,307.1745356188394,2025-03-01,3,1,0,-1
C1561,Individual,Jeffrey,Green,1964-04-28,M,Mexico,Nuevo Leon,Investment,5,No,Agency,59,False,3,378431.50333333336,360442.2,299.7772032381946,2025-06-01,3,1,1,-1
C1562,Individual,Maria,Morris,1987-07-05,F,USA,California,Home,4,No,Client,36,False,3,393258.44,396890.26,309.62296049534757,2024-11-01,3,1,1,-1
C1563,Individual,Susan,Baker,1987-06-18,F,USA,Utah,Home,5,No,Website,36,False,3,326576.35000000003,392854.2,300.0323390816546,2025-11-01,3,1,1,-1
C1564,Individual,Jason,Wood,1964-11-06,M,USA,Washington,Investment,5,No,Website,59,False,3,531975.1433333333,496840.91,325.39871252771144,2025-12-01,3,1,1,-1
C1565,Individual,Kenneth,Bennett,1980-08-08,M,Mexico,Jalisco,Home,4,No,Agency,43,False,4,285224.805,262665.985,289.9594939432932,2025-01-01,4,2,0,7
C1566,Individual,Anthony,Wilson,1995-01-01,M,USA,California,Home,3,No,Website,29,False,4,362560.1625,335658.03,310.60744607284084,2025-08-01,4,2,0,-1
C1567,Individual,Frank,Wilson,1977-10-11,M,USA,Georgia,Home,4,No,Client,46,False,4,398613.155,446133.485,305.98391049575355,2025-05-01,4,1,1,-1
C1568,Individual,Betty,Owens,1990-03-06,F,USA,California,Home,5,No,Website,33,False,3,457936.03,561592.03,327.3085017325855,2025-06-01,3,1,1,-1
C1569,Individual,Pamela,Turner,1993-11-05,F,USA,California,Investment,1,Yes,Website,30,True,3,391747.5166666666,337265.88,308.3884812829846,2025-09-01,3,1,0,-1
C1570,Individual,Amanda,Williams,1963-12-27,F,USA,Ohio,Home,5,No,Website,60,False,4,367409.6,365212.4,280.4146436360922,2024-03-01,4,2,0,-1
C1571,Individual,Ethan,Morales,1978-06-03,M,USA,California,Home,2,No,Website,45,False,4,310859.99,306516.11,293.49738857779414,2025-11-01,4,2,0,17
C1572,Individual,Donald,Baker,1960-06-10,M,Australia,Queensland,Home,3,No,Agency,63,False,4,221537.38,210992.09,294.4365760502225,2025-05-01,4,2,0,-1
C1573,Individual,Amanda,Richardson,1946-05-07,F,USA,California,Home,1,No,Website,77,False,4,293959.985,284663.105,278.8009064436627,2025-05-01,4,2,0,-1
C1574,Individual,Gary,Morris,1984-08-14,M,USA,California,Home,4,No,Website,39,False,3,398408.3,365604.56,316.0873099894978,2025-03-01,3,1,1,-1
C1575,Individual,Paul,Freeman,2000-12-19,M,USA,California,Home,2,No,Website,23,False,4,348766.79000000004,348681.155,305.25216854782985,2025-10-01,4,2,0,-1
C1576,Individual,Heather,Cook,1977-09-28,F,USA,Nevada,Investment,3,Yes,Website,46,True,4,339884.06,320196.99,306.08915956124895,2025-07-01,4,2,0,6
C1577,Individual,Ethan,Edwards,1983-02-15,M,Germany,Bavaria,Home,3,No,Website,40,False,3,475977.86,429206.12,323.10748399926587,2025-11-01,3,1,1,-1
C1578,Individual,Mark,Turner,1996-03-12,M,USA,California,Investment,2,No,Website,27,False,3,255143.67,262270.44,282.062208343019,2025-12-01,3,2,0,-1
C1579,Individual,Robert,Bell,1945-10-03,M,USA,Arizona,Investment,4,No,Website,78,False,4,275438.39749999996,277175.58999999997,292.06020743088715,2025-10-01,4,2,0,1
C1580,Individual,Jordan,Martin,1997-12-05,M,USA,Georgia,Investment,1,Yes,Website,26,True,4,252208.665,198272.025,287.0755193206537,2025-12-01,4,2,0,-1
C1581,Individual,James,Reyes,1950-11-08,M,USA,California,Investment,1,No,Website,73,False,3,374454.74,373155.57,357.732901316442,2025-04-01,3,1,0,-1
C1582,Individual,Harold,Baker,1955-08-20,M,France,Ile-de-France,Home,4,Yes,Client,68,True,3,343423.00333333336,382332.77,324.03923388426136,2024-10-01,3,1,0,-1
C1583,Individual,Peter,Scott,1968-01-03,M,USA,California,Home,2,No,Agency,56,False,4,344507.6525,358247.355,293.70298451981887,2025-05-01,4,2,1,-1
C1584,Company,Nexus,Co,1985-08-12,M,France,Brittany,Investment,1,Yes,Website,38,True,3,399742.14666666667,441676.48,297.40159781076756,2025-08-01,3,1,1,-1
C1585,Individual,Kevin,Watson,1960-10-10,M,Canada,Ontario,Home,5,No,Website,63,False,4,370002.9775,428502.345,287.5295107115782,2025-02-01,4,1,0,-1
C1586,Individual,Carolyn,Roberts,1967-01-21,F,Germany,Berlin,Home,3,No,Website,56,False,3,372193.2766666667,366605.62,304.21063616367974,2025-04-01,3,1,1,18
C1587,Individual,Carl,Cooper,1943-12-02,M,Canada,Quebec,Investment,4,Yes,Agency,80,True,3,247685.71,207268.0,307.0055131205591,2024-10-01,3,2,0,-1
C1588,Individual,Patricia,Thomas,1980-10-25,F,USA,Utah,Investment,5,No,Website,43,False,3,319067.10333333333,301088.09,290.99480765900927,2025-02-01,3,2,0,-1
C1589,Individual,Christina,Ward,1953-08-12,F,USA,California,Investment,4,No,Agency,70,False,3,460178.9000000001,488040.25,326.88357150381245,2024-06-01,3,1,1,-1
C1590,Company,Elara,Co,1979-06-19,F,USA,Oregon,Home,1,No,Website,44,False,4,367600.9,365566.105,306.1386614218441,2025-07-01,4,1,1,-1
C1591,Individual,Christine,Brooks,1971-08-15,F,USA,California,Investment,4,No,Website,52,False,4,419078.245,437945.18,310.2898916332747,2025-10-01,4,1,1,-1
C1592,Individual,Heather,Allen,1975-06-01,F,USA,Texas,Investment,2,Yes,Agency,48,True,4,219613.0475,216973.565,301.13312679931073,2025-08-01,4,2,0,-1
C1593,Individual,Anthony,Williams,1975-08-05,M,USA,California,Home,1,No,Website,48,False,4,206490.1225,202840.8,308.0334425012127,2024-09-01,4,2,0,-1
C1594,Individual,Kathleen,Green,1969-10-24,F,USA,Colorado,Home,2,No,Agency,54,False,4,380748.6325,391199.965,308.15008878732624,2025-05-01,4,1,1,10
C1595,Individual,Charles,Reed,1955-08-20,M,USA,California,Home,5,No,Website,68,False,4,327536.96499999997,266857.125,270.48297453077066,2025-07-01,4,2,0,-1
C1596,Individual,Frank,Hall,1979-11-10,M,Germany,Berlin,Investment,4,No,Website,44,False,3,547651.48,634188.62,327.48681876192137,2025-05-01,3,1,1,-1
C1597,Individual,Rachel,Cox,1949-12-28,F,USA,Nevada,Investment,4,Yes,Website,74,True,4,288944.55,300009.17,309.7769964537744,2025-07-01,4,2,0,-1
C1598,Individual,Angela,Adams,1940-06-23,F,USA,Georgia,Home,4,Yes,Agency,83,True,3,387977.2233333333,442773.17,302.64497644154613,2025-09-01,3,1,1,-1
C1599,Individual,Stephanie,Thompson,1980-11-19,F,USA,Virginia,Investment,5,Yes,Website,43,True,3,440343.7233333333,483310.62,327.5128011231716,2025-11-01,3,1,0,-1
C1600,Individual,Jennifer,Rogers,1968-02-13,F,Belgium,Wallonia,Home,5,No,Website,55,False,4,309291.09,313332.315,311.8608239736384,2025-02-01,4,2,0,2
C1601,Individual,Tiffany,Parker,1996-08-13,F,Russia,Krasnodar Krai,Home,3,No,Website,27,False,3,276359.33666666667,298567.95,306.2574828055878,2025-12-01,3,2,0,-1
C1602,Individual,Harold,Turner,1986-11-01,M,USA,Nevada,Investment,4,No,Website,37,False,4,419215.9975,473286.30500000005,291.5466597840417,2025-12-01,4,1,1,-1
C1603,Individual,Hannah,Rogers,1962-09-07,F,UK,England,Home,5,No,Website,61,False,4,269429.9275,272940.24,285.3103160528668,2025-08-01,4,2,0,-1
C1604,Individual,Ronald,Kim,1949-09-10,M,USA,Texas,Home,4,No,Website,74,False,3,350088.08,351201.87,281.0677239742809,2025-06-01,3,2,0,-1
C1605,Individual,Joshua,Collins,1999-01-21,M,UK,England,Investment,4,Yes,Website,24,True,4,292695.835,223668.33,319.0141615698714,2025-08-01,4,2,0,-1
C1606,Individual,Zachary,Howard,1965-03-20,M,USA,Washington,Home,1,Yes,Agency,58,True,3,305854.23666666663,267233.83,296.21256645107843,2025-12-01,3,2,0,-1
C1607,Individual,Emma,Hall,1963-03-11,F,USA,California,Home,3,No,Agency,60,False,3,276431.5233333334,269027.59,296.7432544232949,2025-07-01,3,2,0,-1
C1608,Individual,Heather,Pierce,1999-11-14,F,UK,England,Home,4,Yes,Website,24,True,3,477127.2166666666,606301.47,318.6186053663929,2025-11-01,3,1,1,-1
C1609,Individual,Justin,Reed,1964-10-02,M,USA,California,Investment,2,No,Website,59,False,3,268281.4766666667,239724.77,302.98484474395883,2025-01-01,3,2,0,-1
C1610,Individual,Kenneth,White,1967-03-23,M,USA,California,Investment,3,No,Website,56,False,4,312291.935,308226.115,281.88491641647727,2025-11-01,4,2,0,-1
C1611,Individual,Sarah,Bryant,1975-09-02,F,USA,Nevada,Investment,4,No,Website,48,False,4,268047.38,276982.36,318.72574313352214,2025-02-01,4,2,0,-1
C1612,Individual,Jason,Price,1990-02-25,M,USA,California,Home,1,No,Agency,33,False,3,255518.18666666668,199052.69,301.79361324466817,2024-09-01,3,2,0,-1
C1613,Individual,Ryan,Griffin,1998-01-08,M,Denmark,Southern Denmark,Home,2,Yes,Agency,25,True,4,402092.055,450990.655,285.83805783579203,2025-02-01,4,1,1,-1
C1614,Individual,Julie,Williams,1968-05-16,F,USA,Utah,Investment,4,No,Website,55,False,3,274051.68333333335,273851.27,265.13804678166275,2025-10-01,3,2,0,-1
C1615,Individual,Jason,Mitchell,1963-08-01,M,USA,Utah,Home,5,No,Agency,60,False,3,285708.50666666665,235414.26,318.9650942104338,2025-09-01,3,2,0,-1
C1616,Individual,Aaron,Nelson,1991-09-01,M,UK,Wales,Investment,5,Yes,Website,32,True,4,336013.4275,315355.75,300.6690718381523,2025-12-01,4,2,0,-1
C1617,Individual,Michelle,Baker,1952-10-09,F,USA,California,Home,3,No,Website,71,False,3,258668.5,210801.14,306.0345124559622,2025-03-01,3,2,0,-1
C1618,Individual,Linda,Price,1962-11-22,F,USA,Washington,Home,2,Yes,Website,61,True,4,339163.92000000004,322294.67500000005,305.84533933956607,2025-10-01,4,2,0,-1
C1619,Individual,Jason,Baker,1952-10-24,M,Belgium,Wallonia,Home,2,No,Website,71,False,4,347551.615,359669.905,306.81861857078025,2025-11-01,4,2,0,-1
C1620,Individual,Jacob,Morales,1944-05-07,M,USA,California,Home,1,Yes,Website,79,True,3,262750.1166666667,266440.01,276.55408747719775,2024-12-01,3,2,0,-1
C1621,Individual,Carl,Wood,1954-06-15,M,USA,Oregon,Investment,2,No,Agency,69,False,3,246579.99,256700.86,262.4596448949508,2025-08-01,3,2,0,-1
C1622,Individual,Angela,Taylor,1961-02-01,F,USA,Oregon,Home,1,Yes,Website,62,True,3,351397.7866666666,366955.61,324.9236151283461,2025-03-01,3,1,0,-1
C1623,Individual,Julia,Hall,1994-01-12,F,USA,Oregon,Home,4,No,Website,29,False,3,353411.1533333333,311407.77,322.43591302473806,2024-10-01,3,1,0,-1
C1624,Individual,Jennifer,Stewart,1951-01-04,F,USA,California,Home,4,Yes,Website,73,True,4,485840.985,475242.64,299.2323404404552,2025-11-01,4,1,1,-1
C1625,Individual,Harold,Wright,2000-02-03,M,Australia,Western Australia,Home,4,No,Agency,23,False,3,303529.2833333333,302479.22,269.2712820091999,2025-08-01,3,2,0,-1
C1626,Individual,Jennifer,Morales,1970-02-24,F,France,Provence,Home,2,Yes,Website,53,True,3,408552.4066666667,387494.05,283.59441515040004,2024-11-01,3,1,1,-1
C1627,Individual,David,Bryant,1973-08-14,M,USA,California,Investment,1,No,Website,50,False,3,425075.59,476819.19,277.9167267676937,2025-11-01,3,1,1,-1
C1628,Company,Lumina,Co,1993-10-13,F,France,Normandy,Home,4,Yes,Website,30,True,3,266766.36,255671.55,316.4399549919405,2025-04-01,3,2,0,-1
C1629,Individual,Stephanie,Roberts,1956-08-26,F,USA,Utah,Home,5,No,Agency,67,False,3,263050.01666666666,251534.87,271.7214831133702,2025-11-01,3,2,0,-1
C1630,Company,Grandis,Co,1994-05-06,F,USA,Virginia,Investment,1,Yes,Website,29,True,3,402293.9733333333,439842.21,305.7239374313957,2024-08-01,3,1,1,-1
C1631,Individual,Joan,Patterson,1966-03-12,F,UK,Northern Ireland,Home,5,No,Website,57,False,4,420930.05,402392.995,333.5418488054143,2025-02-01,4,1,1,-1
C1632,Individual,Victoria,Wright,1963-07-12,F,USA,California,Investment,3,Yes,Agency,60,True,4,356282.67000000004,341706.0,301.8546499940673,2025-11-01,4,2,0,4
C1633,Individual,Sara,Bennett,1977-07-03,F,Canada,Ontario,Home,2,No,Website,46,False,3,282396.7766666667,267154.02,293.5120375119832,2025-05-01,3,2,0,-1
C1634,Individual,Sara,King,1944-01-11,F,USA,Georgia,Investment,2,No,Website,80,False,4,261054.2525,209684.84,304.9102859128011,2025-10-01,4,2,0,-1
C1635,Individual,Lawrence,Moore,1948-04-27,M,France,Brittany,Home,1,No,Website,75,False,4,276120.11,207193.63,295.3117964886556,2025-08-01,4,2,0,-1
C1636,Company,Zynex,Co,1987-01-10,F,USA,Arizona,Home,5,Yes,Website,37,True,3,390479.9066666667,445861.0,303.63142787938614,2024-08-01,3,1,1,-1
C1637,Individual,Jacob,Cook,1969-02-11,M,Mexico,Nuevo Leon,Home,5,No,Agency,54,False,3,444340.1533333333,508674.04,286.7193277193805,2025-02-01,3,1,1,-1
C1638,Individual,Cynthia,Peterson,1978-12-14,F,France,Occitanie,Investment,1,Yes,Agency,45,True,3,349298.57,333147.15,301.0714138870657,2025-06-01,3,2,0,-1
C1639,Individual,Ronald,Smith,1943-09-26,M,USA,Colorado,Home,1,No,Website,80,False,4,272140.36,253479.51,281.2842270450914,2025-01-01,4,2,0,-1
C1640,Individual,Helen,Adams,1966-11-04,F,USA,California,Home,1,Yes,Website,57,True,4,293036.6625,300415.12,282.79976113293935,2024-08-01,4,2,0,-1
C1641,Individual,Charles,Phillips,1972-02-14,M,USA,Utah,Home,1,No,Agency,51,False,4,474719.52,507134.63,313.3291322575891,2025-11-01,4,1,1,-1
C1642,Individual,Maria,Adams,1981-07-20,F,Canada,British Columbia,Home,5,No,Website,42,False,4,360446.405,335613.6,297.334731836774,2025-07-01,4,2,0,-1
C1643,Individual,Carl,Rogers,1978-01-09,M,France,Ile-de-France,Home,4,No,Agency,46,False,3,394296.64,348631.72,265.16695724291304,2025-11-01,3,2,1,-1
C1644,Individual,Megan,Freeman,1944-06-22,F,USA,California,Home,1,No,Client,79,False,4,328205.5425,366388.04,317.46041081837075,2024-09-01,4,2,0,-1
C1645,Individual,Shirley,Chavez,1995-02-08,F,Australia,New South Wales,Investment,1,No,Website,28,False,4,375993.3025,376414.735,303.70310749731755,2025-08-01,4,1,0,-1
C1646,Individual,Billy,Patterson,1998-06-10,M,USA,Washington,Investment,4,Yes,Agency,25,True,3,324062.1533333333,317118.28,307.88169303743933,2024-08-01,3,2,0,-1
C1647,Individual,Paul,Stone,1945-11-25,M,USA,Ohio,Home,4,Yes,Agency,78,True,3,438789.65,440730.74,299.05409997104294,2025-05-01,3,1,1,-1
C1648,Individual,Julia,Wood,1949-09-21,F,Australia,New South Wales,Home,3,No,Website,74,False,3,427648.9,428839.15,288.7778845100586,2025-04-01,3,1,1,-1
C1649,Individual,Melissa,Price,1982-03-02,F,USA,Oregon,Home,4,Yes,Agency,41,True,4,385221.9525,418133.475,311.1054526164346,2025-07-01,4,1,1,-1
C1650,Individual,Edward,Griffin,1969-04-01,M,USA,Washington,Investment,2,No,Website,54,False,3,355079.5,311703.16,324.96413199998216,2025-01-01,3,1,0,-1
C1651,Individual,Ryan,Bell,1945-11-19,M,USA,California,Investment,4,No,Website,78,False,3,320688.80666666664,260013.87,360.4368684454,2025-12-01,3,2,0,-1
C1652,Individual,Paul,Weaver,1964-01-15,M,USA,Nevada,Investment,4,Yes,Client,60,True,3,359644.60000000003,442306.09,304.82777574872546,2025-12-01,3,1,1,-1
C1653,Individual,Sara,White,1974-08-02,F,USA,Colorado,Investment,4,Yes,Website,49,True,4,239276.62,200758.74,281.1811658250624,2025-08-01,4,2,0,-1
C1654,Individual,Judith,Brooks,1968-04-05,F,USA,California,Home,1,No,Website,55,False,4,312516.34500000003,244143.53499999997,323.5165817147669,2025-11-01,4,2,0,-1
C1655,Individual,Sara,Cox,1965-05-16,F,USA,Texas,Investment,2,No,Website,58,False,3,324916.60000000003,341197.28,300.4113056393208,2025-01-01,3,2,0,-1
C1656,Individual,Jacob,Baker,1991-05-05,M,Belgium,Wallonia,Investment,4,Yes,Website,32,True,4,350414.46,359452.635,289.62293653298065,2025-10-01,4,2,0,-1
C1657,Individual,Donald,Kim,1958-05-19,M,USA,California,Home,2,No,Website,65,False,4,329156.1725,308159.33499999996,321.1115919129062,2025-05-01,4,2,0,-1
C1658,Individual,Ronald,Patterson,1970-08-07,M,USA,California,Home,5,No,Agency,53,False,4,310794.65,293901.025,320.1370625802807,2024-10-01,4,2,0,2
C1659,Individual,Joshua,Thompson,1946-09-05,M,Denmark,Zealand,Home,4,No,Website,77,False,4,394104.2175,391923.62,301.7876767541033,2025-07-01,4,1,0,-1
C1660,Individual,Henry,Richardson,1940-04-27,M,USA,Nevada,Home,4,Yes,Website,83,True,4,332511.62,306106.485,310.73477975168214,2025-06-01,4,2,0,-1
C1661,Individual,Ronald,Cox,1975-08-20,M,USA,Washington,Home,4,No,Agency,48,False,3,503687.75666666665,490981.35,314.9340105075308,2025-07-01,3,1,1,-1
C1662,Individual,Gary,Montgomery,1967-05-16,M,Russia,Tatarstan,Home,4,No,Website,56,False,4,376465.685,365808.235,285.37035996288023,2025-07-01,4,2,0,-1
C1663,Individual,Joshua,Garcia,1977-05-13,M,USA,Colorado,Investment,3,No,Agency,46,False,3,308688.07,317869.59,292.3087106115556,2024-10-01,3,2,0,-1
C1664,Individual,Judith,Hayes,1969-07-25,F,France,Occitanie,Investment,5,No,Agency,54,False,3,463333.91,451978.85,332.60232639405876,2025-06-01,3,1,0,-1
C1665,Individual,Harold,Bell,1995-12-16,M,USA,Arizona,Home,5,No,Website,28,False,4,241742.7975,241325.14,294.3926755337411,2025-10-01,4,2,0,-1
C1666,Individual,Brenda,Edwards,1962-09-08,F,USA,Ohio,Home,2,No,Website,61,False,3,235501.19666666668,244945.04,319.24500925247025,2025-07-01,3,2,0,-1
C1667,Individual,Stephanie,Cook,1967-11-14,F,USA,California,Investment,4,No,Agency,56,False,3,277270.50666666665,260948.75,321.57952434932054,2025-06-01,3,2,0,-1
C1668,Individual,Scott,Green,1957-11-12,M,Australia,Victoria,Home,5,No,Website,66,False,4,261715.8025,209996.755,307.7397747029087,2025-05-01,4,2,0,-1
C1669,Individual,Steven,Collins,1960-04-07,M,Canada,Alberta,Investment,3,Yes,Agency,63,True,4,237067.835,227519.545,284.230321631763,2025-02-01,4,2,0,-1
C1670,Individual,Angela,Watson,1970-12-09,F,USA,Colorado,Home,3,Yes,Website,53,True,4,339005.2575,382420.735,312.65688885860277,2025-10-01,4,1,0,4
C1671,Individual,Ashley,Howard,1948-09-13,F,USA,California,Home,3,No,Agency,75,False,4,332309.1875,380199.005,288.7153700965629,2025-11-01,4,2,0,-1
C1672,Individual,Jacqueline,Morales,1974-04-09,F,USA,Nevada,Investment,4,No,Website,49,False,3,242787.7233333333,241562.75,276.41545154981975,2025-04-01,3,2,0,-1
C1673,Individual,Katherine,Martin,1992-03-04,F,USA,Washington,Home,1,Yes,Website,31,True,4,450908.69,426892.185,310.9460331246886,2025-05-01,4,1,1,-1
C1674,Individual,Emily,Jackson,1941-12-22,F,USA,California,Home,5,Yes,Website,82,True,4,403655.8825,407530.2,319.73468147134105,2025-11-01,4,1,1,-1
C1675,Individual,Emma,Reyes,1985-04-08,F,Canada,Alberta,Investment,5,No,Website,38,False,3,306012.56,348445.05,298.41753618416203,2024-12-01,3,2,1,-1
C1676,Individual,Amy,Allen,1999-09-19,F,USA,Washington,Home,2,No,Website,24,False,4,312909.25,295720.02,308.950924981104,2025-10-01,4,2,0,-1
C1677,Individual,Kevin,Thomas,1964-12-20,M,USA,Texas,Home,1,Yes,Website,59,True,3,314305.06,351319.42,324.63653231730336,2025-07-01,3,1,0,-1
C1678,Individual,Gary,Sanders,1961-03-06,M,USA,California,Home,1,Yes,Agency,62,True,3,459218.0966666667,462676.04,277.8971589619036,2025-09-01,3,1,1,-1
C1679,Individual,Christina,Nelson,1986-02-28,F,USA,Nevada,Investment,4,No,Website,37,False,3,398206.3,407450.17,302.3682114511598,2025-05-01,3,1,1,-1
C1680,Individual,Danielle,Howard,1999-09-25,F,USA,California,Investment,4,No,Agency,24,False,3,221692.92333333337,246795.54,322.26527070857014,2024-10-01,3,2,0,-1
C1681,Individual,Carl,Alexander,1961-07-27,M,USA,Oregon,Home,3,Yes,Client,62,True,4,352076.235,347978.705,302.14952941529555,2025-08-01,4,2,0,11
C1682,Individual,Amanda,Brooks,1987-04-11,F,USA,Nevada,Home,2,No,Website,36,False,4,367476.3525,368122.435,301.3156548240538,2025-11-01,4,1,0,8
C1683,Individual,Amber,Patterson,1999-11-19,F,USA,Oregon,Investment,1,No,Client,24,False,4,352528.65,326408.665,303.8628075737084,2025-12-01,4,2,0,-1
C1684,Individual,Grace,Cooper,1977-07-01,F,USA,Colorado,Investment,4,No,Website,46,False,4,277360.0425,271907.79000000004,311.62255236789474,2025-12-01,4,2,0,-1
C1685,Individual,Kathleen,Parker,1977-05-16,F,USA,California,Home,5,No,Agency,46,False,3,369874.5833333333,390975.34,290.4557343966067,2025-04-01,3,1,1,-1
C1686,Individual,David,Howard,1977-01-25,M,USA,California,Investment,2,Yes,Agency,46,True,4,303594.455,320996.17000000004,278.523494239301,2025-10-01,4,2,0,-1
C1687,Individual,Eric,Anderson,1967-05-15,M,USA,California,Home,4,Yes,Website,56,True,4,256529.405,226795.98,286.70853217155127,2025-11-01,4,2,0,-1
C1688,Individual,Amanda,Flores,1996-04-28,F,USA,Oregon,Home,5,No,Client,27,False,3,438128.09,456412.46,343.9541576576939,2024-12-01,3,1,0,-1
C1689,Individual,Virginia,King,1985-01-26,F,USA,Oregon,Investment,1,Yes,Client,38,True,3,298700.26666666666,254041.58,310.7623308696199,2025-11-01,3,2,0,-1
C1690,Individual,Terry,Martin,1951-08-18,M,Denmark,North Denmark,Home,2,Yes,Agency,72,True,3,554213.02,536802.3,316.11518008644987,2025-07-01,3,1,1,-1
C1691,Individual,Robert,Reed,1946-03-25,M,USA,Arizona,Home,5,No,Website,77,False,4,303182.9,298955.42,304.6012430367134,2025-08-01,4,2,0,-1
C1692,Individual,Joseph,Patterson,1991-03-08,M,Canada,Ontario,Home,5,Yes,Agency,32,True,4,291404.97750000004,237283.2,292.5648538941497,2024-11-01,4,2,0,-1
C1693,Individual,Donald,Turner,1990-11-20,M,Belgium,Flanders,Home,1,No,Website,33,False,4,389258.77,382790.355,290.03931532577434,2025-12-01,4,1,0,-1
C1694,Individual,Gloria,Foster,1957-07-18,F,USA,Virginia,Home,5,No,Agency,66,False,4,364348.9325,333942.43000000005,302.1616200824728,2025-02-01,4,2,0,15
C1695,Individual,Tiffany,Peterson,1955-12-13,F,Belgium,Flanders,Home,5,No,Website,68,False,3,325288.73,255614.83,294.023074241983,2024-10-01,3,2,0,-1
C1696,Individual,Emily,Jones,1987-02-20,F,USA,Florida,Home,1,No,Website,36,False,4,329006.3375,363929.355,305.0634382600898,2025-04-01,4,2,0,-1
C1697,Individual,Maria,Brown,1980-08-07,F,Belgium,Brussels,Home,2,No,Client,43,False,4,200703.315,198726.52,287.30900099510274,2025-12-01,4,2,0,-1
C1698,Individual,Zachary,Stone,1950-12-05,M,UK,Northern Ireland,Home,4,Yes,Website,73,True,3,254843.32333333333,221020.03,302.7039435252766,2024-11-01,3,2,0,-1
C1699,Individual,Peter,Phillips,1969-07-15,M,Australia,Western Australia,Home,3,Yes,Agency,54,True,4,290492.81,254471.125,313.0342206759192,2025-09-01,4,2,0,-1
C1700,Individual,Nicholas,Young,1943-11-04,M,USA,Nevada,Home,3,No,Website,80,False,4,323412.0925,270297.61,303.08159632381387,2025-04-01,4,2,0,-1
C1701,Individual,Karen,Montgomery,1982-06-27,F,USA,Arizona,Home,1,No,Website,41,False,3,305347.9066666667,250104.08,311.0266003046787,2025-08-01,3,2,0,-1
C1702,Individual,Frank,Alexander,1990-01-04,M,USA,Washington,Investment,5,Yes,Website,34,True,3,419727.1633333334,453651.73,285.1389583831844,2025-12-01,3,1,1,-1
C1703,Individual,Gerald,Cox,1999-08-13,M,USA,Texas,Investment,4,No,Agency,24,False,3,289555.25666666665,276284.34,295.0443316591397,2024-10-01,3,2,0,-1
C1704,Individual,Susan,Flores,1963-02-15,F,Denmark,Capital Region,Home,4,No,Agency,60,False,3,377163.5466666667,419373.26,306.1192528290906,2025-02-01,3,1,1,-1
C1705,Individual,Kenneth,Howard,1979-11-23,M,USA,Virginia,Investment,3,Yes,Website,44,True,3,343995.8933333333,301410.9,330.6228903297424,2025-06-01,3,1,0,-1
C1706,Individual,Matthew,Jordan,1976-05-13,M,USA,California,Home,3,Yes,Website,47,True,4,354305.37,335853.815,312.54350431448387,2024-10-01,4,2,0,6
C1707,Individual,Adam,Allen,1973-09-19,M,USA,Georgia,Home,1,Yes,Website,50,True,3,256869.87333333332,266254.66,285.6765073879488,2024-06-01,3,2,0,-1
C1708,Individual,Andrea,Wilson,1986-08-06,F,Germany,Hesse,Home,1,Yes,Agency,37,True,3,284808.84,246839.66,317.17739036916583,2025-07-01,3,2,0,-1
C1709,Individual,Danielle,Cox,1946-08-09,F,USA,Arizona,Investment,3,No,Agency,77,False,3,445472.0533333334,480292.7,296.7134929184651,2025-06-01,3,1,1,-1
C1710,Individual,Joe,Flores,1957-05-26,M,Canada,Alberta,Investment,2,Yes,Website,66,True,3,342639.37333333335,364600.4,299.5343200974216,2024-09-01,3,1,0,-1
C1711,Individual,Debra,Hayes,1981-08-24,F,USA,California,Investment,3,Yes,Website,42,True,4,253903.2775,250054.385,301.6297150025923,2025-11-01,4,2,0,-1
C1712,Individual,Ryan,Turner,1971-03-04,M,France,Occitanie,Home,5,No,Website,52,False,4,320060.5375,349600.015,284.99082648560284,2025-09-01,4,2,0,-1
C1713,Individual,Julia,Cook,1981-02-08,F,USA,Oregon,Home,1,No,Website,42,False,4,350417.61250000005,315261.825,299.5828557316812,2025-03-01,4,2,0,-1
C1714,Individual,Nathan,Brooks,1948-07-05,M,USA,Colorado,Home,3,No,Website,75,False,4,263572.395,230180.165,317.55619033461386,2025-06-01,4,2,0,-1
C1715,Individual,Hannah,Watson,1963-04-13,F,USA,Florida,Home,3,Yes,Agency,60,True,4,246803.545,278910.935,278.10999869222815,2025-09-01,4,2,0,-1
C1716,Individual,Michelle,Montgomery,1980-10-13,F,USA,California,Home,1,No,Website,43,False,3,342428.82666666666,360288.63,305.4102943450733,2025-08-01,3,1,0,-1
C1717,Individual,Martha,Thomas,1941-12-21,F,USA,California,Home,4,Yes,Website,82,True,3,305202.0233333334,280086.4,314.2243881035072,2025-01-01,3,2,0,-1
C1718,Individual,Janet,Peterson,1995-01-06,F,USA,California,Home,1,No,Website,29,False,4,340530.3675,291487.24,292.8885679581756,2025-10-01,4,2,0,-1
C1719,Company,Halcyon,Co,1960-05-10,M,USA,Florida,Home,2,No,Agency,63,False,3,392919.96,374901.66,306.424004419429,2025-06-01,3,1,1,-1
C1720,Individual,Danielle,Kim,1996-10-10,F,USA,California,Home,5,Yes,Website,27,True,4,349167.9425,284671.75,297.0329485289227,2025-08-01,4,2,0,-1
C1721,Individual,Carl,Weaver,1986-12-10,M,USA,Nevada,Home,2,No,Agency,37,False,4,320682.4275,318034.805,312.34045324566085,2025-05-01,4,2,0,-1
C1722,Individual,Jacqueline,Morris,1982-11-23,F,USA,Nevada,Home,3,No,Website,41,False,4,419091.43,419175.18,316.41776276322054,2024-08-01,4,1,1,-1
C1723,Individual,Carol,Allen,1998-02-02,F,Canada,Quebec,Home,2,Yes,Agency,25,True,4,271150.605,276478.4,302.19176801519757,2025-12-01,4,2,0,-1
C1724,Individual,Justin,Cook,1956-06-19,M,USA,Virginia,Home,4,No,Website,67,False,4,411584.59,429066.8,303.2320621348912,2025-07-01,4,1,1,-1
C1725,Individual,Sharon,Patterson,1959-01-12,F,USA,Nevada,Home,3,Yes,Website,65,True,4,338125.0575,320660.07999999996,287.4406613645518,2025-11-01,4,2,0,-1
C1726,Individual,Diane,Scott,1948-08-15,F,UK,Northern Ireland,Home,3,No,Website,75,False,3,380369.08,332860.12,313.2034401726428,2025-06-01,3,1,0,-1
C1727,Individual,Katherine,Morales,1945-12-06,F,USA,New York,Home,3,No,Website,78,False,4,390958.605,357729.68000000005,320.6079556484317,2025-12-01,4,1,1,-1
C1728,Individual,Kimberly,Garcia,1944-03-08,F,USA,Oregon,Home,3,Yes,Client,79,True,4,359078.145,405844.65,295.6569757995166,2025-10-01,4,1,0,16
C1729,Individual,Robert,Richardson,1955-06-26,M,Canada,British Columbia,Home,3,Yes,Website,68,True,3,318785.51333333337,393863.57,294.2767649787167,2025-04-01,3,2,0,-1
C1730,Individual,Jeffrey,Young,1979-11-22,M,Mexico,Puebla,Investment,5,Yes,Agency,44,True,3,265477.49333333335,236197.69,304.429764768141,2025-08-01,3,2,0,-1
C1731,Individual,Nathan,Garcia,1971-12-19,M,USA,California,Home,4,Yes,Website,52,True,4,293055.02749999997,281344.37,302.3180812885299,2025-08-01,4,2,0,3
C1732,Individual,Megan,Wilson,1970-07-15,F,Canada,Alberta,Investment,2,No,Agency,53,False,3,517001.28,579686.7,310.37843214645176,2025-04-01,3,1,1,-1
C1733,Individual,Helen,Jones,1948-04-22,F,USA,California,Home,3,Yes,Agency,75,True,4,294993.7725,284191.28500000003,294.50705713935673,2025-10-01,4,2,0,-1
C1734,Individual,Zachary,Roberts,1975-01-14,M,USA,California,Home,5,No,Website,48,False,3,359501.64666666667,348785.34,287.62689520148655,2025-10-01,3,2,1,-1
C1735,Individual,Amber,Miller,1969-10-07,F,USA,Utah,Investment,3,No,Website,54,False,3,379998.66,406095.59,302.8156642584218,2025-11-01,3,1,1,18
C1736,Individual,Ann,Cook,1989-09-21,F,USA,California,Investment,4,Yes,Website,34,True,4,370560.97,343690.82,328.14439261830523,2024-12-01,4,1,0,-1
C1737,Individual,Jennifer,Jackson,1992-12-24,F,USA,California,Investment,3,No,Website,31,False,3,353648.8566666667,395125.68,314.2633334681182,2025-12-01,3,1,1,-1
C1738,Individual,Sharon,Hall,1977-02-25,F,USA,California,Home,5,No,Website,46,False,3,287065.23,282078.89,282.88587837123106,2025-11-01,3,2,0,-1
C1739,Individual,Steven,Smith,1985-02-25,M,Russia,Novosibirsk,Investment,3,Yes,Website,38,True,4,249586.12,190784.65,288.33520145178574,2025-03-01,4,2,0,-1
C1740,Individual,Ashley,Alexander,1951-09-15,F,USA,California,Home,5,Yes,Website,72,True,4,359753.33499999996,339284.81999999995,307.0593540082527,2024-10-01,4,2,0,15
C1741,Individual,Alexander,Wright,1976-04-18,M,USA,Virginia,Home,5,No,Website,47,False,4,327678.26,351178.51,286.45206726248955,2024-09-01,4,2,0,-1
C1742,Company,Crestwood,Co,1988-08-14,F,USA,California,Home,5,No,Agency,35,False,3,392618.73666666663,461119.91,274.7544256022332,2024-11-01,3,1,1,-1
C1743,Individual,Linda,Bell,1946-07-26,F,Belgium,Flanders,Home,1,No,Client,77,False,3,279689.76,281815.97,319.0075732434343,2025-02-01,3,2,0,-1
C1744,Individual,Brian,Green,1961-11-16,M,Russia,Krasnodar Krai,Investment,1,No,Website,62,False,4,330000.605,359011.32499999995,301.5117315139141,2025-12-01,4,2,0,-1
C1745,Individual,Ann,Sanders,1976-06-21,F,USA,California,Home,1,No,Website,47,False,3,420498.5,367608.78,280.7719039409577,2025-10-01,3,1,1,-1
C1746,Individual,Jennifer,Cox,1959-06-14,F,Belgium,Flanders,Home,3,No,Website,64,False,3,264611.95,259367.12,302.9506099231338,2025-05-01,3,2,0,-1
C1747,Individual,Bryan,Flores,1965-02-19,M,USA,Colorado,Home,5,No,Client,58,False,3,338887.14666666667,315840.26,317.6114204798318,2025-09-01,3,2,0,-1
C1748,Individual,Albert,Jones,1950-11-11,M,USA,California,Home,4,Yes,Website,73,True,3,370757.48666666663,358860.18,280.4257829967007,2025-12-01,3,2,0,-1
C1749,Individual,Brandon,Moore,1956-05-27,M,USA,California,Home,3,No,Website,67,False,3,277555.20666666667,248809.12,318.08413547696557,2025-12-01,3,2,0,-1
C1750,Company,Stratos,Co,1991-01-12,M,USA,Colorado,Home,3,No,Website,32,False,4,374290.9325,391707.28,319.1962965144884,2025-05-01,4,1,1,-1
C1751,Individual,Christine,Scott,1955-02-28,F,USA,Ohio,Home,5,No,Website,68,False,4,218280.1175,218064.92,313.9507915163995,2025-11-01,4,2,0,-1
C1752,Individual,Jonathan,Cook,1980-02-06,M,USA,California,Investment,1,Yes,Website,43,True,3,373200.1566666667,392440.08,325.0645982282876,2025-07-01,3,1,0,-1
C1753,Individual,Arthur,Peterson,1945-12-18,M,USA,Georgia,Investment,3,Yes,Website,78,True,3,256692.49333333332,214508.42,271.92747710239416,2024-08-01,3,2,0,-1
C1754,Individual,Frank,Gray,1995-11-11,M,USA,Virginia,Home,2,Yes,Website,28,True,3,453851.74666666664,467514.28,308.51221790292374,2024-09-01,3,1,1,-1
C1755,Individual,Mark,Griffin,1998-08-26,M,USA,Nevada,Home,1,Yes,Website,25,True,3,224038.9733333333,241353.22,291.2794061361219,2024-10-01,3,2,0,-1
C1756,Individual,Daniel,Cook,1990-03-21,M,USA,Utah,Home,1,No,Website,33,False,4,370351.0975,369500.025,316.9999275497431,2025-12-01,4,1,1,-1
C1757,Individual,Brian,Hayes,1985-07-01,M,Germany,Bavaria,Home,3,No,Client,38,False,3,375122.2066666667,388454.83,312.9002365862627,2025-06-01,3,1,1,-1
C1758,Individual,Carl,Pierce,1985-01-14,M,USA,Oregon,Investment,4,Yes,Agency,38,True,4,251620.295,252545.365,322.22479406959104,2025-06-01,4,2,0,-1
C1759,Individual,Jose,Stone,1974-10-10,M,USA,California,Investment,1,No,Website,49,False,4,257979.305,238580.445,305.59196385787004,2025-02-01,4,2,0,0
C1760,Individual,Mary,Harris,1975-10-07,F,Belgium,Brussels,Home,2,No,Website,48,False,4,363589.58,427418.37,283.6825652988262,2024-11-01,4,1,1,-1
C1761,Individual,Nicholas,Thompson,1955-01-08,M,USA,Washington,Home,1,No,Website,69,False,4,295443.1075,245276.365,302.57946679209863,2025-05-01,4,2,0,-1
C1762,Individual,Larry,Harris,1964-01-21,M,USA,Virginia,Home,1,No,Website,59,False,3,341117.4066666667,342681.32,317.2323805797633,2024-10-01,3,1,0,-1
C1763,Individual,Kimberly,Young,1954-11-26,F,USA,New York,Home,3,No,Website,69,False,4,447345.4175,453542.52,323.51236718050524,2025-12-01,4,1,1,-1
C1764,Individual,Kelly,Baker,1946-11-05,F,USA,Nevada,Home,2,No,Agency,77,False,4,417083.795,455091.105,304.35156626894207,2025-02-01,4,1,0,-1
C1765,Individual,Pamela,Reyes,1997-05-01,F,USA,Colorado,Home,1,Yes,Client,26,True,4,433541.8775,461275.115,272.3827064407109,2024-12-01,4,1,1,-1
C1766,Individual,Sharon,Bennett,1993-05-05,F,USA,California,Home,4,No,Website,30,False,4,342811.77,337428.845,314.1224940840367,2025-04-01,4,2,0,-1
C1767,Individual,Joe,Sanders,1978-05-21,M,USA,Colorado,Home,3,No,Website,45,False,4,363959.7275,397160.025,306.3034005727021,2025-09-01,4,1,1,4
C1768,Individual,Cynthia,Hughes,1943-03-01,F,Russia,Saint Petersburg,Home,4,No,Website,80,False,4,246276.3025,225227.02,293.20516626979685,2025-07-01,4,2,0,-1
C1769,Company,Forsyte,Co,1985-10-22,M,USA,Oregon,Home,1,Yes,Client,38,True,3,328636.3333333333,281260.7,302.27654056799446,2025-12-01,3,2,0,-1
C1770,Individual,Betty,Parker,1945-11-17,F,USA,Washington,Home,1,Yes,Agency,78,True,3,444923.80666666664,429662.41,298.87729104255703,2024-10-01,3,1,1,-1
C1771,Company,Atlas,Co,1975-06-22,M,USA,Georgia,Home,3,Yes,Client,48,True,3,426965.3233333333,497015.99,295.46912109968395,2024-11-01,3,1,1,-1
C1772,Company,Forsyte,Co,1975-01-13,F,Canada,Alberta,Investment,5,Yes,Agency,49,True,4,276320.48,270526.5,278.38573973790676,2025-07-01,4,2,0,14
C1773,Individual,Kenneth,Williams,1980-12-25,M,USA,Nevada,Investment,3,Yes,Agency,43,True,4,321035.2975,331014.125,325.8423022286609,2025-03-01,4,2,0,-1
C1774,Individual,Frank,James,1984-12-26,M,USA,Oregon,Home,4,No,Agency,39,False,4,292333.8725,279530.055,291.8123075460439,2025-01-01,4,2,0,7
C1775,Individual,Betty,Howard,1970-10-07,F,USA,California,Home,3,No,Agency,53,False,4,353694.2475,349604.17,325.9516616098468,2025-07-01,4,1,0,-1
C1776,Individual,Martha,Mitchell,1973-09-01,F,France,Occitanie,Home,1,No,Website,50,False,3,357239.4666666666,413750.47,298.9628579482607,2024-06-01,3,1,1,-1
C1777,Individual,Jason,Long,1974-09-24,M,USA,California,Investment,5,No,Client,49,False,3,261543.31666666665,235489.44,290.7881392369621,2025-04-01,3,2,0,-1
C1778,Individual,Jeffrey,Cox,1994-01-09,M,USA,Georgia,Investment,4,Yes,Website,29,True,3,405554.93999999994,482509.93,297.1536000293384,2025-07-01,3,1,1,-1
C1779,Individual,Sharon,Thomas,1979-04-20,F,USA,California,Home,5,No,Client,44,False,4,390809.1374999999,341052.81499999994,302.2992150315001,2025-06-01,4,1,0,-1
C1780,Individual,Richard,Patterson,1956-05-18,M,USA,Utah,Investment,1,No,Website,67,False,4,433889.2875,428957.345,324.7138363032643,2025-11-01,4,1,1,-1
C1781,Individual,Betty,Thomas,1968-10-08,F,USA,California,Home,4,No,Website,55,False,4,345829.105,318284.955,300.51273846670455,2025-08-01,4,2,0,19
C1782,Individual,Ann,King,1999-12-04,F,UK,England,Investment,1,No,Website,24,False,4,224411.6375,232414.93,284.9976118493869,2025-03-01,4,2,0,-1
C1783,Individual,Jacob,Garcia,1954-03-07,M,USA,California,Home,3,No,Website,69,False,4,284120.73,274942.065,330.2320419811449,2025-06-01,4,2,0,-1
C1784,Individual,Albert,Moore,1998-02-24,M,Australia,Western Australia,Home,3,No,Client,25,False,4,338068.6325,329615.41500000004,306.34558660520224,2024-12-01,4,2,0,-1
C1785,Individual,Lauren,Allen,1956-02-27,F,USA,Colorado,Home,1,Yes,Website,67,True,3,335522.74333333335,357969.1,291.7071689510819,2025-08-01,3,2,0,-1
C1786,Individual,Adam,White,1995-03-07,M,USA,California,Home,1,No,Website,28,False,4,311773.805,246400.995,277.7613651797197,2025-12-01,4,2,0,-1
C1787,Individual,Stephen,Flores,1955-09-22,M,USA,Georgia,Investment,5,No,Agency,68,False,4,322396.355,276583.44,314.4113206013629,2024-10-01,4,2,0,-1
C1788,Individual,Zachary,James,1989-10-27,M,USA,California,Home,3,No,Website,34,False,3,372292.27,430250.98,322.3499808871125,2025-08-01,3,1,1,-1
C1789,Individual,Edward,Brooks,1982-07-25,M,USA,Colorado,Home,5,Yes,Agency,41,True,3,453201.7,456005.52,297.83922033386045,2025-11-01,3,1,1,-1
C1790,Individual,Jacob,Hansen,1940-02-18,M,USA,Nevada,Investment,5,No,Client,83,False,4,333880.27,320466.585,287.0574200531774,2025-01-01,4,2,0,-1
C1791,Individual,Gerald,Scott,1966-04-26,M,USA,California,Home,5,No,Agency,57,False,3,298170.93333333335,352401.08,285.4724789523243,2024-07-01,3,2,0,-1
C1792,Individual,Terry,Pierce,1995-06-17,M,USA,California,Home,3,No,Agency,28,False,4,487140.81,478900.18,290.7922848843788,2025-03-01,4,1,1,-1
C1793,Individual,Richard,James,1969-04-05,M,USA,Utah,Investment,1,No,Website,54,False,4,329381.2575,303901.13,302.79931340675995,2024-06-01,4,2,0,-1
C1794,Individual,Douglas,Chavez,1995-12-25,M,USA,Colorado,Home,3,No,Website,28,False,4,344619.015,376820.82,302.2283992400325,2025-12-01,4,2,0,-1
C1795,Individual,William,Brown,1945-12-01,M,USA,California,Home,5,Yes,Website,78,True,4,264504.985,265787.83499999996,325.4415127559826,2025-11-01,4,2,0,-1
C1796,Individual,Betty,Hughes,1950-09-21,F,USA,California,Investment,5,Yes,Client,73,True,3,386306.64666666667,407336.9,299.6012291668504,2025-11-01,3,1,1,-1
C1797,Individual,Katherine,Howard,1957-02-26,F,USA,Oregon,Home,3,Yes,Website,66,True,3,303515.30666666664,317822.29,292.68380905244476,2025-12-01,3,2,0,-1
C1798,Individual,Bryan,Peterson,1966-08-10,M,USA,Arizona,Investment,1,Yes,Website,57,True,4,400280.4475,428118.19,314.52479270080266,2025-10-01,4,1,1,-1
C1799,Individual,Cheryl,Freeman,1950-01-11,F,USA,Colorado,Home,5,No,Agency,74,False,4,255698.1225,237477.32,314.88430441239717,2025-03-01,4,2,0,-1
C1800,Individual,James,Campbell,1944-04-13,M,USA,Oregon,Home,1,No,Client,79,False,3,373654.3666666667,343967.38,287.48156579033383,2024-08-01,3,1,1,-1
C1801,Individual,Jose,Howard,1964-02-08,M,USA,California,Home,5,Yes,Website,59,True,3,491021.91,512534.15,335.5054034878483,2025-09-01,3,1,1,-1
C1802,Individual,Jack,Morris,1948-03-26,M,USA,Nevada,Investment,1,No,Client,75,False,4,288994.8725,294557.855,284.6408296351134,2025-04-01,4,2,0,-1
C1803,Individual,Susan,Bennett,1987-04-14,F,Canada,Quebec,Investment,5,No,Agency,36,False,3,443242.73,542001.16,296.73639690932816,2025-10-01,3,1,1,-1
C1804,Individual,Albert,Kim,1989-03-03,M,USA,California,Home,1,No,Website,34,False,4,433844.1375,457622.705,294.59474870934474,2025-06-01,4,1,1,-1
C1805,Individual,Austin,Kim,1953-01-09,M,UK,Northern Ireland,Investment,3,No,Website,71,False,4,467917.5425,467855.735,274.5583113333789,2025-11-01,4,1,1,-1
C1806,Individual,Martha,Turner,1967-04-13,F,Australia,New South Wales,Investment,2,No,Agency,56,False,3,324940.62,276170.62,310.9547917052066,2024-12-01,3,2,0,-1
C1807,Individual,Angela,Allen,1957-02-05,F,France,Brittany,Home,5,No,Website,66,False,3,506977.26,498632.69,336.90449020392197,2025-12-01,3,1,1,-1
C1808,Individual,Victoria,Stewart,1990-01-08,F,USA,Washington,Investment,2,No,Client,34,False,4,275732.86250000005,243401.07,275.0300830047724,2025-08-01,4,2,0,-1
C1809,Individual,Laura,White,1981-05-03,F,USA,New York,Home,4,Yes,Agency,42,True,4,305313.2625,293452.99,275.91790171076855,2024-09-01,4,2,0,12
C1810,Individual,Maria,Collins,1945-01-06,F,USA,Texas,Home,3,No,Agency,79,False,3,330620.95666666667,314928.35,289.8803714824016,2024-11-01,3,2,0,-1
C1811,Individual,Stephanie,Williams,1958-02-16,F,USA,California,Home,3,Yes,Agency,65,True,4,297379.975,272127.98,279.68631786678856,2025-10-01,4,2,0,-1
C1812,Individual,Ryan,White,1977-04-18,M,France,Provence,Home,5,Yes,Website,46,True,4,270220.0,254874.19,284.0094878917518,2025-06-01,4,2,0,14
C1813,Individual,Walter,Jordan,1947-12-02,M,Germany,Hamburg,Investment,3,Yes,Website,76,True,4,388079.0975,394217.615,297.9877712623852,2025-04-01,4,1,0,16
C1814,Individual,Scott,Roberts,1987-04-07,M,Denmark,North Denmark,Home,2,No,Website,36,False,4,325815.4975,322461.625,291.25373939607886,2025-08-01,4,2,0,-1
C1815,Individual,Aaron,Carter,1949-03-26,M,USA,California,Home,5,No,Agency,74,False,4,295657.075,231185.55,309.16670569592696,2025-07-01,4,2,0,-1
C1816,Individual,Sean,Miller,1962-04-08,M,Canada,Quebec,Home,2,No,Website,61,False,4,269719.2175,260501.355,299.8918878099619,2025-09-01,4,2,0,20
C1817,Individual,Cynthia,Garcia,1944-07-28,F,USA,Virginia,Home,1,No,Agency,79,False,3,413555.8833333333,447350.47,293.9952639783983,2025-12-01,3,1,1,-1
C1818,Individual,Christine,Wood,1994-08-17,F,USA,Washington,Investment,5,Yes,Website,29,True,3,271599.02,262420.84,321.24848229261744,2025-11-01,3,2,0,-1
C1819,Individual,William,Brown,1963-02-11,M,Russia,Krasnodar Krai,Home,1,No,Website,60,False,3,355881.44333333336,332218.24,275.26370950498614,2024-08-01,3,2,1,-1
C1820,Individual,Nicholas,Howard,1979-08-21,M,France,Provence,Home,3,No,Website,44,False,4,242608.735,250295.445,289.7308523537098,2025-06-01,4,2,0,-1
C1821,Individual,Adam,Smith,1944-10-22,M,USA,Nevada,Home,5,No,Website,79,False,4,433423.155,448016.41,331.43544369681666,2025-05-01,4,1,1,-1
C1822,Individual,Frank,Weaver,1996-02-28,M,USA,Oregon,Investment,5,Yes,Website,27,True,4,347036.9375,346716.935,288.3381292900038,2024-12-01,4,2,0,-1
C1823,Individual,Jacob,Watson,1967-08-11,M,USA,Oregon,Home,4,Yes,Website,56,True,3,331308.62,307358.8,327.58227901122996,2025-09-01,3,2,0,-1
C1824,Individual,Jeffrey,Weaver,1962-09-05,M,USA,California,Home,3,No,Website,61,False,4,236259.2425,242275.615,279.2520615686099,2025-10-01,4,2,0,-1
C1825,Individual,Eric,Jones,1956-12-28,M,Mexico,Nuevo Leon,Home,2,No,Agency,67,False,4,237192.4825,207697.305,293.8418882146923,2024-12-01,4,2,0,-1
C1826,Individual,Jack,Williams,1951-06-08,M,USA,Ohio,Home,4,No,Client,72,False,4,325008.8025,363660.775,289.81592388158737,2025-05-01,4,2,0,-1
C1827,Individual,Donald,Thompson,1973-01-02,M,USA,New York,Home,5,Yes,Website,51,True,4,305382.4425,278318.83499999996,313.9255352450057,2025-04-01,4,2,0,2
C1828,Individual,William,Wood,1991-11-15,M,USA,California,Investment,2,Yes,Website,32,True,4,299803.3125,280240.015,263.61066520219583,2025-07-01,4,2,0,-1
C1829,Individual,Rachel,Ward,1997-07-17,F,USA,California,Home,5,Yes,Agency,26,True,3,398031.94333333336,450180.79,278.39431821791953,2025-12-01,3,1,1,-1
C1830,Individual,Virginia,Owens,1959-03-20,F,USA,Arizona,Home,3,No,Website,64,False,3,454436.54666666663,480115.6,308.02315948220024,2025-10-01,3,1,1,-1
C1831,Individual,Janice,Smith,1950-09-15,F,Russia,Tatarstan,Home,3,No,Website,73,False,4,251180.0675,217906.785,269.497746172995,2025-10-01,4,2,0,-1
C1832,Individual,Henry,Garcia,1987-04-21,M,USA,Oregon,Investment,1,Yes,Website,36,True,4,320597.735,254834.12,287.7519015558204,2025-08-01,4,2,0,-1
C1833,Individual,Jennifer,Weaver,1948-01-17,F,USA,Arizona,Investment,1,Yes,Website,76,True,3,377362.2766666667,395043.14,281.5891153188497,2025-12-01,3,1,1,-1
C1834,Individual,Zachary,Phillips,1963-03-13,M,Belgium,Flanders,Investment,5,No,Agency,60,False,4,305568.64999999997,283871.255,312.80920843529015,2025-12-01,4,2,0,2
C1835,Individual,Nicole,Pierce,1959-10-25,F,Canada,Alberta,Investment,4,Yes,Agency,64,True,3,246403.86666666667,195416.64,292.10214886966304,2025-02-01,3,2,0,-1
C1836,Individual,Judy,Wood,1960-10-08,F,USA,California,Investment,1,Yes,Website,63,True,4,303443.8275,291293.815,317.842120270775,2025-11-01,4,2,0,-1
C1837,Individual,Julia,Freeman,1950-04-06,F,USA,California,Home,2,Yes,Client,73,True,4,376895.9225,420503.695,280.81643575663736,2025-05-01,4,1,0,-1
C1838,Individual,Joyce,Morales,1965-01-14,F,Canada,Alberta,Investment,1,No,Agency,59,False,4,316586.145,358106.645,307.26439916892457,2025-11-01,4,2,0,-1
C1839,Individual,Kyle,Gray,1943-01-21,M,USA,California,Investment,2,No,Agency,81,False,4,241973.635,242614.4,301.5423171724958,2025-11-01,4,2,0,-1
C1840,Individual,Gerald,Weaver,1986-06-22,M,UK,England,Investment,3,No,Website,37,False,3,303835.3433333333,231930.65,288.0371183831599,2025-02-01,3,2,0,-1
C1841,Individual,Austin,Williams,1947-05-27,M,USA,New York,Home,4,No,Website,76,False,4,403022.0325,421301.605,294.13284970553457,2025-11-01,4,1,0,-1
C1842,Company,Rexon,Co,1978-10-08,M,Canada,Alberta,Home,3,Yes,Agency,45,True,3,417609.12333333335,445409.0,291.5150863648168,2024-09-01,3,1,1,-1
C1843,Individual,Jose,Stone,1952-06-18,M,Germany,Hesse,Home,4,No,Website,71,False,4,371962.4125,398567.685,300.64812304710256,2025-01-01,4,1,0,-1
C1844,Individual,Grace,Howard,1978-07-21,F,USA,Ohio,Home,1,No,Agency,45,False,4,258284.6275,243648.04,308.4891948132694,2025-11-01,4,2,0,0
C1845,Individual,Joshua,Green,1949-09-11,M,USA,California,Investment,1,Yes,Website,74,True,3,296374.8933333333,166623.49,295.979751299768,2025-07-01,3,2,0,-1
C1846,Individual,Sara,Allen,1985-10-26,F,Russia,Novosibirsk,Home,5,Yes,Agency,38,True,3,295339.18333333335,292321.2,301.0895663169484,2025-04-01,3,2,0,-1
C1847,Individual,Brian,Griffin,1952-04-01,M,USA,Utah,Home,4,No,Website,71,False,4,270212.7125,197577.825,311.06984916449545,2025-05-01,4,2,0,-1
C1848,Individual,Sarah,Davis,1993-07-17,F,USA,California,Home,2,No,Website,30,False,4,398838.205,410842.985,298.85086965793244,2024-12-01,4,1,1,-1
C1849,Individual,Joseph,Wilson,1976-09-02,M,Canada,Alberta,Investment,3,Yes,Website,47,True,3,339746.36,379557.46,332.84745044626635,2025-02-01,3,1,0,-1
C1850,Individual,Gregory,Miller,1971-07-25,M,USA,New York,Investment,5,Yes,Agency,52,True,4,345247.6875,341773.63,298.90027318374314,2025-08-01,4,2,0,-1
C1851,Individual,Kimberly,Miller,1954-06-08,F,UK,England,Home,3,Yes,Agency,69,True,4,388135.9925,410658.385,335.220018759133,2025-03-01,4,1,1,-1
C1852,Individual,Julie,Hall,1997-12-15,F,USA,Virginia,Home,4,No,Website,26,False,3,558024.0233333333,511954.11,320.95336086570444,2025-04-01,3,1,1,-1
C1853,Individual,Jennifer,Owens,1949-02-24,F,USA,Virginia,Investment,4,No,Website,74,False,4,301832.2875,287367.22,299.91970675822904,2025-09-01,4,2,0,1
C1854,Company,Rexon,Co,1960-03-23,M,France,Ile-de-France,Investment,1,No,Client,63,False,4,346999.255,293761.355,307.65371721743344,2025-03-01,4,2,0,-1
C1855,Individual,Gloria,Hansen,1984-02-07,F,USA,California,Home,2,Yes,Website,39,True,4,279326.46499999997,244850.935,320.3709796508413,2025-10-01,4,2,0,-1
C1856,Company,Altira,Co,1994-05-24,M,USA,Virginia,Home,2,No,Website,29,False,3,405410.47666666674,374757.19,300.48980345043714,2024-11-01,3,1,1,-1
C1857,Individual,Walter,Johnson,1987-03-22,M,USA,California,Investment,2,Yes,Website,36,True,3,306604.98,322278.9,325.48860323286766,2025-10-01,3,2,0,-1
C1858,Individual,Amy,Hayes,1958-06-05,F,USA,Colorado,Home,5,No,Website,65,False,3,387319.43,404921.22,305.6106982283693,2024-06-01,3,1,1,-1
C1859,Individual,Zachary,Taylor,1943-11-18,M,USA,California,Home,5,Yes,Client,80,True,4,271890.3975,272934.6,315.97316283663156,2025-10-01,4,2,0,-1
C1860,Company,Caldera,Co,1970-07-17,F,USA,California,Home,4,Yes,Agency,53,True,4,415299.3725,475758.405,311.29869389814894,2024-07-01,4,1,1,-1
C1861,Individual,Nathan,Evans,1982-01-08,M,USA,California,Investment,3,Yes,Website,42,True,4,368794.7375,373229.735,303.89052393748204,2025-05-01,4,1,1,-1
C1862,Individual,Joshua,Long,1953-08-22,M,USA,California,Home,1,Yes,Website,70,True,3,329590.39,366303.84,320.3830117364399,2025-06-01,3,1,0,5
C1863,Individual,Megan,Hansen,1948-03-04,F,UK,Scotland,Home,3,No,Website,75,False,4,320328.255,324804.66500000004,301.87406662875065,2025-02-01,4,2,0,-1
C1864,Individual,Hannah,Weaver,1972-04-25,F,USA,New York,Home,5,Yes,Website,51,True,4,282932.65,238441.33,273.31171023381694,2025-06-01,4,2,0,14
C1865,Individual,Sean,Rogers,1974-01-11,M,USA,Arizona,Investment,4,No,Website,50,False,3,364084.4133333334,386634.67,317.1911285000062,2025-12-01,3,1,0,-1
C1866,Individual,Joyce,Martin,1971-08-23,F,USA,Nevada,Home,2,No,Agency,52,False,4,405048.8575,431657.81999999995,291.3135821755026,2025-09-01,4,1,1,-1
C1867,Individual,Robert,Richardson,1952-01-13,M,USA,California,Home,2,Yes,Website,72,True,3,253927.2666666667,190843.28,315.9512275240281,2025-07-01,3,2,0,-1
C1868,Individual,Michelle,Thomas,1975-11-28,F,UK,Wales,Home,1,No,Website,48,False,4,367348.6075,386288.51,310.72532744383216,2025-07-01,4,1,1,-1
C1869,Individual,Margaret,Campbell,1975-10-05,F,Mexico,Nuevo Leon,Home,5,No,Client,48,False,4,333849.84,326366.45,292.5916987103676,2025-06-01,4,2,0,-1
C1870,Individual,Lawrence,Moore,1980-10-13,M,USA,Washington,Investment,1,No,Agency,43,False,3,226955.31333333332,256680.04,269.4110023653593,2025-06-01,3,2,0,-1
C1871,Individual,Amy,Reyes,1961-10-18,F,USA,Texas,Home,1,Yes,Website,62,True,4,274116.6925,259782.03499999997,281.5105417910469,2025-12-01,4,2,0,-1
C1872,Individual,Raymond,Jones,1940-10-23,M,Mexico,Mexico City,Home,5,No,Client,83,False,3,428040.42333333334,495320.72,296.96334982942363,2025-02-01,3,1,1,-1
C1873,Individual,Cheryl,Collins,1959-03-10,F,Canada,British Columbia,Home,5,No,Agency,64,False,4,210402.8825,186752.45,288.6266198396608,2024-11-01,4,2,0,-1
C1874,Individual,Justin,Cooper,1972-11-18,M,USA,Colorado,Investment,1,No,Agency,51,False,3,352787.33,384995.65,318.7436583675889,2024-10-01,3,1,0,-1
C1875,Individual,Melissa,Roberts,1943-09-13,F,USA,Nevada,Home,2,No,Client,80,False,3,406717.9533333333,491474.73,301.4071582349448,2025-02-01,3,1,1,-1
C1876,Company,Bravada,Co,1981-03-17,M,USA,Ohio,Investment,4,Yes,Website,42,True,3,514662.11333333334,567989.3,341.0254456076387,2025-11-01,3,1,1,-1
C1877,Individual,Walter,Bryant,1961-09-16,M,USA,Arizona,Home,5,No,Agency,62,False,3,301966.5966666667,232130.98,302.9995785047871,2025-11-01,3,2,0,-1
C1878,Individual,Paul,Rogers,1967-10-07,M,USA,Washington,Home,5,No,Agency,56,False,3,319534.4533333333,308068.85,297.0733645650432,2025-02-01,3,2,0,-1
C1879,Individual,Deborah,Roberts,1977-01-23,F,USA,New York,Home,3,No,Website,46,False,3,512098.2266666666,482940.68,341.7799926238683,2025-09-01,3,1,1,-1
C1880,Individual,Joan,Morales,1998-01-22,F,USA,California,Home,5,Yes,Client,25,True,4,329984.8825,284126.445,314.84860727143314,2025-03-01,4,2,0,-1
C1881,Individual,Brenda,Phillips,1989-09-13,F,USA,Oregon,Home,2,Yes,Website,34,True,3,324243.6966666667,365163.25,285.32389159621,2025-01-01,3,2,1,-1
C1882,Individual,Deborah,Turner,1960-03-22,F,USA,Virginia,Investment,3,No,Website,63,False,3,294714.7,284304.85,320.0476777469246,2024-08-01,3,2,0,-1
C1883,Individual,Sean,Peterson,1941-02-11,M,USA,California,Home,1,No,Agency,82,False,4,469349.83,539626.635,307.79126619172655,2024-09-01,4,1,1,-1
C1884,Individual,Terry,Bell,1954-08-06,M,USA,Nevada,Home,5,Yes,Website,69,True,3,310331.4033333334,205147.4,311.23822026593575,2024-08-01,3,2,0,-1
C1885,Individual,Ryan,Bell,1967-10-26,M,Germany,Hamburg,Home,1,Yes,Agency,56,True,4,435245.9925,429566.75,279.8659324745495,2024-11-01,4,1,1,-1
C1886,Individual,Maria,Richardson,1999-11-16,F,USA,California,Home,5,No,Website,24,False,3,258097.97666666663,308068.31,307.6468005397266,2025-06-01,3,2,0,-1
C1887,Individual,Emma,Campbell,1986-01-07,F,USA,Oregon,Investment,1,No,Agency,38,False,3,274333.25333333336,232731.8,300.6392869450787,2025-06-01,3,2,0,-1
C1888,Individual,Donald,Griffin,1962-08-06,M,USA,California,Home,3,No,Website,61,False,4,245490.5025,232717.14,302.87682448143255,2025-04-01,4,2,0,-1
C1889,Individual,Matthew,Richardson,1987-07-10,M,USA,California,Home,4,Yes,Website,36,True,3,397869.76666666666,404760.62,330.7013344577876,2024-11-01,3,1,0,-1
C1890,Individual,Mark,Nelson,1954-03-12,M,Canada,Ontario,Home,4,No,Client,69,False,4,302414.8175,278584.985,294.60075741505455,2024-12-01,4,2,0,1
C1891,Individual,Gary,James,1972-06-02,M,USA,Oregon,Home,2,No,Agency,51,False,4,366620.6999999999,389250.005,301.20838735265954,2025-09-01,4,1,1,-1
C1892,Individual,Nancy,Jones,1951-06-06,F,USA,Nevada,Investment,5,Yes,Agency,72,True,3,326212.98,308764.15,310.0510647075858,2025-09-01,3,2,0,-1
C1893,Individual,Ann,Davis,1962-12-27,F,USA,Washington,Home,1,Yes,Website,61,True,4,364683.21,347755.78,317.126581695753,2025-10-01,4,1,1,-1
C1894,Individual,Joyce,Hall,1944-03-11,F,USA,Texas,Investment,4,No,Website,79,False,4,321229.5925,341246.205,313.32969182679483,2025-11-01,4,2,0,-1
C1895,Company,Caldera,Co,1969-01-07,M,USA,Nevada,Investment,4,No,Agency,55,False,3,390190.62000000005,406955.39,292.0661701559032,2025-08-01,3,1,1,-1
C1896,Individual,Andrew,Bryant,1955-06-17,M,USA,Virginia,Investment,3,No,Agency,68,False,3,386103.6666666667,366299.04,332.0831771607045,2025-04-01,3,1,0,-1
C1897,Individual,Catherine,Rogers,1950-12-27,F,Canada,Ontario,Home,2,No,Website,73,False,4,277229.58499999996,237080.71,293.9912328018773,2025-07-01,4,2,0,-1
C1898,Individual,Daniel,James,1979-01-05,M,USA,New York,Home,1,Yes,Website,45,True,4,289929.385,293660.14,309.5154160823681,2025-08-01,4,2,0,0
C1899,Individual,Joe,Mitchell,1996-04-05,M,UK,England,Home,3,No,Website,27,False,3,333875.76,306923.5,275.4269693043849,2025-04-01,3,2,0,-1
C1900,Individual,Rachel,Griffin,1998-09-07,F,UK,England,Investment,4,No,Client,25,False,4,296472.4475,267500.315,246.92189962494413,2024-10-01,4,2,0,-1
C1901,Individual,Justin,Stewart,1982-09-17,M,Canada,British Columbia,Home,4,No,Agency,41,False,4,339420.175,350552.77,286.53053886099826,2025-12-01,4,2,0,-1
C1902,Company,Grandis,Co,1980-11-09,M,USA,Colorado,Investment,2,No,Agency,43,False,4,281900.2325,295451.345,319.7409942393335,2025-05-01,4,2,0,-1
C1903,Individual,Nicole,Bennett,1991-12-01,F,USA,Nevada,Home,2,No,Website,32,False,4,363284.7675,399023.895,307.6174957186796,2025-06-01,4,1,1,-1
C1904,Individual,Christian,Nelson,1949-03-23,M,USA,Texas,Home,2,Yes,Website,74,True,4,334316.4175,316326.14,312.78389323837047,2025-10-01,4,2,0,-1
C1905,Individual,James,Morris,1961-02-02,M,USA,Virginia,Home,1,No,Website,62,False,3,393509.7833333334,392711.04,288.3733516557424,2025-06-01,3,1,1,-1
C1906,Individual,Michelle,Adams,1955-09-15,F,USA,California,Home,2,No,Agency,68,False,4,371795.6675,373268.09,328.4346675707875,2025-09-01,4,1,1,-1
C1907,Individual,Kyle,Wright,1950-03-12,M,USA,Colorado,Home,3,No,Website,73,False,4,437870.2875,511307.83,324.81588387814196,2025-10-01,4,1,1,-1
C1908,Individual,Andrea,Moore,1976-03-28,F,USA,California,Home,2,No,Website,47,False,4,385928.625,434083.86,293.2611476473817,2025-02-01,4,1,1,-1
C1909,Individual,Heather,Pierce,1985-12-04,F,USA,California,Investment,2,No,Agency,38,False,3,412887.92,450533.33,307.72180621436615,2025-02-01,3,1,1,-1
C1910,Company,Telnox,Co,1985-10-04,M,USA,California,Home,2,Yes,Agency,38,True,4,204198.4775,197325.765,278.7743160260709,2025-03-01,4,2,0,-1
C1911,Individual,Noah,Murray,1989-01-11,M,USA,California,Home,5,No,Agency,34,False,3,398563.98333333334,400330.93,314.3975058533925,2025-01-01,3,1,1,-1
C1912,Individual,Amanda,Jackson,1954-07-26,F,USA,Utah,Investment,1,No,Website,69,False,3,287957.07,262430.93,304.57284050774507,2025-03-01,3,2,0,-1
C1913,Individual,Gary,King,1980-11-12,M,France,Provence,Home,5,No,Website,43,False,4,302588.3825,298147.16500000004,312.1120482796222,2025-08-01,4,2,0,2
C1914,Individual,Brenda,Gray,1993-08-24,F,UK,Scotland,Home,4,Yes,Website,30,True,3,517928.9266666667,482685.96,328.5550278318196,2025-01-01,3,1,1,-1
C1915,Individual,Angela,Williams,1964-06-09,F,USA,Arizona,Investment,4,No,Client,59,False,3,338394.86,393641.91,307.0413156033585,2025-11-01,3,1,1,-1
C1916,Individual,Zachary,Weaver,1948-10-15,M,USA,California,Investment,2,No,Website,75,False,3,419019.50666666665,411169.25,320.95935335974565,2025-12-01,3,1,1,-1
C1917,Individual,Angela,Montgomery,1971-09-16,F,Australia,New South Wales,Home,2,No,Client,52,False,4,251858.3075,214314.67,307.16436969901207,2025-11-01,4,2,0,-1
C1918,Individual,Dorothy,Murray,1940-09-17,F,USA,California,Home,1,No,Client,83,False,4,254850.3775,268733.08499999996,329.1017639574258,2025-09-01,4,2,0,-1
C1919,Company,Vantage,Co,1968-01-19,F,USA,Nevada,Investment,1,No,Website,55,False,4,270753.94,208111.86,289.4568471935533,2025-12-01,4,2,0,-1
C1920,Individual,Jonathan,Pierce,1969-10-26,M,Germany,North Rhine-Westphalia,Home,5,No,Agency,54,False,4,380897.23,378979.2,300.2689461558509,2025-10-01,4,1,0,-1
C1921,Individual,Carolyn,Adams,1956-12-24,F,France,Provence,Home,5,No,Website,67,False,3,326931.2266666666,342176.37,304.8163605451686,2025-10-01,3,2,0,-1
C1922,Individual,Jessica,Garcia,1988-01-09,F,USA,California,Home,1,No,Agency,36,False,3,516612.05666666664,493038.86,322.46928138999664,2024-12-01,3,1,1,-1
C1923,Individual,Sarah,Cooper,1947-03-07,F,Mexico,Jalisco,Investment,1,Yes,Client,76,True,4,325729.29,362683.32,288.1811349920287,2025-05-01,4,2,0,-1
C1924,Individual,Joe,Cooper,1958-01-03,M,USA,California,Home,3,No,Client,66,False,4,363488.5925,393477.895,292.1235154177175,2025-07-01,4,1,0,16
C1925,Individual,Jordan,Baker,1942-01-19,M,USA,Colorado,Home,2,No,Agency,82,False,4,291313.235,281130.73,267.83454245443295,2024-12-01,4,2,0,-1
C1926,Individual,Joshua,Watson,1997-11-05,M,Mexico,Puebla,Home,1,Yes,Website,26,True,4,309508.5075,305643.1,299.93812538471843,2025-01-01,4,2,0,-1
C1927,Individual,Victoria,Long,1952-11-05,F,USA,California,Investment,1,Yes,Website,71,True,4,331368.735,312533.36,259.03798557564846,2025-09-01,4,2,0,-1
C1928,Individual,Paul,Scott,1998-02-20,M,Australia,New South Wales,Home,4,Yes,Client,25,True,3,247310.07333333333,277940.01,333.5509957483036,2025-09-01,3,2,0,-1
C1929,Individual,Angela,Baker,1941-10-24,F,Mexico,Jalisco,Home,1,Yes,Agency,82,True,4,332468.74,358254.3,302.5375656209607,2025-08-01,4,2,0,-1
C1930,Individual,Rachel,Adams,1966-01-22,F,USA,Colorado,Investment,3,No,Agency,57,False,4,296248.0575,259060.445,299.0295730189038,2025-12-01,4,2,0,-1
C1931,Individual,Melissa,Jackson,1995-05-01,F,USA,Utah,Home,5,Yes,Website,28,True,4,330971.02749999997,296903.815,312.3234963116273,2025-08-01,4,2,0,-1
C1932,Individual,Dorothy,Allen,1962-05-13,F,USA,California,Investment,2,No,Website,61,False,4,428287.2975,392738.64,318.9128248658138,2025-07-01,4,1,1,-1
C1933,Company,Oasis,Co,1994-04-05,F,Australia,Queensland,Home,1,No,Client,29,False,3,274142.68333333335,257071.38,321.78877914612053,2025-10-01,3,2,0,-1
C1934,Individual,Noah,Montgomery,1978-03-25,M,France,Ile-de-France,Investment,4,Yes,Client,45,True,4,429846.115,440569.895,295.4938593970128,2024-11-01,4,1,1,-1
C1935,Individual,Ashley,Young,1983-04-14,F,USA,Arizona,Home,5,No,Website,40,False,3,401963.4566666667,449305.8,299.85464913533815,2025-10-01,3,1,1,-1
C1936,Individual,Jeffrey,Brown,1984-02-24,M,Russia,Krasnodar Krai,Home,1,Yes,Agency,39,True,3,321966.3666666667,306045.09,323.68773843654736,2025-09-01,3,2,0,-1
C1937,Individual,Ashley,Richardson,1961-03-16,F,USA,Arizona,Home,3,Yes,Website,62,True,4,426959.515,401312.84,300.19888486318166,2025-11-01,4,1,1,-1
C1938,Individual,Peter,Anderson,1973-07-28,M,Canada,Quebec,Home,4,Yes,Website,50,True,3,384890.4,364946.76,320.77245860567785,2025-09-01,3,1,0,-1
C1939,Individual,Gloria,White,1979-06-09,F,USA,Florida,Investment,1,Yes,Agency,44,True,3,224768.31666666665,186406.84,270.89013577007375,2024-11-01,3,2,0,-1
C1940,Individual,Barbara,Turner,1997-02-01,F,Canada,Manitoba,Home,4,No,Agency,26,False,4,350975.28500000003,365935.64,281.88547542280037,2024-11-01,4,2,0,-1
C1941,Individual,Maria,James,1943-05-20,F,USA,Nevada,Home,5,No,Client,80,False,4,342153.8125,374426.38,303.5780218121445,2024-07-01,4,2,0,-1
C1942,Company,Stratos,Co,1984-11-10,F,USA,Nevada,Home,2,Yes,Agency,39,True,3,377994.84,413001.32,278.3780596993292,2025-01-01,3,1,1,-1
C1943,Individual,Eric,Long,1973-01-04,M,USA,Arizona,Home,1,No,Website,51,False,3,322507.07666666666,324615.74,308.8141987199651,2025-09-01,3,2,0,-1
C1944,Individual,Henry,Pierce,1986-02-15,M,USA,California,Investment,1,No,Website,37,False,4,492770.9825,515299.375,304.51340399550395,2025-12-01,4,1,1,-1
C1945,Individual,Sean,Johnson,1967-02-26,M,Mexico,Mexico City,Investment,3,No,Website,56,False,4,278135.47,294317.3,293.83835064246847,2025-11-01,4,2,0,-1
C1946,Individual,Mark,Bell,1955-01-15,M,USA,California,Home,1,No,Agency,69,False,3,352075.79000000004,353207.2,315.409987451597,2025-12-01,3,1,0,5
C1947,Individual,Walter,Mitchell,1979-02-02,M,USA,Nevada,Home,3,No,Website,44,False,3,415968.52,436379.26,314.1444138514114,2025-12-01,3,1,1,-1
C1948,Individual,Melissa,Harris,1955-04-01,F,USA,Arizona,Home,2,No,Agency,68,False,3,510077.6666666667,576585.04,332.3203697226779,2025-07-01,3,1,1,-1
C1949,Individual,Christina,James,1955-07-20,F,USA,Colorado,Home,2,Yes,Agency,68,True,3,340090.24,326351.74,264.79475294846344,2025-11-01,3,2,1,-1
C1950,Individual,Edward,Weaver,1975-03-27,M,USA,Ohio,Home,4,No,Agency,48,False,4,258326.6075,240813.04,297.64023677145923,2025-10-01,4,2,0,-1
C1951,Individual,Alexander,Murray,1996-09-08,M,USA,Utah,Home,1,Yes,Website,27,True,4,282216.0425,269424.35,296.75692284139825,2025-10-01,4,2,0,-1
C1952,Company,Optima,Co,1992-05-06,M,USA,Nevada,Home,3,No,Agency,31,False,3,411754.2166666666,468158.0,273.7194148154275,2025-07-01,3,1,1,-1
C1953,Individual,Donald,Miller,1972-10-16,M,Germany,Bavaria,Home,1,Yes,Website,51,True,4,299766.1075,263436.72000000003,323.546348406674,2025-04-01,4,2,0,-1
C1954,Individual,Judy,Roberts,1966-09-03,F,Australia,Western Australia,Investment,3,No,Website,57,False,3,269910.3566666667,299414.37,299.26368218742385,2025-07-01,3,2,0,-1
C1955,Individual,Benjamin,Wright,1998-05-20,M,Canada,Quebec,Home,1,No,Website,25,False,4,426787.515,435642.72,316.1590016380276,2025-07-01,4,1,1,-1
C1956,Individual,Julie,Weaver,1967-08-21,F,USA,Oregon,Home,2,No,Agency,56,False,4,306005.9475,220032.265,313.3520364570359,2025-07-01,4,2,0,-1
C1957,Individual,Adam,Howard,1962-09-24,M,USA,California,Home,4,Yes,Website,61,True,4,329709.565,350048.15,285.08614976753097,2024-11-01,4,2,0,-1
C1958,Individual,Susan,Foster,1970-10-09,F,USA,California,Home,3,No,Website,53,False,4,391753.0475,360697.175,308.3990536533559,2025-01-01,4,1,1,4
C1959,Individual,Judy,Morales,1942-02-20,F,USA,Texas,Home,1,No,Website,81,False,3,208694.67333333337,174843.11,276.9890035951335,2024-12-01,3,2,0,-1
C1960,Individual,Dorothy,Brown,1987-08-02,F,USA,Colorado,Home,2,Yes,Website,36,True,3,398829.6533333333,334327.68,292.25388007624105,2024-09-01,3,1,1,-1
C1961,Individual,William,Campbell,1994-09-26,M,USA,California,Home,5,No,Agency,29,False,4,322316.345,288949.02,280.62577570747106,2025-10-01,4,2,0,-1
C1962,Individual,Kimberly,Harris,1995-08-01,F,Mexico,Puebla,Home,5,No,Agency,28,False,3,323825.08,318694.09,296.82421576256144,2025-07-01,3,2,0,-1
C1963,Company,Terova,Co,1968-03-01,M,USA,Texas,Home,5,No,Website,55,False,3,327975.04333333333,367911.8,309.28015850204434,2025-06-01,3,1,0,-1
C1964,Individual,Kevin,Martin,1972-06-17,M,USA,Virginia,Home,5,No,Agency,51,False,3,383144.89,352169.27,278.58260396394013,2025-05-01,3,2,1,-1
C1965,Individual,Sean,Wright,1997-01-09,M,USA,California,Home,4,No,Agency,26,False,3,496351.12999999995,502283.18,314.319892365033,2024-09-01,3,1,1,-1
C1966,Individual,Ronald,Howard,1964-02-10,M,Canada,British Columbia,Home,1,No,Agency,59,False,4,302544.05,251300.6,272.97907493688416,2025-11-01,4,2,0,-1
C1967,Individual,Roger,Bryant,1957-10-09,M,USA,Oregon,Investment,4,No,Agency,66,False,3,249047.79,262731.42,286.7718601663633,2024-06-01,3,2,0,-1
C1968,Individual,Judy,Griffin,1958-11-02,F,USA,California,Investment,3,Yes,Client,65,True,3,329239.66333333333,365083.08,313.92486192092457,2025-06-01,3,1,0,-1
C1969,Individual,Jesse,James,1993-06-14,M,USA,Colorado,Investment,2,Yes,Agency,30,True,4,257735.1075,215610.575,294.26164637460386,2025-10-01,4,2,0,-1
C1970,Individual,Raymond,Howard,1978-02-25,M,USA,Arizona,Investment,4,Yes,Website,45,True,3,448770.9000000001,531861.15,322.30001375823184,2025-11-01,3,1,1,-1
C1971,Individual,Emma,Jordan,1976-07-18,F,USA,Virginia,Home,5,No,Website,47,False,3,224474.1066666667,217307.23,301.09547149882036,2025-07-01,3,2,0,-1
C1972,Individual,Carol,Wilson,1972-01-05,F,USA,California,Home,4,Yes,Website,52,True,3,314420.27999999997,253171.59,295.6179663876726,2025-09-01,3,2,0,-1
C1973,Company,Oasis,Co,1993-09-13,M,USA,Washington,Home,4,Yes,Agency,30,True,4,362624.92,371192.47,298.7315859126308,2025-11-01,4,1,1,-1
C1974,Individual,Keith,Peterson,1950-04-09,M,USA,Nevada,Home,5,Yes,Agency,73,True,4,242171.7125,202907.795,301.68832968184125,2025-09-01,4,2,0,-1
C1975,Individual,Dorothy,Campbell,1975-08-05,F,Belgium,Wallonia,Home,4,No,Agency,48,False,3,328343.73666666663,315829.36,318.46222697643447,2025-05-01,3,2,0,-1
C1976,Individual,Albert,Wilson,1995-05-03,M,USA,Florida,Home,5,No,Client,28,False,4,286530.1625,268881.54500000004,272.6222730317005,2025-04-01,4,2,0,-1
C1977,Individual,Jason,Bennett,1994-04-07,M,USA,Virginia,Home,1,No,Website,29,False,4,500357.6075,539396.4199999999,315.08520637386266,2025-07-01,4,1,1,-1
C1978,Company,Summit,Co,1967-02-06,F,USA,California,Investment,5,Yes,Website,56,True,3,401966.89,411845.93,317.3931776315053,2025-07-01,3,1,1,-1
C1979,Individual,Brian,Richardson,1942-05-25,M,USA,Colorado,Home,3,Yes,Agency,81,True,4,321892.1975,331519.835,317.2145822998733,2025-03-01,4,2,0,-1
C1980,Individual,Barbara,Green,1956-05-09,F,USA,Texas,Investment,4,No,Website,67,False,4,394891.2725,383722.07,319.99056130249653,2025-08-01,4,1,1,-1
C1981,Individual,Sarah,Flores,1992-12-09,F,Canada,Quebec,Home,5,No,Agency,31,False,4,360040.17,357915.0,292.4342978172096,2025-07-01,4,2,0,-1
C1982,Individual,Jose,Long,1947-09-05,M,USA,California,Home,4,Yes,Website,76,True,3,515132.85333333333,539864.09,309.67606560331507,2024-11-01,3,1,1,-1
C1983,Individual,Ryan,Reed,1961-03-13,M,UK,Northern Ireland,Home,3,No,Website,62,False,4,329326.13,363218.06,303.97094660567086,2025-10-01,4,2,0,11
C1984,Individual,Jesse,Watson,1956-10-18,M,USA,California,Home,4,No,Website,67,False,3,282095.73666666663,307958.64,283.34620973678204,2024-10-01,3,2,0,-1
C1985,Individual,Gregory,Bell,1963-05-11,M,UK,Scotland,Home,1,Yes,Agency,60,True,4,287344.96499999997,317043.91500000004,285.3976580367843,2025-12-01,4,2,0,-1
C1986,Individual,Thomas,Griffin,1977-04-23,M,USA,New York,Investment,1,No,Website,46,False,4,360699.7325,378950.695,313.1761603919817,2025-10-01,4,1,1,-1
C1987,Individual,Douglas,Davis,1986-10-18,M,Belgium,Wallonia,Investment,5,No,Website,37,False,4,329020.74,292332.475,304.149336089631,2025-12-01,4,2,0,-1
C1988,Individual,Henry,Thompson,1994-09-19,M,USA,California,Home,5,Yes,Website,29,True,4,325254.7375,350455.495,331.33023855167505,2025-12-01,4,2,0,-1
C1989,Individual,William,Montgomery,1959-11-19,M,USA,Texas,Home,3,No,Agency,64,False,4,345197.21499999997,308019.385,305.11506404471834,2025-10-01,4,2,0,-1
C1990,Individual,Scott,Howard,1976-11-28,M,USA,Texas,Investment,5,No,Agency,47,False,3,417915.27,433580.68,316.3867890611018,2025-03-01,3,1,1,-1
C1991,Individual,Susan,Reed,1950-07-09,F,USA,California,Home,3,No,Website,73,False,4,283585.47,313075.35,307.04473333664754,2024-12-01,4,2,0,-1
C1992,Individual,Rachel,Hansen,1943-01-19,F,USA,Texas,Home,3,Yes,Website,81,True,3,422019.5866666666,411474.59,300.26582567809544,2025-07-01,3,1,1,-1
C1993,Individual,Douglas,Thompson,1985-06-09,M,USA,New York,Home,2,No,Website,38,False,3,461789.7933333333,492557.23,320.9228416069944,2025-08-01,3,1,1,-1
C1994,Individual,Nicole,Miller,1994-07-21,F,USA,Oregon,Investment,3,Yes,Website,29,True,3,419291.73666666663,400405.25,290.66709087729345,2025-06-01,3,1,1,-1
C1995,Individual,Michelle,Scott,1993-03-05,F,USA,California,Investment,4,No,Agency,30,False,4,261010.91,238358.6,288.855844533881,2025-07-01,4,2,0,-1
C1996,Individual,Samantha,Brooks,1992-06-20,F,USA,Nevada,Home,1,Yes,Website,31,True,4,287957.87,212939.365,270.3771253746574,2024-11-01,4,2,0,-1
C1997,Individual,Matthew,Cox,1942-09-27,M,USA,Arizona,Home,4,Yes,Website,81,True,4,275456.35,224305.735,299.63884952974826,2025-09-01,4,2,0,-1
C1998,Individual,Mark,Patterson,1963-09-13,M,USA,Virginia,Home,5,Yes,Website,60,True,3,341229.52,371545.46,307.20912531442076,2025-10-01,3,1,0,-1
C1999,Individual,Lawrence,Montgomery,1944-06-15,M,USA,Ohio,Home,4,Yes,Client,79,True,3,279529.12666666665,202392.01,304.64416824191477,2025-07-01,3,2,0,-1
C2000,Individual,Amanda,James,1996-03-24,F,USA,Georgia,Home,1,Yes,Agency,27,True,3,304509.5,295715.19,297.2942091320212,2024-06-01,3,2,0,-1
