listing_id,tower_number,transaction_date,unit_category,unit_number,floor_area_sqft,sale_price,listing_status,client_ref,sale_price_num,price_per_sqft,is_sold
1012,1,2024-01-01,Apartment,12,1160.36,"$300,385.62",Sold,C0027,300385.62,258.87278086111206,True
1015,1,2024-01-01,Apartment,15,782.25,"$208,930.81",Sold,C0097,208930.81,267.08956216043464,True
1021,1,2024-01-01,Apartment,21,756.21,"$218,585.92",Sold,C0113,218585.92,289.05452189206704,True
1030,1,2024-01-01,Apartment,30,743.09,"$246,172.68",Sold,C0141,246172.68,331.2824556917735,True
2016,2,2024-01-01,Apartment,16,701.66,"$212,265.67",Sold,C0146,212265.67,302.51926859162563,True
2018,2,2024-01-01,Apartment,18,927.83,"$275,394.25",Sold,C0023,275394.25,296.8154187728355,True
2029,2,2024-01-01,Apartment,29,1109.25,"$310,223.29",Sold,C0040,310223.29,279.66940725715574,True
3006,3,2024-01-01,Apartment,6,1132.06,"$356,506.37",Sold,C0007,356506.37,314.9182640496087,True
3026,3,2024-01-01,Apartment,26,670.89,"$212,520.83",Sold,C0082,212520.83,316.7744786775775,True
3031,3,2024-01-01,Apartment,31,1596.35,"$407,214.29",Sold,C0038,407214.29,255.09085726814294,True
3035,3,2024-01-01,Apartment,35,781.07,"$269,278.57",Sold,C0107,269278.57,344.7560013827186,True
4039,4,2024-01-01,Apartment,39,785.48,"$216,826.00",Available,,216826.0,276.0426745429546,False
5015,5,2024-01-01,Apartment,15,798.5,"$237,680.88",Available,,237680.88,297.65921102066375,False
5033,5,2024-01-01,Apartment,33,798.28,"$240,539.35",Sold,C0049,240539.35,301.32202986420805,True
5046,5,2024-01-01,Apartment,46,798.28,"$230,216.22",Sold,C0161,230216.22,288.3903141754773,True
10005,1,2024-01-01,Apartment,1,748.06,"$222,435.93",Sold,C0396,222435.93,297.35038633264713,True
10012,1,2024-01-01,Apartment,2,715.67,"$199,315.51",Sold,C1809,199315.51,278.50197716824795,True
10021,1,2024-01-01,Apartment,3,788.73,"$285,972.38",Sold,C1508,285972.38,362.57322531157683,True
10032,1,2024-01-01,Apartment,4,633.61,"$179,987.43",Sold,C1572,179987.43,284.06658670159874,True
10035,1,2024-01-01,Apartment,4,633.61,"$166,623.12",Available,,166623.12,262.97425861334256,False
10052,1,2024-01-01,Apartment,6,740.75,"$233,361.41",Available,,233361.41,315.03396557543033,False
10105,1,2024-01-01,Office,13,719.47,"$211,336.04",Sold,C0628,211336.04,293.73850195282637,True
10108,1,2024-01-01,Apartment,14,1181.69,"$347,613.48",Sold,C0674,347613.48,294.16638881601773,True
10155,1,2024-01-01,Apartment,20,1146.24,"$336,600.53",Sold,C0909,336600.53,293.65624127582356,True
10168,1,2024-01-01,Apartment,21,1957.16,"$487,767.54",Sold,C0732,487767.54,249.22210754358355,True
10179,1,2024-01-01,Office,22,740.83,"$232,423.05",Sold,C1956,232423.05,313.73331263582736,True
10184,1,2024-01-01,Apartment,23,1201.5,"$322,459.21",Sold,C0760,322459.21,268.380532667499,True
10186,1,2024-01-01,Office,23,1201.5,"$399,122.68",Available,,399122.68,332.1869995838535,False
10199,1,2024-01-01,Apartment,24,1146.11,"$328,475.64",Sold,C0661,328475.64,286.60044847353225,True
10208,1,2024-01-01,Office,24,1146.11,"$347,062.19",Sold,C1813,347062.19,302.8175218783538,True
10220,1,2024-01-01,Apartment,25,1154.92,"$372,242.47",Sold,C0431,372242.47,322.31017732829974,True
10222,1,2024-01-01,Apartment,25,1154.92,"$384,462.57",Sold,C0054,384462.57,332.89108336508156,True
10264,1,2024-01-01,Apartment,29,757.2,"$237,620.45",Sold,C1363,237620.45,313.81464606444797,True
10284,1,2024-01-01,Apartment,30,753.29,"$261,991.10",Available,,261991.1,347.7958024134132,False
10297,1,2024-01-01,Apartment,31,619.78,"$231,461.08",Sold,C1547,231461.08,373.45683952370194,True
10333,1,2024-01-01,Apartment,35,1168.59,"$339,117.71",Sold,C0442,339117.71,290.1939174560796,True
10335,1,2024-01-01,Apartment,36,613.59,"$165,522.54",Available,,165522.54,269.7608174839877,False
20016,2,2024-01-01,Apartment,2,788.72,"$251,478.61",Sold,C1969,251478.61,318.84396236940864,True
20040,2,2024-01-01,Apartment,4,1281.85,"$392,174.20",Available,,392174.2,305.9439091937434,False
20061,2,2024-01-01,Apartment,8,715.54,"$188,979.30",Sold,C0429,188979.3,264.1072476730861,True
20064,2,2024-01-01,Apartment,8,715.54,"$212,960.69",Sold,C1841,212960.69,297.62234116890744,True
20067,2,2024-01-01,Apartment,8,715.54,"$184,000.39",Sold,C0116,184000.39,257.14899236939937,True
20076,2,2024-01-01,Apartment,9,584.19,"$194,033.05",Sold,C1634,194033.05,332.1403139389582,True
20079,2,2024-01-01,Apartment,9,584.19,"$184,956.85",Sold,C1632,184956.85,316.6039302281792,True
20086,2,2024-01-01,Office,10,788.79,"$274,454.31",Available,,274454.31,347.94344502339027,False
20087,2,2024-01-01,Office,10,788.79,"$227,511.01",Sold,C1189,227511.01,288.43039338734013,True
20100,2,2024-01-01,Apartment,11,1625.05,"$523,288.27",Sold,C0962,523288.27,322.01364265714903,True
20102,2,2024-01-01,Apartment,11,1625.05,"$507,842.87",Sold,C0040,507842.87,312.5090735669672,True
20143,2,2024-01-01,Apartment,17,1397.4,"$418,864.27",Sold,C0102,418864.27,299.7454343781308,True
20174,2,2024-01-01,Apartment,20,727.55,"$223,964.08",Sold,C1168,223964.08,307.83324857398117,True
20225,2,2024-01-01,Apartment,25,943.48,"$313,123.78",Sold,C1924,313123.78,331.8817357018697,True
20231,2,2024-01-01,Apartment,26,1577.79,"$465,488.76",Sold,C1908,465488.76,295.0258019128021,True
20232,2,2024-01-01,Apartment,26,1577.79,"$483,760.31",Sold,C0502,483760.31,306.60627206408964,True
20234,2,2024-01-01,Apartment,26,1577.79,"$496,217.67",Sold,C1860,496217.67,314.50172076131804,True
20250,2,2024-01-01,Apartment,28,650.67,"$201,554.99",Sold,C0533,201554.99,309.7653034564372,True
20256,2,2024-01-01,Apartment,29,1107.33,"$362,974.97",Sold,C0791,362974.97,327.7929524170753,True
20282,2,2024-01-01,Apartment,33,931.4,"$340,373.72",Sold,C0738,340373.72,365.44311788705176,True
20286,2,2024-01-01,Apartment,33,931.4,"$344,306.60",Sold,C0173,344306.6,369.6656645909384,True
20367,2,2024-01-01,Apartment,43,1118.94,"$337,252.59",Available,,337252.59,301.40364094589523,False
20368,2,2024-01-01,Apartment,43,1118.94,"$311,723.42",Sold,C1310,311723.42,278.5881459238207,True
20384,2,2024-01-01,Apartment,46,697.74,"$191,398.42",Sold,C1996,191398.42,274.31195001003243,True
20392,2,2024-01-01,Apartment,46,697.74,"$221,686.72",Available,,221686.72,317.72109954997563,False
20421,2,2024-01-01,Apartment,47,708.32,"$199,377.29",Sold,C1839,199377.29,281.4791196069573,True
20428,2,2024-01-01,Apartment,49,1617.9,"$485,657.59",Sold,C0427,485657.59,300.1777551146548,True
20433,2,2024-01-01,Office,50,1604.8,"$535,383.27",Available,,535383.27,333.6137026420738,False
20484,2,2024-01-01,Apartment,56,722.22,"$197,039.82",Sold,C0046,197039.82,272.8252056160173,True
30016,3,2024-01-01,Apartment,1,689.75,"$231,937.37",Sold,C0374,231937.37,336.26295034432763,True
30057,3,2024-01-01,Apartment,6,668.89,"$203,633.01",Sold,C0570,203633.01,304.43422685344376,True
30066,3,2024-01-01,Apartment,7,744.01,"$163,682.20",Available,,163682.2,220.00000000000003,False
30088,3,2024-01-01,Apartment,9,1125.84,"$314,372.82",Sold,C1977,314372.82,279.23401193775317,True
30091,3,2024-01-01,Apartment,9,1125.84,"$361,782.84",Sold,C0182,361782.84,321.3448092091239,True
30119,3,2024-01-01,Apartment,10,784.09,"$245,282.25",Sold,C1570,245282.25,312.8241018250456,True
30190,3,2024-01-01,Apartment,20,802.97,"$227,392.48",Sold,C0532,227392.48,283.1892598727225,True
30203,3,2024-01-01,Apartment,21,1122.15,"$375,891.04",Sold,C1932,375891.04,334.97396961190566,True
30214,3,2024-01-01,Apartment,24,776.04,"$237,580.39",Sold,C0866,237580.39,306.14451574661103,True
30223,3,2024-01-01,Apartment,25,765.56,"$208,271.84",Sold,C1802,208271.84,272.0516223418152,True
30238,3,2024-01-01,Apartment,27,1117.14,"$331,813.63",Sold,C0006,331813.63,297.02063304509727,True
30257,3,2024-01-01,Apartment,28,679.93,"$199,964.39",Available,,199964.39,294.0955539540835,False
30298,3,2024-01-01,Apartment,36,733.45,"$255,632.56",Available,,255632.56,348.53440588997205,False
30344,3,2024-01-01,Office,42,1343.96,"$384,762.61",Sold,C1567,384762.61,286.2902244114408,True
30382,3,2024-01-01,Apartment,47,691.09,"$194,477.80",Sold,C0529,194477.8,281.4073420249171,True
30388,3,2024-01-01,Apartment,47,691.09,"$223,528.63",Sold,C1639,223528.63,323.4435891128507,True
30415,3,2024-01-01,Apartment,49,1174.48,"$337,065.29",Sold,C0778,337065.29,286.99108541652475,True
30427,3,2024-01-01,Apartment,49,1174.48,"$376,083.68",Sold,C1001,376083.68,320.21292827464066,True
30439,3,2024-01-01,Apartment,51,693.85,"$221,020.03",Sold,C1698,221020.03,318.54151473661454,True
30471,3,2024-01-01,Apartment,56,1179.42,"$375,142.73",Sold,C1312,375142.73,318.0739092096115,True
30474,3,2024-01-01,Apartment,56,1179.42,"$353,361.50",Sold,C0437,353361.5,299.60616235098604,True
30488,3,2024-01-01,Office,57,1607.94,"$532,909.35",Sold,C1012,532909.35,331.4236538676816,True
30505,3,2024-01-01,Apartment,58,1588.14,"$442,306.09",Sold,C1652,442306.09,278.50572997342806,True
30506,3,2024-01-01,Apartment,58,1588.14,"$495,478.74",Sold,C1788,495478.74,311.9868147644414,True
30508,3,2024-01-01,Apartment,59,1353.02,"$353,529.48",Sold,C1379,353529.48,261.2891753263071,True
30511,3,2024-01-01,Apartment,59,1353.02,"$443,089.55",Sold,C1262,443089.55,327.4818923593147,True
40008,4,2024-01-01,Apartment,1,1615.98,"$470,821.82",Sold,C1267,470821.82,291.35374200175744,True
40030,4,2024-01-01,Apartment,3,1630.82,"$495,465.48",Sold,C0699,495465.48,303.81371334665994,True
40052,4,2024-01-01,Apartment,5,786.98,"$242,144.72",Sold,C0391,242144.72,307.68853083941144,True
40092,4,2024-01-01,Office,12,789.38,"$253,171.59",Sold,C1972,253171.59,320.7220730193316,True
40102,4,2024-01-01,Apartment,13,809.06,"$241,164.92",Sold,C0979,241164.92,298.0803895879169,True
40126,4,2024-01-01,Apartment,15,760.39,"$202,489.60",Sold,C1314,202489.6,266.2970317863202,True
40142,4,2024-01-01,Apartment,17,780.68,"$242,054.22",Available,,242054.22,310.05561817902344,False
40154,4,2024-01-01,Apartment,18,1294.91,"$330,997.32",Sold,C0195,330997.32,255.61415079040242,True
40173,4,2024-01-01,Office,21,801.66,"$256,392.52",Sold,C0912,256392.52,319.82700895641545,True
40186,4,2024-01-01,Apartment,23,1110.99,"$363,974.20",Sold,C1488,363974.2,327.612489761384,True
40255,4,2024-01-01,Apartment,30,1307.35,"$399,943.02",Sold,C1304,399943.02,305.91885876008723,True
40286,4,2024-01-01,Apartment,33,734.73,"$207,033.36",Sold,C1064,207033.36,281.78155240700664,True
40347,4,2024-01-01,Apartment,41,779.87,"$198,773.78",Available,,198773.78,254.88065959711233,False
40376,4,2024-01-01,Apartment,45,1160.48,"$373,889.70",Sold,C0490,373889.7,322.18538880463257,True
40408,4,2024-01-01,Office,46,800.23,"$248,776.66",Sold,C1127,248776.66,310.88144658410704,True
40410,4,2024-01-01,Apartment,47,805.88,"$216,571.38",Sold,C0036,216571.38,268.7389933985209,True
40437,4,2024-01-01,Apartment,51,802.11,"$217,380.34",Sold,C0552,217380.34,271.0106344516338,True
40439,4,2024-01-01,Office,51,802.11,"$232,641.21",Available,,232641.21,290.0365411227886,False
50017,5,2024-01-01,Apartment,4,799.1,"$259,367.12",Sold,C1746,259367.12,324.5740458015267,True
50023,5,2024-01-01,Apartment,4,799.1,"$266,288.33",Sold,C0454,266288.33,333.23530221499186,True
50028,5,2024-01-01,Apartment,6,775.85,"$208,908.94",Available,,208908.94,269.2646001160018,False
50064,5,2024-01-01,Apartment,9,793.56,"$227,070.24",Available,,227070.24,286.14123695750794,False
50076,5,2024-01-01,Apartment,10,629.27,"$194,958.35",Sold,C1749,194958.35,309.81669235781146,True
50114,5,2024-01-01,Apartment,14,624.96,"$211,361.79",Sold,C1677,211361.79,338.2005088325653,True
50154,5,2024-01-01,Apartment,20,804.84,"$231,233.66",Available,,231233.66,287.3038864867551,False
50173,5,2024-01-01,Apartment,23,1006.65,"$269,137.96",Sold,C0642,269137.96,267.36001589430293,True
50203,5,2024-01-01,Apartment,27,1278.6,"$366,303.84",Sold,C1862,366303.84,286.4882214922572,True
50204,5,2024-01-01,Apartment,27,1278.6,"$396,653.03",Sold,C0250,396653.03,310.2244877209448,True
50219,5,2024-01-01,Apartment,29,786.28,"$246,088.40",Available,,246088.4,312.9780739685608,False
50247,5,2024-01-01,Apartment,32,1051.39,"$340,611.95",Sold,C1967,340611.95,323.9634674098098,True
50249,5,2024-01-01,Apartment,33,1787.13,"$503,642.95",Sold,C1588,503642.95,281.816627777498,True
50250,5,2024-01-01,Apartment,33,1787.13,"$499,753.60",Sold,C0227,499753.6,279.64031715655824,True
50272,5,2024-01-01,Apartment,36,627.56,"$184,648.29",Available,,184648.29,294.2320893619734,False
50293,5,2024-01-01,Apartment,39,591.14,"$165,812.56",Available,,165812.56,280.49626146090606,False
50314,5,2024-01-01,Apartment,41,630.83,"$168,855.20",Sold,C0999,168855.2,267.6714804305439,True
50330,5,2024-01-01,Apartment,42,791.2,"$212,618.56",Sold,C0290,212618.56,268.7292214357937,True
50357,5,2024-01-01,Apartment,44,806.03,"$237,203.75",Available,,237203.75,294.28650298375993,False
50358,5,2024-01-01,Apartment,44,806.03,"$261,814.63",Sold,C0919,261814.63,324.8199570735581,True
50370,5,2024-01-01,Apartment,45,608.89,"$192,992.54",Sold,C0780,192992.54,316.9579727044294,True
60019,6,2024-01-01,Office,1,1720.95,"$580,829.46",Available,,580829.46,337.5051337923821,False
60028,6,2024-01-01,Apartment,3,605.21,"$185,007.22",Sold,C1928,185007.22,305.69095024867397,True
60039,6,2024-01-01,Apartment,4,1925.28,"$514,067.14",Sold,C1274,514067.14,267.00902725837284,True
60054,6,2024-01-01,Apartment,5,1617.43,"$447,068.49",Sold,C0613,447068.49,276.4067007536647,True
60058,6,2024-01-01,Apartment,5,1617.43,"$466,754.91",Available,,466754.91,288.57812084603347,False
60080,6,2024-01-01,Apartment,7,1075.42,"$342,584.50",Available,,342584.5,318.55879563333394,False
60088,6,2024-01-01,Apartment,7,1075.42,"$315,829.36",Sold,C1975,315829.36,293.6800133901173,True
60131,6,2024-01-01,Apartment,10,942.08,"$255,614.83",Sold,C1695,255614.83,271.3302798063858,True
60141,6,2024-01-01,Apartment,12,1678.17,"$455,861.82",Sold,C1710,455861.82,271.64221741539893,True
60164,6,2024-01-01,Apartment,14,1890.0,"$494,576.31",Sold,C1470,494576.31,261.6805873015873,True
60174,6,2024-01-01,Apartment,15,1392.45,"$407,106.37",Sold,C0715,407106.37,292.36695752091634,True
60204,6,2024-01-01,Apartment,19,1542.71,"$451,237.67",Sold,C0159,451237.67,292.49675570910927,True
60243,6,2024-01-01,Apartment,24,1159.75,"$343,592.86",Sold,C1452,343592.86,296.2645915067902,True
60288,6,2024-01-01,Apartment,32,793.11,"$276,441.24",Sold,C1381,276441.24,348.5534667322313,True
60416,6,2024-01-01,Apartment,50,1579.99,"$530,260.93",Available,,530260.93,335.61030766017507,False
60469,6,2024-01-01,Apartment,55,562.37,"$166,043.13",Available,,166043.13,295.2560236143464,False
70003,7,2024-01-01,Apartment,1,759.04,"$227,804.43",Sold,C1572,227804.43,300.1217722386172,True
70062,7,2024-01-01,Apartment,10,1495.37,"$432,295.29",Sold,C1616,432295.29,289.08918194159304,True
70079,7,2024-01-01,Apartment,12,804.65,"$250,417.22",Available,,250417.22,311.2126017523147,False
70104,7,2024-01-01,Apartment,14,714.65,"$214,564.09",Sold,C0282,214564.09,300.23660533128105,True
70138,7,2024-01-01,Apartment,16,1239.87,"$421,526.61",Sold,C0501,421526.61,339.97645720922355,True
70157,7,2024-01-01,Apartment,19,751.07,"$223,691.45",Sold,C0200,223691.45,297.83036201685593,True
70217,7,2024-01-01,Apartment,24,852.99,"$260,906.28",Sold,C1459,260906.28,305.8726128090599,True
70229,7,2024-01-01,Apartment,25,573.8,"$163,464.75",Sold,C0294,163464.75,284.881056117114,True
70231,7,2024-01-01,Apartment,25,573.8,"$159,778.30",Available,,159778.3,278.45643081212967,False
70241,7,2024-01-01,Apartment,27,768.05,"$238,610.14",Available,,238610.14,310.6700605429334,False
70249,7,2024-01-01,Office,28,694.55,"$222,809.93",Sold,C0950,222809.93,320.7975379742279,True
70277,7,2024-01-01,Apartment,32,1910.67,"$625,903.82",Sold,C1122,625903.82,327.58342361579963,True
70361,7,2024-01-01,Apartment,42,702.08,"$190,215.58",Sold,C0179,190215.58,270.9314892889699,True
70364,7,2024-01-01,Apartment,42,702.08,"$230,011.45",Available,,230011.45,327.61430321330903,False
70498,7,2024-01-01,Apartment,58,1629.83,"$450,994.89",Sold,C0962,450994.89,276.7128412165686,True
80028,8,2024-01-01,Apartment,4,1934.75,"$592,274.66",Sold,C0580,592274.66,306.12464659516735,True
80047,8,2024-01-01,Apartment,5,887.23,"$252,418.74",Sold,C1761,252418.74,284.50203442173955,True
80059,8,2024-01-01,Apartment,6,1370.17,"$382,048.18",Sold,C1168,382048.18,278.83268499529254,True
80089,8,2024-01-01,Apartment,9,1869.81,"$589,033.68",Sold,C0974,589033.68,315.02328044025865,True
80099,8,2024-01-01,Apartment,12,1430.46,"$365,031.27",Available,,365031.27,255.18453504467095,False
80111,8,2024-01-01,Apartment,14,685.93,"$227,037.75",Sold,C1891,227037.75,330.99259399647195,True
80124,8,2024-01-01,Apartment,14,685.93,"$182,975.25",Sold,C1764,182975.25,266.75498957619584,True
80147,8,2024-01-01,Office,18,1328.53,"$413,926.08",Sold,C1973,413926.08,311.56698004561434,True
80156,8,2024-01-01,Office,20,774.16,"$195,608.73",Sold,C1925,195608.73,252.67222537976647,True
80173,8,2024-01-01,Apartment,23,1114.67,"$355,617.53",Available,,355617.53,319.03391138184395,False
80179,8,2024-01-01,Apartment,25,1833.58,"$521,184.68",Sold,C0173,521184.68,284.24430894752345,True
80188,8,2024-01-01,Apartment,26,1625.38,"$453,762.41",Sold,C0813,453762.41,279.1731225928706,True
80271,8,2024-01-01,Apartment,33,1809.87,"$495,423.92",Available,,495423.92,273.7345334195274,False
80282,8,2024-01-01,Apartment,33,1809.87,"$499,781.62",Sold,C1515,499781.62,276.14227541204616,True
80303,8,2024-01-01,Apartment,35,529.26,"$151,756.68",Available,,151756.68,286.73370366171633,False
80307,8,2024-01-01,Apartment,36,673.86,"$212,527.02",Sold,C1235,212527.02,315.38749888700914,True
80312,8,2024-01-01,Apartment,36,673.86,"$204,867.41",Sold,C0848,204867.41,304.02073130917404,True
80327,8,2024-01-01,Apartment,37,890.65,"$276,605.41",Sold,C0942,276605.41,310.56577780272835,True
80339,8,2024-01-01,Apartment,37,890.65,"$195,943.00",Sold,C1940,195943.0,220.0,True
80378,8,2024-01-01,Office,45,1185.72,"$342,306.80",Available,,342306.8,288.69109064534626,False
80379,8,2024-01-01,Apartment,45,1185.72,"$364,629.72",Sold,C1844,364629.72,307.5175589515231,True
80396,8,2024-01-01,Apartment,46,1175.51,"$296,772.64",Sold,C0863,296772.64,252.46287994147224,True
80402,8,2024-01-01,Apartment,46,1175.51,"$283,442.68",Sold,C1556,283442.68,241.12315505610331,True
80418,8,2024-01-01,Apartment,48,480.99,"$140,920.90",Sold,C0071,140920.9,292.980935154577,True
80450,8,2024-01-01,Apartment,53,1891.72,"$543,193.60",Sold,C0806,543193.6,287.14270610872643,True
80456,8,2024-01-01,Apartment,54,1699.02,"$543,500.27",Sold,C1880,543500.27,319.89044861155253,True
80457,8,2024-01-01,Apartment,54,1699.02,"$503,618.69",Sold,C0998,503618.69,296.41716401219526,True
80462,8,2024-01-01,Apartment,55,1300.05,"$369,856.38",Available,,369856.38,284.49396561670704,False
80465,8,2024-01-01,Apartment,55,1300.05,"$484,614.30",Sold,C1834,484614.3,372.7658936194762,True
80468,8,2024-01-01,Apartment,55,1300.05,"$434,169.98",Sold,C0436,434169.98,333.9640629206569,True
80469,8,2024-01-01,Office,55,1300.05,"$488,331.39",Sold,C0141,488331.39,375.6250836506288,True
80476,8,2024-01-01,Apartment,56,1874.7,"$526,682.25",Sold,C0570,526682.25,280.94215074411903,True
80484,8,2024-01-01,Apartment,56,1874.7,"$726,903.51",Sold,C1673,726903.51,387.74391102576413,True
80491,8,2024-01-01,Apartment,57,1949.35,"$609,563.43",Available,,609563.43,312.7008643906944,False
90042,9,2024-01-01,Apartment,8,1315.55,"$455,857.85",Available,,455857.85,346.5150317357759,False
90065,9,2024-01-01,Apartment,11,559.6,"$184,748.10",Available,,184748.1,330.1431379556826,False
90068,9,2024-01-01,Apartment,12,952.38,"$306,226.35",Sold,C0272,306226.35,321.537989037989,True
90094,9,2024-01-01,Office,16,924.6,"$238,207.62",Sold,C1485,238207.62,257.63316028552885,True
90129,9,2024-01-01,Apartment,20,1664.76,"$467,860.91",Sold,C0866,467860.91,281.038053533242,True
90145,9,2024-01-01,Apartment,22,1115.88,"$352,235.90",Sold,C0694,352235.9,315.657507975768,True
90157,9,2024-01-01,Apartment,24,914.61,"$261,048.14",Sold,C0191,261048.14,285.4201681591061,True
90166,9,2024-01-01,Apartment,26,1038.39,"$309,260.78",Sold,C0466,309260.78,297.82719402151406,True
90172,9,2024-01-01,Apartment,26,1038.39,"$289,396.65",Available,,289396.65,278.6974547135469,False
90178,9,2024-01-01,Apartment,27,1207.33,"$381,557.37",Available,,381557.37,316.0340337770121,False
90184,9,2024-01-01,Office,27,1207.33,"$380,937.24",Sold,C0084,380937.24,315.5203962462624,True
90186,9,2024-01-01,Apartment,27,1207.33,"$355,852.39",Sold,C0201,355852.39,294.743268203391,True
90195,9,2024-01-01,Apartment,29,1426.22,"$426,817.45",Available,,426817.45,299.26480486881405,False
90198,9,2024-01-01,Apartment,29,1426.22,"$353,758.33",Sold,C1814,353758.33,248.0391033641374,True
90226,9,2024-01-01,Apartment,33,973.52,"$286,269.59",Sold,C0109,286269.59,294.05619812638673,True
90240,9,2024-01-01,Apartment,34,1577.36,"$411,333.06",Sold,C1361,411333.06,260.77310189176853,True
90260,9,2024-01-01,Apartment,34,1577.36,"$455,434.65",Available,,455434.65,288.7322171222803,False
90276,9,2024-01-01,Apartment,35,1376.88,"$366,792.19",Sold,C0767,366792.19,266.39372349079076,True
90359,9,2024-01-01,Apartment,42,605.78,"$197,381.31",Sold,C1884,197381.31,325.83002079963023,True
90376,9,2024-01-01,Apartment,44,1351.57,"$364,019.33",Available,,364019.33,269.3307264884542,False
90396,9,2024-01-01,Apartment,47,1262.78,"$383,070.84",Sold,C1268,383070.84,303.3551687546525,True
90427,9,2024-01-01,Apartment,53,599.72,"$178,627.91",Sold,C0276,178627.91,297.8521810178083,True
90428,9,2024-01-01,Apartment,54,1693.18,"$500,160.52",Sold,C1245,500160.52,295.3971343861846,True
90430,9,2024-01-01,Apartment,54,1693.18,"$555,003.81",Sold,C1267,555003.81,327.78783708761034,True
90440,9,2024-01-01,Apartment,56,1516.4,"$453,127.52",Sold,C1070,453127.52,298.81793721973094,True
90444,9,2024-01-01,Apartment,56,1516.4,"$429,681.10",Available,,429681.1,283.356040622527,False
90488,9,2024-01-01,Apartment,58,838.34,"$195,149.33",Available,,195149.33,232.78064985566712,False
90501,9,2024-01-01,Apartment,58,838.34,"$236,365.70",Sold,C1345,236365.7,281.9449149509745,True
90511,9,2024-01-01,Apartment,58,838.34,"$191,641.45",Sold,C1952,191641.45,228.59633322995444,True
100053,10,2024-01-01,Apartment,5,1741.96,"$500,277.62",Sold,C0822,500277.62,287.1923695147994,True
100077,10,2024-01-01,Apartment,9,1849.4,"$539,103.37",Sold,C0224,539103.37,291.5017681410187,True
100086,10,2024-01-01,Apartment,11,1675.44,"$521,136.09",Sold,C1068,521136.09,311.04431671680277,True
100110,10,2024-01-01,Apartment,14,1318.01,"$344,813.48",Sold,C1458,344813.48,261.61674038891965,True
100139,10,2024-01-01,Apartment,18,1244.03,"$349,877.50",Sold,C0876,349877.5,281.2452272051317,True
100145,10,2024-01-01,Apartment,19,948.04,"$337,939.26",Available,,337939.26,356.4609721108814,False
100154,10,2024-01-01,Apartment,19,948.04,"$246,873.77",Available,,246873.77,260.40438167165945,False
100170,10,2024-01-01,Apartment,22,1116.68,"$330,051.37",Available,,330051.37,295.56486191209655,False
100217,10,2024-01-01,Apartment,27,777.35,"$225,796.07",Sold,C0206,225796.07,290.468990802084,True
100230,10,2024-01-01,Apartment,28,1606.58,"$532,017.08",Sold,C0878,532017.08,331.14882545531503,True
100231,10,2024-01-01,Apartment,28,1606.58,"$425,307.32",Available,,425307.32,264.7283795391453,False
100260,10,2024-01-01,Office,31,1499.0,"$449,151.55",Sold,C0568,449151.55,299.634122748499,True
100311,10,2024-01-01,Apartment,37,1177.85,"$413,750.47",Sold,C1776,413750.47,351.27602835675174,True
100318,10,2024-01-01,Apartment,38,476.64,"$159,970.07",Sold,C0938,159970.07,335.6203214165828,True
100319,10,2024-01-01,Apartment,38,476.64,"$143,209.81",Sold,C1301,143209.81,300.4569696206781,True
100320,10,2024-01-01,Apartment,38,476.64,"$156,338.43",Sold,C0797,156338.43,328.0010699899295,True
100327,10,2024-01-01,Apartment,39,1188.51,"$335,208.16",Available,,335208.16,282.04067277515543,False
100330,10,2024-01-01,Apartment,39,1188.51,"$365,737.57",Available,,365737.57,307.7278020378457,False
100340,10,2024-01-01,Apartment,41,1750.64,"$555,908.57",Available,,555908.57,317.54590892473607,False
100355,10,2024-01-01,Apartment,43,1093.67,"$366,202.32",Sold,C0520,366202.32,334.8380407252645,True
100366,10,2024-01-01,Apartment,43,1093.67,"$338,104.13",Sold,C0869,338104.13,309.14638785008276,True
100374,10,2024-01-01,Apartment,43,1093.67,"$307,958.64",Sold,C1984,307958.64,281.58278091197525,True
100375,10,2024-01-01,Apartment,44,1224.71,"$332,253.48",Sold,C0772,332253.48,271.29155473540675,True
100392,10,2024-01-01,Apartment,45,1119.1,"$284,280.68",Sold,C1530,284280.68,254.02616388169065,True
100406,10,2024-01-01,Office,47,1047.27,"$289,433.18",Available,,289433.18,276.3692075587002,False
110009,11,2024-01-01,Apartment,1,1902.88,"$623,754.36",Sold,C0274,623754.36,327.7949003615572,True
110049,11,2024-01-01,Apartment,6,1724.08,"$576,648.23",Available,,576648.23,334.46721149830637,False
110054,11,2024-01-01,Apartment,6,1724.08,"$501,939.76",Sold,C0594,501939.76,291.13484293072247,True
110061,11,2024-01-01,Apartment,7,1734.79,"$512,135.16",Sold,C0642,512135.16,295.2144985848431,True
110100,11,2024-01-01,Apartment,11,1581.88,"$508,552.39",Sold,C1878,508552.39,321.4860735327585,True
110130,11,2024-01-01,Apartment,14,524.68,"$136,179.62",Sold,C0207,136179.62,259.54795303804224,True
110173,11,2024-01-01,Apartment,18,1562.55,"$470,855.22",Available,,470855.22,301.3376979936642,False
110200,11,2024-01-01,Apartment,23,1098.83,"$324,271.22",Sold,C0769,324271.22,295.1059035519598,True
110205,11,2024-01-01,Apartment,24,1481.82,"$460,231.54",Sold,C0985,460231.54,310.58532075420766,True
110226,11,2024-01-01,Apartment,27,1638.1,"$432,388.36",Sold,C1224,432388.36,263.957243147549,True
110233,11,2024-01-01,Office,29,993.51,"$312,573.06",Sold,C0471,312573.06,314.6149107709032,True
110246,11,2024-01-01,Apartment,29,993.51,"$340,093.67",Sold,C1521,340093.67,342.31529627281054,True
110255,11,2024-01-01,Apartment,30,642.72,"$178,243.97",Sold,C0604,178243.97,277.32756099078915,True
110290,11,2024-01-01,Apartment,35,540.82,"$143,000.82",Sold,C0149,143000.82,264.41481454088233,True
110299,11,2024-01-01,Office,37,1368.16,"$451,844.69",Sold,C1297,451844.69,330.25719945035667,True
110332,11,2024-01-01,Apartment,40,638.97,"$167,129.85",Sold,C1222,167129.85,261.56134090802385,True
110338,11,2024-01-01,Apartment,42,808.59,"$275,616.80",Available,,275616.8,340.86100495925,False
110351,11,2024-01-01,Apartment,42,808.59,"$234,472.30",Available,,234472.3,289.97674965062635,False
110371,11,2024-01-01,Apartment,44,434.38,"$108,921.54",Sold,C0993,108921.54,250.75173810948937,True
110380,11,2024-01-01,Apartment,44,434.38,"$144,762.45",Sold,C1167,144762.45,333.262235830379,True
110402,11,2024-01-01,Apartment,48,661.7,"$189,978.51",Available,,189978.51,287.1067099894212,False
110440,11,2024-01-01,Apartment,52,1397.58,"$458,054.04",Sold,C0448,458054.04,327.74799295925817,True
110447,11,2024-01-01,Apartment,52,1397.58,"$362,828.72",Sold,C0212,362828.72,259.61212953820177,True
110452,11,2024-01-01,Apartment,52,1397.58,"$418,331.00",Sold,C0320,418331.0,299.32526223901317,True
110478,11,2024-01-01,Apartment,56,724.8,"$221,884.06",Sold,C0180,221884.06,306.1314293598234,True
110494,11,2024-01-01,Apartment,58,1159.31,"$317,901.09",Sold,C1385,317901.09,274.21577490058746,True
110514,11,2024-01-01,Office,61,1299.46,"$407,363.80",Sold,C0056,407363.8,313.4869869022517,True
110518,11,2024-01-01,Office,61,1299.46,"$349,404.33",Sold,C0534,349404.33,268.8842519200283,True
110525,11,2024-01-01,Office,62,1938.82,"$656,172.49",Available,,656172.49,338.4390969765115,False
110551,11,2024-01-01,Apartment,64,1916.26,"$593,841.38",Available,,593841.38,309.8960370722136,False
110558,11,2024-01-01,Apartment,65,1427.09,"$500,988.76",Sold,C0861,500988.76,351.0561772558143,True
120015,12,2024-01-01,Apartment,2,1285.87,"$370,422.47",Available,,370422.47,288.07147689890894,False
120034,12,2024-01-01,Apartment,3,1469.27,"$546,898.19",Available,,546898.19,372.22443118010983,False
120056,12,2024-01-01,Apartment,6,1347.8,"$420,572.80",Available,,420572.8,312.0439234307761,False
120071,12,2024-01-01,Apartment,8,1803.36,"$500,097.39",Available,,500097.39,277.31423010380627,False
120094,12,2024-01-01,Office,12,959.05,"$288,890.05",Sold,C0858,288890.05,301.22522287680516,True
120120,12,2024-01-01,Apartment,14,1369.96,"$445,754.21",Sold,C1076,445754.21,325.3775365704108,True
120197,12,2024-01-01,Apartment,22,892.67,"$269,005.90",Sold,C0728,269005.9,301.34977091198317,True
120237,12,2024-01-01,Apartment,25,1540.51,"$480,266.48",Sold,C0078,480266.48,311.75810608175215,True
120271,12,2024-01-01,Apartment,29,688.73,"$165,789.68",Sold,C0615,165789.68,240.71795914218924,True
120315,12,2024-01-01,Office,34,1817.64,"$630,134.29",Available,,630134.29,346.67716929645036,False
120320,12,2024-01-01,Apartment,35,1690.62,"$489,195.22",Available,,489195.22,289.3584720398434,False
120326,12,2024-01-01,Apartment,35,1690.62,"$371,936.40",Sold,C0145,371936.4,220.00000000000003,True
120331,12,2024-01-01,Apartment,35,1690.62,"$530,746.82",Available,,530746.82,313.9362009203724,False
120351,12,2024-01-01,Apartment,38,1157.23,"$343,865.15",Sold,C0264,343865.15,297.14503599111674,True
120373,12,2024-01-01,Apartment,39,1653.93,"$596,471.37",Sold,C0203,596471.37,360.63882389218406,True
120383,12,2024-01-01,Office,43,1893.23,"$595,281.62",Sold,C0909,595281.62,314.4264669374561,True
120384,12,2024-01-01,Apartment,44,635.36,"$222,895.04",Sold,C1101,222895.04,350.8169226894989,True
130031,13,2024-01-01,Apartment,2,1651.02,"$520,934.42",Sold,C1813,520934.42,315.52277985730035,True
130033,13,2024-01-01,Apartment,2,1651.02,"$506,031.70",Sold,C1487,506031.7,306.49640828094147,True
130039,13,2024-01-01,Apartment,3,979.64,"$277,095.12",Sold,C0696,277095.12,282.8540280102895,True
130046,13,2024-01-01,Apartment,4,1629.74,"$508,492.43",Sold,C1220,508492.43,312.0083142096285,True
130114,13,2024-01-01,Apartment,14,777.75,"$202,719.39",Sold,C0225,202719.39,260.64852459016396,True
130129,13,2024-01-01,Apartment,15,458.29,"$148,440.79",Sold,C1368,148440.79,323.9014379541338,True
130145,13,2024-01-01,Apartment,17,1278.95,"$377,532.64",Available,,377532.64,295.18952265530316,False
130153,13,2024-01-01,Apartment,17,1278.95,"$355,143.03",Sold,C1529,355143.03,277.68327925251185,True
130175,13,2024-01-01,Apartment,20,516.72,"$136,913.45",Sold,C1364,136913.45,264.9664228208701,True
130184,13,2024-01-01,Apartment,20,516.72,"$174,535.33",Available,,174535.33,337.7754489859111,False
130199,13,2024-01-01,Apartment,22,1811.36,"$536,988.38",Sold,C1659,536988.38,296.4559115802491,True
130251,13,2024-01-01,Apartment,29,568.7,"$150,790.34",Sold,C0280,150790.34,265.1491823457007,True
130293,13,2024-01-01,Apartment,33,1445.84,"$443,358.25",Sold,C0062,443358.25,306.64406158357775,True
130326,13,2024-01-01,Apartment,37,1555.67,"$500,885.96",Sold,C0782,500885.96,321.97442902415037,True
130327,13,2024-01-01,Apartment,37,1555.67,"$546,737.23",Available,,546737.23,351.44807703433247,False
130333,13,2024-01-01,Apartment,37,1555.67,"$458,458.71",Sold,C1580,458458.71,294.701774797997,True
130359,13,2024-01-01,Office,40,571.5,"$209,522.60",Available,,209522.6,366.6187226596675,False
130365,13,2024-01-01,Apartment,40,571.5,"$197,250.40",Sold,C1239,197250.4,345.1450568678915,True
130385,13,2024-01-01,Apartment,43,1875.83,"$599,817.91",Sold,C1263,599817.91,319.7613376478679,True
130445,13,2024-01-01,Apartment,49,572.01,"$163,367.50",Sold,C0726,163367.5,285.6025244313911,True
130454,13,2024-01-01,Apartment,51,1253.03,"$394,529.19",Available,,394529.19,314.8601310423533,False
130461,13,2024-01-01,Apartment,53,968.77,"$263,567.44",Sold,C1720,263567.44,272.06399867873694,True
130503,13,2024-01-01,Apartment,58,1115.72,"$332,388.13",Available,,332388.13,297.9135715053956,False
130514,13,2024-01-01,Apartment,59,1434.04,"$484,604.41",Sold,C0316,484604.41,337.9294929011743,True
130579,13,2024-01-01,Apartment,67,524.97,"$187,112.07",Available,,187112.07,356.4243099605692,False
130590,13,2024-01-01,Apartment,68,1590.69,"$429,908.37",Sold,C1728,429908.37,270.2653376836467,True
130597,13,2024-01-01,Apartment,70,750.41,"$229,357.30",Sold,C0562,229357.3,305.6426486853853,True
130598,13,2024-01-01,Apartment,70,750.41,"$226,404.55",Sold,C0859,226404.55,301.70779973614424,True
130605,13,2024-01-01,Apartment,70,750.41,"$214,317.33",Available,,214317.33,285.6003118295332,False
140010,14,2024-01-01,Apartment,2,922.7,"$288,742.14",Sold,C1902,288742.14,312.93176547090064,True
140020,14,2024-01-01,Apartment,4,1797.81,"$562,346.60",Available,,562346.6,312.7953454480729,False
140038,14,2024-01-01,Apartment,6,1733.36,"$470,883.03",Sold,C0605,470883.03,271.6591071675821,True
140039,14,2024-01-01,Office,6,1733.36,"$605,216.52",Sold,C1631,605216.52,349.15800526145756,True
140047,14,2024-01-01,Apartment,8,618.89,"$201,483.41",Sold,C0232,201483.41,325.5560923589006,True
140065,14,2024-01-01,Apartment,9,803.5,"$230,797.14",Available,,230797.14,287.2397510889857,False
140097,14,2024-01-01,Apartment,12,459.44,"$152,649.29",Sold,C1473,152649.29,332.25076179697027,True
140110,14,2024-01-01,Apartment,12,459.44,"$146,928.09",Sold,C0283,146928.09,319.79821086540136,True
140115,14,2024-01-01,Apartment,13,442.74,"$134,160.06",Sold,C1766,134160.06,303.0222252337715,True
140129,14,2024-01-01,Apartment,14,1628.68,"$417,246.26",Sold,C0364,417246.26,256.18676474199964,True
140135,14,2024-01-01,Office,15,784.04,"$217,519.47",Sold,C1844,217519.47,277.43414876792,True
140138,14,2024-01-01,Apartment,15,784.04,"$268,602.42",Sold,C0495,268602.42,342.5876485893577,True
140147,14,2024-01-01,Office,16,915.37,"$282,820.55",Sold,C0140,282820.55,308.96855916186894,True
140173,14,2024-01-01,Apartment,18,500.17,"$135,280.40",Sold,C0131,135280.4,270.46884059419796,True
140178,14,2024-01-01,Office,18,500.17,"$174,301.38",Sold,C0374,174301.38,348.4842753463822,True
140195,14,2024-01-01,Apartment,22,1148.66,"$332,434.49",Sold,C1880,332434.49,289.41069594135774,True
140212,14,2024-01-01,Apartment,23,1610.37,"$479,775.72",Sold,C0436,479775.72,297.92887348870136,True
140239,14,2024-01-01,Apartment,27,1866.49,"$605,282.42",Sold,C0182,605282.42,324.2891309356064,True
140261,14,2024-01-01,Apartment,29,1618.34,"$478,344.13",Sold,C1981,478344.13,295.57702954879693,True
140278,14,2024-01-01,Apartment,33,1894.96,"$566,261.62",Sold,C1095,566261.62,298.82510448769364,True
140349,14,2024-01-01,Office,42,1350.7,"$373,273.49",Available,,373273.49,276.35558599244837,False
140359,14,2024-01-01,Apartment,43,520.49,"$159,253.52",Sold,C1868,159253.52,305.96845280408843,True
140388,14,2024-01-01,Apartment,47,917.53,"$291,377.40",Sold,C0191,291377.4,317.56716401643547,True
140397,14,2024-01-01,Apartment,48,1941.78,"$551,576.91",Available,,551576.91,284.0573648920063,False
140420,14,2024-01-01,Apartment,51,1346.3,"$336,483.03",Sold,C1413,336483.03,249.93168684542823,True
140445,14,2024-01-01,Apartment,52,571.74,"$155,288.67",Available,,155288.67,271.60714660510024,False
140460,14,2024-01-01,Apartment,55,1415.9,"$438,730.04",Available,,438730.04,309.859481601808,False
150002,15,2024-01-01,Office,1,1596.51,"$481,918.59",Sold,C1780,481918.59,301.85754552116805,True
150020,15,2024-01-01,Apartment,2,1522.89,"$451,659.51",Sold,C1412,451659.51,296.58052124578927,True
150039,15,2024-01-01,Apartment,6,938.57,"$251,588.73",Sold,C1793,251588.73,268.05537146936297,True
150044,15,2024-01-01,Apartment,6,938.57,"$299,245.20",Sold,C0002,299245.2,318.83098756619114,True
150046,15,2024-01-01,Apartment,7,1113.85,"$352,782.33",Available,,352782.33,316.7233738833775,False
150054,15,2024-01-01,Apartment,9,565.48,"$192,609.64",Sold,C0103,192609.64,340.6126476621631,True
150135,15,2024-01-01,Apartment,17,562.64,"$150,397.94",Sold,C0897,150397.94,267.3075856675672,True
150214,15,2024-01-01,Apartment,24,924.36,"$295,445.16",Available,,295445.16,319.6213163702453,False
150278,15,2024-01-01,Apartment,34,1304.22,"$429,339.15",Available,,429339.15,329.19227584303263,False
150311,15,2024-01-01,Apartment,35,745.49,"$251,330.42",Sold,C1346,251330.42,337.1345289675247,True
150322,15,2024-01-01,Apartment,38,585.57,"$171,414.44",Available,,171414.44,292.73091176118993,False
150365,15,2024-01-01,Apartment,44,1713.09,"$506,373.41",Sold,C0907,506373.41,295.59066365456573,True
150377,15,2024-01-01,Apartment,48,1403.33,"$491,342.08",Sold,C1311,491342.08,350.12582927750424,True
150396,15,2024-01-01,Apartment,50,1841.5,"$466,293.15",Sold,C0882,466293.15,253.21376595166984,True
150411,15,2024-01-01,Apartment,52,829.2,"$274,212.09",Sold,C0114,274212.09,330.6947539797395,True
150446,15,2024-01-01,Apartment,55,892.75,"$273,200.87",Sold,C1029,273200.87,306.02169700364044,True
150454,15,2024-01-01,Apartment,55,892.75,"$260,820.76",Available,,260820.76,292.1543097171661,False
150482,15,2024-01-01,Apartment,57,429.34,"$146,531.33",Sold,C1615,146531.33,341.2943820748125,True
150487,15,2024-01-01,Apartment,58,1750.89,"$502,145.17",Sold,C0895,502145.17,286.7942417856062,True
150499,15,2024-01-01,Apartment,59,1286.47,"$377,298.62",Available,,377298.62,293.2820975226783,False
150510,15,2024-01-01,Apartment,60,1033.2,"$265,735.20",Available,,265735.2,257.19628339140536,False
160032,16,2024-01-01,Office,5,749.15,"$244,913.49",Sold,C1636,244913.49,326.92183140893013,True
160045,16,2024-01-01,Apartment,6,1062.34,"$340,711.24",Sold,C0903,340711.24,320.7176986652108,True
160055,16,2024-01-01,Apartment,7,941.57,"$281,344.37",Sold,C1545,281344.37,298.80345592998924,True
160056,16,2024-01-01,Apartment,7,941.57,"$267,559.14",Sold,C1734,267559.14,284.1627706915046,True
160092,16,2024-01-01,Apartment,10,1608.56,"$402,014.83",Sold,C0092,402014.83,249.9221850599294,True
160113,16,2024-01-01,Apartment,12,549.98,"$164,788.04",Available,,164788.04,299.625513655042,False
160152,16,2024-01-01,Apartment,19,1163.06,"$362,023.29",Sold,C1675,362023.29,311.267939745155,True
160169,16,2024-01-01,Apartment,21,837.95,"$278,052.48",Available,,278052.48,331.8246673429202,False
160179,16,2024-01-01,Apartment,22,1575.06,"$506,852.64",Sold,C0575,506852.64,321.7989409927241,True
160182,16,2024-01-01,Apartment,22,1575.06,"$494,969.30",Sold,C0535,494969.3,314.25425063172196,True
160224,16,2024-01-01,Office,27,1164.55,"$395,005.44",Sold,C1409,395005.44,339.1914816882058,True
160240,16,2024-01-01,Apartment,28,1440.71,"$434,559.42",Sold,C0867,434559.42,301.62865531578177,True
160245,16,2024-01-01,Apartment,28,1440.71,"$468,372.55",Sold,C1747,468372.55,325.09842369387314,True
160258,16,2024-01-01,Apartment,30,1024.75,"$324,503.53",Sold,C1464,324503.53,316.6660453769212,True
160273,16,2024-01-01,Office,33,881.17,"$314,026.20",Sold,C0935,314026.2,356.3741389289241,True
160279,16,2024-01-01,Apartment,33,881.17,"$260,142.62",Sold,C1449,260142.62,295.2240997764336,True
160297,16,2024-01-01,Office,35,629.97,"$191,185.49",Available,,191185.49,303.4834833404765,False
160383,16,2024-01-01,Apartment,44,1695.03,"$489,696.05",Available,,489696.05,288.9011108947924,False
170043,17,2024-01-01,Apartment,5,1829.38,"$527,700.01",Sold,C0252,527700.01,288.4583902743006,True
170054,17,2024-01-01,Apartment,7,1300.91,"$350,173.43",Sold,C0181,350173.43,269.17575389535017,True
170141,17,2024-01-01,Office,16,1693.0,"$441,387.41",Sold,C1176,441387.41,260.7131777909037,True
170154,17,2024-01-01,Apartment,16,1693.0,"$502,269.25",Sold,C1709,502269.25,296.67409923213233,True
170160,17,2024-01-01,Apartment,17,1827.25,"$443,019.30",Sold,C1264,443019.3,242.4513886988644,True
170202,17,2024-01-01,Apartment,23,1025.52,"$282,702.48",Available,,282702.48,275.6674467587175,False
170208,17,2024-01-01,Apartment,23,1025.52,"$337,329.51",Sold,C0220,337329.51,328.9350865902177,True
170232,17,2024-01-01,Office,27,677.24,"$202,422.00",Sold,C1093,202422.0,298.89256393597543,True
170248,17,2024-01-01,Apartment,28,1201.04,"$366,605.62",Sold,C1586,366605.62,305.2401418770399,True
170260,17,2024-01-01,Office,31,1806.06,"$569,841.56",Sold,C0320,569841.56,315.5164058779886,True
170265,17,2024-01-01,Apartment,32,954.54,"$259,309.56",Sold,C1757,259309.56,271.6591866239236,True
170293,17,2024-01-01,Apartment,35,1667.01,"$458,755.73",Sold,C0889,458755.73,275.1967474700212,True
170306,17,2024-01-01,Apartment,38,721.83,"$225,181.51",Sold,C0548,225181.51,311.95920091988415,True
170321,17,2024-01-01,Apartment,39,1341.67,"$421,709.56",Sold,C1968,421709.56,314.316903560488,True
170324,17,2024-01-01,Apartment,39,1341.67,"$423,674.34",Available,,423674.34,315.7813322202926,False
170343,17,2024-01-01,Apartment,42,691.03,"$184,522.13",Available,,184522.13,267.0247746118114,False
170360,17,2024-01-01,Apartment,46,1582.61,"$485,985.10",Available,,485985.1,307.0782441662823,False
170377,17,2024-01-01,Apartment,47,1106.83,"$351,467.32",Available,,351467.32,317.54408536089556,False
170387,17,2024-01-01,Apartment,48,1833.96,"$516,604.40",Sold,C1499,516604.4,281.6879321250191,True
170396,17,2024-01-01,Apartment,48,1833.96,"$496,119.12",Available,,496119.12,270.5179611332853,False
170400,17,2024-01-01,Office,48,1833.96,"$489,522.49",Available,,489522.49,266.92102881196973,False
170415,17,2024-01-01,Apartment,48,1833.96,"$550,183.44",Available,,550183.44,299.99751357717724,False
180039,18,2024-01-01,Apartment,4,1096.58,"$339,363.31",Available,,339363.31,309.47428368199314,False
180062,18,2024-01-01,Apartment,7,505.94,"$158,877.31",Available,,158877.31,314.024014705301,False
180074,18,2024-01-01,Apartment,9,894.92,"$259,035.41",Available,,259035.41,289.45091181334647,False
180086,18,2024-01-01,Apartment,12,1692.5,"$496,160.88",Sold,C1559,496160.88,293.15266174298375,True
180092,18,2024-01-01,Office,12,1692.5,"$439,842.21",Sold,C1630,439842.21,259.8772289512556,True
180100,18,2024-01-01,Office,14,1742.3,"$537,075.78",Sold,C0644,537075.78,308.2567755266028,True
180104,18,2024-01-01,Apartment,14,1742.3,"$486,547.76",Available,,486547.76,279.25601790736386,False
180115,18,2024-01-01,Apartment,15,1728.6,"$539,864.09",Sold,C1982,539864.09,312.31290639824135,True
180140,18,2024-01-01,Apartment,18,1127.95,"$407,937.44",Available,,407937.44,361.66269781461943,False
180153,18,2024-01-01,Apartment,20,1631.48,"$528,510.90",Sold,C0686,528510.9,323.945681221958,True
180157,18,2024-01-01,Apartment,21,1790.69,"$537,494.24",Available,,537494.24,300.1604074407072,False
180161,18,2024-01-01,Office,21,1790.69,"$575,175.80",Sold,C0560,575175.8,321.20344671607035,True
180165,18,2024-01-01,Apartment,22,1108.09,"$352,780.59",Sold,C1435,352780.59,318.36817406528354,True
180185,18,2024-01-01,Apartment,25,911.94,"$234,310.70",Sold,C1508,234310.7,256.9365309121214,True
180192,18,2024-01-01,Apartment,25,911.94,"$284,149.74",Sold,C0615,284149.74,311.588196591881,True
180201,18,2024-01-01,Apartment,26,1147.71,"$338,232.19",Sold,C0401,338232.19,294.7017887793955,True
180262,18,2024-01-01,Apartment,30,1795.66,"$482,951.02",Sold,C1351,482951.02,268.95460165064657,True
180313,18,2024-01-01,Apartment,36,1089.77,"$333,059.43",Available,,333059.43,305.6235994751186,False
180323,18,2024-01-01,Apartment,38,1219.8,"$342,597.24",Sold,C0172,342597.24,280.8634530250861,True
180348,18,2024-01-01,Office,40,990.46,"$258,292.30",Sold,C1900,258292.3,260.78014256002257,True
180352,18,2024-01-01,Apartment,40,990.46,"$286,888.50",Sold,C1039,286888.5,289.65177796175516,True
180378,18,2024-01-01,Apartment,42,1045.42,"$272,247.83",Sold,C0588,272247.83,260.4195729945859,True
180381,18,2024-01-01,Apartment,42,1045.42,"$303,555.82",Available,,303555.82,290.3673356163073,False
180395,18,2024-01-01,Apartment,45,1627.52,"$488,081.56",Sold,C0325,488081.56,299.89281852143137,True
180398,18,2024-01-01,Office,45,1627.52,"$490,429.65",Sold,C0032,490429.65,301.33555962445934,True
180402,18,2024-01-01,Apartment,45,1627.52,"$368,888.52",Sold,C1446,368888.52,226.6568275658671,True
180406,18,2024-01-01,Apartment,45,1627.52,"$518,136.39",Sold,C0445,518136.39,318.3594610204483,True
180414,18,2024-01-01,Apartment,47,520.85,"$168,344.73",Sold,C0294,168344.73,323.21153883075743,True
180428,18,2024-01-01,Apartment,48,564.59,"$146,766.78",Sold,C1113,146766.78,259.95285074124587,True
180453,18,2024-01-01,Apartment,51,1527.31,"$416,655.75",Sold,C0173,416655.75,272.80365479175805,True
180484,18,2024-01-01,Apartment,54,1756.12,"$544,990.20",Sold,C1247,544990.2,310.3376762408036,True
180491,18,2024-01-01,Apartment,54,1756.12,"$585,515.42",Sold,C1161,585515.42,333.4142427624536,True
180498,18,2024-01-01,Apartment,55,930.04,"$300,267.48",Available,,300267.48,322.854371854974,False
180524,18,2024-01-01,Apartment,58,955.23,"$277,619.99",Sold,C0493,277619.99,290.6315651727856,True
180536,18,2024-01-01,Apartment,61,1019.7,"$278,150.04",Sold,C0585,278150.04,272.77634598411294,True
180545,18,2024-01-01,Apartment,62,1330.41,"$481,595.93",Available,,481595.93,361.9906119166272,False
180558,18,2024-01-01,Apartment,65,996.32,"$302,341.10",Sold,C1706,302341.1,303.4578247952465,True
180560,18,2024-01-01,Apartment,66,1631.24,"$548,635.70",Sold,C1100,548635.7,336.3304602633579,True
180572,18,2024-01-01,Office,66,1631.24,"$522,844.12",Sold,C1109,522844.12,320.5194330693215,True
190065,19,2024-01-01,Apartment,10,747.71,"$235,714.90",Sold,C0782,235714.9,315.24909390004143,True
190080,19,2024-01-01,Apartment,12,1163.99,"$351,508.85",Sold,C1046,351508.85,301.98614249263306,True
190083,19,2024-01-01,Apartment,13,766.61,"$253,393.14",Sold,C1498,253393.14,330.5372223164321,True
190112,19,2024-01-01,Apartment,16,1711.98,"$393,988.35",Sold,C0807,393988.35,230.13607051484246,True
190132,19,2024-01-01,Apartment,18,1599.44,"$465,791.79",Sold,C0289,465791.79,291.2217963787325,True
190139,19,2024-01-01,Apartment,18,1599.44,"$351,876.80",Available,,351876.8,219.99999999999997,False
190195,19,2024-01-01,Apartment,24,620.51,"$163,296.22",Sold,C1283,163296.22,263.16452595445685,True
190198,19,2024-01-01,Apartment,24,620.51,"$188,692.55",Sold,C0299,188692.55,304.0926818262397,True
190209,19,2024-01-01,Apartment,25,996.38,"$335,632.91",Sold,C1275,335632.91,336.85231538168165,True
190213,19,2024-01-01,Apartment,26,668.24,"$194,986.69",Sold,C0865,194986.69,291.79140727882196,True
190228,19,2024-01-01,Apartment,26,668.24,"$224,209.55",Sold,C0690,224209.55,335.52249191907094,True
190229,19,2024-01-01,Apartment,27,1691.96,"$598,112.26",Sold,C0255,598112.26,353.5026005342916,True
190260,19,2024-01-01,Office,30,673.27,"$193,435.91",Available,,193435.91,287.3080784826296,False
190278,19,2024-01-01,Apartment,32,1048.61,"$291,311.69",Sold,C0399,291311.69,277.8074689350664,True
190293,19,2024-01-01,Apartment,35,1099.62,"$285,903.69",Sold,C1779,285903.69,260.00226441861736,True
190320,19,2024-01-01,Apartment,39,1237.04,"$350,962.27",Sold,C0851,350962.27,283.7113351225506,True
190327,19,2024-01-01,Apartment,39,1237.04,"$326,382.27",Sold,C0859,326382.27,263.8413228351549,True
190356,19,2024-01-01,Apartment,42,1137.59,"$315,841.36",Sold,C1715,315841.36,277.64076688437837,True
190386,19,2024-01-01,Apartment,43,1697.72,"$481,623.94",Sold,C1515,481623.94,283.6886765779987,True
190396,19,2024-01-01,Apartment,44,982.8,"$330,860.72",Sold,C0025,330860.72,336.6511192511192,True
190400,19,2024-01-01,Apartment,46,1926.19,"$539,693.29",Sold,C1234,539693.29,280.1869441747699,True
190411,19,2024-01-01,Apartment,46,1926.19,"$479,620.30",Sold,C0400,479620.3,248.99947564881967,True
200005,20,2024-01-01,Apartment,1,1898.39,"$563,544.96",Sold,C0427,563544.96,296.8541553632288,True
200039,20,2024-01-01,Apartment,3,1645.93,"$564,487.75",Sold,C1843,564487.75,342.9597552751332,True
200064,20,2024-01-01,Apartment,8,1268.45,"$329,467.14",Sold,C0863,329467.14,259.7399503330837,True
200106,20,2024-01-01,Apartment,14,837.37,"$280,575.86",Available,,280575.86,335.0679627882537,False
200113,20,2024-01-01,Apartment,15,1805.12,"$534,868.97",Sold,C1509,534868.97,296.3066001152278,True
200146,20,2024-01-01,Office,18,1868.01,"$639,415.77",Sold,C1934,639415.77,342.2978303114009,True
200156,20,2024-01-01,Apartment,18,1868.01,"$633,040.56",Sold,C0612,633040.56,338.884995262338,True
200175,20,2024-01-01,Apartment,19,759.72,"$205,245.22",Available,,205245.22,270.1590322750487,False
200222,20,2024-01-01,Apartment,27,993.62,"$280,418.97",Available,,280418.97,282.2195306052615,False
200258,20,2024-01-01,Apartment,30,1703.94,"$448,863.27",Available,,448863.27,263.4266875594211,False
200282,20,2024-01-01,Apartment,31,1414.44,"$454,693.74",Sold,C1172,454693.74,321.4655552727581,True
200283,20,2024-01-01,Office,31,1414.44,"$419,691.92",Sold,C0419,419691.92,296.71949322700146,True
200296,20,2024-01-01,Apartment,33,630.53,"$171,217.68",Available,,171217.68,271.5456520704804,False
200331,20,2024-01-01,Apartment,36,1484.99,"$481,326.38",Sold,C0766,481326.38,324.1276910955629,True
200342,20,2024-01-01,Apartment,37,632.35,"$177,452.66",Sold,C0751,177452.66,280.624116391239,True
200369,20,2024-01-01,Apartment,40,428.03,"$134,931.87",Available,,134931.87,315.2392822932972,False
200382,20,2024-01-01,Apartment,42,811.56,"$224,917.93",Sold,C1869,224917.93,277.14270047809157,True
200385,20,2024-01-01,Apartment,42,811.56,"$292,923.09",Available,,292923.09,360.9383040070975,False
200387,20,2024-01-01,Apartment,42,811.56,"$182,390.99",Sold,C1129,182390.99,224.7412267731283,True
200391,20,2024-01-01,Apartment,43,1697.49,"$572,810.16",Sold,C0693,572810.16,337.4453811215383,True
200406,20,2024-01-01,Office,46,1227.49,"$377,643.05",Sold,C1361,377643.05,307.6546855778866,True
200453,20,2024-01-01,Apartment,51,1062.33,"$286,231.25",Sold,C0123,286231.25,269.4372276034754,True
200462,20,2024-01-01,Apartment,51,1062.33,"$283,430.39",Sold,C1639,283430.39,266.8007022300039,True
200468,20,2024-01-01,Apartment,52,1634.67,"$454,584.32",Available,,454584.32,278.0893513675543,False
990004,1,2024-01-01,Apartment,19,798.5,"$244,624.87",Available,,244624.87,306.3555040701315,False
990012,3,2024-01-01,Apartment,49,1273.88,"$427,236.10",Available,,427236.1,335.3817471033378,False
1019,1,2024-02-01,Apartment,19,827.87,"$239,341.58",Sold,C0005,239341.58,289.1052701511107,True
1023,1,2024-02-01,Apartment,23,782.25,"$261,579.89",Sold,C0134,261579.89,334.39423457973794,True
1027,1,2024-02-01,Apartment,27,827.87,"$276,759.18",Sold,C0089,276759.18,334.3027045309046,True
1045,1,2024-02-01,Apartment,45,756.21,"$248,525.12",Sold,C0002,248525.12,328.6456407611642,True
2034,2,2024-02-01,Apartment,34,785.48,"$252,927.84",Sold,C0157,252927.84,322.0041757905994,True
2053,2,2024-02-01,Apartment,53,784.19,"$275,812.49",Available,,275812.49,351.71640801336406,False
3001,3,2024-02-01,Apartment,1,579.75,"$171,262.65",Sold,C0024,171262.65,295.40776196636483,True
3007,3,2024-02-01,Apartment,7,720.7,"$231,552.33",Sold,C0076,231552.33,321.2880949077286,True
3020,3,2024-02-01,Apartment,20,781.07,"$258,572.48",Sold,C0017,258572.48,331.0490481006824,True
3025,3,2024-02-01,Apartment,25,923.21,"$296,483.14",Sold,C0044,296483.14,321.1437701064763,True
3032,3,2024-02-01,Apartment,32,923.21,"$242,740.66",Sold,C0079,242740.66,262.93114242696674,True
4011,4,2024-02-01,Apartment,11,794.52,"$201,518.89",Sold,C0004,201518.89,253.63601923173744,True
4022,4,2024-02-01,Apartment,22,794.52,"$263,790.81",Sold,C0123,263790.81,332.0128001812415,True
5004,5,2024-02-01,Apartment,4,798.5,"$250,415.38",Available,,250415.38,313.6072385723231,False
5007,5,2024-02-01,Apartment,7,618.16,"$211,406.87",Available,,211406.87,341.9937718390061,False
5016,5,2024-02-01,Apartment,16,798.5,"$278,575.87",Sold,C0052,278575.87,348.8739762053851,True
5040,5,2024-02-01,Apartment,40,798.28,"$228,410.05",Sold,C0069,228410.05,286.1277371348399,True
10001,1,2024-02-01,Apartment,1,748.06,"$231,594.74",Available,,231594.74,309.5938026361522,False
10007,1,2024-02-01,Apartment,2,715.67,"$229,028.48",Available,,229028.48,320.01967387203604,False
10031,1,2024-02-01,Apartment,4,633.61,"$207,447.24",Sold,C0192,207447.24,327.4052492858383,True
10036,1,2024-02-01,Apartment,4,633.61,"$223,287.36",Sold,C0615,223287.36,352.4050441123088,True
10058,1,2024-02-01,Apartment,7,758.88,"$211,877.66",Sold,C0171,211877.66,279.19784419144,True
10066,1,2024-02-01,Apartment,8,763.88,"$250,556.69",Sold,C0138,250556.69,328.0053018798764,True
10073,1,2024-02-01,Apartment,9,777.56,"$207,500.42",Available,,207500.42,266.8609753588148,False
10087,1,2024-02-01,Apartment,12,621.14,"$163,621.66",Available,,163621.66,263.4215474772193,False
10092,1,2024-02-01,Apartment,13,719.47,"$194,530.88",Available,,194530.88,270.38080809484757,False
10148,1,2024-02-01,Apartment,19,773.17,"$221,601.42",Available,,221601.42,286.6140952183867,False
10159,1,2024-02-01,Apartment,20,1146.24,"$360,664.73",Sold,C0753,360664.73,314.6502739391401,True
10189,1,2024-02-01,Office,23,1201.5,"$368,692.59",Available,,368692.59,306.86024968789013,False
10192,1,2024-02-01,Apartment,23,1201.5,"$340,382.71",Available,,340382.71,283.29813566375367,False
10207,1,2024-02-01,Apartment,24,1146.11,"$383,398.48",Available,,383398.48,334.5215380722618,False
10214,1,2024-02-01,Apartment,24,1146.11,"$398,853.42",Sold,C0961,398853.42,348.00622976852134,True
10224,1,2024-02-01,Apartment,26,828.98,"$239,287.16",Sold,C1220,239287.16,288.65251272648317,True
10232,1,2024-02-01,Apartment,26,828.98,"$228,918.45",Sold,C0325,228918.45,276.14472001737073,True
10273,1,2024-02-01,Apartment,30,753.29,"$190,139.44",Available,,190139.44,252.41200600034517,False
10285,1,2024-02-01,Apartment,30,753.29,"$220,767.06",Sold,C1824,220767.06,293.07047750534326,True
10298,1,2024-02-01,Apartment,31,619.78,"$187,245.99",Available,,187245.99,302.11686404853333,False
10308,1,2024-02-01,Apartment,32,800.77,"$242,998.88",Sold,C1635,242998.88,303.4565230965196,True
10343,1,2024-02-01,Apartment,36,613.59,"$175,243.75",Sold,C1507,175243.75,285.60398637526686,True
10353,1,2024-02-01,Apartment,38,1355.85,"$415,465.29",Sold,C1671,415465.29,306.42422834384337,True
10359,1,2024-02-01,Apartment,39,742.93,"$225,611.33",Sold,C0480,225611.33,303.67777583352404,True
10382,1,2024-02-01,Apartment,44,779.24,"$256,541.20",Sold,C0585,256541.2,329.2197525794364,True
10385,1,2024-02-01,Apartment,45,767.46,"$216,966.30",Available,,216966.3,282.70698147134704,False
10395,1,2024-02-01,Apartment,46,1153.16,"$314,519.35",Sold,C0198,314519.35,272.7456294009504,True
10398,1,2024-02-01,Apartment,46,1153.16,"$432,586.78",Available,,432586.78,375.13162093725066,False
10408,1,2024-02-01,Apartment,47,771.08,"$216,275.25",Sold,C1699,216275.25,280.4835425636769,True
10412,1,2024-02-01,Apartment,48,1170.93,"$412,010.00",Sold,C0571,412010.0,351.865611095454,True
10418,1,2024-02-01,Apartment,48,1170.93,"$299,618.30",Sold,C0906,299618.3,255.88062480250738,True
20010,2,2024-02-01,Apartment,2,788.72,"$261,773.41",Available,,261773.41,331.8965031950502,False
20034,2,2024-02-01,Apartment,4,1281.85,"$442,491.43",Sold,C1517,442491.43,345.1975114092913,True
20036,2,2024-02-01,Apartment,4,1281.85,"$395,263.42",Available,,395263.42,308.353879159028,False
20046,2,2024-02-01,Apartment,5,933.95,"$240,226.27",Sold,C1871,240226.27,257.2153434338026,True
20099,2,2024-02-01,Apartment,11,1625.05,"$415,188.09",Sold,C0151,415188.09,255.49250176917636,True
20132,2,2024-02-01,Apartment,15,1603.33,"$490,688.71",Sold,C0990,490688.71,306.043490734908,True
20148,2,2024-02-01,Apartment,17,1397.4,"$424,589.45",Sold,C1792,424589.45,303.8424574209246,True
20159,2,2024-02-01,Office,18,784.76,"$246,731.07",Available,,246731.07,314.4032188184923,False
20167,2,2024-02-01,Office,19,795.52,"$272,400.92",Sold,C1414,272400.92,342.41869469026545,True
20168,2,2024-02-01,Apartment,19,795.52,"$203,418.93",Sold,C1831,203418.93,255.7056139380531,True
20179,2,2024-02-01,Apartment,20,727.55,"$229,804.98",Available,,229804.98,315.8614253315924,False
20187,2,2024-02-01,Apartment,21,921.38,"$242,967.26",Available,,242967.26,263.69929887777033,False
20238,2,2024-02-01,Apartment,26,1577.79,"$471,446.09",Sold,C0823,471446.09,298.8015451992978,True
20265,2,2024-02-01,Apartment,31,629.92,"$186,157.43",Sold,C1676,186157.43,295.52551117602235,True
20292,2,2024-02-01,Apartment,34,800.26,"$246,812.55",Sold,C1853,246812.55,308.41545247794465,True
20318,2,2024-02-01,Apartment,37,780.46,"$246,714.08",Sold,C0859,246714.08,316.1136765497271,True
20328,2,2024-02-01,Apartment,39,788.77,"$222,138.43",Available,,222138.43,281.62636763568594,False
20336,2,2024-02-01,Office,41,654.93,"$247,881.98",Sold,C1177,247881.98,378.48621990136354,True
20374,2,2024-02-01,Office,45,782.2,"$246,500.19",Sold,C1035,246500.19,315.13703656353874,True
20386,2,2024-02-01,Apartment,46,697.74,"$181,636.85",Sold,C1864,181636.85,260.3216814286124,True
20407,2,2024-02-01,Apartment,47,708.32,"$175,899.44",Available,,175899.44,248.33329568556584,False
20422,2,2024-02-01,Apartment,48,788.44,"$259,070.50",Sold,C1500,259070.5,328.58619552534117,True
20429,2,2024-02-01,Apartment,49,1617.9,"$535,928.28",Sold,C1940,535928.28,331.2493231967365,True
20464,2,2024-02-01,Apartment,55,579.26,"$193,601.25",Available,,193601.25,334.2216793840417,False
20472,2,2024-02-01,Office,55,579.26,"$160,912.37",Sold,C0191,160912.37,277.7895418292304,True
30004,3,2024-02-01,Apartment,1,689.75,"$215,437.17",Available,,215437.17,312.34094961942736,False
30009,3,2024-02-01,Apartment,1,689.75,"$241,026.20",Sold,C0971,241026.2,349.4399420079739,True
30068,3,2024-02-01,Apartment,7,744.01,"$260,942.91",Available,,260942.91,350.7250036961869,False
30074,3,2024-02-01,Apartment,7,744.01,"$229,899.09",Available,,229899.09,309.0,False
30085,3,2024-02-01,Apartment,8,1152.39,"$395,030.38",Sold,C1798,395030.38,342.7922665069985,True
30089,3,2024-02-01,Apartment,9,1125.84,"$260,798.04",Sold,C1765,260798.04,231.64751652099767,True
30111,3,2024-02-01,Apartment,10,784.09,"$245,109.97",Available,,245109.97,312.6043821500083,False
30176,3,2024-02-01,Apartment,19,1602.22,"$599,096.70",Available,,599096.7,373.91662817840245,False
30206,3,2024-02-01,Apartment,22,1165.89,"$335,996.76",Sold,C0419,335996.76,288.189074440985,True
30213,3,2024-02-01,Apartment,24,776.04,"$222,919.64",Sold,C0288,222919.64,287.2527704757487,True
30249,3,2024-02-01,Apartment,28,679.93,"$218,529.92",Sold,C0530,218529.92,321.4006147691675,True
30268,3,2024-02-01,Office,29,666.0,"$202,901.68",Sold,C0147,202901.68,304.6571771771772,True
30287,3,2024-02-01,Apartment,34,768.76,"$266,737.65",Available,,266737.65,346.9712914303554,False
30393,3,2024-02-01,Apartment,48,783.39,"$258,311.50",Sold,C0633,258311.5,329.73550849513015,True
30408,3,2024-02-01,Apartment,49,1174.48,"$406,698.29",Sold,C1644,406698.29,346.27945133165315,True
30410,3,2024-02-01,Apartment,49,1174.48,"$333,111.95",Sold,C0379,333111.95,283.62505108643825,True
30444,3,2024-02-01,Apartment,51,693.85,"$196,234.42",Sold,C0478,196234.42,282.81965842761406,True
30467,3,2024-02-01,Apartment,56,1179.42,"$364,650.23",Sold,C0897,364650.23,309.17758728866727,True
30470,3,2024-02-01,Apartment,56,1179.42,"$342,855.34",Available,,342855.34,290.69825846602566,False
30472,3,2024-02-01,Apartment,56,1179.42,"$341,971.22",Sold,C0273,341971.22,289.94863577012427,True
30484,3,2024-02-01,Apartment,57,1607.94,"$626,247.03",Sold,C0039,626247.03,389.4716407328632,True
30500,3,2024-02-01,Apartment,58,1588.14,"$485,910.88",Sold,C0964,485910.88,305.96224514211593,True
40005,4,2024-02-01,Apartment,1,1615.98,"$421,094.20",Available,,421094.2,260.58131907573113,False
40027,4,2024-02-01,Apartment,3,1630.82,"$449,305.80",Sold,C1935,449305.8,275.5091303761298,True
40053,4,2024-02-01,Office,5,786.98,"$276,785.44",Sold,C1367,276785.44,351.7058120917939,True
40103,4,2024-02-01,Apartment,13,809.06,"$238,462.47",Sold,C0838,238462.47,294.74015524188565,True
40125,4,2024-02-01,Apartment,14,1322.66,"$406,088.42",Sold,C1123,406088.42,307.0240424598914,True
40146,4,2024-02-01,Apartment,18,1294.91,"$330,128.52",Sold,C1819,330128.52,254.9432161308508,True
40159,4,2024-02-01,Apartment,19,1063.07,"$273,344.88",Available,,273344.88,257.1278278946824,False
40170,4,2024-02-01,Apartment,21,801.66,"$234,238.08",Sold,C1053,234238.08,292.1913030461792,True
40204,4,2024-02-01,Apartment,26,790.05,"$262,773.49",Sold,C0737,262773.49,332.6036200240491,True
40232,4,2024-02-01,Apartment,27,1130.51,"$337,265.88",Sold,C1569,337265.88,298.330735685664,True
40239,4,2024-02-01,Apartment,29,776.79,"$204,741.22",Sold,C1015,204741.22,263.57344970970274,True
40244,4,2024-02-01,Apartment,29,776.79,"$235,315.07",Sold,C1009,235315.07,302.93267163583465,True
40322,4,2024-02-01,Apartment,39,743.73,"$249,775.93",Available,,249775.93,335.84221424441665,False
40325,4,2024-02-01,Office,39,743.73,"$188,265.35",Sold,C1501,188265.35,253.1366893899668,True
40341,4,2024-02-01,Apartment,40,780.74,"$226,025.07",Sold,C0446,226025.07,289.50107590234904,True
40381,4,2024-02-01,Apartment,45,1160.48,"$385,102.00",Available,,385102.0,331.84716668964563,False
40396,4,2024-02-01,Apartment,45,1160.48,"$348,106.05",Sold,C1380,348106.05,299.96729801461464,True
40400,4,2024-02-01,Apartment,46,800.23,"$217,297.00",Sold,C0546,217297.0,271.54318133536606,True
40403,4,2024-02-01,Apartment,46,800.23,"$252,741.45",Sold,C0650,252741.45,315.83600964722643,True
40413,4,2024-02-01,Office,48,1621.39,"$432,946.60",Sold,C1789,432946.6,267.0218762913303,True
40419,4,2024-02-01,Office,49,739.7,"$200,232.66",Available,,200232.66,270.6944166554008,False
40423,4,2024-02-01,Office,49,739.7,"$271,334.13",Available,,271334.13,366.81645261592536,False
50016,5,2024-02-01,Apartment,4,799.1,"$224,492.48",Sold,C0440,224492.48,280.93164810411713,True
50041,5,2024-02-01,Apartment,8,782.15,"$250,802.41",Available,,250802.41,320.65768714440964,False
50042,5,2024-02-01,Apartment,8,782.15,"$251,843.70",Sold,C0402,251843.7,321.98900466662406,True
50069,5,2024-02-01,Apartment,10,629.27,"$167,605.40",Sold,C0524,167605.4,266.348944014493,True
50088,5,2024-02-01,Apartment,11,1058.56,"$322,270.39",Available,,322270.39,304.4422517382104,False
50092,5,2024-02-01,Apartment,11,1058.56,"$366,010.60",Sold,C1281,366010.6,345.762734280532,True
50131,5,2024-02-01,Apartment,17,798.74,"$247,494.01",Sold,C0354,247494.01,309.85553496757393,True
50137,5,2024-02-01,Apartment,18,1267.03,"$348,464.51",Sold,C0055,348464.51,275.0246718704372,True
50177,5,2024-02-01,Office,23,1006.65,"$312,643.26",Sold,C0936,312643.26,310.57791685292807,True
50209,5,2024-02-01,Apartment,27,1278.6,"$339,394.02",Available,,339394.02,265.44190520882216,False
50226,5,2024-02-01,Apartment,30,794.93,"$216,358.57",Available,,216358.57,272.1731095819758,False
50275,5,2024-02-01,Apartment,36,627.56,"$192,979.14",Sold,C1542,192979.14,307.5070750207152,True
50280,5,2024-02-01,Apartment,36,627.56,"$179,866.96",Sold,C0505,179866.96,286.61316846197974,True
50316,5,2024-02-01,Apartment,41,630.83,"$194,865.61",Available,,194865.61,308.9035239287922,False
50320,5,2024-02-01,Apartment,42,791.2,"$237,927.19",Available,,237927.19,300.7168731041456,False
50345,5,2024-02-01,Apartment,44,806.03,"$260,008.44",Sold,C1224,260008.44,322.5791099586864,True
50369,5,2024-02-01,Apartment,45,608.89,"$152,795.03",Available,,152795.03,250.94028478050222,False
50373,5,2024-02-01,Apartment,45,608.89,"$175,491.09",Sold,C0617,175491.09,288.21476785626305,True
50399,5,2024-02-01,Apartment,47,1241.14,"$344,983.80",Sold,C0465,344983.8,277.95720063812297,True
50404,5,2024-02-01,Office,47,1241.14,"$423,673.58",Sold,C1867,423673.58,341.3584124272846,True
50430,5,2024-02-01,Apartment,50,1261.07,"$314,928.35",Sold,C1810,314928.35,249.73106171743044,True
50440,5,2024-02-01,Apartment,52,1755.18,"$578,028.54",Sold,C0309,578028.54,329.32721430280657,True
60004,6,2024-02-01,Apartment,1,1720.95,"$445,409.00",Sold,C1842,445409.0,258.8157703593945,True
60034,6,2024-02-01,Apartment,3,605.21,"$168,558.20",Sold,C0228,168558.2,278.51192148179973,True
60060,6,2024-02-01,Apartment,5,1617.43,"$436,787.87",Sold,C1141,436787.87,270.0505555109031,True
60075,6,2024-02-01,Apartment,7,1075.42,"$300,722.76",Available,,300722.76,279.6328504212308,False
60085,6,2024-02-01,Apartment,7,1075.42,"$301,361.61",Available,,301361.61,280.2268973982258,False
60108,6,2024-02-01,Apartment,9,1194.12,"$329,559.53",Sold,C0320,329559.53,275.98526948715374,True
60170,6,2024-02-01,Apartment,15,1392.45,"$377,789.49",Sold,C0534,377789.49,271.3127868146073,True
60187,6,2024-02-01,Apartment,17,1502.18,"$409,549.01",Sold,C0885,409549.01,272.6364417047225,True
60196,6,2024-02-01,Apartment,19,1542.71,"$481,017.54",Available,,481017.54,311.80036429400207,False
60216,6,2024-02-01,Apartment,20,1897.17,"$616,363.69",Available,,616363.69,324.88585103074575,False
60232,6,2024-02-01,Apartment,22,1656.54,"$518,178.17",Sold,C1273,518178.17,312.80752049452474,True
60247,6,2024-02-01,Apartment,25,1086.43,"$309,997.56",Sold,C0873,309997.56,285.33597194481007,True
60255,6,2024-02-01,Apartment,26,1538.47,"$522,654.07",Sold,C0569,522654.07,339.7232770219764,True
60262,6,2024-02-01,Apartment,27,830.65,"$303,119.09",Sold,C0174,303119.09,364.9179437789683,True
60295,6,2024-02-01,Apartment,33,1131.0,"$344,027.61",Sold,C0864,344027.61,304.1800265251989,True
60333,6,2024-02-01,Apartment,37,1721.96,"$450,279.00",Sold,C0610,450279.0,261.49213686729075,True
60365,6,2024-02-01,Apartment,41,940.72,"$260,940.86",Sold,C0657,260940.86,277.384195084616,True
60391,6,2024-02-01,Apartment,46,1870.54,"$625,384.45",Sold,C0670,625384.45,334.33364162220533,True
60412,6,2024-02-01,Office,50,1579.99,"$503,351.90",Sold,C0125,503351.9,318.5791682225837,True
60414,6,2024-02-01,Apartment,50,1579.99,"$443,496.60",Sold,C1098,443496.6,280.6958271887797,True
60418,6,2024-02-01,Apartment,51,1476.63,"$488,398.75",Sold,C1574,488398.75,330.752287302845,True
60436,6,2024-02-01,Apartment,51,1476.63,"$387,086.20",Sold,C1332,387086.2,262.141633313694,True
70009,7,2024-02-01,Apartment,2,1478.43,"$498,858.03",Sold,C0835,498858.03,337.4241797041456,True
70018,7,2024-02-01,Apartment,3,888.5,"$220,771.71",Sold,C1207,220771.71,248.47688238604388,True
70038,7,2024-02-01,Apartment,6,1232.31,"$364,484.54",Sold,C0590,364484.54,295.7734174030885,True
70052,7,2024-02-01,Office,9,926.11,"$247,542.10",Sold,C1188,247542.1,267.2923302847394,True
70073,7,2024-02-01,Office,11,834.5,"$238,056.63",Sold,C0765,238056.63,285.26857998801677,True
70081,7,2024-02-01,Apartment,12,804.65,"$234,661.19",Available,,234661.19,291.63138010315043,False
70102,7,2024-02-01,Apartment,13,604.6,"$173,890.35",Sold,C1825,173890.35,287.61222295732716,True
70107,7,2024-02-01,Apartment,14,714.65,"$199,934.81",Sold,C1888,199934.81,279.76605331281047,True
70129,7,2024-02-01,Office,15,602.92,"$171,413.40",Available,,171413.4,284.30538048165596,False
70149,7,2024-02-01,Office,18,703.28,"$202,165.96",Sold,C1117,202165.96,287.4615515868502,True
70205,7,2024-02-01,Office,23,1222.69,"$423,809.45",Sold,C1649,423809.45,346.62052523534174,True
70221,7,2024-02-01,Apartment,24,852.99,"$230,863.47",Available,,230863.47,270.652024056554,False
70244,7,2024-02-01,Apartment,27,768.05,"$231,142.92",Available,,231142.92,300.94775079747416,False
70255,7,2024-02-01,Apartment,28,694.55,"$212,583.80",Sold,C1756,212583.8,306.07414872939313,True
70279,7,2024-02-01,Apartment,33,1266.64,"$372,583.37",Available,,372583.37,294.15095844123033,False
70303,7,2024-02-01,Apartment,36,1748.75,"$539,246.07",Sold,C0589,539246.07,308.3608691922802,True
70330,7,2024-02-01,Apartment,39,1298.32,"$432,044.48",Sold,C0746,432044.48,332.77195144494425,True
70360,7,2024-02-01,Apartment,42,702.08,"$201,870.11",Available,,201870.11,287.5314921376481,False
70367,7,2024-02-01,Apartment,43,498.61,"$134,300.91",Sold,C1169,134300.91,269.3506147088907,True
70382,7,2024-02-01,Office,43,498.61,"$177,534.71",Sold,C1953,177534.71,356.0592647560217,True
70407,7,2024-02-01,Apartment,48,533.35,"$172,251.51",Sold,C0368,172251.51,322.96148870347804,True
70408,7,2024-02-01,Apartment,48,533.35,"$155,737.30",Sold,C0932,155737.3,291.99831255273267,True
70419,7,2024-02-01,Apartment,49,1383.05,"$427,566.10",Sold,C0235,427566.1,309.1472470264994,True
70441,7,2024-02-01,Apartment,52,1281.14,"$405,665.29",Sold,C1906,405665.29,316.6439967528919,True
70508,7,2024-02-01,Apartment,58,1629.83,"$503,113.61",Sold,C1811,503113.61,308.6908511930692,True
70514,7,2024-02-01,Apartment,59,765.3,"$200,421.60",Sold,C1883,200421.6,261.8863190905528,True
80067,8,2024-02-01,Office,7,1352.74,"$449,983.92",Sold,C1318,449983.92,332.64627348936233,True
80083,8,2024-02-01,Apartment,9,1869.81,"$582,311.86",Sold,C0311,582311.86,311.4283590311315,True
80154,8,2024-02-01,Apartment,20,774.16,"$209,735.82",Sold,C0217,209735.82,270.9205073886535,True
80162,8,2024-02-01,Apartment,21,1501.64,"$468,640.92",Sold,C0339,468640.92,312.08606590128124,True
80165,8,2024-02-01,Apartment,21,1501.64,"$486,911.94",Available,,486911.94,324.2534429024267,False
80201,8,2024-02-01,Office,28,1431.61,"$495,114.94",Available,,495114.94,345.8448460125314,False
80254,8,2024-02-01,Apartment,31,1253.18,"$405,445.85",Sold,C1991,405445.85,323.5336104949009,True
80257,8,2024-02-01,Apartment,31,1253.18,"$425,894.16",Sold,C0268,425894.16,339.8507476978566,True
80264,8,2024-02-01,Apartment,32,1410.88,"$413,926.67",Sold,C1631,413926.67,293.3819105806305,True
80274,8,2024-02-01,Apartment,33,1809.87,"$619,858.51",Available,,619858.51,342.487863769221,False
80288,8,2024-02-01,Apartment,33,1809.87,"$586,005.80",Available,,586005.8,323.7833656560969,False
80314,8,2024-02-01,Office,37,890.65,"$231,540.88",Available,,231540.88,259.9684275529108,False
80351,8,2024-02-01,Apartment,41,610.26,"$183,933.28",Sold,C1847,183933.28,301.40150099957395,True
80368,8,2024-02-01,Office,44,1862.29,"$528,253.73",Sold,C1843,528253.73,283.6581466903651,True
80389,8,2024-02-01,Apartment,46,1175.51,"$379,271.26",Available,,379271.26,322.6440098340295,False
80394,8,2024-02-01,Apartment,46,1175.51,"$362,475.15",Sold,C0140,362475.15,308.35564988813366,True
80495,8,2024-02-01,Apartment,57,1949.35,"$661,652.26",Sold,C1475,661652.26,339.4219919460333,True
80498,8,2024-02-01,Apartment,58,1448.59,"$461,206.00",Sold,C1798,461206.0,318.382703180334,True
80500,8,2024-02-01,Apartment,58,1448.59,"$403,486.07",Sold,C0771,403486.07,278.53710849860903,True
90017,9,2024-02-01,Apartment,4,1139.87,"$334,770.85",Available,,334770.85,293.692131558862,False
90054,9,2024-02-01,Apartment,9,1391.22,"$446,754.19",Sold,C1641,446754.19,321.12404220755883,True
90059,9,2024-02-01,Apartment,10,1172.34,"$314,905.23",Sold,C1175,314905.23,268.61254414248424,True
90067,9,2024-02-01,Office,12,952.38,"$282,067.46",Available,,282067.46,296.17112917112917,False
90070,9,2024-02-01,Apartment,12,952.38,"$286,978.17",Sold,C0143,286978.17,301.3273798273798,True
90071,9,2024-02-01,Apartment,12,952.38,"$329,573.31",Sold,C1157,329573.31,346.05232155232153,True
90093,9,2024-02-01,Apartment,16,924.6,"$259,062.01",Available,,259062.01,280.18820030283365,False
90096,9,2024-02-01,Apartment,16,924.6,"$241,264.21",Sold,C1426,241264.21,260.93901146441704,True
90108,9,2024-02-01,Office,17,1481.32,"$454,264.31",Sold,C1741,454264.31,306.66183539005755,True
90170,9,2024-02-01,Apartment,26,1038.39,"$297,132.68",Sold,C0243,297132.68,286.14747830776486,True
90173,9,2024-02-01,Apartment,26,1038.39,"$278,732.11",Sold,C0147,278732.11,268.4271901693968,True
90190,9,2024-02-01,Apartment,28,1931.82,"$560,165.35",Sold,C1463,560165.35,289.9676729716019,True
90205,9,2024-02-01,Office,30,1250.17,"$401,575.56",Sold,C1083,401575.56,321.2167625202972,True
90212,9,2024-02-01,Apartment,31,1052.27,"$285,509.27",Sold,C0818,285509.27,271.3270073270169,True
90238,9,2024-02-01,Apartment,34,1577.36,"$487,674.60",Sold,C0637,487674.6,309.17140031444944,True
90251,9,2024-02-01,Apartment,34,1577.36,"$404,127.79",Sold,C0872,404127.79,256.20517193284985,True
90262,9,2024-02-01,Apartment,34,1577.36,"$401,074.47",Available,,401074.47,254.26945656032865,False
90264,9,2024-02-01,Office,34,1577.36,"$573,336.74",Sold,C1412,573336.74,363.47868590556374,True
90324,9,2024-02-01,Apartment,39,1839.34,"$564,258.40",Available,,564258.4,306.77221177161374,False
90360,9,2024-02-01,Office,43,1908.91,"$551,266.41",Sold,C1386,551266.41,288.78596162207754,True
90364,9,2024-02-01,Office,43,1908.91,"$578,538.26",Sold,C0997,578538.26,303.0725702102247,True
90365,9,2024-02-01,Apartment,43,1908.91,"$579,686.70",Sold,C1732,579686.7,303.6741910304833,True
90447,9,2024-02-01,Apartment,56,1516.4,"$432,303.16",Available,,432303.16,285.0851754154576,False
90463,9,2024-02-01,Apartment,57,1198.57,"$353,174.47",Sold,C0622,353174.47,294.66319864505203,True
90483,9,2024-02-01,Apartment,58,838.34,"$278,010.89",Sold,C0349,278010.89,331.6206908891381,True
90494,9,2024-02-01,Apartment,58,838.34,"$242,090.36",Sold,C0190,242090.36,288.773480926593,True
90530,9,2024-02-01,Apartment,62,1263.44,"$419,687.28",Sold,C1038,419687.28,332.17824352561263,True
90537,9,2024-02-01,Apartment,62,1263.44,"$387,129.95",Sold,C0979,387129.95,306.4094456404736,True
100016,10,2024-02-01,Apartment,4,1765.37,"$534,131.64",Sold,C0257,534131.64,302.56073231107365,True
100040,10,2024-02-01,Apartment,5,1741.96,"$591,831.53",Sold,C1948,591831.53,339.75035592091666,True
100045,10,2024-02-01,Apartment,5,1741.96,"$560,195.06",Sold,C0024,560195.06,321.5889343038876,True
100050,10,2024-02-01,Apartment,5,1741.96,"$586,817.19",Available,,586817.19,336.87179384141996,False
100092,10,2024-02-01,Apartment,11,1675.44,"$509,478.53",Sold,C0730,509478.53,304.08640715274794,True
100100,10,2024-02-01,Apartment,12,852.74,"$249,297.36",Sold,C1442,249297.36,292.34861739803455,True
100104,10,2024-02-01,Apartment,14,1318.01,"$335,251.84",Sold,C1072,335251.84,254.36213685783872,True
100113,10,2024-02-01,Apartment,15,1948.32,"$603,778.82",Sold,C0485,603778.82,309.8971524184939,True
100138,10,2024-02-01,Apartment,18,1244.03,"$407,871.00",Available,,407871.0,327.86267212205496,False
100162,10,2024-02-01,Office,20,1264.43,"$472,251.60",Sold,C1455,472251.6,373.4897147331208,True
100174,10,2024-02-01,Apartment,23,912.32,"$241,562.75",Sold,C1672,241562.75,264.77853165555945,True
100178,10,2024-02-01,Apartment,24,708.64,"$251,362.44",Available,,251362.44,354.71105215624294,False
100216,10,2024-02-01,Office,27,777.35,"$200,393.81",Available,,200393.81,257.79096931883964,False
100225,10,2024-02-01,Apartment,28,1606.58,"$554,352.77",Sold,C1137,554352.77,345.05145713254245,True
100240,10,2024-02-01,Apartment,29,486.78,"$150,872.25",Available,,150872.25,309.9392949587083,False
100250,10,2024-02-01,Apartment,30,1559.4,"$395,419.06",Sold,C0839,395419.06,253.57128382711298,True
100277,10,2024-02-01,Apartment,32,1661.46,"$494,550.09",Sold,C1545,494550.09,297.6599436640064,True
100287,10,2024-02-01,Apartment,33,1010.7,"$309,658.36",Sold,C1127,309658.36,306.3800930048481,True
100289,10,2024-02-01,Apartment,34,1435.44,"$451,060.97",Sold,C1396,451060.97,314.231852254361,True
100305,10,2024-02-01,Apartment,36,1920.65,"$547,817.26",Sold,C0439,547817.26,285.2249290604743,True
100386,10,2024-02-01,Office,44,1224.71,"$449,002.59",Sold,C0678,449002.59,366.6195180899968,True
100399,10,2024-02-01,Apartment,46,1525.34,"$440,318.57",Sold,C0357,440318.57,288.66912950555286,True
100403,10,2024-02-01,Apartment,47,1047.27,"$299,414.37",Sold,C1954,299414.37,285.89988255177747,True
100414,10,2024-02-01,Office,50,1138.32,"$378,281.56",Available,,378281.56,332.31565816290674,False
100423,10,2024-02-01,Apartment,50,1138.32,"$298,598.28",Sold,C0629,298598.28,262.3148850938225,True
110035,11,2024-02-01,Office,4,1414.25,"$438,900.24",Sold,C1468,438900.24,310.3413399328266,True
110070,11,2024-02-01,Apartment,8,1001.41,"$274,171.11",Available,,274171.11,273.7850730470037,False
110077,11,2024-02-01,Apartment,9,904.49,"$228,258.16",Available,,228258.16,252.36117591128703,False
110091,11,2024-02-01,Apartment,10,1519.64,"$449,749.30",Sold,C0296,449749.3,295.95779263509775,True
110105,11,2024-02-01,Apartment,12,1754.75,"$572,512.32",Available,,572512.32,326.2643225530702,False
110110,11,2024-02-01,Apartment,13,474.93,"$145,190.73",Sold,C0127,145190.73,305.70974669951363,True
110111,11,2024-02-01,Apartment,13,474.93,"$155,082.84",Sold,C0988,155082.84,326.53831090897603,True
110151,11,2024-02-01,Apartment,15,1385.68,"$401,057.84",Available,,401057.84,289.4303446683217,False
110162,11,2024-02-01,Apartment,17,1946.06,"$568,732.24",Sold,C0017,568732.24,292.24804990596385,True
110170,11,2024-02-01,Apartment,18,1562.55,"$464,407.30",Available,,464407.3,297.2111612428402,False
110183,11,2024-02-01,Apartment,20,570.62,"$137,803.15",Sold,C1341,137803.15,241.497231081981,True
110186,11,2024-02-01,Apartment,20,570.62,"$146,420.07",Sold,C0977,146420.07,256.59820896568647,True
110198,11,2024-02-01,Apartment,23,1098.83,"$316,820.96",Sold,C0900,316820.96,288.3257282746194,True
110231,11,2024-02-01,Apartment,28,868.85,"$252,018.84",Available,,252018.84,290.0602405478506,False
110252,11,2024-02-01,Apartment,30,642.72,"$195,607.16",Sold,C1467,195607.16,304.34273089370174,True
110256,11,2024-02-01,Apartment,30,642.72,"$220,468.16",Sold,C1998,220468.16,343.0236494896689,True
110268,11,2024-02-01,Apartment,32,1285.87,"$405,581.66",Available,,405581.66,315.4142020577508,False
110277,11,2024-02-01,Apartment,34,680.07,"$160,844.99",Sold,C1939,160844.99,236.51240313497138,True
110278,11,2024-02-01,Apartment,34,680.07,"$210,801.14",Sold,C1617,210801.14,309.96976781801874,True
110318,11,2024-02-01,Apartment,38,788.47,"$266,440.10",Available,,266440.1,337.92040280543324,False
110319,11,2024-02-01,Apartment,38,788.47,"$239,301.80",Available,,239301.8,303.5014648623283,False
110323,11,2024-02-01,Apartment,38,788.47,"$213,928.44",Sold,C1153,213928.44,271.32096338478317,True
110328,11,2024-02-01,Apartment,39,1816.63,"$527,323.78",Sold,C1690,527323.78,290.27582942041033,True
110340,11,2024-02-01,Office,42,808.59,"$279,490.72",Sold,C1264,279490.72,345.6519620574085,True
110362,11,2024-02-01,Apartment,43,810.65,"$272,425.15",Sold,C1666,272425.15,336.05766977117133,True
110377,11,2024-02-01,Apartment,44,434.38,"$135,325.56",Available,,135325.56,311.53727151342144,False
110382,11,2024-02-01,Apartment,44,434.38,"$121,290.66",Available,,121290.66,279.22708227818964,False
110393,11,2024-02-01,Apartment,46,1798.85,"$539,324.57",Sold,C0918,539324.57,299.8163104205465,True
110399,11,2024-02-01,Apartment,47,1456.74,"$432,160.10",Available,,432160.1,296.662479234455,False
110401,11,2024-02-01,Apartment,47,1456.74,"$526,240.58",Available,,526240.58,361.24536979831674,False
110430,11,2024-02-01,Apartment,51,1318.98,"$398,457.32",Available,,398457.32,302.0950431393956,False
110434,11,2024-02-01,Apartment,52,1397.58,"$352,401.08",Sold,C1791,352401.08,252.1509180154267,True
110503,11,2024-02-01,Apartment,60,1295.04,"$423,474.91",Sold,C1551,423474.91,326.9975521991599,True
110521,11,2024-02-01,Apartment,61,1299.46,"$381,636.61",Sold,C0607,381636.61,293.68861681005956,True
120003,12,2024-02-01,Apartment,1,839.95,"$217,050.04",Sold,C0291,217050.04,258.40828620751233,True
120016,12,2024-02-01,Apartment,2,1285.87,"$402,461.19",Sold,C1922,402461.19,312.98746374050256,True
120055,12,2024-02-01,Apartment,5,495.04,"$130,153.08",Sold,C0333,130153.08,262.91426955397543,True
120075,12,2024-02-01,Apartment,9,857.88,"$255,383.06",Sold,C1856,255383.06,297.6908891686483,True
120162,12,2024-02-01,Apartment,18,1702.66,"$527,049.84",Sold,C1559,527049.84,309.544970810379,True
120231,12,2024-02-01,Office,24,1306.75,"$423,036.11",Sold,C0817,423036.11,323.7314788597666,True
120244,12,2024-02-01,Apartment,26,557.9,"$198,532.55",Sold,C1201,198532.55,355.8568739917548,True
120268,12,2024-02-01,Apartment,28,1563.65,"$435,197.19",Available,,435197.19,278.32135708118824,False
120308,12,2024-02-01,Office,34,1817.64,"$588,363.08",Available,,588363.08,323.6961554543253,False
120385,12,2024-02-01,Apartment,44,635.36,"$164,217.44",Sold,C0688,164217.44,258.4636111810627,True
120394,12,2024-02-01,Apartment,46,1736.02,"$458,985.23",Sold,C0154,458985.23,264.3893676340134,True
120405,12,2024-02-01,Apartment,47,1528.05,"$383,671.53",Sold,C1640,383671.53,251.08571709040936,True
130021,13,2024-02-01,Apartment,2,1651.02,"$522,366.74",Sold,C1694,522366.74,316.3903162893242,True
130116,13,2024-02-01,Apartment,14,777.75,"$252,155.48",Sold,C0173,252155.48,324.2114818386371,True
130123,13,2024-02-01,Office,15,458.29,"$143,990.03",Available,,143990.03,314.1897706692269,False
130135,13,2024-02-01,Apartment,15,458.29,"$144,083.93",Available,,144083.93,314.39466276811623,False
130155,13,2024-02-01,Apartment,18,1820.34,"$594,617.02",Available,,594617.02,326.6516255205072,False
130221,13,2024-02-01,Apartment,25,633.86,"$185,804.91",Available,,185804.91,293.1324109424794,False
130252,13,2024-02-01,Apartment,29,568.7,"$186,326.20",Sold,C1102,186326.2,327.6353085985581,True
130253,13,2024-02-01,Apartment,30,1777.51,"$531,809.36",Available,,531809.36,299.1878301669189,False
130296,13,2024-02-01,Apartment,33,1445.84,"$417,694.59",Available,,417694.59,288.89406158357775,False
130323,13,2024-02-01,Apartment,36,1061.26,"$295,619.47",Sold,C1832,295619.47,278.55517969206414,True
130324,13,2024-02-01,Apartment,37,1555.67,"$443,868.07",Available,,443868.07,285.322767682092,False
130354,13,2024-02-01,Apartment,39,1054.77,"$280,107.39",Sold,C1808,280107.39,265.5625302198584,True
130373,13,2024-02-01,Apartment,41,1168.7,"$339,690.34",Sold,C0253,339690.34,290.65657568238214,True
130374,13,2024-02-01,Apartment,41,1168.7,"$351,530.20",Available,,351530.2,300.7873705826987,False
130443,13,2024-02-01,Office,49,572.01,"$196,398.29",Sold,C1481,196398.29,343.347651264838,True
130447,13,2024-02-01,Office,50,1469.09,"$520,703.06",Sold,C1392,520703.06,354.43918344008875,True
130470,13,2024-02-01,Apartment,53,968.77,"$267,056.16",Sold,C1275,267056.16,275.6651836865303,True
130489,13,2024-02-01,Apartment,56,606.9,"$204,268.81",Sold,C1162,204268.81,336.5773768330862,True
130492,13,2024-02-01,Apartment,57,1717.49,"$573,220.30",Available,,573220.3,333.7546652382256,False
130507,13,2024-02-01,Apartment,59,1434.04,"$373,228.01",Available,,373228.01,260.2633190148113,False
130531,13,2024-02-01,Apartment,60,1401.81,"$433,286.92",Sold,C1836,433286.92,309.0910465754988,True
130550,13,2024-02-01,Apartment,63,1623.8,"$503,380.47",Sold,C0415,503380.47,310.001521123291,True
130553,13,2024-02-01,Apartment,64,792.66,"$258,606.95",Available,,258606.95,326.25205005929405,False
130566,13,2024-02-01,Apartment,66,1283.8,"$370,346.72",Sold,C1295,370346.72,288.4769590278859,True
130602,13,2024-02-01,Apartment,70,750.41,"$207,425.57",Available,,207425.57,276.41631907890354,False
130606,13,2024-02-01,Apartment,70,750.41,"$209,844.72",Available,,209844.72,279.6400900840874,False
140040,14,2024-02-01,Apartment,7,641.37,"$188,463.78",Sold,C1020,188463.78,293.84564292062305,True
140063,14,2024-02-01,Apartment,8,618.89,"$173,044.31",Available,,173044.31,279.60430771219444,False
140094,14,2024-02-01,Apartment,12,459.44,"$141,454.76",Available,,141454.76,307.8851645481456,False
140104,14,2024-02-01,Apartment,12,459.44,"$138,008.71",Sold,C0970,138008.71,300.38462040745253,True
140145,14,2024-02-01,Apartment,15,784.04,"$245,553.02",Sold,C1691,245553.02,313.18940360185707,True
140149,14,2024-02-01,Apartment,16,915.37,"$331,782.88",Sold,C0863,331782.88,362.4576728536002,True
140153,14,2024-02-01,Apartment,16,915.37,"$227,003.78",Available,,227003.78,247.99128221374963,False
140160,14,2024-02-01,Office,17,686.6,"$258,061.02",Sold,C0031,258061.02,375.85351004951934,True
140168,14,2024-02-01,Apartment,17,686.6,"$206,669.27",Sold,C1362,206669.27,301.0038887270609,True
140188,14,2024-02-01,Apartment,21,1560.87,"$505,990.58",Available,,505990.58,324.17214758436006,False
140225,14,2024-02-01,Apartment,24,1205.25,"$366,849.92",Sold,C1200,366849.92,304.37661895872225,True
140244,14,2024-02-01,Apartment,28,486.35,"$171,063.35",Sold,C1471,171063.35,351.7288989410918,True
140262,14,2024-02-01,Apartment,29,1618.34,"$490,221.54",Available,,490221.54,302.9162845879111,False
140265,14,2024-02-01,Apartment,29,1618.34,"$425,122.86",Sold,C1570,425122.86,262.6906954039324,True
140282,14,2024-02-01,Apartment,33,1894.96,"$604,547.34",Sold,C0874,604547.34,319.02907713091565,True
140288,14,2024-02-01,Apartment,33,1894.96,"$599,891.42",Sold,C0409,599891.42,316.5720754000085,True
140304,14,2024-02-01,Apartment,35,1152.84,"$349,385.29",Sold,C1550,349385.29,303.0648572221644,True
140306,14,2024-02-01,Apartment,35,1152.84,"$350,392.89",Available,,350392.89,303.93887269699184,False
140316,14,2024-02-01,Apartment,37,1469.73,"$406,638.17",Available,,406638.17,276.67542337708284,False
140345,14,2024-02-01,Apartment,41,543.61,"$149,919.38",Sold,C0405,149919.38,275.7848089623075,True
140357,14,2024-02-01,Apartment,43,520.49,"$158,596.58",Sold,C1028,158596.58,304.7062959903168,True
140422,14,2024-02-01,Apartment,51,1346.3,"$500,190.62",Sold,C0727,500190.62,371.52983733194685,True
140450,14,2024-02-01,Apartment,53,1493.72,"$491,592.98",Sold,C1402,491592.98,329.1065125994162,True
150006,15,2024-02-01,Apartment,1,1596.51,"$537,350.96",Sold,C1567,537350.96,336.5785118790361,True
150016,15,2024-02-01,Apartment,2,1522.89,"$564,438.29",Sold,C0199,564438.29,370.636283644912,True
150051,15,2024-02-01,Office,8,1056.46,"$368,058.42",Sold,C1576,368058.42,348.3884103515514,True
150092,15,2024-02-01,Apartment,14,1832.17,"$574,884.08",Sold,C1001,574884.08,313.77223729239097,True
150112,15,2024-02-01,Apartment,16,1692.61,"$404,581.32",Sold,C0478,404581.32,239.02808089282235,True
150137,15,2024-02-01,Apartment,17,562.64,"$184,006.79",Available,,184006.79,327.0417851556946,False
150138,15,2024-02-01,Apartment,17,562.64,"$161,202.01",Available,,161202.01,286.5100419451159,False
150144,15,2024-02-01,Apartment,17,562.64,"$145,618.18",Sold,C0437,145618.18,258.8123489264894,True
150159,15,2024-02-01,Apartment,21,1271.25,"$367,447.17",Available,,367447.17,289.04398820059,False
150187,15,2024-02-01,Apartment,23,1279.23,"$446,463.88",Sold,C1245,446463.88,349.00985749239777,True
150216,15,2024-02-01,Apartment,24,924.36,"$270,962.44",Sold,C1704,270962.44,293.13518542559177,True
150248,15,2024-02-01,Apartment,30,1523.22,"$397,859.23",Available,,397859.23,261.1961699557516,False
150254,15,2024-02-01,Office,30,1523.22,"$574,838.10",Sold,C1438,574838.1,377.38350336786544,True
150265,15,2024-02-01,Apartment,31,1901.65,"$473,479.09",Sold,C0461,473479.09,248.98329871427444,True
150274,15,2024-02-01,Apartment,32,1338.63,"$436,593.99",Sold,C1150,436593.99,326.14986217251965,True
150281,15,2024-02-01,Apartment,34,1304.22,"$396,890.26",Sold,C1562,396890.26,304.31235527748385,True
150301,15,2024-02-01,Apartment,35,745.49,"$236,366.58",Sold,C0979,236366.58,317.0620397322566,True
150303,15,2024-02-01,Apartment,35,745.49,"$200,227.78",Sold,C1321,200227.78,268.58546727655636,True
150321,15,2024-02-01,Apartment,37,763.09,"$254,595.83",Sold,C1123,254595.83,333.6380112437589,True
150393,15,2024-02-01,Office,50,1841.5,"$579,649.56",Sold,C0019,579649.56,314.7703285365192,True
150398,15,2024-02-01,Apartment,50,1841.5,"$629,261.99",Sold,C0730,629261.99,341.7116426825957,True
150406,15,2024-02-01,Apartment,51,1689.08,"$410,092.17",Sold,C0930,410092.17,242.79025860231604,True
150413,15,2024-02-01,Office,52,829.2,"$275,828.72",Sold,C0831,275828.72,332.64438012542206,True
150449,15,2024-02-01,Apartment,55,892.75,"$261,235.71",Available,,261235.71,292.61910949313915,False
150471,15,2024-02-01,Apartment,57,429.34,"$139,826.60",Sold,C1680,139826.6,325.67801742208974,True
150496,15,2024-02-01,Apartment,58,1750.89,"$578,952.08",Sold,C1688,578952.08,330.6615949602773,True
150516,15,2024-02-01,Office,60,1033.2,"$383,627.20",Sold,C0499,383627.2,371.30003871467284,True
160080,16,2024-02-01,Apartment,9,1524.04,"$414,540.90",Available,,414540.9,272.00132542452957,False
160086,16,2024-02-01,Apartment,10,1608.56,"$536,362.57",Sold,C0146,536362.57,333.442687869896,True
160088,16,2024-02-01,Apartment,10,1608.56,"$461,116.22",Sold,C0439,461116.22,286.66398517929076,True
160094,16,2024-02-01,Apartment,10,1608.56,"$439,467.59",Sold,C1776,439467.59,273.20559382304674,True
160104,16,2024-02-01,Apartment,11,1288.42,"$413,006.80",Sold,C1933,413006.8,320.55292528833763,True
160109,16,2024-02-01,Apartment,11,1288.42,"$399,439.17",Sold,C1762,399439.17,310.0224849039909,True
160127,16,2024-02-01,Apartment,14,660.84,"$191,795.51",Sold,C0454,191795.51,290.22987409963076,True
160164,16,2024-02-01,Apartment,21,837.95,"$266,754.60",Sold,C1138,266754.6,318.3419058416373,True
160173,16,2024-02-01,Apartment,21,837.95,"$255,581.66",Sold,C0965,255581.66,305.0082463154126,True
160183,16,2024-02-01,Apartment,22,1575.06,"$443,913.41",Sold,C0468,443913.41,281.8390474013688,True
160198,16,2024-02-01,Office,25,853.37,"$252,105.14",Sold,C1946,252105.14,295.42301697973915,True
160218,16,2024-02-01,Apartment,27,1164.55,"$377,256.14",Sold,C1112,377256.14,323.9501438323816,True
160222,16,2024-02-01,Apartment,27,1164.55,"$344,197.65",Available,,344197.65,295.56279249495515,False
160229,16,2024-02-01,Apartment,28,1440.71,"$357,442.82",Sold,C1216,357442.82,248.10185255880782,True
160252,16,2024-02-01,Apartment,29,489.49,"$141,541.69",Sold,C0266,141541.69,289.16155590512574,True
160256,16,2024-02-01,Apartment,29,489.49,"$140,776.38",Sold,C1233,140776.38,287.59807146213404,True
160292,16,2024-02-01,Apartment,35,629.97,"$193,715.82",Sold,C0137,193715.82,307.50007143197297,True
160294,16,2024-02-01,Apartment,35,629.97,"$165,950.58",Sold,C0577,165950.58,263.42616315062617,True
160341,16,2024-02-01,Apartment,41,1001.72,"$290,115.22",Sold,C0259,290115.22,289.6170786247654,True
160376,16,2024-02-01,Apartment,43,1185.4,"$384,995.65",Sold,C1874,384995.65,324.78121309262696,True
170023,17,2024-02-01,Apartment,2,1738.5,"$446,275.90",Sold,C0984,446275.9,256.7016968651136,True
170030,17,2024-02-01,Office,2,1738.5,"$497,904.58",Available,,497904.58,286.3989531205062,False
170042,17,2024-02-01,Apartment,5,1829.38,"$596,863.29",Sold,C0199,596863.29,326.2653412631602,True
170055,17,2024-02-01,Apartment,7,1300.91,"$448,573.99",Sold,C1892,448573.99,344.81554450346295,True
170057,17,2024-02-01,Apartment,7,1300.91,"$347,722.15",Sold,C1018,347722.15,267.29147289205247,True
170072,17,2024-02-01,Apartment,9,1505.53,"$476,639.92",Available,,476639.92,316.59277463750306,False
170092,17,2024-02-01,Apartment,11,596.22,"$195,941.56",Available,,195941.56,328.6396967562309,False
170101,17,2024-02-01,Apartment,12,451.91,"$124,905.01",Sold,C0557,124905.01,276.39355181341415,True
170129,17,2024-02-01,Apartment,15,1365.73,"$401,356.84",Sold,C1118,401356.84,293.87714994911147,True
170138,17,2024-02-01,Apartment,16,1693.0,"$462,143.05",Sold,C0279,462143.05,272.97285883047846,True
170164,17,2024-02-01,Apartment,17,1827.25,"$495,320.72",Sold,C1872,495320.72,271.074412368313,True
170186,17,2024-02-01,Office,20,792.27,"$306,527.75",Sold,C0228,306527.75,386.8980902974996,True
170247,17,2024-02-01,Apartment,28,1201.04,"$355,954.45",Sold,C0248,355954.45,296.37185272763605,True
170254,17,2024-02-01,Office,29,594.46,"$181,678.15",Sold,C1005,181678.15,305.61879689129626,True
170255,17,2024-02-01,Apartment,30,1200.23,"$325,438.37",Available,,325438.37,271.14667188788815,False
170288,17,2024-02-01,Apartment,35,1667.01,"$479,534.09",Available,,479534.09,287.66119579366654,False
170292,17,2024-02-01,Apartment,35,1667.01,"$518,973.54",Sold,C0317,518973.54,311.3199920816312,True
170320,17,2024-02-01,Apartment,39,1341.67,"$367,529.08",Sold,C1114,367529.08,273.9340374309629,True
170329,17,2024-02-01,Apartment,41,1422.93,"$433,490.47",Sold,C0196,433490.47,304.64637754492486,True
170359,17,2024-02-01,Apartment,46,1582.61,"$503,584.00",Sold,C0705,503584.0,318.19841906723707,True
170390,17,2024-02-01,Apartment,48,1833.96,"$486,678.57",Sold,C1014,486678.57,265.3703297781849,True
170428,17,2024-02-01,Apartment,49,1283.67,"$386,354.65",Sold,C0174,386354.65,300.97661392725547,True
180035,18,2024-02-01,Apartment,4,1096.58,"$325,420.36",Sold,C0152,325420.36,296.75934268361635,True
180048,18,2024-02-01,Apartment,5,883.32,"$248,479.35",Available,,248479.35,281.3016234207309,False
180069,18,2024-02-01,Apartment,9,894.92,"$279,700.41",Sold,C1553,279700.41,312.5423613283869,True
180093,18,2024-02-01,Apartment,12,1692.5,"$593,053.61",Sold,C0657,593053.61,350.40095125553916,True
180096,18,2024-02-01,Apartment,13,537.4,"$150,684.73",Sold,C0064,150684.73,280.3958503907704,True
180101,18,2024-02-01,Apartment,14,1742.3,"$508,866.01",Available,,508866.01,292.0656660735809,False
180107,18,2024-02-01,Apartment,14,1742.3,"$553,861.15",Sold,C1544,553861.15,317.8908052574184,True
180175,18,2024-02-01,Apartment,23,1659.02,"$567,272.16",Sold,C0230,567272.16,341.9320803848055,True
180186,18,2024-02-01,Apartment,25,911.94,"$241,281.34",Sold,C1782,241281.34,264.58027940434675,True
180189,18,2024-02-01,Office,25,911.94,"$270,290.23",Sold,C0192,270290.23,296.39036559422766,True
180196,18,2024-02-01,Apartment,25,911.94,"$331,203.98",Available,,331203.98,363.18615259775856,False
180207,18,2024-02-01,Apartment,26,1147.71,"$373,730.03",Sold,C0441,373730.03,325.6310653388051,True
180231,18,2024-02-01,Apartment,29,578.36,"$164,194.34",Sold,C0656,164194.34,283.8964312884708,True
180243,18,2024-02-01,Office,30,1795.66,"$578,903.83",Available,,578903.83,322.3905583462348,False
180250,18,2024-02-01,Apartment,30,1795.66,"$577,066.55",Available,,577066.55,321.36738023902075,False
180257,18,2024-02-01,Apartment,30,1795.66,"$584,942.34",Sold,C0674,584942.34,325.7533942951338,True
180368,18,2024-02-01,Apartment,41,852.83,"$280,416.46",Sold,C1461,280416.46,328.8069838068548,True
180376,18,2024-02-01,Office,42,1045.42,"$261,647.78",Available,,261647.78,250.28005968892884,False
180379,18,2024-02-01,Apartment,42,1045.42,"$302,608.38",Sold,C0961,302608.38,289.4610587132444,True
180440,18,2024-02-01,Apartment,49,1457.92,"$478,633.51",Sold,C0242,478633.51,328.29888471246704,True
180446,18,2024-02-01,Apartment,50,854.74,"$258,314.70",Sold,C0681,258314.7,302.21435758242274,True
180520,18,2024-02-01,Apartment,58,955.23,"$262,721.00",Sold,C1669,262721.0,275.0342849366121,True
180523,18,2024-02-01,Apartment,58,955.23,"$292,435.58",Sold,C1476,292435.58,306.1415365932812,True
180525,18,2024-02-01,Apartment,58,955.23,"$257,922.89",Available,,257922.89,270.01129570888685,False
180529,18,2024-02-01,Apartment,60,1488.67,"$467,587.82",Sold,C1722,467587.82,314.0976979451457,True
180538,18,2024-02-01,Apartment,61,1019.7,"$276,712.17",Sold,C1518,276712.17,271.3662547808179,True
180547,18,2024-02-01,Apartment,62,1330.41,"$397,198.34",Available,,397198.34,298.55333318300376,False
180549,18,2024-02-01,Apartment,63,1855.14,"$639,093.49",Sold,C0219,639093.49,344.4987925439589,True
180555,18,2024-02-01,Office,64,893.66,"$281,995.90",Sold,C1618,281995.9,315.55166394378176,True
180561,18,2024-02-01,Apartment,66,1631.24,"$462,495.17",Available,,462495.17,283.52368137122676,False
190008,19,2024-02-01,Apartment,3,1468.68,"$531,728.48",Available,,531728.48,362.0451561946782,False
190054,19,2024-02-01,Apartment,8,974.77,"$309,910.82",Sold,C0343,309910.82,317.93225068477693,True
190069,19,2024-02-01,Apartment,10,747.71,"$206,570.93",Available,,206570.93,276.27145551082634,False
190090,19,2024-02-01,Apartment,13,766.61,"$238,904.76",Sold,C0155,238904.76,311.6379384563207,True
190091,19,2024-02-01,Apartment,13,766.61,"$238,204.01",Sold,C1182,238204.01,310.7238491540679,True
190105,19,2024-02-01,Apartment,14,630.47,"$177,004.80",Sold,C0253,177004.8,280.7505511761067,True
190108,19,2024-02-01,Apartment,15,538.06,"$175,560.33",Sold,C1929,175560.33,326.2839274430361,True
190113,19,2024-02-01,Apartment,16,1711.98,"$463,890.78",Available,,463890.78,270.96740616128693,False
190125,19,2024-02-01,Apartment,17,574.75,"$151,955.73",Sold,C0710,151955.73,264.38578512396697,True
190144,19,2024-02-01,Apartment,19,1697.73,"$459,889.21",Available,,459889.21,270.88477555323874,False
190158,19,2024-02-01,Apartment,20,1772.03,"$530,253.96",Available,,530253.96,299.23531768649514,False
190182,19,2024-02-01,Apartment,22,935.25,"$236,887.92",Available,,236887.92,253.28834001603852,False
190203,19,2024-02-01,Apartment,25,996.38,"$336,027.12",Sold,C1736,336027.12,337.24795760653564,True
190214,19,2024-02-01,Apartment,26,668.24,"$212,529.40",Available,,212529.4,318.0435172991739,False
190254,19,2024-02-01,Apartment,29,1657.84,"$440,219.48",Sold,C0469,440219.48,265.5379771268639,True
190257,19,2024-02-01,Apartment,29,1657.84,"$483,936.27",Sold,C1760,483936.27,291.9077052067751,True
190330,19,2024-02-01,Apartment,39,1237.04,"$308,610.09",Sold,C0881,308610.09,249.47462491107808,True
190354,19,2024-02-01,Office,41,1657.19,"$528,026.75",Sold,C0208,528026.75,318.62776748592495,True
190368,19,2024-02-01,Apartment,42,1137.59,"$391,167.45",Available,,391167.45,343.8562663173903,False
190370,19,2024-02-01,Apartment,42,1137.59,"$276,356.31",Sold,C1565,276356.31,242.9313812533514,True
190380,19,2024-02-01,Apartment,43,1697.72,"$539,440.64",Sold,C0338,539440.64,317.74417453997125,True
190398,19,2024-02-01,Apartment,46,1926.19,"$579,694.24",Available,,579694.24,300.95382075496184,False
190415,19,2024-02-01,Apartment,47,1126.37,"$399,681.67",Available,,399681.67,354.84047870593145,False
190432,19,2024-02-01,Apartment,50,1227.01,"$363,010.65",Sold,C1500,363010.65,295.8497893252704,True
200013,20,2024-02-01,Office,1,1898.39,"$634,424.32",Sold,C0175,634424.32,334.19071950442213,True
200044,20,2024-02-01,Apartment,5,802.5,"$237,460.12",Available,,237460.12,295.90046105919004,False
200067,20,2024-02-01,Apartment,8,1268.45,"$362,803.25",Sold,C0914,362803.25,286.02093105758996,True
200068,20,2024-02-01,Apartment,8,1268.45,"$410,418.36",Sold,C1556,410418.36,323.5589577831211,True
200070,20,2024-02-01,Apartment,8,1268.45,"$336,141.69",Available,,336141.69,265.0019236075525,False
200092,20,2024-02-01,Apartment,13,1587.57,"$480,775.40",Sold,C0890,480775.4,302.83729221388666,True
200111,20,2024-02-01,Apartment,15,1805.12,"$589,254.84",Available,,589254.84,326.43527300124094,False
200179,20,2024-02-01,Apartment,19,759.72,"$290,649.55",Sold,C1011,290649.55,382.5745669457168,True
200189,20,2024-02-01,Apartment,20,1110.23,"$305,301.94",Sold,C1570,305301.94,274.9898129216469,True
200216,20,2024-02-01,Apartment,26,1941.62,"$704,808.48",Sold,C1062,704808.48,363.00021631421185,True
200227,20,2024-02-01,Apartment,28,463.13,"$119,668.45",Sold,C1193,119668.45,258.39062466262175,True
200228,20,2024-02-01,Apartment,29,1844.16,"$577,676.30",Sold,C1410,577676.3,313.2463018393198,True
200233,20,2024-02-01,Apartment,29,1844.16,"$561,035.94",Sold,C1740,561035.94,304.22302837064024,True
200234,20,2024-02-01,Office,29,1844.16,"$582,397.59",Sold,C1524,582397.59,315.8064321967725,True
200245,20,2024-02-01,Apartment,30,1703.94,"$513,840.39",Sold,C0981,513840.39,301.5601429627804,True
200278,20,2024-02-01,Apartment,31,1414.44,"$464,582.73",Sold,C1693,464582.73,328.45700772036986,True
200281,20,2024-02-01,Apartment,31,1414.44,"$379,009.70",Sold,C1044,379009.7,267.9574248465824,True
200297,20,2024-02-01,Apartment,33,630.53,"$148,065.52",Sold,C1071,148065.52,234.82708197865287,True
200301,20,2024-02-01,Apartment,33,630.53,"$194,243.69",Sold,C1979,194243.69,308.06415237974403,True
200311,20,2024-02-01,Apartment,34,858.93,"$304,644.38",Sold,C1721,304644.38,354.67893774812853,True
200343,20,2024-02-01,Apartment,37,632.35,"$196,134.77",Sold,C0583,196134.77,310.16805566537516,True
200351,20,2024-02-01,Apartment,38,1499.47,"$421,726.61",Available,,421726.61,281.2504484918004,False
200354,20,2024-02-01,Apartment,38,1499.47,"$512,763.16",Sold,C0727,512763.16,341.9629335698613,True
200357,20,2024-02-01,Apartment,38,1499.47,"$465,555.50",Sold,C0948,465555.5,310.48003627948543,True
200366,20,2024-02-01,Apartment,40,428.03,"$143,176.47",Sold,C1166,143176.47,334.50101628390536,True
200371,20,2024-02-01,Apartment,40,428.03,"$125,080.47",Sold,C1083,125080.47,292.22360582202185,True
200380,20,2024-02-01,Apartment,41,541.22,"$156,812.31",Sold,C1768,156812.31,289.7385721148516,True
200384,20,2024-02-01,Apartment,42,811.56,"$233,649.53",Sold,C0007,233649.53,287.90173246586824,True
200386,20,2024-02-01,Apartment,42,811.56,"$259,226.88",Sold,C1512,259226.88,319.41800975898275,True
200420,20,2024-02-01,Apartment,48,860.8,"$242,873.08",Available,,242873.08,282.148094795539,False
200423,20,2024-02-01,Apartment,48,860.8,"$275,715.45",Sold,C0852,275715.45,320.301405669145,True
200476,20,2024-02-01,Apartment,54,589.61,"$176,827.38",Available,,176827.38,299.90566645748885,False
990002,1,2024-02-01,Office,3,713.71,"$217,787.71",Available,,217787.71,305.14874388757335,False
1014,1,2024-03-01,Apartment,14,743.09,"$206,445.42",Sold,C0005,206445.42,277.82021020334014,True
2002,2,2024-03-01,Apartment,2,587.28,"$209,280.91",Sold,C0071,209280.91,356.35626958180086,True
2008,2,2024-03-01,Apartment,8,701.66,"$204,286.67",Sold,C0084,204286.67,291.1476641108229,True
2050,2,2024-03-01,Apartment,50,957.53,"$297,008.97",Sold,C0126,297008.97,310.18241726107794,True
2056,2,2024-03-01,Apartment,56,1400.95,"$460,001.26",Sold,C0115,460001.26,328.34951996859274,True
3042,3,2024-03-01,Apartment,42,781.07,"$213,942.56",Sold,C0117,213942.56,273.90958556851496,True
3055,3,2024-03-01,Apartment,55,1222.34,"$380,809.52",Sold,C0095,380809.52,311.5414041919597,True
4005,4,2024-03-01,Apartment,5,1121.95,"$344,530.89",Sold,C0060,344530.89,307.08221400240654,True
4012,4,2024-03-01,Apartment,12,1121.95,"$290,031.26",Sold,C0008,290031.26,258.50640402870005,True
4015,4,2024-03-01,Apartment,15,789.25,"$228,937.90",Available,,228937.9,290.07019322141275,False
4016,4,2024-03-01,Apartment,16,794.52,"$244,820.67",Sold,C0159,244820.67,308.1365730252228,True
5005,5,2024-03-01,Apartment,5,798.5,"$219,252.89",Available,,219252.89,274.58095178459615,False
5051,5,2024-03-01,Apartment,51,790.54,"$249,591.99",Sold,C0031,249591.99,315.72341690490043,True
10002,1,2024-03-01,Apartment,1,748.06,"$207,185.26",Sold,C1201,207185.26,276.96342539368504,True
10008,1,2024-03-01,Apartment,2,715.67,"$206,865.62",Available,,206865.62,289.0516858328559,False
10020,1,2024-03-01,Apartment,3,788.73,"$241,066.59",Sold,C1816,241066.59,305.6389258681678,True
10023,1,2024-03-01,Apartment,3,788.73,"$218,169.81",Available,,218169.81,276.6089916701533,False
10056,1,2024-03-01,Apartment,7,758.88,"$255,508.22",Available,,255508.22,336.6912028252161,False
10070,1,2024-03-01,Apartment,8,763.88,"$244,367.92",Sold,C0398,244367.92,319.90354505943344,True
10084,1,2024-03-01,Apartment,11,1429.46,"$428,135.82",Available,,428135.82,299.50877953912664,False
10129,1,2024-03-01,Office,15,765.0,"$246,104.84",Sold,C0614,246104.84,321.7056732026144,True
10145,1,2024-03-01,Office,18,716.85,"$191,842.01",Sold,C1711,191842.01,267.6180651461254,True
10152,1,2024-03-01,Office,19,773.17,"$210,138.18",Available,,210138.18,271.7878086319956,False
10193,1,2024-03-01,Apartment,23,1201.5,"$363,926.58",Sold,C1403,363926.58,302.8935330836455,True
10248,1,2024-03-01,Office,29,757.2,"$296,499.93",Available,,296499.93,391.5741283676703,False
10262,1,2024-03-01,Apartment,29,757.2,"$232,300.88",Sold,C1815,232300.88,306.78932910723717,True
10280,1,2024-03-01,Apartment,30,753.29,"$227,882.99",Sold,C0383,227882.99,302.5169456650161,True
10314,1,2024-03-01,Office,34,1469.14,"$389,720.64",Sold,C0589,389720.64,265.27127435098083,True
10344,1,2024-03-01,Apartment,37,758.3,"$250,392.67",Sold,C1682,250392.67,330.2026506659634,True
10384,1,2024-03-01,Apartment,44,779.24,"$205,819.02",Sold,C1518,205819.02,264.12789384528514,True
20005,2,2024-03-01,Apartment,1,706.3,"$225,864.51",Sold,C0554,225864.51,319.7855160696588,True
20025,2,2024-03-01,Apartment,3,645.84,"$197,536.00",Sold,C0050,197536.0,305.85903629381886,True
20039,2,2024-03-01,Apartment,4,1281.85,"$368,876.36",Sold,C1826,368876.36,287.7687404922573,True
20058,2,2024-03-01,Apartment,7,733.14,"$234,998.10",Sold,C1057,234998.1,320.53645961207957,True
20130,2,2024-03-01,Apartment,15,1603.33,"$457,348.20",Sold,C0902,457348.2,285.248950621519,True
20146,2,2024-03-01,Apartment,17,1397.4,"$437,131.04",Available,,437131.04,312.81740374982104,False
20149,2,2024-03-01,Apartment,17,1397.4,"$444,157.13",Sold,C0580,444157.13,317.84537712895377,True
20156,2,2024-03-01,Apartment,18,784.76,"$270,820.00",Sold,C0893,270820.0,345.0991385901422,True
20178,2,2024-03-01,Apartment,20,727.55,"$242,793.08",Available,,242793.08,333.71325682083705,False
20184,2,2024-03-01,Apartment,21,921.38,"$231,332.06",Sold,C1318,231332.06,251.07128437778115,True
20188,2,2024-03-01,Apartment,22,653.41,"$217,830.91",Sold,C0010,217830.91,333.3755375644695,True
20191,2,2024-03-01,Apartment,22,653.41,"$195,438.27",Sold,C0422,195438.27,299.1051101146294,True
20221,2,2024-03-01,Apartment,24,785.12,"$258,112.54",Available,,258112.54,328.75552781740373,False
20235,2,2024-03-01,Apartment,26,1577.79,"$480,760.06",Sold,C1339,480760.06,304.7047198930149,True
20247,2,2024-03-01,Apartment,27,1211.51,"$374,385.59",Available,,374385.59,309.0239370702677,False
20276,2,2024-03-01,Apartment,33,931.4,"$306,514.94",Sold,C1583,306514.94,329.090551857419,True
20291,2,2024-03-01,Apartment,34,800.26,"$257,660.89",Sold,C0887,257660.89,321.9714717716742,True
20312,2,2024-03-01,Apartment,37,780.46,"$204,935.44",Sold,C0331,204935.44,262.5828870153499,True
20334,2,2024-03-01,Apartment,41,654.93,"$213,396.12",Sold,C1902,213396.12,325.83042462553254,True
20335,2,2024-03-01,Apartment,41,654.93,"$191,283.55",Sold,C0356,191283.55,292.06716748354785,True
20345,2,2024-03-01,Apartment,41,654.93,"$193,321.50",Available,,193321.5,295.1788740781458,False
20412,2,2024-03-01,Apartment,47,708.32,"$262,911.79",Sold,C0179,262911.79,371.17657273548673,True
20475,2,2024-03-01,Apartment,55,579.26,"$164,554.88",Sold,C1691,164554.88,284.07775437627316,True
30019,3,2024-03-01,Apartment,2,672.64,"$191,316.11",Available,,191316.11,284.4257106327307,False
30021,3,2024-03-01,Apartment,2,672.64,"$231,519.07",Sold,C1799,231519.07,344.1946211941009,True
30031,3,2024-03-01,Office,4,719.96,"$206,964.98",Sold,C0638,206964.98,287.46733151841767,True
30044,3,2024-03-01,Apartment,5,701.19,"$223,214.09",Available,,223214.09,318.33610005847197,False
30072,3,2024-03-01,Apartment,7,744.01,"$233,424.36",Available,,233424.36,313.73820244351555,False
30078,3,2024-03-01,Apartment,7,744.01,"$219,227.88",Available,,219227.88,294.65716858644373,False
30081,3,2024-03-01,Apartment,7,744.01,"$218,746.42",Available,,218746.42,294.0100536283115,False
30084,3,2024-03-01,Apartment,8,1152.39,"$319,956.38",Sold,C0612,319956.38,277.64591848245817,True
30096,3,2024-03-01,Apartment,9,1125.84,"$321,342.19",Sold,C1758,321342.19,285.4243853478292,True
30099,3,2024-03-01,Office,9,1125.84,"$371,216.71",Sold,C0581,371216.71,329.7242148084986,True
30128,3,2024-03-01,Apartment,11,1283.1,"$435,547.39",Sold,C0572,435547.39,339.4492946769543,True
30142,3,2024-03-01,Office,14,788.59,"$296,993.27",Sold,C0409,296993.27,376.6130308525343,True
30149,3,2024-03-01,Apartment,16,1587.26,"$518,272.25",Sold,C0812,518272.25,326.52007232589494,True
30173,3,2024-03-01,Apartment,19,1602.22,"$472,857.10",Available,,472857.1,295.126199897642,False
30216,3,2024-03-01,Apartment,24,776.04,"$227,449.53",Sold,C0937,227449.53,293.0899567032627,True
30245,3,2024-03-01,Apartment,28,679.93,"$217,963.49",Sold,C1611,217963.49,320.56754371773565,True
30250,3,2024-03-01,Apartment,28,679.93,"$216,148.29",Sold,C0328,216148.29,317.8978571323519,True
30265,3,2024-03-01,Apartment,29,666.0,"$218,049.70",Sold,C1389,218049.7,327.40195195195196,True
30302,3,2024-03-01,Apartment,36,733.45,"$192,882.85",Sold,C0517,192882.85,262.98023041788804,True
30328,3,2024-03-01,Office,40,678.71,"$194,496.60",Available,,194496.6,286.5680482091025,False
30412,3,2024-03-01,Apartment,49,1174.48,"$362,193.44",Sold,C1885,362193.44,308.3862134731966,True
30475,3,2024-03-01,Apartment,56,1179.42,"$392,025.92",Sold,C1342,392025.92,332.38873344525274,True
30491,3,2024-03-01,Apartment,57,1607.94,"$508,433.93",Available,,508433.93,316.2020535592124,False
30509,3,2024-03-01,Apartment,59,1353.02,"$382,435.30",Sold,C0435,382435.3,282.6531019497125,True
40046,4,2024-03-01,Apartment,5,786.98,"$270,996.22",Available,,270996.22,344.3495641566494,False
40051,4,2024-03-01,Apartment,5,786.98,"$188,167.85",Available,,188167.85,239.10118427406033,False
40057,4,2024-03-01,Apartment,5,786.98,"$185,668.22",Sold,C0043,185668.22,235.92495362016822,True
40084,4,2024-03-01,Apartment,11,802.79,"$235,793.94",Available,,235793.94,293.7180831848927,False
40088,4,2024-03-01,Apartment,11,802.79,"$255,309.07",Sold,C1911,255309.07,318.0272175786943,True
40127,4,2024-03-01,Apartment,15,760.39,"$228,311.87",Available,,228311.87,300.2562763844869,False
40160,4,2024-03-01,Apartment,19,1063.07,"$320,367.69",Sold,C0528,320367.69,301.3608605265881,True
40195,4,2024-03-01,Apartment,25,1310.16,"$419,280.43",Sold,C0676,419280.43,320.02231025218293,True
40219,4,2024-03-01,Apartment,26,790.05,"$250,104.08",Sold,C1701,250104.08,316.5674071261313,True
40227,4,2024-03-01,Apartment,26,790.05,"$185,592.46",Sold,C0485,185592.46,234.9122966900829,True
40260,4,2024-03-01,Apartment,31,793.1,"$244,330.47",Sold,C1549,244330.47,308.07019291388224,True
40261,4,2024-03-01,Apartment,31,793.1,"$243,759.15",Available,,243759.15,307.3498297818686,False
40276,4,2024-03-01,Apartment,32,1328.09,"$357,485.43",Available,,357485.43,269.1725937248229,False
40280,4,2024-03-01,Apartment,33,734.73,"$202,634.18",Sold,C1184,202634.18,275.7940740135832,True
40285,4,2024-03-01,Apartment,33,734.73,"$258,544.89",Sold,C0411,258544.89,351.8910211914581,True
40303,4,2024-03-01,Office,36,736.77,"$287,413.06",Available,,287413.06,390.0987553782049,False
40324,4,2024-03-01,Apartment,39,743.73,"$244,835.95",Available,,244835.95,329.20004571551505,False
40329,4,2024-03-01,Apartment,39,743.73,"$218,908.24",Available,,218908.24,294.33832170276844,False
40339,4,2024-03-01,Apartment,40,780.74,"$232,130.98",Sold,C1877,232130.98,297.32174603581217,True
40340,4,2024-03-01,Apartment,40,780.74,"$245,584.03",Sold,C0878,245584.03,314.5528985321618,True
40360,4,2024-03-01,Apartment,43,1616.99,"$445,861.00",Sold,C1636,445861.0,275.73516224590134,True
40368,4,2024-03-01,Office,44,799.67,"$258,779.74",Sold,C1126,258779.74,323.60816336738907,True
40370,4,2024-03-01,Office,44,799.67,"$262,882.87",Sold,C0568,262882.87,328.73919241687196,True
40377,4,2024-03-01,Apartment,45,1160.48,"$292,085.01",Sold,C1291,292085.01,251.69327347304565,True
40395,4,2024-03-01,Apartment,45,1160.48,"$374,768.98",Sold,C1450,374768.98,322.9430752791948,True
40401,4,2024-03-01,Apartment,46,800.23,"$224,540.77",Available,,224540.77,280.5952913537358,False
40402,4,2024-03-01,Apartment,46,800.23,"$229,238.37",Available,,229238.37,286.4656036389538,False
40424,4,2024-03-01,Apartment,49,739.7,"$177,310.11",Sold,C1942,177310.11,239.70543463566307,True
40425,4,2024-03-01,Apartment,49,739.7,"$192,833.65",Sold,C0146,192833.65,260.6916993375693,True
40427,4,2024-03-01,Office,49,739.7,"$264,395.14",Sold,C0439,264395.14,357.4356360686765,True
40441,4,2024-03-01,Apartment,51,802.11,"$234,587.05",Sold,C1296,234587.05,292.46244280709624,True
50066,5,2024-03-01,Apartment,9,793.56,"$224,958.55",Sold,C1138,224958.55,283.4802031352387,True
50070,5,2024-03-01,Apartment,10,629.27,"$201,409.80",Sold,C1111,201409.8,320.0689688051234,True
50089,5,2024-03-01,Apartment,11,1058.56,"$351,625.35",Sold,C1213,351625.35,332.1732825725514,True
50118,5,2024-03-01,Apartment,15,1050.95,"$407,054.73",Sold,C0929,407054.73,387.3207383795613,True
50125,5,2024-03-01,Apartment,16,1060.08,"$266,175.15",Sold,C0274,266175.15,251.08968191079921,True
50197,5,2024-03-01,Office,26,1272.4,"$371,144.72",Available,,371144.72,291.68871424080476,False
50217,5,2024-03-01,Office,28,1247.24,"$346,348.71",Available,,346348.71,277.6921121837016,False
50218,5,2024-03-01,Apartment,29,786.28,"$220,273.72",Sold,C0038,220273.72,280.14666531006765,True
50268,5,2024-03-01,Apartment,36,627.56,"$188,574.81",Sold,C1131,188574.81,300.4888934922557,True
50288,5,2024-03-01,Apartment,37,1790.7,"$543,777.59",Sold,C0150,543777.59,303.66761043167475,True
50297,5,2024-03-01,Apartment,39,591.14,"$189,258.23",Available,,189258.23,320.1580505464019,False
50339,5,2024-03-01,Apartment,43,802.72,"$222,121.91",Sold,C0634,222121.91,276.71156816822804,True
50398,5,2024-03-01,Apartment,47,1241.14,"$389,142.71",Sold,C1612,389142.71,313.53651481702303,True
50407,5,2024-03-01,Office,47,1241.14,"$343,513.68",Sold,C0149,343513.68,276.7727089611164,True
50432,5,2024-03-01,Apartment,50,1261.07,"$424,910.39",Sold,C1242,424910.39,336.94433298706656,True
50436,5,2024-03-01,Apartment,51,1029.59,"$299,112.38",Sold,C0279,299112.38,290.5160112277703,True
60007,6,2024-03-01,Office,1,1720.95,"$526,612.91",Sold,C0366,526612.91,306.0012841744385,True
60017,6,2024-03-01,Apartment,1,1720.95,"$606,381.67",Sold,C1416,606381.67,352.3528690548825,True
60025,6,2024-03-01,Apartment,2,1338.63,"$330,643.23",Available,,330643.23,247.00121019251023,False
60036,6,2024-03-01,Apartment,4,1925.28,"$627,613.85",Sold,C0336,627613.85,325.98575272168205,True
60051,6,2024-03-01,Apartment,4,1925.28,"$616,403.86",Sold,C1770,616403.86,320.1632282057675,True
60087,6,2024-03-01,Office,7,1075.42,"$349,579.55",Sold,C1136,349579.55,325.06327760316896,True
60097,6,2024-03-01,Apartment,7,1075.42,"$342,823.42",Available,,342823.42,318.78095999702435,False
60110,6,2024-03-01,Apartment,9,1194.12,"$285,826.45",Sold,C1398,285826.45,239.36158007570432,True
60117,6,2024-03-01,Apartment,10,942.08,"$275,335.38",Available,,275335.38,292.26326851222825,False
60140,6,2024-03-01,Apartment,12,1678.17,"$603,518.77",Sold,C0152,603518.77,359.629101938421,True
60153,6,2024-03-01,Apartment,12,1678.17,"$526,810.49",Sold,C0497,526810.49,313.9196207773944,True
60154,6,2024-03-01,Office,12,1678.17,"$487,577.71",Sold,C1551,487577.71,290.54130987921366,True
60192,6,2024-03-01,Apartment,19,1542.71,"$432,448.91",Sold,C0091,432448.91,280.3176941875012,True
60211,6,2024-03-01,Office,20,1897.17,"$606,682.76",Available,,606682.76,319.78302418865997,False
60229,6,2024-03-01,Apartment,21,833.23,"$263,803.73",Sold,C0081,263803.73,316.603734863123,True
60281,6,2024-03-01,Apartment,31,1768.9,"$503,303.34",Sold,C1027,503303.34,284.528995420883,True
60285,6,2024-03-01,Apartment,31,1768.9,"$512,554.33",Sold,C0716,512554.33,289.75879360054273,True
60297,6,2024-03-01,Office,33,1131.0,"$327,382.45",Sold,C1486,327382.45,289.46282051282054,True
60302,6,2024-03-01,Office,33,1131.0,"$317,284.62",Sold,C0717,317284.62,280.53458885941643,True
60343,6,2024-03-01,Apartment,38,698.21,"$219,187.03",Sold,C1896,219187.03,313.9270849744346,True
60351,6,2024-03-01,Apartment,39,744.54,"$258,105.88",Sold,C1257,258105.88,346.66489375990545,True
60352,6,2024-03-01,Apartment,39,744.54,"$211,395.87",Available,,211395.87,283.92815698283505,False
60377,6,2024-03-01,Apartment,43,1492.81,"$446,977.08",Available,,446977.08,299.4199395770393,False
60382,6,2024-03-01,Apartment,43,1492.81,"$370,550.39",Available,,370550.39,248.22341088283173,False
60405,6,2024-03-01,Apartment,49,1167.52,"$329,620.00",Sold,C0156,329620.0,282.3249280526244,True
60422,6,2024-03-01,Apartment,51,1476.63,"$496,395.55",Available,,496395.55,336.16786195594017,False
60423,6,2024-03-01,Apartment,51,1476.63,"$491,669.54",Sold,C1078,491669.54,332.9673242450715,True
60443,6,2024-03-01,Apartment,53,1170.96,"$376,208.61",Sold,C0686,376208.61,321.28220434515265,True
60451,6,2024-03-01,Apartment,53,1170.96,"$353,358.62",Sold,C1201,353358.62,301.76830976292956,True
60465,6,2024-03-01,Apartment,55,562.37,"$174,861.74",Sold,C0870,174861.74,310.93717659192345,True
70010,7,2024-03-01,Apartment,3,888.5,"$283,696.07",Available,,283696.07,319.2977715250422,False
70045,7,2024-03-01,Apartment,7,1071.02,"$326,619.69",Available,,326619.69,304.9613359227652,False
70064,7,2024-03-01,Apartment,10,1495.37,"$447,358.85",Sold,C1613,447358.85,299.1626487090152,True
70097,7,2024-03-01,Apartment,13,604.6,"$179,048.25",Sold,C1733,179048.25,296.14331789612964,True
70098,7,2024-03-01,Office,13,604.6,"$163,386.52",Sold,C1170,163386.52,270.2390340721138,True
70105,7,2024-03-01,Apartment,14,714.65,"$210,334.70",Sold,C0614,210334.7,294.31847757643607,True
70123,7,2024-03-01,Office,15,602.92,"$195,057.54",Sold,C0909,195057.54,323.52142904531286,True
70140,7,2024-03-01,Apartment,17,1586.15,"$495,861.04",Available,,495861.04,312.61926047347345,False
70151,7,2024-03-01,Apartment,18,703.28,"$196,588.07",Sold,C0334,196588.07,279.5303008758958,True
70182,7,2024-03-01,Apartment,21,1528.62,"$475,699.15",Available,,475699.15,311.19516295743875,False
70185,7,2024-03-01,Apartment,21,1528.62,"$355,573.01",Sold,C1461,355573.01,232.6104656487551,True
70233,7,2024-03-01,Apartment,26,717.0,"$205,825.01",Sold,C0785,205825.01,287.064170153417,True
70243,7,2024-03-01,Apartment,27,768.05,"$230,070.22",Sold,C1815,230070.22,299.5510969337934,True
70256,7,2024-03-01,Apartment,28,694.55,"$207,109.90",Available,,207109.9,298.1929306745375,False
70259,7,2024-03-01,Apartment,28,694.55,"$222,388.39",Available,,222388.39,320.19061262688075,False
70278,7,2024-03-01,Apartment,33,1266.64,"$399,124.74",Available,,399124.74,315.10511273921554,False
70314,7,2024-03-01,Apartment,38,1755.26,"$450,762.70",Sold,C1247,450762.7,256.8067978533095,True
70327,7,2024-03-01,Office,38,1755.26,"$564,037.73",Sold,C1700,564037.73,321.341413807641,True
70337,7,2024-03-01,Apartment,40,1138.18,"$308,622.38",Sold,C0088,308622.38,271.15428139661566,True
70429,7,2024-03-01,Apartment,50,502.02,"$140,625.05",Available,,140625.05,280.1184215768296,False
70436,7,2024-03-01,Apartment,51,648.27,"$150,856.46",Sold,C0062,150856.46,232.7062180881423,True
70443,7,2024-03-01,Apartment,52,1281.14,"$345,268.92",Sold,C0841,345268.92,269.501319137643,True
70456,7,2024-03-01,Apartment,54,1940.69,"$585,559.25",Sold,C1152,585559.25,301.7273495509329,True
70497,7,2024-03-01,Apartment,58,1629.83,"$537,546.81",Sold,C0151,537546.81,329.81771718522793,True
70505,7,2024-03-01,Apartment,58,1629.83,"$476,167.41",Sold,C1316,476167.41,292.15771583539384,True
70511,7,2024-03-01,Apartment,59,765.3,"$250,106.90",Sold,C1502,250106.9,326.8089638050438,True
80018,8,2024-03-01,Apartment,2,1097.36,"$325,789.31",Sold,C1013,325789.31,296.88462309542905,True
80023,8,2024-03-01,Office,3,1736.05,"$545,199.56",Available,,545199.56,314.0460009792345,False
80026,8,2024-03-01,Apartment,4,1934.75,"$523,161.71",Available,,523161.71,270.4027445406383,False
80057,8,2024-03-01,Apartment,6,1370.17,"$438,095.92",Sold,C0559,438095.92,319.73836823167926,True
80069,8,2024-03-01,Apartment,8,1552.34,"$479,097.62",Sold,C0010,479097.62,308.62930801242,True
80072,8,2024-03-01,Apartment,8,1552.34,"$398,037.98",Sold,C0651,398037.98,256.4115979746705,True
80100,8,2024-03-01,Apartment,12,1430.46,"$446,838.60",Sold,C1162,446838.6,312.37406149070927,True
80105,8,2024-03-01,Apartment,13,660.3,"$180,436.90",Sold,C1924,180436.9,273.265031046494,True
80108,8,2024-03-01,Apartment,14,685.93,"$222,752.92",Available,,222752.92,324.7458487017626,False
80109,8,2024-03-01,Apartment,14,685.93,"$238,726.20",Sold,C1032,238726.2,348.0328896534632,True
80130,8,2024-03-01,Apartment,15,534.85,"$154,353.28",Sold,C0341,154353.28,288.591717303917,True
80158,8,2024-03-01,Apartment,20,774.16,"$240,718.43",Sold,C1359,240718.43,310.94144621266923,True
80164,8,2024-03-01,Apartment,21,1501.64,"$510,510.60",Available,,510510.6,339.96870088703014,False
80171,8,2024-03-01,Apartment,22,1495.57,"$464,608.30",Sold,C0738,464608.3,310.65633838603344,True
80194,8,2024-03-01,Apartment,26,1625.38,"$497,984.45",Sold,C1298,497984.45,306.3803233705349,True
80210,8,2024-03-01,Apartment,28,1431.61,"$418,833.33",Sold,C0851,418833.33,292.5610536389101,True
80285,8,2024-03-01,Apartment,33,1809.87,"$459,972.28",Sold,C1393,459972.28,254.14658511384798,True
80308,8,2024-03-01,Apartment,36,673.86,"$198,802.46",Sold,C0827,198802.46,295.0204196717419,True
80321,8,2024-03-01,Apartment,37,890.65,"$255,348.83",Available,,255348.83,286.6994105428619,False
80333,8,2024-03-01,Apartment,37,890.65,"$270,409.23",Sold,C1500,270409.23,303.60885869870316,True
80346,8,2024-03-01,Apartment,39,1290.89,"$349,511.46",Sold,C0762,349511.46,270.7523181680856,True
80433,8,2024-03-01,Apartment,50,913.15,"$267,101.26",Available,,267101.26,292.50534961397364,False
80486,8,2024-03-01,Apartment,56,1874.7,"$497,024.24",Available,,497024.24,265.1220141889369,False
80496,8,2024-03-01,Apartment,57,1949.35,"$538,507.20",Sold,C0612,538507.2,276.2496216687614,True
90011,9,2024-03-01,Apartment,1,832.35,"$261,588.76",Sold,C0581,261588.76,314.2773592839551,True
90022,9,2024-03-01,Apartment,4,1139.87,"$347,482.45",Available,,347482.45,304.84392957091603,False
90030,9,2024-03-01,Apartment,6,1821.59,"$493,931.35",Sold,C1570,493931.35,271.15396439374393,True
90038,9,2024-03-01,Apartment,7,697.68,"$223,777.94",Sold,C1980,223777.94,320.7458147001491,True
90079,9,2024-03-01,Office,12,952.38,"$320,191.49",Sold,C1524,320191.49,336.2014007014007,True
90088,9,2024-03-01,Apartment,14,1445.3,"$473,439.58",Sold,C1422,473439.58,327.571839756452,True
90111,9,2024-03-01,Apartment,17,1481.32,"$446,979.46",Sold,C1941,446979.46,301.7440255987903,True
90148,9,2024-03-01,Apartment,23,901.21,"$293,975.04",Sold,C1445,293975.04,326.20037505131984,True
90150,9,2024-03-01,Apartment,23,901.21,"$267,578.12",Sold,C1721,267578.12,296.9098434327182,True
90174,9,2024-03-01,Apartment,26,1038.39,"$321,101.26",Sold,C0298,321101.26,309.2299232465644,True
90182,9,2024-03-01,Apartment,27,1207.33,"$358,447.56",Sold,C0583,358447.56,296.8927799358916,True
90185,9,2024-03-01,Apartment,27,1207.33,"$347,435.71",Sold,C1282,347435.71,287.77195133062213,True
90191,9,2024-03-01,Apartment,28,1931.82,"$592,109.47",Available,,592109.47,306.5034371732356,False
90201,9,2024-03-01,Apartment,29,1426.22,"$414,854.52",Sold,C0026,414854.52,290.87694745551175,True
90211,9,2024-03-01,Apartment,30,1250.17,"$357,647.97",Sold,C1873,357647.97,286.07946919218983,True
90252,9,2024-03-01,Apartment,34,1577.36,"$510,570.33",Available,,510570.33,323.686621950601,False
90259,9,2024-03-01,Apartment,34,1577.36,"$423,148.15",Sold,C0180,423148.15,268.26352259471525,True
90278,9,2024-03-01,Apartment,35,1376.88,"$397,654.23",Sold,C1163,397654.23,288.8081967927488,True
90280,9,2024-03-01,Apartment,35,1376.88,"$356,213.53",Sold,C1793,356213.53,258.7106574283888,True
90288,9,2024-03-01,Apartment,36,1582.79,"$548,231.59",Available,,548231.59,346.37039026023666,False
90344,9,2024-03-01,Apartment,40,1090.32,"$294,967.99",Sold,C1327,294967.99,270.53341220925967,True
90349,9,2024-03-01,Apartment,41,1488.32,"$517,878.00",Available,,517878.0,347.96145990109653,False
90387,9,2024-03-01,Apartment,46,662.32,"$230,643.48",Sold,C0897,230643.48,348.2357168740186,True
90426,9,2024-03-01,Office,53,599.72,"$208,791.69",Available,,208791.69,348.14861935569934,False
90474,9,2024-03-01,Apartment,58,838.34,"$287,917.80",Sold,C0016,287917.8,343.4379845885917,True
90481,9,2024-03-01,Apartment,58,838.34,"$251,397.07",Available,,251397.07,299.8748359853997,False
90532,9,2024-03-01,Apartment,62,1263.44,"$373,157.22",Available,,373157.22,295.3501709618185,False
90534,9,2024-03-01,Apartment,62,1263.44,"$425,904.80",Sold,C0744,425904.8,337.09934781232187,True
100008,10,2024-03-01,Apartment,2,1830.46,"$599,456.66",Available,,599456.66,327.48962555860277,False
100037,10,2024-03-01,Apartment,5,1741.96,"$555,912.87",Sold,C0443,555912.87,319.1306746423569,True
100082,10,2024-03-01,Apartment,10,1196.84,"$290,993.55",Sold,C0329,290993.55,243.1348801844858,True
100084,10,2024-03-01,Office,10,1196.84,"$478,630.37",Sold,C0676,478630.37,399.9117425888172,True
100142,10,2024-03-01,Apartment,18,1244.03,"$353,047.58",Sold,C0187,353047.58,283.79346157247016,True
100146,10,2024-03-01,Apartment,19,948.04,"$242,911.97",Available,,242911.97,256.2254440740897,False
100150,10,2024-03-01,Apartment,19,948.04,"$269,363.17",Sold,C0868,269363.17,284.12637652419727,True
100156,10,2024-03-01,Apartment,20,1264.43,"$301,503.93",Available,,301503.93,238.45047175407097,False
100169,10,2024-03-01,Apartment,22,1116.68,"$327,199.09",Available,,327199.09,293.0106118135903,False
100173,10,2024-03-01,Office,23,912.32,"$255,006.99",Sold,C1045,255006.99,279.51485224482633,True
100184,10,2024-03-01,Apartment,25,1487.17,"$392,319.37",Sold,C0928,392319.37,263.80263856855635,True
100202,10,2024-03-01,Apartment,26,1294.85,"$457,406.52",Sold,C1329,457406.52,353.25058500984676,True
100208,10,2024-03-01,Office,26,1294.85,"$460,542.58",Available,,460542.58,355.6725334980886,False
100234,10,2024-03-01,Apartment,28,1606.58,"$419,982.23",Sold,C0498,419982.23,261.4138293766884,True
100241,10,2024-03-01,Apartment,29,486.78,"$133,870.43",Available,,133870.43,275.01218209458074,False
100254,10,2024-03-01,Apartment,30,1559.4,"$406,955.39",Sold,C1895,406955.39,260.96921251763496,True
100297,10,2024-03-01,Apartment,35,1675.74,"$426,658.82",Sold,C0777,426658.82,254.60919951782498,True
100322,10,2024-03-01,Apartment,38,476.64,"$128,340.87",Sold,C1091,128340.87,269.2616440080564,True
100325,10,2024-03-01,Apartment,39,1188.51,"$342,681.32",Sold,C1762,342681.32,288.3285121707011,True
100339,10,2024-03-01,Office,41,1750.64,"$543,773.78",Sold,C1051,543773.78,310.61427820682724,True
100354,10,2024-03-01,Apartment,42,1757.51,"$578,560.91",Available,,578560.91,329.19352379218327,False
100362,10,2024-03-01,Apartment,43,1093.67,"$344,051.81",Sold,C0945,344051.81,314.5846644783161,True
100367,10,2024-03-01,Apartment,43,1093.67,"$290,190.09",Available,,290190.09,265.3360611519014,False
100379,10,2024-03-01,Apartment,44,1224.71,"$348,889.77",Sold,C1138,348889.77,284.8754154044631,True
100384,10,2024-03-01,Apartment,44,1224.71,"$372,739.71",Sold,C0524,372739.71,304.349364339313,True
100398,10,2024-03-01,Office,46,1525.34,"$511,655.42",Sold,C0468,511655.42,335.43696487340526,True
110080,11,2024-03-01,Apartment,10,1519.64,"$441,125.61",Available,,441125.61,290.2829683346055,False
110097,11,2024-03-01,Apartment,10,1519.64,"$498,260.56",Sold,C1205,498260.56,327.880655944829,True
110144,11,2024-03-01,Apartment,15,1385.68,"$444,474.88",Available,,444474.88,320.7630044454708,False
110160,11,2024-03-01,Apartment,17,1946.06,"$509,668.52",Sold,C0784,509668.52,261.8976393328058,True
110169,11,2024-03-01,Apartment,18,1562.55,"$428,394.86",Available,,428394.86,274.1639371540111,False
110235,11,2024-03-01,Apartment,29,993.51,"$296,167.83",Available,,296167.83,298.10251532445574,False
110238,11,2024-03-01,Apartment,29,993.51,"$303,617.21",Sold,C0214,303617.21,305.600557618947,True
110259,11,2024-03-01,Apartment,31,1232.68,"$348,352.52",Sold,C0660,348352.52,282.5976895869163,True
110264,11,2024-03-01,Apartment,32,1285.87,"$374,418.94",Sold,C0955,374418.94,291.179466042446,True
110265,11,2024-03-01,Apartment,32,1285.87,"$337,234.79",Available,,337234.79,262.26196271784863,False
110267,11,2024-03-01,Apartment,32,1285.87,"$404,760.62",Sold,C1889,404760.62,314.7756927216593,True
110280,11,2024-03-01,Apartment,34,680.07,"$223,039.63",Available,,223039.63,327.9656947078977,False
110335,11,2024-03-01,Apartment,41,1125.56,"$378,675.72",Sold,C1244,378675.72,336.4331710437471,True
110379,11,2024-03-01,Apartment,44,434.38,"$130,303.65",Available,,130303.65,299.9761729361389,False
110391,11,2024-03-01,Apartment,46,1798.85,"$530,573.34",Available,,530573.34,294.95140784390026,False
110398,11,2024-03-01,Apartment,47,1456.74,"$490,933.95",Available,,490933.95,337.0086288562132,False
110425,11,2024-03-01,Apartment,50,948.72,"$271,454.23",Available,,271454.23,286.126812969053,False
110441,11,2024-03-01,Apartment,52,1397.58,"$371,257.45",Sold,C0248,371257.45,265.6430758883213,True
110457,11,2024-03-01,Apartment,52,1397.58,"$396,446.03",Sold,C1421,396446.03,283.66607278295345,True
110479,11,2024-03-01,Apartment,56,724.8,"$223,047.20",Sold,C0875,223047.2,307.7362030905078,True
110488,11,2024-03-01,Apartment,57,1008.58,"$311,573.77",Sold,C0241,311573.77,308.92320886791333,True
110502,11,2024-03-01,Office,60,1295.04,"$390,199.46",Sold,C0497,390199.46,301.30301766740797,True
110511,11,2024-03-01,Apartment,61,1299.46,"$416,775.71",Sold,C0345,416775.71,320.72992627706896,True
110513,11,2024-03-01,Apartment,61,1299.46,"$390,999.79",Sold,C1470,390999.79,300.89405599248914,True
110519,11,2024-03-01,Apartment,61,1299.46,"$407,851.43",Sold,C1294,407851.43,313.8622427777692,True
110535,11,2024-03-01,Apartment,62,1938.82,"$559,747.82",Sold,C1526,559747.82,288.70540844431144,True
110547,11,2024-03-01,Apartment,64,1916.26,"$670,575.87",Sold,C0705,670575.87,349.93991942638263,True
110560,11,2024-03-01,Office,65,1427.09,"$415,621.37",Sold,C1352,415621.37,291.23697173969407,True
110561,11,2024-03-01,Apartment,65,1427.09,"$434,714.68",Available,,434714.68,304.61616296099055,False
120011,12,2024-03-01,Apartment,1,839.95,"$238,111.34",Sold,C1338,238111.34,283.4827549258884,True
120023,12,2024-03-01,Apartment,3,1469.27,"$367,608.78",Sold,C1745,367608.78,250.19824810960546,True
120043,12,2024-03-01,Apartment,4,1559.34,"$455,532.20",Sold,C0591,455532.2,292.1314145728321,True
120047,12,2024-03-01,Apartment,4,1559.34,"$550,180.20",Sold,C0122,550180.2,352.8288891454077,True
120048,12,2024-03-01,Apartment,5,495.04,"$175,885.99",Sold,C0174,175885.99,355.29652149321265,True
120083,12,2024-03-01,Apartment,10,1642.26,"$440,939.43",Sold,C0346,440939.43,268.4955061926857,True
120084,12,2024-03-01,Apartment,10,1642.26,"$491,470.69",Sold,C0658,491470.69,299.26484844056364,True
120089,12,2024-03-01,Apartment,12,959.05,"$275,447.01",Sold,C1486,275447.01,287.2081851832543,True
120136,12,2024-03-01,Office,16,1523.02,"$415,409.21",Sold,C0376,415409.21,272.75361452902786,True
120192,12,2024-03-01,Apartment,22,892.67,"$308,919.06",Sold,C1494,308919.06,346.0618817704191,True
120205,12,2024-03-01,Office,23,1094.46,"$340,450.25",Sold,C0926,340450.25,311.06687316119366,True
120208,12,2024-03-01,Apartment,23,1094.46,"$311,524.51",Sold,C0125,311524.51,284.63763865285165,True
120257,12,2024-03-01,Office,27,871.52,"$254,211.77",Sold,C1645,254211.77,291.68782127776757,True
120287,12,2024-03-01,Apartment,33,1232.2,"$365,743.18",Sold,C0182,365743.18,296.8212790131472,True
120314,12,2024-03-01,Apartment,34,1817.64,"$556,062.80",Sold,C1520,556062.8,305.9257058603464,True
120324,12,2024-03-01,Apartment,35,1690.62,"$482,594.96",Sold,C1080,482594.96,285.4544250038448,True
120342,12,2024-03-01,Apartment,38,1157.23,"$386,019.24",Available,,386019.24,333.5717532383364,False
120343,12,2024-03-01,Apartment,38,1157.23,"$322,224.02",Available,,322224.02,278.44423321206676,False
120356,12,2024-03-01,Apartment,38,1157.23,"$331,792.26",Sold,C1733,331792.26,286.71245992585744,True
120386,12,2024-03-01,Apartment,44,635.36,"$193,403.07",Sold,C0753,193403.07,304.3991910098212,True
120396,12,2024-03-01,Apartment,47,1528.05,"$561,731.10",Sold,C0732,561731.1,367.6130362226367,True
120397,12,2024-03-01,Office,47,1528.05,"$487,713.60",Available,,487713.6,319.17384902326495,False
130012,13,2024-03-01,Apartment,1,1899.92,"$555,343.32",Sold,C0293,555343.32,292.2982651901132,True
130013,13,2024-03-01,Office,1,1899.92,"$559,085.68",Available,,559085.68,294.2680112846857,False
130015,13,2024-03-01,Apartment,1,1899.92,"$602,930.85",Available,,602930.85,317.34538822687267,False
130060,13,2024-03-01,Apartment,5,441.3,"$150,544.43",Available,,150544.43,341.13852254702016,False
130068,13,2024-03-01,Apartment,8,1449.43,"$415,155.52",Available,,415155.52,286.42674706608807,False
130069,13,2024-03-01,Apartment,8,1449.43,"$377,664.86",Available,,377664.86,260.56095154647,False
130073,13,2024-03-01,Apartment,9,1448.68,"$483,003.01",Sold,C0294,483003.01,333.4090413341801,True
130098,13,2024-03-01,Apartment,11,1678.3,"$459,184.89",Available,,459184.89,273.60119764046954,False
130134,13,2024-03-01,Apartment,15,458.29,"$132,839.83",Sold,C1635,132839.83,289.8597612865216,True
130144,13,2024-03-01,Apartment,16,1772.88,"$615,781.65",Available,,615781.65,347.3340835251117,False
130191,13,2024-03-01,Apartment,20,516.72,"$122,058.89",Available,,122058.89,236.21862904474375,False
130192,13,2024-03-01,Apartment,20,516.72,"$164,585.63",Sold,C0223,164585.63,318.519952779068,True
130218,13,2024-03-01,Office,25,633.86,"$154,903.56",Sold,C0219,154903.56,244.3813460385574,True
130234,13,2024-03-01,Apartment,27,885.68,"$260,227.69",Sold,C0698,260227.69,293.81683000632285,True
130236,13,2024-03-01,Apartment,28,1173.72,"$379,531.13",Sold,C1724,379531.13,323.3574702654807,True
130239,13,2024-03-01,Office,28,1173.72,"$340,602.26",Sold,C0571,340602.26,290.190386122755,True
130242,13,2024-03-01,Apartment,28,1173.72,"$330,077.14",Sold,C1109,330077.14,281.22306853423305,True
130262,13,2024-03-01,Apartment,30,1777.51,"$567,793.82",Sold,C0932,567793.82,319.4321382158187,True
130267,13,2024-03-01,Apartment,31,627.57,"$179,742.54",Sold,C1969,179742.54,286.41034466274675,True
130302,13,2024-03-01,Office,33,1445.84,"$500,020.84",Sold,C0307,500020.84,345.834144856969,True
130341,13,2024-03-01,Office,38,656.42,"$218,673.20",Available,,218673.2,333.13000822644045,False
130342,13,2024-03-01,Apartment,38,656.42,"$209,354.32",Available,,209354.32,318.9334877060419,False
130358,13,2024-03-01,Apartment,40,571.5,"$163,504.49",Sold,C0960,163504.49,286.0970953630796,True
130383,13,2024-03-01,Apartment,43,1875.83,"$597,724.45",Sold,C1883,597724.45,318.64531967182523,True
130384,13,2024-03-01,Apartment,43,1875.83,"$663,848.64",Sold,C1624,663848.64,353.8959500594404,True
130386,13,2024-03-01,Apartment,43,1875.83,"$607,539.65",Sold,C1944,607539.65,323.8777767708161,True
130402,13,2024-03-01,Apartment,45,986.91,"$337,352.78",Sold,C0321,337352.78,341.8272993484715,True
130405,13,2024-03-01,Office,45,986.91,"$303,252.26",Sold,C0289,303252.26,307.2744829822375,True
130423,13,2024-03-01,Apartment,47,1874.35,"$461,566.83",Sold,C0627,461566.83,246.25434417264654,True
130440,13,2024-03-01,Apartment,48,1728.84,"$592,737.69",Sold,C0045,592737.69,342.8528319566877,True
130457,13,2024-03-01,Office,52,1916.1,"$705,490.95",Sold,C1283,705490.95,368.1910912791608,True
130487,13,2024-03-01,Apartment,56,606.9,"$170,509.90",Sold,C1697,170509.9,280.95221618058986,True
130505,13,2024-03-01,Apartment,59,1434.04,"$428,248.91",Available,,428248.91,298.6310772363393,False
130523,13,2024-03-01,Office,60,1401.81,"$429,243.97",Available,,429243.97,306.2069538667865,False
130525,13,2024-03-01,Apartment,60,1401.81,"$400,297.87",Available,,400297.87,285.5578644752142,False
130539,13,2024-03-01,Apartment,62,452.68,"$139,864.72",Sold,C0233,139864.72,308.97039851550767,True
130541,13,2024-03-01,Office,63,1623.8,"$528,523.40",Sold,C1787,528523.4,325.48552777435646,True
140001,14,2024-03-01,Apartment,1,1750.63,"$519,772.07",Available,,519772.07,296.9057253674391,False
140011,14,2024-03-01,Apartment,3,645.76,"$184,463.78",Sold,C0356,184463.78,285.65377229930624,True
140012,14,2024-03-01,Apartment,3,645.76,"$174,761.92",Available,,174761.92,270.62983151635285,False
140014,14,2024-03-01,Apartment,3,645.76,"$192,114.05",Sold,C0691,192114.05,297.5006968533201,True
140067,14,2024-03-01,Apartment,9,803.5,"$240,826.44",Sold,C0025,240826.44,299.72176726820163,True
140107,14,2024-03-01,Apartment,12,459.44,"$120,742.29",Sold,C0175,120742.29,262.8031734285217,True
140181,14,2024-03-01,Office,20,1224.91,"$413,091.69",Sold,C1714,413091.69,337.24248312120886,True
140185,14,2024-03-01,Apartment,20,1224.91,"$365,006.80",Sold,C1799,365006.8,297.9866275889657,True
140200,14,2024-03-01,Apartment,22,1148.66,"$316,929.07",Available,,316929.07,275.9119931050093,False
140203,14,2024-03-01,Apartment,22,1148.66,"$389,899.07",Available,,389899.07,339.43818884613376,False
140207,14,2024-03-01,Apartment,22,1148.66,"$375,880.49",Available,,375880.49,327.23389862970765,False
140216,14,2024-03-01,Apartment,23,1610.37,"$524,135.10",Sold,C0662,524135.1,325.4749529611207,True
140227,14,2024-03-01,Apartment,24,1205.25,"$389,395.46",Sold,C0297,389395.46,323.0827297241236,True
140229,14,2024-03-01,Apartment,25,586.85,"$208,143.52",Sold,C1958,208143.52,354.67925364232764,True
140238,14,2024-03-01,Apartment,27,1866.49,"$550,819.24",Sold,C1765,550819.24,295.1096657362215,True
140315,14,2024-03-01,Apartment,37,1469.73,"$427,134.73",Sold,C1422,427134.73,290.6212229457111,True
140348,14,2024-03-01,Apartment,41,543.61,"$176,130.89",Sold,C0139,176130.89,324.00229944261514,True
140389,14,2024-03-01,Office,47,917.53,"$333,493.87",Sold,C0406,333493.87,363.46917267010343,True
140409,14,2024-03-01,Apartment,49,1231.75,"$335,648.24",Sold,C0751,335648.24,272.49704891414655,True
140412,14,2024-03-01,Apartment,49,1231.75,"$414,334.38",Sold,C0084,414334.38,336.37863202760303,True
140424,14,2024-03-01,Apartment,51,1346.3,"$476,875.98",Available,,476875.98,354.21227066775606,False
150028,15,2024-03-01,Apartment,3,748.99,"$226,867.23",Sold,C1406,226867.23,302.897542023258,True
150040,15,2024-03-01,Apartment,6,938.57,"$287,742.14",Available,,287742.14,306.5750450152892,False
150059,15,2024-03-01,Apartment,9,565.48,"$187,366.27",Sold,C0633,187366.27,331.3402242342788,True
150069,15,2024-03-01,Apartment,10,1072.95,"$320,276.47",Sold,C0677,320276.47,298.50083414884193,True
150074,15,2024-03-01,Apartment,11,1437.62,"$415,669.45",Sold,C0379,415669.45,289.13721984947347,True
150078,15,2024-03-01,Apartment,12,992.68,"$320,644.43",Sold,C0370,320644.43,323.0088548172624,True
150091,15,2024-03-01,Apartment,14,1832.17,"$567,823.18",Sold,C0210,567823.18,309.91839185228446,True
150139,15,2024-03-01,Office,17,562.64,"$172,358.52",Sold,C1230,172358.52,306.33890231764536,True
150232,15,2024-03-01,Apartment,26,961.01,"$299,573.55",Sold,C0397,299573.55,311.72781760855764,True
150293,15,2024-03-01,Apartment,35,745.49,"$241,073.25",Sold,C1490,241073.25,323.3755650645884,True
150294,15,2024-03-01,Apartment,35,745.49,"$221,231.30",Available,,221231.3,296.75958094675985,False
150305,15,2024-03-01,Apartment,35,745.49,"$211,139.96",Available,,211139.96,283.22306134220446,False
150371,15,2024-03-01,Apartment,47,1358.77,"$416,396.32",Sold,C1053,416396.32,306.4509225255194,True
150373,15,2024-03-01,Apartment,47,1358.77,"$456,444.20",Sold,C0832,456444.2,335.9245494086564,True
150378,15,2024-03-01,Apartment,48,1403.33,"$398,619.31",Sold,C0073,398619.31,284.0524395544883,True
150390,15,2024-03-01,Apartment,49,460.17,"$124,485.23",Sold,C0676,124485.23,270.5200904013734,True
150392,15,2024-03-01,Apartment,50,1841.5,"$524,955.14",Sold,C1068,524955.14,285.0693130600054,True
150415,15,2024-03-01,Apartment,52,829.2,"$215,779.63",Sold,C1620,215779.63,260.2262783405692,True
150439,15,2024-03-01,Apartment,55,892.75,"$270,028.95",Sold,C0187,270028.95,302.4687202464296,True
150445,15,2024-03-01,Office,55,892.75,"$327,308.85",Sold,C0868,327308.85,366.62990758891067,True
150451,15,2024-03-01,Apartment,55,892.75,"$282,707.26",Available,,282707.26,316.6701316157939,False
150455,15,2024-03-01,Apartment,55,892.75,"$244,256.20",Sold,C1455,244256.2,273.5997759731168,True
160053,16,2024-03-01,Apartment,7,941.57,"$256,919.71",Sold,C1527,256919.71,272.86310099089815,True
160069,16,2024-03-01,Apartment,8,986.18,"$306,939.29",Sold,C1396,306939.29,311.24063558376764,True
160103,16,2024-03-01,Office,11,1288.42,"$475,185.80",Sold,C0797,475185.8,368.81280948758945,True
160126,16,2024-03-01,Apartment,14,660.84,"$197,899.51",Sold,C1443,197899.51,299.46660311119183,True
160161,16,2024-03-01,Office,21,837.95,"$262,430.93",Sold,C1912,262430.93,313.1820872367086,True
160168,16,2024-03-01,Apartment,21,837.95,"$247,793.15",Sold,C1111,247793.15,295.7135270600871,True
160187,16,2024-03-01,Apartment,23,594.14,"$175,786.75",Sold,C1954,175786.75,295.8675564681725,True
160194,16,2024-03-01,Apartment,24,1077.77,"$387,724.00",Sold,C1444,387724.0,359.7465136346345,True
160211,16,2024-03-01,Apartment,26,1458.08,"$429,318.55",Sold,C1320,429318.55,294.44101146713484,True
160238,16,2024-03-01,Apartment,28,1440.71,"$442,981.99",Sold,C0606,442981.99,307.47477979607277,True
160266,16,2024-03-01,Office,32,431.76,"$118,779.75",Sold,C0430,118779.75,275.10596164535855,True
160274,16,2024-03-01,Office,33,881.17,"$271,991.93",Sold,C1186,271991.93,308.67134605127274,True
160283,16,2024-03-01,Apartment,34,743.19,"$203,467.10",Available,,203467.1,273.7753468157537,False
160295,16,2024-03-01,Apartment,35,629.97,"$185,697.91",Sold,C1116,185697.91,294.77262409321077,True
160339,16,2024-03-01,Office,41,1001.72,"$256,680.04",Sold,C1870,256680.04,256.23930838956994,True
160343,16,2024-03-01,Apartment,41,1001.72,"$249,056.03",Sold,C0712,249056.03,248.62838917062652,True
160369,16,2024-03-01,Apartment,42,1496.62,"$450,818.61",Sold,C0052,450818.61,301.224499204875,True
160373,16,2024-03-01,Office,42,1496.62,"$491,362.13",Sold,C0789,491362.13,328.31455546498114,True
160382,16,2024-03-01,Apartment,44,1695.03,"$496,232.48",Sold,C1063,496232.48,292.75734352784315,True
160389,16,2024-03-01,Apartment,45,1653.49,"$564,972.81",Sold,C1187,564972.81,341.68504798940427,True
170013,17,2024-03-01,Office,1,530.28,"$203,115.86",Available,,203115.86,383.03511352493024,False
170027,17,2024-03-01,Apartment,2,1738.5,"$521,203.39",Sold,C0352,521203.39,299.80062697727925,True
170071,17,2024-03-01,Apartment,9,1505.53,"$477,594.44",Available,,477594.44,317.2267839232696,False
170089,17,2024-03-01,Apartment,11,596.22,"$169,300.68",Sold,C0573,169300.68,283.95672738250977,True
170122,17,2024-03-01,Apartment,14,1646.02,"$510,061.69",Available,,510061.69,309.8757548510954,False
170171,17,2024-03-01,Office,18,554.84,"$195,199.56",Available,,195199.56,351.81234229687834,False
170177,17,2024-03-01,Apartment,19,1712.06,"$521,526.56",Available,,521526.56,304.61932408910906,False
170221,17,2024-03-01,Apartment,26,929.59,"$299,902.76",Available,,299902.76,322.61831560150176,False
170230,17,2024-03-01,Apartment,27,677.24,"$216,050.75",Sold,C0229,216050.75,319.01652294607527,True
170275,17,2024-03-01,Office,33,1532.89,"$471,065.82",Sold,C1090,471065.82,307.30569055835707,True
170289,17,2024-03-01,Apartment,35,1667.01,"$481,753.89",Sold,C0180,481753.89,288.99280148289455,True
170311,17,2024-03-01,Apartment,39,1341.67,"$404,921.22",Sold,C1858,404921.22,301.8038862015249,True
170341,17,2024-03-01,Apartment,42,691.03,"$206,013.07",Sold,C0245,206013.07,298.1246400301,True
170345,17,2024-03-01,Apartment,44,1176.0,"$315,288.62",Sold,C0119,315288.62,268.1025680272109,True
170361,17,2024-03-01,Office,46,1582.61,"$446,411.88",Sold,C0714,446411.88,282.0732081814219,True
170368,17,2024-03-01,Apartment,46,1582.61,"$423,220.61",Sold,C0159,423220.61,267.4193958081903,True
170394,17,2024-03-01,Apartment,48,1833.96,"$596,755.57",Sold,C1338,596755.57,325.3918133438024,True
170409,17,2024-03-01,Apartment,48,1833.96,"$584,468.16",Sold,C0129,584468.16,318.6918798665184,True
170416,17,2024-03-01,Apartment,48,1833.96,"$499,955.33",Sold,C0836,499955.33,272.60972431241686,True
170421,17,2024-03-01,Apartment,49,1283.67,"$390,434.77",Available,,390434.77,304.15509437783857,False
170442,17,2024-03-01,Office,51,1375.52,"$351,201.87",Sold,C1604,351201.87,255.32298330813074,True
170450,17,2024-03-01,Apartment,52,1742.3,"$427,748.64",Sold,C0980,427748.64,245.5080296160248,True
180033,18,2024-03-01,Office,4,1096.58,"$354,647.51",Available,,354647.51,323.4123456564957,False
180042,18,2024-03-01,Apartment,4,1096.58,"$293,089.05",Available,,293089.05,267.2755749694505,False
180064,18,2024-03-01,Apartment,7,505.94,"$170,848.18",Sold,C0018,170848.18,337.6846661659485,True
180067,18,2024-03-01,Apartment,8,1196.23,"$352,252.67",Available,,352252.67,294.4690151559482,False
180085,18,2024-03-01,Apartment,12,1692.5,"$568,157.47",Sold,C1366,568157.47,335.69126735598223,True
180094,18,2024-03-01,Apartment,13,537.4,"$159,539.68",Sold,C1082,159539.68,296.87324153330854,True
180121,18,2024-03-01,Apartment,16,1360.96,"$415,468.55",Sold,C0483,415468.55,305.2760918763226,True
180131,18,2024-03-01,Apartment,17,1195.81,"$330,089.65",Sold,C0125,330089.65,276.03854291233563,True
180152,18,2024-03-01,Apartment,20,1631.48,"$521,158.55",Sold,C0456,521158.55,319.4391288891068,True
180166,18,2024-03-01,Office,22,1108.09,"$368,466.60",Sold,C0459,368466.6,332.5240729543629,True
180170,18,2024-03-01,Apartment,22,1108.09,"$318,794.23",Available,,318794.23,287.6970552933426,False
180174,18,2024-03-01,Apartment,23,1659.02,"$585,205.19",Sold,C1854,585205.19,352.741491965136,True
180236,18,2024-03-01,Apartment,29,578.36,"$168,573.30",Sold,C1520,168573.3,291.4677709385158,True
180253,18,2024-03-01,Apartment,30,1795.66,"$601,135.70",Sold,C0628,601135.7,334.7714489379949,True
180365,18,2024-03-01,Apartment,41,852.83,"$248,815.13",Sold,C0093,248815.13,291.752318750513,True
180367,18,2024-03-01,Apartment,41,852.83,"$237,658.55",Available,,237658.55,278.67048532532857,False
180369,18,2024-03-01,Office,41,852.83,"$242,946.74",Sold,C1813,242946.74,284.871240458239,True
180375,18,2024-03-01,Apartment,42,1045.42,"$353,052.34",Sold,C0666,353052.34,337.7133974861778,True
180424,18,2024-03-01,Apartment,48,564.59,"$173,539.43",Sold,C1255,173539.43,307.3724826865513,True
180459,18,2024-03-01,Apartment,52,1424.54,"$433,951.65",Sold,C0611,433951.65,304.6258090330914,True
180462,18,2024-03-01,Office,52,1424.54,"$496,697.45",Sold,C1103,496697.45,348.67216785769443,True
180482,18,2024-03-01,Apartment,53,1806.7,"$588,124.15",Sold,C1196,588124.15,325.52396634748436,True
180495,18,2024-03-01,Apartment,55,930.04,"$261,196.03",Available,,261196.03,280.8438669304546,False
180532,18,2024-03-01,Apartment,60,1488.67,"$454,295.97",Sold,C0601,454295.97,305.1690233564188,True
180550,18,2024-03-01,Office,63,1855.14,"$498,692.85",Sold,C0989,498692.85,268.8168278404864,True
180579,18,2024-03-01,Office,66,1631.24,"$490,155.80",Sold,C0623,490155.8,300.48049336700916,True
190013,19,2024-03-01,Apartment,3,1468.68,"$475,687.12",Available,,475687.12,323.88751804341314,False
190031,19,2024-03-01,Apartment,5,1408.42,"$378,575.21",Sold,C0957,378575.21,268.7942588148422,True
190045,19,2024-03-01,Apartment,7,973.6,"$298,606.04",Sold,C1211,298606.04,306.70299917830727,True
190052,19,2024-03-01,Apartment,8,974.77,"$297,376.84",Sold,C1057,297376.84,305.07385331924456,True
190082,19,2024-03-01,Office,12,1163.99,"$360,132.52",Sold,C1189,360132.52,309.3948573441353,True
190093,19,2024-03-01,Apartment,14,630.47,"$192,642.44",Sold,C0855,192642.44,305.5536980347994,True
190099,19,2024-03-01,Apartment,14,630.47,"$168,566.58",Sold,C1610,168566.58,267.36653607626056,True
190114,19,2024-03-01,Apartment,16,1711.98,"$568,399.09",Sold,C1883,568399.09,332.0126929052909,True
190133,19,2024-03-01,Apartment,18,1599.44,"$510,536.52",Sold,C0198,510536.52,319.1970439653879,True
190183,19,2024-03-01,Apartment,22,935.25,"$303,814.90",Sold,C1392,303814.9,324.848863940123,True
190187,19,2024-03-01,Apartment,22,935.25,"$274,056.55",Available,,274056.55,293.03025928896017,False
190191,19,2024-03-01,Apartment,23,1592.45,"$487,133.91",Available,,487133.91,305.9021696128607,False
190202,19,2024-03-01,Apartment,25,996.38,"$305,776.06",Sold,C1720,305776.06,306.88699090708366,True
190207,19,2024-03-01,Apartment,25,996.38,"$334,332.79",Sold,C1482,334332.79,335.5474718480901,True
190247,19,2024-03-01,Apartment,29,1657.84,"$461,132.73",Sold,C1369,461132.73,278.15273488394536,True
190294,19,2024-03-01,Apartment,35,1099.62,"$299,960.88",Sold,C1295,299960.88,272.7859442352813,True
190308,19,2024-03-01,Apartment,37,1565.26,"$481,455.34",Sold,C1016,481455.34,307.5880939907747,True
190316,19,2024-03-01,Apartment,38,1106.86,"$352,268.42",Sold,C1903,352268.42,318.2592378439911,True
190336,19,2024-03-01,Apartment,40,893.49,"$293,177.61",Available,,293177.61,328.1263472450727,False
190349,19,2024-03-01,Apartment,41,1657.19,"$432,957.19",Sold,C0072,432957.19,261.25983743565916,True
190360,19,2024-03-01,Apartment,42,1137.59,"$318,648.60",Sold,C1723,318648.6,280.10847493385137,True
190387,19,2024-03-01,Apartment,44,982.8,"$292,985.74",Sold,C0793,292985.74,298.11328856328856,True
200003,20,2024-03-01,Apartment,1,1898.39,"$476,858.88",Available,,476858.88,251.19120939322266,False
200008,20,2024-03-01,Apartment,1,1898.39,"$535,687.32",Sold,C0924,535687.32,282.1798049926516,True
200055,20,2024-03-01,Apartment,6,1401.0,"$363,033.03",Sold,C0191,363033.03,259.1242184154176,True
200060,20,2024-03-01,Apartment,7,1757.4,"$531,964.00",Available,,531964.0,302.6994423580289,False
200095,20,2024-03-01,Apartment,13,1587.57,"$388,883.52",Available,,388883.52,244.95519567641114,False
200115,20,2024-03-01,Apartment,16,645.44,"$194,146.19",Sold,C1480,194146.19,300.79665034705005,True
200121,20,2024-03-01,Apartment,16,645.44,"$175,483.91",Sold,C0998,175483.91,271.8826072136837,True
200150,20,2024-03-01,Apartment,18,1868.01,"$521,163.23",Sold,C1061,521163.23,278.99381159629763,True
200152,20,2024-03-01,Apartment,18,1868.01,"$549,203.19",Sold,C0297,549203.19,294.00441646457995,True
200177,20,2024-03-01,Apartment,19,759.72,"$205,910.43",Sold,C1822,205910.43,271.0346311799084,True
200180,20,2024-03-01,Apartment,19,759.72,"$230,825.85",Sold,C0306,230825.85,303.8301611119886,True
200230,20,2024-03-01,Apartment,29,1844.16,"$524,713.99",Sold,C1781,524713.99,284.52736747353805,True
200250,20,2024-03-01,Apartment,30,1703.94,"$556,645.52",Available,,556645.52,326.6814089697994,False
200261,20,2024-03-01,Apartment,30,1703.94,"$489,773.72",Sold,C0092,489773.72,287.43601300515274,True
200265,20,2024-03-01,Apartment,30,1703.94,"$559,367.69",Sold,C0488,559367.69,328.2789828280338,True
200277,20,2024-03-01,Apartment,31,1414.44,"$422,082.56",Available,,422082.56,298.4096603602839,False
200284,20,2024-03-01,Apartment,32,1630.81,"$488,058.16",Sold,C1658,488058.16,299.27346533317797,True
200300,20,2024-03-01,Apartment,33,630.53,"$180,667.53",Sold,C1802,180667.53,286.53280573485796,True
200306,20,2024-03-01,Apartment,33,630.53,"$227,379.46",Sold,C0216,227379.46,360.6164020744453,True
200334,20,2024-03-01,Office,37,632.35,"$193,209.90",Sold,C0147,193209.9,305.54265833794574,True
200336,20,2024-03-01,Office,37,632.35,"$192,543.44",Available,,192543.44,304.4887166917055,False
200338,20,2024-03-01,Apartment,37,632.35,"$173,375.36",Sold,C0949,173375.36,274.17626314540996,True
200355,20,2024-03-01,Apartment,38,1499.47,"$369,423.51",Sold,C0476,369423.51,246.36939051798302,True
200360,20,2024-03-01,Apartment,39,1106.36,"$347,422.89",Sold,C1099,347422.89,314.0233649083481,True
200372,20,2024-03-01,Apartment,40,428.03,"$128,695.37",Sold,C0517,128695.37,300.66904188958716,True
200439,20,2024-03-01,Office,49,880.76,"$273,129.18",Available,,273129.18,310.10624914846267,False
200493,20,2024-03-01,Apartment,57,445.15,"$131,159.48",Sold,C0503,131159.48,294.6410872739526,True
990005,1,2024-03-01,Apartment,42,618.38,"$163,162.88",Available,,163162.88,263.85536401565383,False
990006,1,2024-03-01,Apartment,47,1479.72,"$401,302.82",Available,,401302.82,271.20186251452975,False
1003,1,2024-04-01,Office,3,717.05,"$193,660.62",Sold,C0041,193660.62,270.0796597168956,True
1029,1,2024-04-01,Apartment,29,756.21,"$246,331.90",Sold,C0153,246331.9,325.7453617381415,True
1037,1,2024-04-01,Apartment,37,756.21,"$189,194.31",Sold,C0005,189194.31,250.18752727416987,True
2025,2,2024-04-01,Apartment,25,927.83,"$315,733.15",Sold,C0039,315733.15,340.2920254788054,True
2030,2,2024-04-01,Apartment,30,723.83,"$214,341.34",Sold,C0147,214341.34,296.1211057845074,True
3004,3,2024-04-01,Apartment,4,781.07,"$210,038.70",Sold,C0083,210038.7,268.91149320803515,True
3012,3,2024-04-01,Apartment,12,781.07,"$210,824.06",Sold,C0021,210824.06,269.91698567349914,True
3021,3,2024-04-01,Apartment,21,781.07,"$225,290.22",Sold,C0140,225290.22,288.43793770084625,True
3023,3,2024-04-01,Apartment,23,720.81,"$198,591.85",Sold,C0090,198591.85,275.5120628182184,True
3034,3,2024-04-01,Apartment,34,781.07,"$256,821.64",Sold,C0066,256821.64,328.8074564379633,True
4010,4,2024-04-01,Apartment,10,794.52,"$223,917.34",Sold,C0004,223917.34,281.8271912601319,True
4014,4,2024-04-01,Apartment,14,1611.85,"$482,404.31",Available,,482404.31,299.2861060272358,False
4033,4,2024-04-01,Apartment,33,789.25,"$228,872.91",Available,,228872.91,289.9878492239468,False
4036,4,2024-04-01,Apartment,36,1111.72,"$322,952.56",Available,,322952.56,290.4981110351527,False
5025,5,2024-04-01,Apartment,25,618.16,"$165,430.28",Sold,C0110,165430.28,267.6172511971011,True
10025,1,2024-04-01,Apartment,3,788.73,"$189,429.24",Available,,189429.24,240.16994408733024,False
10076,1,2024-04-01,Apartment,10,1439.52,"$461,793.87",Sold,C0680,461793.87,320.7971198732911,True
10101,1,2024-04-01,Apartment,13,719.47,"$204,852.13",Available,,204852.13,284.7264375165052,False
10120,1,2024-04-01,Apartment,15,765.0,"$236,590.31",Sold,C1733,236590.31,309.2683790849673,True
10157,1,2024-04-01,Apartment,20,1146.24,"$325,612.79",Sold,C1101,325612.79,284.0703430346175,True
10164,1,2024-04-01,Apartment,20,1146.24,"$362,045.20",Sold,C1391,362045.2,315.85462032384146,True
10170,1,2024-04-01,Apartment,21,1957.16,"$590,672.73",Sold,C0959,590672.73,301.8009411596395,True
10249,1,2024-04-01,Apartment,29,757.2,"$210,864.95",Sold,C0027,210864.95,278.47986001056523,True
10255,1,2024-04-01,Apartment,29,757.2,"$233,505.91",Sold,C0636,233505.91,308.3807580559958,True
10281,1,2024-04-01,Office,30,753.29,"$210,189.54",Sold,C1974,210189.54,279.02871404107316,True
10301,1,2024-04-01,Apartment,31,619.78,"$189,688.17",Available,,189688.17,306.05726225434836,False
10313,1,2024-04-01,Apartment,34,1469.14,"$493,329.54",Sold,C0731,493329.54,335.7947778972732,True
10394,1,2024-04-01,Apartment,46,1153.16,"$302,222.25",Sold,C0923,302222.25,262.0818013111797,True
10400,1,2024-04-01,Apartment,46,1153.16,"$352,499.47",Sold,C1408,352499.47,305.6813191577925,True
10411,1,2024-04-01,Apartment,47,771.08,"$217,942.69",Sold,C1724,217942.69,282.64601597758985,True
10416,1,2024-04-01,Office,48,1170.93,"$380,237.27",Available,,380237.27,324.7310001451837,False
20033,2,2024-04-01,Apartment,4,1281.85,"$394,185.40",Sold,C1838,394185.4,307.5128915239693,True
20071,2,2024-04-01,Office,8,715.54,"$240,536.23",Sold,C0782,240536.23,336.16042429493814,True
20081,2,2024-04-01,Apartment,10,788.79,"$251,366.93",Sold,C0856,251366.93,318.6740830892887,True
20101,2,2024-04-01,Apartment,11,1625.05,"$524,458.83",Sold,C1239,524458.83,322.73396510876586,True
20127,2,2024-04-01,Apartment,15,1603.33,"$522,425.92",Sold,C0951,522425.92,325.8380495593546,True
20158,2,2024-04-01,Apartment,18,784.76,"$203,161.94",Sold,C0803,203161.94,258.88416840817575,True
20162,2,2024-04-01,Apartment,19,795.52,"$228,644.73",Sold,C0940,228644.73,287.41543895816574,True
20166,2,2024-04-01,Apartment,19,795.52,"$258,950.34",Sold,C0911,258950.34,325.5107853982301,True
20198,2,2024-04-01,Apartment,22,653.41,"$188,370.61",Sold,C1736,188370.61,288.2885324681287,True
20200,2,2024-04-01,Apartment,22,653.41,"$212,072.03",Sold,C1042,212072.03,324.5619595659693,True
20206,2,2024-04-01,Apartment,24,785.12,"$245,459.25",Sold,C0972,245459.25,312.63915070307723,True
20208,2,2024-04-01,Apartment,24,785.12,"$241,198.49",Sold,C0865,241198.49,307.2122605461585,True
20224,2,2024-04-01,Apartment,25,943.48,"$279,718.78",Sold,C0837,279718.78,296.4755797685166,True
20258,2,2024-04-01,Office,30,786.4,"$222,192.46",Available,,222192.46,282.5438199389624,False
20264,2,2024-04-01,Office,31,629.92,"$207,895.14",Sold,C1787,207895.14,330.03419481838966,True
20271,2,2024-04-01,Apartment,32,925.63,"$252,053.93",Available,,252053.93,272.3052731653036,False
20287,2,2024-04-01,Apartment,33,931.4,"$316,411.41",Sold,C1779,316411.41,339.7159222675542,True
20366,2,2024-04-01,Apartment,43,1118.94,"$297,309.76",Sold,C1010,297309.76,265.70661518937567,True
20383,2,2024-04-01,Apartment,46,697.74,"$220,293.24",Sold,C1393,220293.24,315.72396594720095,True
20436,2,2024-04-01,Office,50,1604.8,"$469,493.99",Available,,469493.99,292.55607552342974,False
20441,2,2024-04-01,Apartment,51,699.31,"$211,222.37",Sold,C1847,211222.37,302.04397191517353,True
20453,2,2024-04-01,Apartment,53,781.27,"$229,990.23",Available,,229990.23,294.3799582730682,False
20459,2,2024-04-01,Office,54,924.4,"$264,553.34",Sold,C0364,264553.34,286.18924707918654,True
20462,2,2024-04-01,Apartment,55,579.26,"$174,080.92",Sold,C0190,174080.92,300.52294306529024,True
20467,2,2024-04-01,Apartment,55,579.26,"$132,052.60",Available,,132052.6,227.96775195939648,False
30002,3,2024-04-01,Office,1,689.75,"$244,491.65",Available,,244491.65,354.46415367886914,False
30015,3,2024-04-01,Apartment,1,689.75,"$177,365.95",Sold,C1592,177365.95,257.14527002537153,True
30035,3,2024-04-01,Apartment,4,719.96,"$218,108.35",Sold,C0998,218108.35,302.9450941718984,True
30046,3,2024-04-01,Apartment,5,701.19,"$247,553.22",Sold,C1241,247553.22,353.0472767723441,True
30075,3,2024-04-01,Apartment,7,744.01,"$239,700.98",Sold,C0297,239700.98,322.1744062579804,True
30082,3,2024-04-01,Office,7,744.01,"$233,812.97",Available,,233812.97,314.2605206919262,False
30097,3,2024-04-01,Office,9,1125.84,"$384,498.05",Available,,384498.05,341.52104206636824,False
30112,3,2024-04-01,Apartment,10,784.09,"$250,990.12",Available,,250990.12,320.10371258401454,False
30140,3,2024-04-01,Apartment,14,788.59,"$235,179.49",Sold,C1641,235179.49,298.2278370255773,True
30165,3,2024-04-01,Apartment,19,1602.22,"$575,135.54",Sold,C0387,575135.54,358.96165320617644,True
30170,3,2024-04-01,Apartment,19,1602.22,"$501,931.91",Sold,C1334,501931.91,313.27277777084294,True
30185,3,2024-04-01,Apartment,20,802.97,"$218,307.77",Sold,C0092,218307.77,271.8753751696825,True
30262,3,2024-04-01,Office,29,666.0,"$191,819.72",Available,,191819.72,288.0175975975976,False
30280,3,2024-04-01,Apartment,32,777.85,"$193,289.05",Available,,193289.05,248.4914186539821,False
30290,3,2024-04-01,Apartment,35,925.48,"$235,978.85",Sold,C0727,235978.85,254.9799563469767,True
30297,3,2024-04-01,Apartment,36,733.45,"$221,262.61",Sold,C0721,221262.61,301.6737473583748,True
30320,3,2024-04-01,Office,39,1598.95,"$494,106.29",Sold,C0109,494106.29,309.0192251164827,True
30333,3,2024-04-01,Apartment,41,965.5,"$297,389.79",Sold,C0637,297389.79,308.01635422061105,True
30338,3,2024-04-01,Apartment,41,965.5,"$294,093.07",Available,,294093.07,304.6018332470223,False
30421,3,2024-04-01,Apartment,49,1174.48,"$349,911.85",Available,,349911.85,297.92916865336144,False
30424,3,2024-04-01,Apartment,49,1174.48,"$406,133.89",Sold,C0197,406133.89,345.798898235815,True
30448,3,2024-04-01,Apartment,52,1361.9,"$438,067.15",Sold,C0512,438067.15,321.6588222336442,True
30456,3,2024-04-01,Apartment,54,787.64,"$280,404.22",Sold,C0385,280404.22,356.00556091615454,True
30466,3,2024-04-01,Office,56,1179.42,"$355,876.81",Sold,C1516,355876.81,301.73882925505757,True
30494,3,2024-04-01,Apartment,58,1588.14,"$470,318.22",Sold,C1947,470318.22,296.1440553099852,True
30497,3,2024-04-01,Apartment,58,1588.14,"$503,883.42",Available,,503883.42,317.27896784918204,False
30503,3,2024-04-01,Apartment,58,1588.14,"$527,792.52",Sold,C0491,527792.52,332.3337489138237,True
40006,4,2024-04-01,Apartment,1,1615.98,"$420,547.00",Available,,420547.0,260.2427010235275,False
40029,4,2024-04-01,Apartment,3,1630.82,"$409,260.76",Sold,C1191,409260.76,250.95397407439205,True
40032,4,2024-04-01,Apartment,3,1630.82,"$437,490.20",Sold,C0743,437490.2,268.26394083957763,True
40071,4,2024-04-01,Apartment,7,786.36,"$221,476.90",Sold,C0380,221476.9,281.6482272750394,True
40095,4,2024-04-01,Apartment,12,789.38,"$225,288.47",Available,,225288.47,285.3992627125086,False
40113,4,2024-04-01,Office,14,1322.66,"$402,065.13",Sold,C1346,402065.13,303.98222521282867,True
40130,4,2024-04-01,Apartment,15,760.39,"$223,972.29",Sold,C0116,223972.29,294.5492313155092,True
40147,4,2024-04-01,Apartment,18,1294.91,"$398,132.74",Available,,398132.74,307.4597771273679,False
40150,4,2024-04-01,Apartment,18,1294.91,"$410,633.67",Available,,410633.67,317.1136758539203,False
40165,4,2024-04-01,Apartment,20,1609.62,"$508,674.04",Sold,C1637,508674.04,316.0211975497322,True
40167,4,2024-04-01,Apartment,21,801.66,"$222,533.72",Available,,222533.72,277.5911483671382,False
40174,4,2024-04-01,Office,21,801.66,"$188,091.56",Available,,188091.56,234.62759773470052,False
40200,4,2024-04-01,Office,25,1310.16,"$383,474.01",Available,,383474.01,292.6925032057153,False
40212,4,2024-04-01,Apartment,26,790.05,"$198,798.52",Sold,C0551,198798.52,251.62777039427885,True
40274,4,2024-04-01,Apartment,32,1328.09,"$374,897.07",Available,,374897.07,282.2828799253063,False
40308,4,2024-04-01,Apartment,37,800.13,"$202,671.27",Sold,C1329,202671.27,253.2979265869296,True
40317,4,2024-04-01,Apartment,39,743.73,"$221,683.93",Available,,221683.93,298.0704422303793,False
40348,4,2024-04-01,Apartment,42,738.34,"$212,626.79",Sold,C0626,212626.79,287.9795080857058,True
40357,4,2024-04-01,Apartment,43,1616.99,"$502,283.18",Sold,C1965,502283.18,310.6285011039029,True
40375,4,2024-04-01,Apartment,45,1160.48,"$353,716.12",Sold,C1315,353716.12,304.80156486970907,True
40393,4,2024-04-01,Apartment,45,1160.48,"$325,916.69",Sold,C1545,325916.69,280.84645146835794,True
40433,4,2024-04-01,Apartment,50,791.37,"$212,987.49",Sold,C0092,212987.49,269.1376852799575,True
50011,5,2024-04-01,Apartment,3,1008.42,"$274,700.00",Sold,C0640,274700.0,272.40633862874597,True
50020,5,2024-04-01,Apartment,4,799.1,"$240,782.75",Sold,C1335,240782.75,301.3174195970467,True
50126,5,2024-04-01,Apartment,16,1060.08,"$351,963.25",Sold,C0821,351963.25,332.0157440947853,True
50128,5,2024-04-01,Apartment,16,1060.08,"$314,004.62",Sold,C0867,314004.62,296.2084182325862,True
50136,5,2024-04-01,Apartment,18,1267.03,"$388,279.66",Available,,388279.66,306.4486713021791,False
50152,5,2024-04-01,Apartment,20,804.84,"$236,529.85",Available,,236529.85,293.88431240991997,False
50155,5,2024-04-01,Apartment,21,1253.3,"$354,747.82",Sold,C1441,354747.82,283.0510013564191,True
50156,5,2024-04-01,Apartment,21,1253.3,"$413,945.61",Sold,C0430,413945.61,330.28453682278786,True
50198,5,2024-04-01,Apartment,26,1272.4,"$419,673.85",Available,,419673.85,329.8285523420308,False
50254,5,2024-04-01,Apartment,33,1787.13,"$526,484.43",Available,,526484.43,294.5977237246311,False
50255,5,2024-04-01,Apartment,33,1787.13,"$534,650.14",Sold,C1240,534650.14,299.1668988825659,True
50309,5,2024-04-01,Apartment,41,630.83,"$187,580.54",Sold,C1158,187580.54,297.3551352979408,True
50321,5,2024-04-01,Apartment,42,791.2,"$284,304.85",Sold,C1882,284304.85,359.3337335692618,True
50331,5,2024-04-01,Apartment,42,791.2,"$199,373.42",Sold,C1803,199373.42,251.98865015166837,True
50347,5,2024-04-01,Apartment,44,806.03,"$214,508.42",Sold,C1753,214508.42,266.12957334094267,True
50348,5,2024-04-01,Apartment,44,806.03,"$236,709.69",Available,,236709.69,293.6735481309629,False
50362,5,2024-04-01,Apartment,44,806.03,"$221,300.80",Sold,C1892,221300.8,274.5565301539645,True
50367,5,2024-04-01,Apartment,45,608.89,"$190,247.10",Sold,C0231,190247.1,312.44904662582735,True
50421,5,2024-04-01,Apartment,48,788.04,"$187,890.53",Available,,187890.53,238.42765595655044,False
50448,5,2024-04-01,Apartment,52,1755.18,"$499,350.78",Sold,C1056,499350.78,284.5011793662189,True
60057,6,2024-04-01,Apartment,5,1617.43,"$484,144.21",Sold,C1769,484144.21,299.3293125513933,True
60114,6,2024-04-01,Apartment,10,942.08,"$274,210.46",Sold,C1421,274210.46,291.06918733016306,True
60130,6,2024-04-01,Apartment,10,942.08,"$288,826.04",Sold,C0618,288826.04,306.583347486413,True
60143,6,2024-04-01,Apartment,12,1678.17,"$524,014.23",Available,,524014.23,312.2533652728865,False
60167,6,2024-04-01,Apartment,14,1890.0,"$664,163.23",Available,,664163.23,351.4091164021164,False
60191,6,2024-04-01,Apartment,19,1542.71,"$404,151.50",Sold,C1203,404151.5,261.975030952026,True
60246,6,2024-04-01,Apartment,25,1086.43,"$286,554.21",Sold,C0683,286554.21,263.75763739955636,True
60265,6,2024-04-01,Apartment,28,1723.12,"$455,284.06",Sold,C1081,455284.06,264.22075073123176,True
60283,6,2024-04-01,Apartment,31,1768.9,"$634,487.77",Sold,C1596,634487.77,358.6905817174515,True
60287,6,2024-04-01,Apartment,31,1768.9,"$472,632.83",Available,,472632.83,267.19024817683305,False
60303,6,2024-04-01,Apartment,33,1131.0,"$298,567.95",Sold,C1601,298567.95,263.98580901856764,True
60316,6,2024-04-01,Apartment,34,1353.81,"$371,216.81",Sold,C0355,371216.81,274.20155708703584,True
60325,6,2024-04-01,Office,36,463.91,"$136,874.58",Available,,136874.58,295.0455476277726,False
60329,6,2024-04-01,Apartment,37,1721.96,"$486,688.21",Sold,C1019,486688.21,282.63618783247,True
60347,6,2024-04-01,Apartment,39,744.54,"$176,852.97",Sold,C0143,176852.97,237.53320170843745,True
60361,6,2024-04-01,Apartment,41,940.72,"$249,552.12",Available,,249552.12,265.277787226805,False
60364,6,2024-04-01,Apartment,41,940.72,"$300,750.03",Sold,C1630,300750.03,319.7019623267285,True
60404,6,2024-04-01,Apartment,48,1521.71,"$421,254.04",Sold,C1265,421254.04,276.829382733898,True
60406,6,2024-04-01,Apartment,49,1167.52,"$323,753.10",Available,,323753.1,277.2998321227902,False
60419,6,2024-04-01,Apartment,51,1476.63,"$468,946.28",Available,,468946.28,317.5787299458903,False
60435,6,2024-04-01,Apartment,51,1476.63,"$488,968.82",Sold,C0176,488968.82,331.1383488077582,True
60452,6,2024-04-01,Apartment,53,1170.96,"$414,855.40",Sold,C0396,414855.4,354.28656828585093,True
60454,6,2024-04-01,Apartment,53,1170.96,"$324,077.45",Sold,C1731,324077.45,276.76218658194983,True
70007,7,2024-04-01,Apartment,2,1478.43,"$444,913.24",Sold,C1897,444913.24,300.93629052440764,True
70020,7,2024-04-01,Office,4,1309.78,"$344,296.22",Available,,344296.22,262.8656873673441,False
70037,7,2024-04-01,Office,6,1232.31,"$396,712.69",Sold,C0398,396712.69,321.9260494518425,True
70043,7,2024-04-01,Office,7,1071.02,"$313,618.17",Sold,C0394,313618.17,292.8219547720864,True
70055,7,2024-04-01,Apartment,9,926.11,"$280,803.92",Sold,C0335,280803.92,303.2079558583753,True
70060,7,2024-04-01,Apartment,9,926.11,"$267,786.70",Available,,267786.7,289.15215255207266,False
70063,7,2024-04-01,Apartment,10,1495.37,"$460,690.42",Sold,C0254,460690.42,308.0778803908063,True
70117,7,2024-04-01,Apartment,15,602.92,"$201,530.37",Sold,C0104,201530.37,334.25723147349566,True
70135,7,2024-04-01,Apartment,16,1239.87,"$305,375.05",Sold,C1391,305375.05,246.29602297015012,True
70136,7,2024-04-01,Apartment,16,1239.87,"$358,673.87",Sold,C0567,358673.87,289.28344907127365,True
70144,7,2024-04-01,Apartment,17,1586.15,"$551,658.47",Sold,C1674,551658.47,347.7971629417142,True
70158,7,2024-04-01,Apartment,19,751.07,"$223,785.43",Sold,C0608,223785.43,297.9554901673612,True
70161,7,2024-04-01,Apartment,19,751.07,"$224,382.59",Available,,224382.59,298.7505691879585,False
70187,7,2024-04-01,Apartment,21,1528.62,"$498,875.48",Sold,C1460,498875.48,326.3567662335963,True
70196,7,2024-04-01,Office,22,1914.21,"$610,973.17",Sold,C0696,610973.17,319.17771299909623,True
70207,7,2024-04-01,Apartment,23,1222.69,"$379,938.80",Sold,C0707,379938.8,310.7400894748464,True
70227,7,2024-04-01,Apartment,25,573.8,"$138,490.04",Sold,C1266,138490.04,241.35594283722554,True
70242,7,2024-04-01,Apartment,27,768.05,"$211,931.46",Available,,211931.46,275.9344573920969,False
70248,7,2024-04-01,Apartment,28,694.55,"$155,369.51",Sold,C1333,155369.51,223.69809228997195,True
70250,7,2024-04-01,Apartment,28,694.55,"$199,045.18",Available,,199045.18,286.58149881218054,False
70258,7,2024-04-01,Apartment,28,694.55,"$199,191.81",Sold,C0242,199191.81,286.79261392268376,True
70261,7,2024-04-01,Apartment,29,441.65,"$131,583.82",Sold,C1974,131583.82,297.9368730895506,True
70271,7,2024-04-01,Apartment,31,839.7,"$271,388.77",Available,,271388.77,323.19729665356675,False
70333,7,2024-04-01,Apartment,39,1298.32,"$442,394.76",Sold,C1671,442394.76,340.7440076406433,True
70334,7,2024-04-01,Apartment,39,1298.32,"$385,882.05",Sold,C1898,385882.05,297.21644124715016,True
70352,7,2024-04-01,Apartment,41,1093.92,"$364,226.86",Available,,364226.86,332.955664033933,False
70355,7,2024-04-01,Apartment,41,1093.92,"$281,147.20",Sold,C0825,281147.2,257.0089220418312,True
70356,7,2024-04-01,Apartment,41,1093.92,"$379,238.43",Sold,C1784,379238.43,346.6783951294427,True
70373,7,2024-04-01,Apartment,43,498.61,"$149,833.02",Sold,C0923,149833.02,300.50143398648237,True
70379,7,2024-04-01,Apartment,43,498.61,"$154,582.17",Sold,C1706,154582.17,310.02621287178357,True
70394,7,2024-04-01,Office,45,1150.93,"$342,279.05",Available,,342279.05,297.3934557271076,False
70406,7,2024-04-01,Apartment,48,533.35,"$153,688.18",Sold,C1190,153688.18,288.1563326146058,True
70431,7,2024-04-01,Apartment,50,502.02,"$149,925.94",Sold,C1670,149925.94,298.64535277478984,True
70448,7,2024-04-01,Apartment,53,884.87,"$278,252.51",Sold,C0267,278252.51,314.4558070677049,True
70453,7,2024-04-01,Apartment,54,1940.69,"$553,424.90",Available,,553424.9,285.16914087257624,False
70465,7,2024-04-01,Apartment,54,1940.69,"$647,952.49",Available,,647952.49,333.8773786642895,False
70503,7,2024-04-01,Apartment,58,1629.83,"$476,397.00",Sold,C1451,476397.0,292.29858328782757,True
70506,7,2024-04-01,Apartment,58,1629.83,"$486,893.64",Sold,C0253,486893.64,298.7389114202095,True
70512,7,2024-04-01,Apartment,59,765.3,"$227,054.61",Sold,C0494,227054.61,296.6870638965112,True
80002,8,2024-04-01,Office,1,1109.29,"$346,488.23",Available,,346488.23,312.3513508640662,False
80003,8,2024-04-01,Apartment,1,1109.29,"$351,694.47",Sold,C0593,351694.47,317.0446591964229,True
80011,8,2024-04-01,Apartment,2,1097.36,"$299,663.63",Sold,C0990,299663.63,273.07686629729534,True
80029,8,2024-04-01,Apartment,4,1934.75,"$614,698.11",Sold,C0319,614698.11,317.7144902442176,True
80040,8,2024-04-01,Apartment,5,887.23,"$275,377.06",Sold,C0840,275377.06,310.378436256664,True
80044,8,2024-04-01,Apartment,5,887.23,"$221,714.59",Sold,C0193,221714.59,249.89528081782626,True
80080,8,2024-04-01,Office,9,1869.81,"$610,377.15",Sold,C1482,610377.15,326.4380605516069,True
80084,8,2024-04-01,Apartment,9,1869.81,"$578,906.36",Sold,C0972,578906.36,309.6070509837898,True
80132,8,2024-04-01,Apartment,16,424.09,"$131,603.98",Sold,C0469,131603.98,310.3208752859063,True
80146,8,2024-04-01,Apartment,17,1109.27,"$349,029.42",Sold,C0791,349029.42,314.6478494865993,True
80163,8,2024-04-01,Apartment,21,1501.64,"$441,301.66",Available,,441301.66,293.8797980874244,False
80198,8,2024-04-01,Apartment,27,1376.34,"$406,150.37",Sold,C1144,406150.37,295.0945042649345,True
80223,8,2024-04-01,Office,29,1848.51,"$511,233.23",Sold,C0649,511233.23,276.5650334593808,True
80227,8,2024-04-01,Apartment,30,1070.46,"$306,041.99",Sold,C1218,306041.99,285.89764213515684,True
80231,8,2024-04-01,Apartment,30,1070.46,"$235,501.20",Available,,235501.2,220.0,False
80249,8,2024-04-01,Apartment,31,1253.18,"$275,699.60",Available,,275699.6,219.99999999999997,False
80258,8,2024-04-01,Apartment,31,1253.18,"$399,164.03",Sold,C1723,399164.03,318.52090681306754,True
80262,8,2024-04-01,Office,32,1410.88,"$346,676.36",Sold,C0605,346676.36,245.7164039464731,True
80265,8,2024-04-01,Office,32,1410.88,"$515,392.69",Sold,C1020,515392.69,365.29874262871397,True
80279,8,2024-04-01,Office,33,1809.87,"$538,355.66",Sold,C1457,538355.66,297.4554305005332,True
80280,8,2024-04-01,Office,33,1809.87,"$489,875.78",Sold,C0338,489875.78,270.6690425279164,True
80356,8,2024-04-01,Apartment,42,1473.68,"$442,814.98",Sold,C1531,442814.98,300.4824520927202,True
80365,8,2024-04-01,Apartment,43,1490.59,"$436,987.95",Sold,C0026,436987.95,293.16441811631637,True
80371,8,2024-04-01,Apartment,44,1862.29,"$627,189.08",Sold,C0364,627189.08,336.78378770223753,True
80373,8,2024-04-01,Apartment,45,1185.72,"$380,522.29",Sold,C1154,380522.29,320.9208666464258,True
80393,8,2024-04-01,Apartment,46,1175.51,"$258,612.20",Available,,258612.2,220.0,False
80399,8,2024-04-01,Apartment,46,1175.51,"$342,972.27",Sold,C0648,342972.27,291.76465534108604,True
80478,8,2024-04-01,Apartment,56,1874.7,"$559,192.30",Available,,559192.3,298.2836187123273,False
80480,8,2024-04-01,Apartment,56,1874.7,"$573,384.23",Sold,C0871,573384.23,305.8538592841521,True
80494,8,2024-04-01,Apartment,57,1949.35,"$640,625.73",Sold,C1958,640625.73,328.6355605714725,True
90020,9,2024-04-01,Apartment,4,1139.87,"$274,381.78",Sold,C1011,274381.78,240.71322168317445,True
90052,9,2024-04-01,Apartment,9,1391.22,"$462,260.49",Available,,462260.49,332.2698710484323,False
90127,9,2024-04-01,Apartment,19,1866.15,"$556,972.30",Sold,C0288,556972.3,298.46062749511026,True
90140,9,2024-04-01,Apartment,21,1261.65,"$396,212.06",Available,,396212.06,314.0427693892918,False
90147,9,2024-04-01,Office,22,1115.88,"$340,207.59",Sold,C0781,340207.59,304.87829336487795,True
90158,9,2024-04-01,Apartment,25,1904.38,"$525,171.00",Sold,C0406,525171.0,275.7700668984131,True
90177,9,2024-04-01,Office,26,1038.39,"$320,835.08",Available,,320835.08,308.9735841061643,False
90188,9,2024-04-01,Office,28,1931.82,"$654,058.01",Available,,654058.01,338.57088652151856,False
90229,9,2024-04-01,Office,33,973.52,"$272,266.08",Sold,C1957,272266.08,279.671788971978,True
90230,9,2024-04-01,Apartment,33,973.52,"$280,634.41",Sold,C1750,280634.41,288.2677397485414,True
90254,9,2024-04-01,Apartment,34,1577.36,"$430,669.69",Sold,C0852,430669.69,273.0319584622407,True
90265,9,2024-04-01,Apartment,34,1577.36,"$439,028.90",Available,,439028.9,278.33145255363394,False
90312,9,2024-04-01,Office,38,1260.31,"$362,582.49",Sold,C0677,362582.49,287.6930993168348,True
90317,9,2024-04-01,Apartment,38,1260.31,"$385,383.39",Sold,C1644,385383.39,305.78460061413466,True
90326,9,2024-04-01,Apartment,39,1839.34,"$609,191.54",Available,,609191.54,331.20115911142045,False
90338,9,2024-04-01,Apartment,40,1090.32,"$303,695.54",Sold,C0210,303695.54,278.5379888473109,True
90386,9,2024-04-01,Apartment,46,662.32,"$181,906.01",Sold,C1516,181906.01,274.64973124773525,True
90408,9,2024-04-01,Apartment,52,1126.02,"$311,089.65",Sold,C0308,311089.65,276.27364522832636,True
90419,9,2024-04-01,Apartment,53,599.72,"$191,147.09",Sold,C1788,191147.09,318.7272227039285,True
90499,9,2024-04-01,Apartment,58,838.34,"$221,521.62",Available,,221521.62,264.2383996946346,False
90514,9,2024-04-01,Apartment,59,1697.13,"$516,408.12",Sold,C1150,516408.12,304.28318396351483,True
100010,10,2024-04-01,Office,3,1197.61,"$384,227.84",Sold,C1346,384227.84,320.8288507944991,True
100013,10,2024-04-01,Apartment,3,1197.61,"$379,579.45",Available,,379579.45,316.9474620285402,False
100030,10,2024-04-01,Apartment,4,1765.37,"$516,625.88",Sold,C0116,516625.88,292.6445334405819,True
100039,10,2024-04-01,Apartment,5,1741.96,"$523,772.88",Sold,C0787,523772.88,300.6801993157133,True
100052,10,2024-04-01,Apartment,5,1741.96,"$545,645.20",Sold,C0030,545645.2,313.2363544513077,True
100057,10,2024-04-01,Apartment,6,842.66,"$265,328.29",Available,,265328.29,314.8699238126884,False
100068,10,2024-04-01,Office,9,1849.4,"$473,924.67",Available,,473924.67,256.2586081972531,False
100114,10,2024-04-01,Apartment,15,1948.32,"$582,247.45",Available,,582247.45,298.84590313706167,False
100123,10,2024-04-01,Apartment,16,1169.15,"$368,589.72",Sold,C0053,368589.72,315.2629859299491,True
100133,10,2024-04-01,Office,17,647.35,"$217,055.88",Available,,217055.88,335.29911176334286,False
100175,10,2024-04-01,Apartment,23,912.32,"$278,456.63",Sold,C1680,278456.63,305.2181581024202,True
100176,10,2024-04-01,Apartment,23,912.32,"$283,901.30",Sold,C0046,283901.3,311.1860969835145,True
100210,10,2024-04-01,Apartment,26,1294.85,"$325,892.41",Available,,325892.41,251.68352318801405,False
100246,10,2024-04-01,Office,30,1559.4,"$535,562.09",Available,,535562.09,343.44112479158645,False
100249,10,2024-04-01,Office,30,1559.4,"$468,935.42",Sold,C1965,468935.42,300.7152879312556,True
100298,10,2024-04-01,Office,35,1675.74,"$579,919.91",Sold,C1909,579919.91,346.06795206893673,True
100309,10,2024-04-01,Office,37,1177.85,"$437,137.05",Sold,C0092,437137.05,371.1313410026744,True
100323,10,2024-04-01,Apartment,38,476.64,"$119,975.43",Available,,119975.43,251.7107880161128,False
100326,10,2024-04-01,Apartment,39,1188.51,"$361,601.95",Sold,C1347,361601.95,304.24813421847523,True
100332,10,2024-04-01,Apartment,39,1188.51,"$415,564.76",Sold,C0810,415564.76,349.6518834507072,True
100333,10,2024-04-01,Office,39,1188.51,"$311,647.12",Sold,C0169,311647.12,262.21665783207544,True
100334,10,2024-04-01,Apartment,39,1188.51,"$431,549.73",Sold,C0157,431549.73,363.1014715904788,True
100352,10,2024-04-01,Apartment,42,1757.51,"$550,619.53",Available,,550619.53,313.2952472532162,False
100365,10,2024-04-01,Apartment,43,1093.67,"$290,620.22",Available,,290620.22,265.72935163257654,False
100370,10,2024-04-01,Apartment,43,1093.67,"$296,758.78",Sold,C1384,296758.78,271.34215988369436,True
100371,10,2024-04-01,Office,43,1093.67,"$379,557.46",Sold,C1849,379557.46,347.0493476094251,True
100377,10,2024-04-01,Office,44,1224.71,"$354,725.86",Sold,C1912,354725.86,289.6406986143658,True
100426,10,2024-04-01,Apartment,50,1138.32,"$380,233.97",Sold,C1677,380233.97,334.03082612973503,True
110005,11,2024-04-01,Apartment,1,1902.88,"$563,216.05",Sold,C0804,563216.05,295.98085533507106,True
110008,11,2024-04-01,Apartment,1,1902.88,"$619,032.93",Sold,C0809,619032.93,325.3136981838056,True
110019,11,2024-04-01,Apartment,3,1479.84,"$490,074.40",Available,,490074.4,331.167153205752,False
110043,11,2024-04-01,Apartment,5,1723.2,"$474,018.40",Sold,C0507,474018.4,275.0803156917363,True
110081,11,2024-04-01,Apartment,10,1519.64,"$570,302.17",Sold,C1002,570302.17,375.2876799768366,True
110086,11,2024-04-01,Apartment,10,1519.64,"$398,549.19",Sold,C1478,398549.19,262.2655299939459,True
110152,11,2024-04-01,Apartment,15,1385.68,"$467,662.76",Sold,C0362,467662.76,337.49694013047747,True
110213,11,2024-04-01,Apartment,25,1802.24,"$563,932.05",Sold,C0352,563932.05,312.90618896484375,True
110216,11,2024-04-01,Apartment,26,490.37,"$127,535.46",Available,,127535.46,260.08006199400455,False
110227,11,2024-04-01,Apartment,27,1638.1,"$533,052.17",Sold,C0750,533052.17,325.40880898602046,True
110271,11,2024-04-01,Apartment,32,1285.87,"$335,848.08",Sold,C0033,335848.08,261.18354110446626,True
110292,11,2024-04-01,Apartment,36,1752.38,"$556,269.12",Sold,C1229,556269.12,317.43635512845384,True
110295,11,2024-04-01,Apartment,36,1752.38,"$484,226.87",Sold,C1135,484226.87,276.3252662093838,True
110298,11,2024-04-01,Apartment,36,1752.38,"$493,489.81",Sold,C0395,493489.81,281.61118592999236,True
110300,11,2024-04-01,Apartment,37,1368.16,"$398,828.22",Available,,398828.22,291.5070021050169,False
110308,11,2024-04-01,Apartment,38,788.47,"$243,478.99",Available,,243478.99,308.7993075196266,False
110316,11,2024-04-01,Apartment,38,788.47,"$205,406.56",Sold,C1439,205406.56,260.5128413256053,True
110322,11,2024-04-01,Apartment,38,788.47,"$251,730.82",Sold,C0279,251730.82,319.2649308153766,True
110337,11,2024-04-01,Apartment,42,808.59,"$214,864.23",Sold,C1842,214864.23,265.72704337179533,True
110348,11,2024-04-01,Apartment,42,808.59,"$250,716.18",Sold,C1416,250716.18,310.0658924795013,True
110423,11,2024-04-01,Apartment,50,948.72,"$235,489.44",Sold,C1777,235489.44,248.2180622312168,True
110429,11,2024-04-01,Apartment,51,1318.98,"$348,008.75",Sold,C0719,348008.75,263.8468740996831,True
110435,11,2024-04-01,Apartment,52,1397.58,"$387,772.79",Sold,C0975,387772.79,277.4601740150832,True
110450,11,2024-04-01,Office,52,1397.58,"$431,012.78",Sold,C0704,431012.78,308.3993617538889,True
110451,11,2024-04-01,Office,52,1397.58,"$488,040.25",Sold,C1589,488040.25,349.20380228681006,True
110459,11,2024-04-01,Apartment,53,1069.19,"$273,648.12",Available,,273648.12,255.939655253042,False
110489,11,2024-04-01,Apartment,57,1008.58,"$326,858.35",Sold,C0215,326858.35,324.077762795217,True
110499,11,2024-04-01,Apartment,59,782.92,"$240,569.01",Sold,C1858,240569.01,307.2715092218873,True
110516,11,2024-04-01,Apartment,61,1299.46,"$356,283.42",Available,,356283.42,274.1780585781786,False
110548,11,2024-04-01,Apartment,64,1916.26,"$622,467.75",Available,,622467.75,324.83470405894815,False
110549,11,2024-04-01,Apartment,64,1916.26,"$606,614.22",Sold,C0714,606614.22,316.56154175320677,True
110553,11,2024-04-01,Apartment,64,1916.26,"$548,573.88",Sold,C0447,548573.88,286.27319883523114,True
110556,11,2024-04-01,Apartment,65,1427.09,"$419,700.56",Available,,419700.56,294.0953688975468,False
120018,12,2024-04-01,Apartment,2,1285.87,"$344,289.15",Sold,C0526,344289.15,267.74802273946824,True
120070,12,2024-04-01,Apartment,8,1803.36,"$551,021.09",Available,,551021.09,305.55246317984205,False
120115,12,2024-04-01,Apartment,14,1369.96,"$369,810.40",Sold,C1506,369810.4,269.9424800724109,True
120126,12,2024-04-01,Apartment,15,1456.98,"$419,994.84",Sold,C0599,419994.84,288.2639706790759,True
120143,12,2024-04-01,Apartment,16,1523.02,"$535,623.53",Sold,C0901,535623.53,351.68515843521425,True
120155,12,2024-04-01,Apartment,17,1428.55,"$462,687.49",Available,,462687.49,323.88610129151937,False
120191,12,2024-04-01,Apartment,22,892.67,"$287,870.29",Sold,C0111,287870.29,322.4823170936628,True
120194,12,2024-04-01,Apartment,22,892.67,"$302,299.24",Available,,302299.24,338.6461290286444,False
120196,12,2024-04-01,Apartment,22,892.67,"$275,571.27",Available,,275571.27,308.70452686883175,False
120238,12,2024-04-01,Apartment,25,1540.51,"$508,725.94",Sold,C0843,508725.94,330.2321568831101,True
120264,12,2024-04-01,Apartment,28,1563.65,"$494,567.75",Sold,C0479,494567.75,316.29057014037664,True
120280,12,2024-04-01,Apartment,30,622.2,"$198,851.29",Sold,C0195,198851.29,319.59384442301507,True
120291,12,2024-04-01,Apartment,33,1232.2,"$356,644.67",Sold,C1597,356644.67,289.437323486447,True
120297,12,2024-04-01,Office,33,1232.2,"$403,361.09",Sold,C0896,403361.09,327.35034085375753,True
120323,12,2024-04-01,Apartment,35,1690.62,"$478,604.48",Sold,C0185,478604.48,283.0940601672759,True
120337,12,2024-04-01,Apartment,37,1681.78,"$540,633.13",Sold,C0628,540633.13,321.46483487733235,True
120357,12,2024-04-01,Apartment,38,1157.23,"$339,572.46",Sold,C1170,339572.46,293.4355832462,True
120376,12,2024-04-01,Office,40,1562.24,"$510,060.40",Sold,C0104,510060.4,326.4929844326096,True
120382,12,2024-04-01,Apartment,42,596.21,"$186,738.87",Sold,C0102,186738.87,313.2098924875463,True
120387,12,2024-04-01,Apartment,44,635.36,"$192,057.65",Sold,C0603,192057.65,302.2816198690506,True
120411,12,2024-04-01,Apartment,47,1528.05,"$410,486.46",Sold,C0200,410486.46,268.6341808186905,True
130011,13,2024-04-01,Apartment,1,1899.92,"$501,892.72",Sold,C0516,501892.72,264.1651859025643,True
130047,13,2024-04-01,Apartment,4,1629.74,"$527,379.30",Available,,527379.3,323.597199553303,False
130070,13,2024-04-01,Office,8,1449.43,"$474,592.55",Sold,C0445,474592.55,327.4339223004905,True
130083,13,2024-04-01,Apartment,10,1314.38,"$477,256.95",Sold,C0455,477256.95,363.10423926109644,True
130096,13,2024-04-01,Apartment,11,1678.3,"$453,899.37",Sold,C0330,453899.37,270.45186796162784,True
130124,13,2024-04-01,Apartment,15,458.29,"$109,548.52",Sold,C0611,109548.52,239.03755264134062,True
130150,13,2024-04-01,Apartment,17,1278.95,"$412,844.86",Sold,C1247,412844.86,322.7998436217209,True
130165,13,2024-04-01,Apartment,19,758.69,"$216,204.88",Available,,216204.88,284.9713058034243,False
130178,13,2024-04-01,Apartment,20,516.72,"$136,142.93",Available,,136142.93,263.4752477163647,False
130223,13,2024-04-01,Apartment,25,633.86,"$179,447.57",Sold,C0198,179447.57,283.1028460543338,True
130237,13,2024-04-01,Apartment,28,1173.72,"$356,486.11",Available,,356486.11,303.7232985720615,False
130250,13,2024-04-01,Apartment,29,568.7,"$175,980.46",Sold,C0623,175980.46,309.44339722173373,True
130257,13,2024-04-01,Apartment,30,1777.51,"$431,607.94",Sold,C0667,431607.94,242.81604041608767,True
130275,13,2024-04-01,Apartment,32,1114.07,"$342,505.69",Sold,C1110,342505.69,307.43641781934707,True
130304,13,2024-04-01,Office,33,1445.84,"$450,616.46",Available,,450616.46,311.6641260443756,False
130331,13,2024-04-01,Apartment,37,1555.67,"$442,624.97",Sold,C1739,442624.97,284.5236907570371,True
130339,13,2024-04-01,Office,38,656.42,"$198,464.63",Available,,198464.63,302.3439718472929,False
130352,13,2024-04-01,Apartment,39,1054.77,"$320,895.67",Available,,320895.67,304.23283749063773,False
130390,13,2024-04-01,Apartment,43,1875.83,"$601,046.95",Sold,C0951,601046.95,320.4165356135684,True
130393,13,2024-04-01,Apartment,43,1875.83,"$448,684.49",Available,,448684.49,239.19251211463725,False
130401,13,2024-04-01,Apartment,45,986.91,"$293,100.75",Sold,C0902,293100.75,296.98832720308843,True
130421,13,2024-04-01,Apartment,47,1874.35,"$519,323.63",Sold,C0679,519323.63,277.0686531330862,True
130426,13,2024-04-01,Apartment,47,1874.35,"$552,935.09",Sold,C1495,552935.09,295.00098167364683,True
130427,13,2024-04-01,Apartment,47,1874.35,"$603,155.94",Sold,C0893,603155.94,321.79472350414807,True
130433,13,2024-04-01,Apartment,47,1874.35,"$471,507.80",Available,,471507.8,251.55803345159657,False
130436,13,2024-04-01,Apartment,48,1728.84,"$454,474.49",Sold,C1951,454474.49,262.87828254783557,True
130441,13,2024-04-01,Apartment,49,572.01,"$139,828.56",Sold,C1593,139828.56,244.45125085225783,True
130459,13,2024-04-01,Apartment,53,968.77,"$320,906.80",Sold,C0299,320906.8,331.2517935113598,True
130468,13,2024-04-01,Apartment,53,968.77,"$354,588.81",Available,,354588.81,366.0196021759551,False
130473,13,2024-04-01,Apartment,53,968.77,"$289,176.49",Sold,C0972,289176.49,298.49860131919854,True
130475,13,2024-04-01,Apartment,54,1029.15,"$332,090.73",Available,,332090.73,322.68447748141665,False
130483,13,2024-04-01,Apartment,56,606.9,"$192,486.80",Sold,C1330,192486.8,317.163947932114,True
130495,13,2024-04-01,Apartment,57,1717.49,"$486,561.68",Sold,C1924,486561.68,283.2981152728691,True
130497,13,2024-04-01,Apartment,58,1115.72,"$319,673.49",Available,,319673.49,286.5176657225827,False
130530,13,2024-04-01,Office,60,1401.81,"$468,196.39",Sold,C0067,468196.39,333.9941860879863,True
130532,13,2024-04-01,Apartment,61,1333.63,"$406,850.28",Sold,C0407,406850.28,305.0698319623884,True
130562,13,2024-04-01,Apartment,65,612.66,"$169,224.66",Sold,C0738,169224.66,276.21300558221526,True
130584,13,2024-04-01,Apartment,67,524.97,"$169,367.25",Sold,C0481,169367.25,322.62272129835986,True
140015,14,2024-04-01,Apartment,4,1797.81,"$515,152.93",Sold,C1987,515152.93,286.54470160918004,True
140032,14,2024-04-01,Apartment,5,424.34,"$115,887.11",Available,,115887.11,273.09966064947923,False
140045,14,2024-04-01,Apartment,7,641.37,"$192,436.66",Available,,192436.66,300.04000810764455,False
140143,14,2024-04-01,Apartment,15,784.04,"$257,066.62",Available,,257066.62,327.8743686546605,False
140151,14,2024-04-01,Office,16,915.37,"$319,620.31",Sold,C1773,319620.31,349.17061953090007,True
140152,14,2024-04-01,Office,16,915.37,"$288,465.73",Available,,288465.73,315.1356609895452,False
140223,14,2024-04-01,Apartment,24,1205.25,"$345,686.53",Sold,C1934,345686.53,286.8172827214271,True
140336,14,2024-04-01,Apartment,40,532.44,"$151,228.65",Sold,C1066,151228.65,284.0294681090827,True
140354,14,2024-04-01,Apartment,43,520.49,"$146,968.53",Sold,C0419,146968.53,282.36571307806105,True
140355,14,2024-04-01,Apartment,43,520.49,"$167,318.39",Sold,C1658,167318.39,321.46321735287904,True
140362,14,2024-04-01,Apartment,43,520.49,"$144,623.04",Sold,C0860,144623.04,277.8594017176123,True
140432,14,2024-04-01,Apartment,51,1346.3,"$404,594.57",Sold,C1166,404594.57,300.5233380375845,True
140444,14,2024-04-01,Apartment,52,571.74,"$163,741.56",Sold,C0818,163741.56,286.3916465526288,True
150007,15,2024-04-01,Apartment,1,1596.51,"$527,403.68",Sold,C1171,527403.68,330.34787129426064,True
150019,15,2024-04-01,Apartment,2,1522.89,"$443,338.93",Sold,C0144,443338.93,291.11684363282967,True
150021,15,2024-04-01,Apartment,2,1522.89,"$463,948.75",Sold,C0504,463948.75,304.6502045453053,True
150023,15,2024-04-01,Apartment,3,748.99,"$232,738.11",Available,,232738.11,310.73593772947567,False
150045,15,2024-04-01,Apartment,7,1113.85,"$339,062.68",Sold,C1096,339062.68,304.4060510840778,True
150084,15,2024-04-01,Apartment,13,653.54,"$198,883.96",Sold,C0798,198883.96,304.31796064510206,True
150096,15,2024-04-01,Apartment,15,522.71,"$153,702.37",Sold,C0095,153702.37,294.0490329245662,True
150131,15,2024-04-01,Apartment,17,562.64,"$174,634.60",Sold,C1628,174634.6,310.38425991753166,True
150147,15,2024-04-01,Apartment,18,567.74,"$176,372.47",Sold,C1342,176372.47,310.65711417198014,True
150185,15,2024-04-01,Office,23,1279.23,"$377,637.01",Available,,377637.01,295.20649922218837,False
150203,15,2024-04-01,Office,23,1279.23,"$381,854.67",Sold,C0619,381854.67,298.50352946694494,True
150213,15,2024-04-01,Office,24,924.36,"$278,376.64",Sold,C1191,278376.64,301.1560863732745,True
150229,15,2024-04-01,Apartment,26,961.01,"$259,608.83",Sold,C1246,259608.83,270.14165305251765,True
150230,15,2024-04-01,Apartment,26,961.01,"$262,059.22",Available,,262059.22,272.69146002643055,False
150231,15,2024-04-01,Apartment,26,961.01,"$321,694.85",Sold,C0353,321694.85,334.7466207427602,True
150237,15,2024-04-01,Apartment,28,1567.93,"$502,064.98",Sold,C0391,502064.98,320.20879758662693,True
150246,15,2024-04-01,Apartment,29,1748.18,"$454,773.23",Available,,454773.23,260.1409637451521,False
150264,15,2024-04-01,Apartment,31,1901.65,"$599,081.00",Sold,C0486,599081.0,315.03220887124337,True
150267,15,2024-04-01,Apartment,31,1901.65,"$586,616.23",Available,,586616.23,308.4774958588594,False
150299,15,2024-04-01,Apartment,35,745.49,"$216,924.99",Available,,216924.99,290.98309836483384,False
150308,15,2024-04-01,Apartment,35,745.49,"$223,449.69",Sold,C0527,223449.69,299.7353284416961,True
150340,15,2024-04-01,Apartment,39,1713.42,"$520,387.17",Available,,520387.17,303.7125573414574,False
150362,15,2024-04-01,Apartment,44,1713.09,"$518,036.13",Sold,C0528,518036.13,302.39866556923454,True
150368,15,2024-04-01,Apartment,45,1911.06,"$558,806.02",Sold,C1637,558806.02,292.406319006206,True
150372,15,2024-04-01,Apartment,47,1358.77,"$381,303.70",Available,,381303.7,280.6241674455574,False
150400,15,2024-04-01,Apartment,50,1841.5,"$556,838.33",Sold,C1771,556838.33,302.3830192777627,True
150402,15,2024-04-01,Office,50,1841.5,"$548,477.55",Available,,548477.55,297.84281835460223,False
150475,15,2024-04-01,Apartment,57,429.34,"$125,292.10",Sold,C0470,125292.1,291.8248940233848,True
150479,15,2024-04-01,Apartment,57,429.34,"$137,541.82",Sold,C0928,137541.82,320.3564075092002,True
150480,15,2024-04-01,Apartment,57,429.34,"$124,270.90",Sold,C1088,124270.9,289.44635952857874,True
160031,16,2024-04-01,Apartment,5,749.15,"$218,027.25",Sold,C0794,218027.25,291.03283721551094,True
160046,16,2024-04-01,Apartment,6,1062.34,"$295,791.28",Sold,C1489,295791.28,278.43372178398636,True
160073,16,2024-04-01,Apartment,9,1524.04,"$508,776.17",Sold,C0556,508776.17,333.83386918978505,True
160105,16,2024-04-01,Apartment,11,1288.42,"$290,542.49",Available,,290542.49,225.5029338259263,False
160129,16,2024-04-01,Apartment,14,660.84,"$189,045.87",Sold,C1840,189045.87,286.06904848374796,True
160141,16,2024-04-01,Apartment,17,836.32,"$256,437.11",Sold,C0377,256437.11,306.6255859001339,True
160199,16,2024-04-01,Apartment,25,853.37,"$281,656.80",Available,,281656.8,330.05238056177274,False
160243,16,2024-04-01,Office,28,1440.71,"$401,828.82",Sold,C0354,401828.82,278.9102734068619,True
160248,16,2024-04-01,Apartment,29,489.49,"$163,436.83",Sold,C0055,163436.83,333.89207133955745,True
160270,16,2024-04-01,Apartment,33,881.17,"$287,687.55",Sold,C0507,287687.55,326.4835956739335,True
160277,16,2024-04-01,Apartment,33,881.17,"$320,824.87",Sold,C1373,320824.87,364.089642180283,True
160306,16,2024-04-01,Apartment,35,629.97,"$170,560.58",Available,,170560.58,270.7439719351715,False
160328,16,2024-04-01,Apartment,38,431.83,"$142,662.45",Sold,C0934,142662.45,330.36715837250773,True
160336,16,2024-04-01,Office,40,688.81,"$212,720.73",Sold,C0786,212720.73,308.8235217258751,True
160363,16,2024-04-01,Office,42,1496.62,"$469,434.95",Available,,469434.95,313.6634215766193,False
170037,17,2024-04-01,Apartment,4,448.67,"$134,841.47",Sold,C1224,134841.47,300.5359618427798,True
170066,17,2024-04-01,Apartment,8,1297.3,"$408,314.89",Sold,C0617,408314.89,314.7420719956834,True
170077,17,2024-04-01,Apartment,10,1059.07,"$330,112.83",Available,,330112.83,311.7006713437261,False
170115,17,2024-04-01,Apartment,13,916.9,"$274,356.57",Sold,C1534,274356.57,299.2219107863453,True
170117,17,2024-04-01,Apartment,14,1646.02,"$475,302.44",Sold,C1297,475302.44,288.7586056062502,True
170150,17,2024-04-01,Apartment,16,1693.0,"$525,796.95",Sold,C1222,525796.95,310.57114589486116,True
170182,17,2024-04-01,Apartment,20,792.27,"$244,945.04",Sold,C1666,244945.04,309.16864200335743,True
170211,17,2024-04-01,Office,24,894.72,"$311,703.16",Sold,C1650,311703.16,348.38067775393415,True
170224,17,2024-04-01,Apartment,26,929.59,"$255,120.03",Sold,C1797,255120.03,274.4436041695801,True
170239,17,2024-04-01,Apartment,27,677.24,"$183,228.95",Sold,C1791,183228.95,270.5524629378064,True
170241,17,2024-04-01,Office,27,677.24,"$201,016.28",Sold,C1582,201016.28,296.81690390408124,True
170259,17,2024-04-01,Office,31,1806.06,"$617,233.28",Available,,617233.28,341.75679656268346,False
170264,17,2024-04-01,Office,32,954.54,"$342,915.63",Available,,342915.63,359.24699855427747,False
170269,17,2024-04-01,Apartment,32,954.54,"$272,169.11",Sold,C1707,272169.11,285.1311731305131,True
170278,17,2024-04-01,Apartment,33,1532.89,"$575,664.65",Sold,C1417,575664.65,375.54204802692954,True
170309,17,2024-04-01,Office,38,721.83,"$197,541.36",Sold,C0403,197541.36,273.66742861892686,True
170393,17,2024-04-01,Apartment,48,1833.96,"$535,553.54",Sold,C1269,535553.54,292.0202948810225,True
170406,17,2024-04-01,Apartment,48,1833.96,"$518,130.19",Sold,C1830,518130.19,282.5198968352636,True
170417,17,2024-04-01,Apartment,48,1833.96,"$626,692.98",Sold,C1433,626692.98,341.7157298959628,True
170418,17,2024-04-01,Office,48,1833.96,"$674,268.09",Sold,C1198,674268.09,367.6569227245959,True
170439,17,2024-04-01,Office,51,1375.52,"$415,531.04",Sold,C0833,415531.04,302.0901477259509,True
170449,17,2024-04-01,Apartment,52,1742.3,"$537,510.16",Sold,C1381,537510.16,308.50608965160995,True
180007,18,2024-04-01,Apartment,1,1379.64,"$437,818.55",Sold,C0783,437818.55,317.3426038676756,True
180053,18,2024-04-01,Apartment,6,840.25,"$241,961.70",Sold,C0372,241961.7,287.96393930377866,True
180084,18,2024-04-01,Apartment,11,507.04,"$157,025.94",Available,,157025.94,309.6914247396655,False
180098,18,2024-04-01,Apartment,14,1742.3,"$489,746.26",Available,,489746.26,281.09180967686393,False
180172,18,2024-04-01,Apartment,22,1108.09,"$326,697.81",Available,,326697.81,294.82967087510946,False
180191,18,2024-04-01,Office,25,911.94,"$319,887.69",Sold,C0602,319887.69,350.77712349496676,True
180198,18,2024-04-01,Apartment,25,911.94,"$277,921.61",Sold,C0209,277921.61,304.75865736780923,True
180211,18,2024-04-01,Apartment,27,650.82,"$174,509.72",Available,,174509.72,268.1382256230601,False
180212,18,2024-04-01,Apartment,27,650.82,"$182,266.87",Sold,C0050,182266.87,280.05726621800187,True
180232,18,2024-04-01,Apartment,29,578.36,"$192,263.39",Sold,C0335,192263.39,332.4285738986099,True
180254,18,2024-04-01,Apartment,30,1795.66,"$553,662.07",Available,,553662.07,308.33346513259744,False
180271,18,2024-04-01,Apartment,32,1512.9,"$391,108.87",Sold,C0484,391108.87,258.51600898935817,True
180272,18,2024-04-01,Apartment,32,1512.9,"$478,922.56",Sold,C0916,478922.56,316.55929671491833,True
180302,18,2024-04-01,Apartment,36,1089.77,"$360,807.72",Sold,C0083,360807.72,331.0861190893491,True
180316,18,2024-04-01,Apartment,36,1089.77,"$333,843.01",Sold,C0567,333843.01,306.3426319315085,True
180341,18,2024-04-01,Apartment,39,662.88,"$175,812.42",Sold,C1956,175812.42,265.2251086169443,True
180344,18,2024-04-01,Apartment,39,662.88,"$202,760.50",Sold,C0608,202760.5,305.8781378228337,True
180357,18,2024-04-01,Apartment,40,990.46,"$368,358.25",Sold,C0525,368358.25,371.9062354865416,True
180373,18,2024-04-01,Apartment,41,852.83,"$253,379.80",Sold,C1487,253379.8,297.10469847449076,True
180433,18,2024-04-01,Apartment,49,1457.92,"$461,448.14",Available,,461448.14,316.5112900570676,False
180472,18,2024-04-01,Apartment,53,1806.7,"$499,227.25",Sold,C1236,499227.25,276.31994797143966,True
180474,18,2024-04-01,Apartment,53,1806.7,"$579,753.40",Sold,C0731,579753.4,320.8907953727791,True
180483,18,2024-04-01,Apartment,53,1806.7,"$524,447.11",Sold,C0177,524447.11,290.27902252725966,True
180485,18,2024-04-01,Apartment,54,1756.12,"$508,227.88",Sold,C0442,508227.88,289.4038448397604,True
180497,18,2024-04-01,Apartment,55,930.04,"$231,475.70",Available,,231475.7,248.88789729474004,False
180501,18,2024-04-01,Office,55,930.04,"$262,939.01",Sold,C1503,262939.01,282.7179583673821,True
180505,18,2024-04-01,Apartment,56,1311.59,"$361,624.36",Sold,C1364,361624.36,275.7144839469651,True
180507,18,2024-04-01,Apartment,56,1311.59,"$448,282.99",Sold,C0684,448282.99,341.7859163305606,True
180530,18,2024-04-01,Apartment,60,1488.67,"$461,412.78",Sold,C1659,461412.78,309.94967319822393,True
180544,18,2024-04-01,Apartment,62,1330.41,"$366,764.33",Available,,366764.33,275.67767079321413,False
180557,18,2024-04-01,Apartment,65,996.32,"$310,519.60",Available,,310519.6,311.6665328408543,False
180562,18,2024-04-01,Apartment,66,1631.24,"$507,703.53",Available,,507703.53,311.23778843088695,False
180574,18,2024-04-01,Office,66,1631.24,"$477,545.71",Available,,477545.71,292.7501226061156,False
190014,19,2024-04-01,Apartment,4,1225.38,"$342,245.42",Sold,C1744,342245.42,279.2973771401524,True
190035,19,2024-04-01,Apartment,6,1067.81,"$304,055.72",Sold,C1657,304055.72,284.74702428334626,True
190038,19,2024-04-01,Office,7,973.6,"$367,468.14",Sold,C0124,367468.14,377.4323541495481,True
190053,19,2024-04-01,Office,8,974.77,"$279,169.46",Sold,C1522,279169.46,286.3952111780215,True
190109,19,2024-04-01,Apartment,15,538.06,"$160,523.29",Sold,C1502,160523.29,298.33715570754197,True
190169,19,2024-04-01,Office,21,477.75,"$179,270.66",Sold,C1414,179270.66,375.23947671376243,True
190174,19,2024-04-01,Apartment,21,477.75,"$158,607.61",Sold,C1593,158607.61,331.9887179487179,True
190186,19,2024-04-01,Office,22,935.25,"$317,549.96",Available,,317549.96,339.53484095161724,False
190196,19,2024-04-01,Apartment,24,620.51,"$187,120.57",Sold,C0651,187120.57,301.55931411258484,True
190215,19,2024-04-01,Apartment,26,668.24,"$149,009.73",Sold,C0004,149009.73,222.98834251167247,True
190267,19,2024-04-01,Apartment,31,1089.64,"$312,192.36",Sold,C0407,312192.36,286.5096362101244,True
190279,19,2024-04-01,Apartment,32,1048.61,"$326,363.04",Sold,C1359,326363.04,311.2339573339945,True
190287,19,2024-04-01,Apartment,33,1454.84,"$404,194.49",Available,,404194.49,277.8274518160073,False
190338,19,2024-04-01,Office,40,893.49,"$309,197.05",Available,,309197.05,346.05541192402825,False
190373,19,2024-04-01,Apartment,42,1137.59,"$342,883.79",Available,,342883.79,301.41245088300707,False
190379,19,2024-04-01,Apartment,43,1697.72,"$518,931.48",Sold,C1457,518931.48,305.6637608086139,True
190392,19,2024-04-01,Apartment,44,982.8,"$293,683.97",Available,,293683.97,298.8237382987383,False
190429,19,2024-04-01,Apartment,49,1004.26,"$338,389.69",Available,,338389.69,336.9542648318165,False
200001,20,2024-04-01,Apartment,1,1898.39,"$736,652.27",Sold,C1473,736652.27,388.04053434752603,True
200040,20,2024-04-01,Apartment,4,631.75,"$202,971.33",Sold,C0566,202971.33,321.2842580134547,True
200098,20,2024-04-01,Office,13,1587.57,"$550,255.37",Available,,550255.37,346.6022726556939,False
200108,20,2024-04-01,Apartment,14,837.37,"$254,752.28",Sold,C1714,254752.28,304.2290504794774,True
200109,20,2024-04-01,Office,14,837.37,"$294,810.23",Available,,294810.23,352.0668641102499,False
200132,20,2024-04-01,Apartment,16,645.44,"$169,762.78",Available,,169762.78,263.01868492811104,False
200186,20,2024-04-01,Apartment,20,1110.23,"$384,238.93",Available,,384238.93,346.08948596236814,False
200209,20,2024-04-01,Apartment,26,1941.62,"$563,448.90",Sold,C1804,563448.9,290.19524932788084,True
200236,20,2024-04-01,Apartment,29,1844.16,"$466,648.29",Sold,C1619,466648.29,253.0411081467985,True
200237,20,2024-04-01,Apartment,29,1844.16,"$575,218.75",Sold,C0761,575218.75,311.91368970154434,True
200267,20,2024-04-01,Apartment,31,1414.44,"$479,436.79",Available,,479436.79,338.9587327847063,False
200279,20,2024-04-01,Apartment,31,1414.44,"$400,106.01",Sold,C1932,400106.01,282.87238058878427,True
200309,20,2024-04-01,Apartment,33,630.53,"$154,906.87",Sold,C1445,154906.87,245.67723978240528,True
200329,20,2024-04-01,Apartment,36,1484.99,"$394,492.38",Available,,394492.38,265.65322325402866,False
200339,20,2024-04-01,Apartment,37,632.35,"$200,206.90",Sold,C1394,200206.9,316.6077330592235,True
200347,20,2024-04-01,Apartment,38,1499.47,"$402,705.53",Sold,C0201,402705.53,268.5652463870568,True
200365,20,2024-04-01,Apartment,40,428.03,"$116,809.59",Available,,116809.59,272.9004742658225,False
200373,20,2024-04-01,Apartment,40,428.03,"$118,965.05",Sold,C1945,118965.05,277.9362427867206,True
200413,20,2024-04-01,Apartment,47,590.12,"$150,873.32",Sold,C1171,150873.32,255.66549176438693,True
200427,20,2024-04-01,Apartment,48,860.8,"$292,476.39",Sold,C0199,292476.39,339.7727578996283,True
200442,20,2024-04-01,Apartment,49,880.76,"$254,985.85",Sold,C1681,254985.85,289.5066192833462,True
200464,20,2024-04-01,Apartment,52,1634.67,"$457,871.48",Sold,C1017,457871.48,280.100252650382,True
200473,20,2024-04-01,Apartment,54,589.61,"$211,209.42",Sold,C0664,211209.42,358.21885653228406,True
200475,20,2024-04-01,Apartment,54,589.61,"$165,450.84",Sold,C0271,165450.84,280.61064093214156,True
200478,20,2024-04-01,Apartment,54,589.61,"$188,272.10",Sold,C0677,188272.1,319.3163277420668,True
200479,20,2024-04-01,Apartment,54,589.61,"$181,148.12",Sold,C1404,181148.12,307.23379861264226,True
200480,20,2024-04-01,Office,54,589.61,"$208,828.68",Sold,C0542,208828.68,354.1810349213887,True
990000,1,2024-04-01,Office,10,800.96,"$264,142.16",Sold,C0054,264142.16,329.78196164602474,True
990024,5,2024-04-01,Apartment,41,798.28,"$255,337.90",Available,,255337.9,319.86007415944283,False
1011,1,2024-05-01,Office,11,827.87,"$222,947.21",Sold,C0128,222947.21,269.30219720487514,True
1028,1,2024-05-01,Apartment,28,1160.36,"$331,154.88",Sold,C0005,331154.88,285.38977558688686,True
2026,2,2024-05-01,Apartment,26,649.8,"$198,075.99",Sold,C0126,198075.99,304.82608494921516,True
2043,2,2024-05-01,Apartment,43,1110.32,"$355,073.40",Sold,C0127,355073.4,319.79375315224445,True
2052,2,2024-05-01,Apartment,52,1615.29,"$484,458.03",Sold,C0007,484458.03,299.92015675203834,True
3043,3,2024-05-01,Apartment,43,1128.4,"$299,159.14",Sold,C0024,299159.14,265.11799007444165,True
4026,4,2024-05-01,Apartment,26,1611.85,"$506,786.66",Available,,506786.66,314.41304091571794,False
4046,4,2024-05-01,Apartment,46,791.72,"$230,495.01",Available,,230495.01,291.13197847723944,False
4048,4,2024-05-01,Apartment,48,1068.58,"$346,048.04",Available,,346048.04,323.8391510228528,False
10011,1,2024-05-01,Apartment,2,715.67,"$216,996.95",Sold,C0230,216996.95,303.20811267763077,True
10024,1,2024-05-01,Apartment,3,788.73,"$223,548.52",Sold,C1782,223548.52,283.42844826493223,True
10057,1,2024-05-01,Apartment,7,758.88,"$235,151.17",Sold,C0182,235151.17,309.86607895846515,True
10100,1,2024-05-01,Apartment,13,719.47,"$195,020.26",Sold,C0765,195020.26,271.061003238495,True
10106,1,2024-05-01,Apartment,14,1181.69,"$362,197.78",Available,,362197.78,306.5082889759582,False
10114,1,2024-05-01,Apartment,14,1181.69,"$277,837.04",Sold,C0799,277837.04,235.1183813013565,True
10117,1,2024-05-01,Apartment,14,1181.69,"$410,180.27",Sold,C1913,410180.27,347.11326151528743,True
10126,1,2024-05-01,Apartment,15,765.0,"$234,250.56",Sold,C1759,234250.56,306.2098823529412,True
10132,1,2024-05-01,Apartment,16,612.76,"$199,424.86",Sold,C1888,199424.86,325.4534564919381,True
10174,1,2024-05-01,Apartment,22,740.83,"$187,644.88",Sold,C1640,187644.88,253.29006654698108,True
10182,1,2024-05-01,Apartment,22,740.83,"$210,445.30",Sold,C0608,210445.3,284.0669249355452,True
10183,1,2024-05-01,Apartment,22,740.83,"$240,139.80",Sold,C1479,240139.8,324.1496699647692,True
10235,1,2024-05-01,Office,27,725.12,"$251,042.18",Sold,C0077,251042.18,346.20777250661956,True
10247,1,2024-05-01,Apartment,29,757.2,"$236,373.55",Sold,C1266,236373.55,312.1679212889593,True
10287,1,2024-05-01,Apartment,30,753.29,"$221,063.07",Sold,C1995,221063.07,293.4634337373389,True
10300,1,2024-05-01,Apartment,31,619.78,"$185,780.26",Sold,C1103,185780.26,299.7519442382781,True
10306,1,2024-05-01,Apartment,32,800.77,"$228,232.72",Sold,C0474,228232.72,285.0165715498832,True
10351,1,2024-05-01,Apartment,38,1355.85,"$327,248.98",Sold,C1364,327248.98,241.36075524578678,True
20018,2,2024-05-01,Apartment,2,788.72,"$240,243.78",Sold,C1289,240243.78,304.59957906481384,True
20062,2,2024-05-01,Apartment,8,715.54,"$232,688.53",Sold,C1152,232688.53,325.1929032618722,True
20110,2,2024-05-01,Apartment,13,782.33,"$235,637.33",Sold,C0253,235637.33,301.1994043434356,True
20125,2,2024-05-01,Apartment,15,1603.33,"$513,464.72",Sold,C0593,513464.72,320.24893191046135,True
20126,2,2024-05-01,Apartment,15,1603.33,"$499,600.59",Sold,C0167,499600.59,311.60184740508817,True
20160,2,2024-05-01,Office,18,784.76,"$248,958.94",Available,,248958.94,317.24213772363527,False
20161,2,2024-05-01,Apartment,19,795.52,"$277,015.00",Sold,C1437,277015.0,348.2187751407884,True
20199,2,2024-05-01,Apartment,22,653.41,"$224,133.54",Sold,C1022,224133.54,343.0212883182076,True
20209,2,2024-05-01,Apartment,24,785.12,"$230,107.73",Sold,C0004,230107.73,293.0860632769513,True
20255,2,2024-05-01,Apartment,29,1107.33,"$325,010.71",Sold,C1790,325010.71,293.5084482493927,True
20269,2,2024-05-01,Office,32,925.63,"$323,702.74",Available,,323702.74,349.7107267482687,False
20285,2,2024-05-01,Apartment,33,931.4,"$306,852.00",Available,,306852.0,329.4524371913249,False
20288,2,2024-05-01,Apartment,34,800.26,"$253,232.44",Sold,C1295,253232.44,316.4377077449829,True
20304,2,2024-05-01,Apartment,36,641.72,"$164,198.69",Sold,C1144,164198.69,255.87279498846848,True
20322,2,2024-05-01,Apartment,38,710.81,"$204,892.35",Sold,C0881,204892.35,288.25192386151014,True
20352,2,2024-05-01,Office,42,786.45,"$209,063.55",Sold,C0268,209063.55,265.83196643143236,True
20358,2,2024-05-01,Apartment,42,786.45,"$223,924.47",Sold,C1020,223924.47,284.72817089452604,True
20359,2,2024-05-01,Apartment,42,786.45,"$248,975.66",Sold,C1565,248975.66,316.581677156844,True
20376,2,2024-05-01,Apartment,45,782.2,"$208,153.09",Available,,208153.09,266.11236256711834,False
20388,2,2024-05-01,Apartment,46,697.74,"$191,730.36",Sold,C0025,191730.36,274.78768595751995,True
20391,2,2024-05-01,Office,46,697.74,"$261,450.25",Available,,261450.25,374.71013558058877,False
20393,2,2024-05-01,Apartment,46,697.74,"$188,000.19",Sold,C1920,188000.19,269.4416114885201,True
20444,2,2024-05-01,Apartment,51,699.31,"$219,752.03",Sold,C0110,219752.03,314.24122349172757,True
20447,2,2024-05-01,Apartment,52,914.01,"$250,239.86",Sold,C0389,250239.86,273.7824093828295,True
30054,3,2024-05-01,Apartment,6,668.89,"$230,249.86",Available,,230249.86,344.2267936431999,False
30062,3,2024-05-01,Apartment,7,744.01,"$189,860.96",Available,,189860.96,255.18603244580046,False
30070,3,2024-05-01,Apartment,7,744.01,"$213,877.71",Available,,213877.71,287.46617652988533,False
30130,3,2024-05-01,Apartment,12,657.47,"$182,618.24",Sold,C1030,182618.24,277.75904604012345,True
30135,3,2024-05-01,Apartment,13,754.84,"$233,701.51",Sold,C1713,233701.51,309.6040352922474,True
30152,3,2024-05-01,Apartment,17,937.24,"$310,304.60",Sold,C0143,310304.6,331.08339379454566,True
30168,3,2024-05-01,Apartment,19,1602.22,"$545,570.25",Available,,545570.25,340.50895008176155,False
30174,3,2024-05-01,Apartment,19,1602.22,"$526,180.38",Sold,C1485,526180.38,328.40707268664727,True
30192,3,2024-05-01,Office,21,1122.15,"$364,141.62",Available,,364141.62,324.50351557278435,False
30196,3,2024-05-01,Apartment,21,1122.15,"$354,543.67",Sold,C1941,354543.67,315.9503364077886,True
30219,3,2024-05-01,Apartment,25,765.56,"$248,929.48",Sold,C0692,248929.48,325.1599874601599,True
30240,3,2024-05-01,Apartment,27,1117.14,"$362,492.39",Available,,362492.39,324.48250890667236,False
30255,3,2024-05-01,Apartment,28,679.93,"$211,362.00",Available,,211362.0,310.8584707249276,False
30323,3,2024-05-01,Apartment,40,678.71,"$197,764.69",Available,,197764.69,291.3831975365031,False
30351,3,2024-05-01,Office,42,1343.96,"$450,627.91",Available,,450627.91,335.2986026369832,False
30383,3,2024-05-01,Apartment,47,691.09,"$234,934.93",Sold,C1325,234934.93,339.94838588317003,True
30386,3,2024-05-01,Apartment,47,691.09,"$212,733.58",Available,,212733.58,307.8232646977962,False
30403,3,2024-05-01,Apartment,49,1174.48,"$334,121.61",Sold,C1382,334121.61,284.4847166405558,True
30420,3,2024-05-01,Apartment,49,1174.48,"$349,203.77",Sold,C0503,349203.77,297.3262805667189,True
30446,3,2024-05-01,Apartment,51,693.85,"$199,163.20",Sold,C1386,199163.2,287.04071485191326,True
30449,3,2024-05-01,Apartment,52,1361.9,"$367,708.79",Available,,367708.79,269.99690873045006,False
30490,3,2024-05-01,Apartment,57,1607.94,"$512,522.53",Available,,512522.53,318.7448101297312,False
30492,3,2024-05-01,Apartment,57,1607.94,"$487,171.09",Sold,C0310,487171.09,302.9784009353583,True
40020,4,2024-05-01,Apartment,2,1620.07,"$523,966.96",Sold,C0925,523966.96,323.4224200188881,True
40021,4,2024-05-01,Apartment,3,1630.82,"$539,711.96",Sold,C0165,539711.96,330.94514416060633,True
40025,4,2024-05-01,Apartment,3,1630.82,"$498,856.28",Available,,498856.28,305.89291276781006,False
40042,4,2024-05-01,Apartment,4,783.03,"$240,057.11",Sold,C1246,240057.11,306.5746012285608,True
40054,4,2024-05-01,Apartment,5,786.98,"$206,258.47",Sold,C1121,206258.47,262.08857912526366,True
40059,4,2024-05-01,Apartment,5,786.98,"$227,598.30",Sold,C0513,227598.3,289.20468118630714,True
40076,4,2024-05-01,Office,10,1614.62,"$608,055.99",Sold,C1300,608055.99,376.593867287659,True
40085,4,2024-05-01,Apartment,11,802.79,"$235,196.88",Sold,C1107,235196.88,292.9743519475828,True
40114,4,2024-05-01,Apartment,14,1322.66,"$398,928.35",Sold,C1655,398928.35,301.61065579967635,True
40131,4,2024-05-01,Apartment,15,760.39,"$242,012.41",Sold,C0408,242012.41,318.2740567340444,True
40132,4,2024-05-01,Apartment,15,760.39,"$201,059.89",Sold,C1069,201059.89,264.41679927405676,True
40138,4,2024-05-01,Apartment,16,1128.21,"$311,009.93",Sold,C1627,311009.93,275.666702121059,True
40152,4,2024-05-01,Office,18,1294.91,"$398,599.37",Sold,C0822,398599.37,307.82013421782204,True
40153,4,2024-05-01,Apartment,18,1294.91,"$403,973.72",Sold,C0068,403973.72,311.9704998803005,True
40168,4,2024-05-01,Apartment,21,801.66,"$262,637.35",Available,,262637.35,327.61688246887707,False
40192,4,2024-05-01,Office,24,786.05,"$272,856.78",Sold,C1253,272856.78,347.12394885821516,True
40207,4,2024-05-01,Apartment,26,790.05,"$256,720.02",Sold,C0730,256720.02,324.9414847161572,True
40215,4,2024-05-01,Apartment,26,790.05,"$277,760.89",Sold,C0060,277760.89,351.57381178406433,True
40223,4,2024-05-01,Office,26,790.05,"$266,440.01",Sold,C1620,266440.01,337.2444908550092,True
40307,4,2024-05-01,Office,37,800.13,"$215,216.20",Sold,C1881,215216.2,268.97654131203683,True
40335,4,2024-05-01,Apartment,40,780.74,"$235,532.69",Sold,C1156,235532.69,301.67877910700105,True
40365,4,2024-05-01,Apartment,43,1616.99,"$504,517.39",Sold,C0359,504517.39,312.01021032906823,True
40420,4,2024-05-01,Apartment,49,739.7,"$193,616.59",Available,,193616.59,261.75015546843315,False
50019,5,2024-05-01,Apartment,4,799.1,"$208,960.43",Sold,C1051,208960.43,261.4947190589413,True
50052,5,2024-05-01,Apartment,9,793.56,"$264,639.92",Sold,C1384,264639.92,333.4844498210595,True
50067,5,2024-05-01,Apartment,10,629.27,"$156,700.20",Sold,C0213,156700.2,249.01902204141308,True
50102,5,2024-05-01,Apartment,12,787.5,"$260,674.62",Available,,260674.62,331.0153904761905,False
50119,5,2024-05-01,Apartment,15,1050.95,"$282,845.50",Sold,C1216,282845.5,269.13316523145727,True
50178,5,2024-05-01,Apartment,23,1006.65,"$301,730.10",Available,,301730.1,299.7368499478468,False
50185,5,2024-05-01,Apartment,23,1006.65,"$334,696.90",Sold,C1007,334696.9,332.4858689713406,True
50199,5,2024-05-01,Apartment,26,1272.4,"$372,414.34",Available,,372414.34,292.68652939327256,False
50211,5,2024-05-01,Apartment,27,1278.6,"$308,068.85",Sold,C1878,308068.85,240.94231972469888,True
50220,5,2024-05-01,Office,29,786.28,"$236,804.87",Sold,C1538,236804.87,301.1711731189907,True
50240,5,2024-05-01,Apartment,32,1051.39,"$327,070.05",Sold,C0259,327070.05,311.08347045339974,True
50243,5,2024-05-01,Apartment,32,1051.39,"$311,645.47",Sold,C0712,311645.47,296.41281541578286,True
50246,5,2024-05-01,Apartment,32,1051.39,"$308,068.31",Sold,C1886,308068.31,293.0105003852043,True
50256,5,2024-05-01,Office,33,1787.13,"$512,156.34",Sold,C0536,512156.34,286.58034949891726,True
50259,5,2024-05-01,Apartment,34,802.33,"$267,723.88",Sold,C0996,267723.88,333.68299826754577,True
50260,5,2024-05-01,Apartment,34,802.33,"$232,731.80",Sold,C1887,232731.8,290.0699213540563,True
50278,5,2024-05-01,Apartment,36,627.56,"$178,814.53",Sold,C0713,178814.53,284.93614953151894,True
50333,5,2024-05-01,Office,42,791.2,"$236,639.12",Available,,236639.12,299.08887765419615,False
50359,5,2024-05-01,Apartment,44,806.03,"$252,835.34",Sold,C2000,252835.34,313.6798134064489,True
50361,5,2024-05-01,Apartment,44,806.03,"$246,214.10",Sold,C0181,246214.1,305.46518119672965,True
50372,5,2024-05-01,Apartment,45,608.89,"$190,719.01",Sold,C1467,190719.01,313.22407988306594,True
50379,5,2024-05-01,Apartment,46,1272.95,"$331,278.26",Available,,331278.26,260.2445186378098,False
50386,5,2024-05-01,Office,46,1272.95,"$425,609.69",Sold,C1889,425609.69,334.34910247849484,True
50391,5,2024-05-01,Apartment,46,1272.95,"$379,974.43",Sold,C0100,379974.43,298.4991005145528,True
50395,5,2024-05-01,Apartment,46,1272.95,"$362,373.17",Sold,C1835,362373.17,284.6719588357752,True
50397,5,2024-05-01,Apartment,47,1241.14,"$389,944.98",Sold,C1617,389944.98,314.18291248368433,True
50402,5,2024-05-01,Apartment,47,1241.14,"$366,304.94",Sold,C1278,366304.94,295.13587508258536,True
60015,6,2024-05-01,Apartment,1,1720.95,"$560,677.96",Sold,C0425,560677.96,325.7956128882303,True
60031,6,2024-05-01,Apartment,3,605.21,"$203,789.30",Sold,C0993,203789.3,336.7249384511161,True
60041,6,2024-05-01,Apartment,4,1925.28,"$661,640.07",Sold,C1561,661640.07,343.6591404886562,True
60043,6,2024-05-01,Apartment,4,1925.28,"$675,765.41",Sold,C0226,675765.41,350.99591228288875,True
60052,6,2024-05-01,Apartment,5,1617.43,"$498,957.88",Sold,C1279,498957.88,308.48808294640264,True
60065,6,2024-05-01,Apartment,6,951.22,"$251,909.19",Sold,C1539,251909.19,264.82747419103885,True
60066,6,2024-05-01,Apartment,6,951.22,"$290,766.80",Sold,C0805,290766.8,305.67776119089166,True
60100,6,2024-05-01,Apartment,7,1075.42,"$349,992.08",Available,,349992.08,325.44687656915437,False
60105,6,2024-05-01,Apartment,8,986.97,"$300,282.89",Available,,300282.89,304.24723142547396,False
60109,6,2024-05-01,Apartment,9,1194.12,"$359,774.82",Sold,C1270,359774.82,301.2886644558336,True
60135,6,2024-05-01,Apartment,11,1719.85,"$534,355.36",Sold,C0875,534355.36,310.6988167572753,True
60148,6,2024-05-01,Office,12,1678.17,"$515,231.68",Sold,C0548,515231.68,307.0199562618805,True
60150,6,2024-05-01,Apartment,12,1678.17,"$430,423.76",Sold,C0403,430423.76,256.4840034084747,True
60156,6,2024-05-01,Apartment,13,581.47,"$156,674.67",Available,,156674.67,269.4458355547148,False
60160,6,2024-05-01,Apartment,13,581.47,"$200,926.35",Sold,C1968,200926.35,345.54895351436875,True
60161,6,2024-05-01,Apartment,14,1890.0,"$598,612.25",Sold,C1024,598612.25,316.7260582010582,True
60169,6,2024-05-01,Office,15,1392.45,"$453,250.70",Sold,C0475,453250.7,325.5059068548242,True
60190,6,2024-05-01,Apartment,19,1542.71,"$384,958.51",Sold,C0278,384958.51,249.53394351498338,True
60241,6,2024-05-01,Office,24,1159.75,"$365,063.85",Sold,C1830,365063.85,314.77805561543437,True
60298,6,2024-05-01,Apartment,33,1131.0,"$336,860.43",Available,,336860.43,297.8429973474801,False
60304,6,2024-05-01,Apartment,33,1131.0,"$371,174.41",Sold,C0218,371174.41,328.1825022104332,True
60309,6,2024-05-01,Apartment,34,1353.81,"$306,734.40",Sold,C0059,306734.4,226.5712322999535,True
60324,6,2024-05-01,Apartment,36,463.91,"$150,110.49",Sold,C1076,150110.49,323.57674980060784,True
60381,6,2024-05-01,Apartment,43,1492.81,"$554,882.17",Sold,C1250,554882.17,371.7031437356395,True
60401,6,2024-05-01,Apartment,47,550.99,"$168,571.44",Available,,168571.44,305.94283017840615,False
60430,6,2024-05-01,Apartment,51,1476.63,"$529,520.87",Sold,C1960,529520.87,358.6009155983557,True
60459,6,2024-05-01,Apartment,53,1170.96,"$330,724.00",Available,,330724.0,282.43834119013457,False
70017,7,2024-05-01,Apartment,3,888.5,"$278,826.18",Sold,C1401,278826.18,313.8167473269555,True
70023,7,2024-05-01,Apartment,5,1144.09,"$333,120.50",Sold,C0171,333120.5,291.1663418087738,True
70041,7,2024-05-01,Office,7,1071.02,"$296,372.05",Available,,296372.05,276.7194356781386,False
70050,7,2024-05-01,Apartment,8,1561.28,"$498,082.29",Available,,498082.29,319.02175778848124,False
70070,7,2024-05-01,Apartment,10,1495.37,"$499,413.56",Sold,C0185,499413.56,333.9732373927523,True
70139,7,2024-05-01,Apartment,16,1239.87,"$397,500.69",Sold,C0732,397500.69,320.59868373297206,True
70210,7,2024-05-01,Apartment,23,1222.69,"$437,259.52",Sold,C1259,437259.52,357.62091781236455,True
70224,7,2024-05-01,Apartment,25,573.8,"$223,711.79",Available,,223711.79,389.877640292785,False
70230,7,2024-05-01,Apartment,25,573.8,"$203,707.73",Sold,C0908,203707.73,355.01521436040434,True
70239,7,2024-05-01,Office,27,768.05,"$224,288.36",Sold,C1255,224288.36,292.0231234945642,True
70263,7,2024-05-01,Apartment,29,441.65,"$114,846.15",Sold,C0681,114846.15,260.0388316540247,True
70280,7,2024-05-01,Apartment,34,1487.05,"$445,823.13",Sold,C1775,445823.13,299.80372549678896,True
70304,7,2024-05-01,Apartment,36,1748.75,"$478,202.61",Sold,C1805,478202.61,273.45395854181555,True
70318,7,2024-05-01,Apartment,38,1755.26,"$509,258.67",Available,,509258.67,290.13289769037067,False
70348,7,2024-05-01,Apartment,41,1093.92,"$319,520.07",Sold,C0086,319520.07,292.0872367266345,True
70362,7,2024-05-01,Apartment,42,702.08,"$198,825.02",Sold,C1518,198825.02,283.1942513673655,True
70378,7,2024-05-01,Apartment,43,498.61,"$149,009.47",Sold,C1408,149009.47,298.84974228354827,True
70387,7,2024-05-01,Apartment,44,1859.83,"$419,927.79",Sold,C0571,419927.79,225.7882655941672,True
70470,7,2024-05-01,Apartment,55,601.23,"$185,349.98",Sold,C1739,185349.98,308.2846498012408,True
70476,7,2024-05-01,Apartment,55,601.23,"$153,965.78",Sold,C1632,153965.78,256.0846597807827,True
70477,7,2024-05-01,Apartment,55,601.23,"$160,509.63",Sold,C0421,160509.63,266.96876403373085,True
70479,7,2024-05-01,Apartment,56,1589.6,"$461,908.57",Sold,C0112,461908.57,290.5816368897836,True
70490,7,2024-05-01,Apartment,58,1629.83,"$512,459.69",Sold,C0155,512459.69,314.4252406692723,True
80020,8,2024-05-01,Apartment,3,1736.05,"$515,896.71",Sold,C0102,515896.71,297.1669652371764,True
80041,8,2024-05-01,Apartment,5,887.23,"$245,299.94",Sold,C0803,245299.94,276.4784103332845,True
80051,8,2024-05-01,Apartment,5,887.23,"$259,694.81",Available,,259694.81,292.7029180708497,False
80087,8,2024-05-01,Apartment,9,1869.81,"$590,633.76",Sold,C0865,590633.76,315.87902514159197,True
80094,8,2024-05-01,Apartment,10,737.92,"$196,686.19",Sold,C0090,196686.19,266.5413459453599,True
80129,8,2024-05-01,Apartment,15,534.85,"$146,835.08",Sold,C0265,146835.08,274.53506590632884,True
80161,8,2024-05-01,Apartment,21,1501.64,"$448,702.07",Sold,C0070,448702.07,298.8080165685517,True
80190,8,2024-05-01,Apartment,26,1625.38,"$434,040.89",Available,,434040.89,267.0396399611168,False
80193,8,2024-05-01,Apartment,26,1625.38,"$526,678.44",Sold,C0418,526678.44,324.0340351179416,True
80202,8,2024-05-01,Apartment,28,1431.61,"$411,435.44",Available,,411435.44,287.3935219787512,False
80203,8,2024-05-01,Apartment,28,1431.61,"$386,241.87",Sold,C1124,386241.87,269.7954540691948,True
80206,8,2024-05-01,Apartment,28,1431.61,"$452,279.20",Sold,C1903,452279.2,315.92347077765595,True
80217,8,2024-05-01,Apartment,29,1848.51,"$624,161.31",Available,,624161.31,337.65644221562235,False
80237,8,2024-05-01,Apartment,30,1070.46,"$345,048.44",Available,,345048.44,322.33660295573867,False
80239,8,2024-05-01,Office,30,1070.46,"$380,050.07",Sold,C0072,380050.07,355.03434971881245,True
80245,8,2024-05-01,Apartment,31,1253.18,"$357,323.56",Available,,357323.56,285.1334684562473,False
80246,8,2024-05-01,Office,31,1253.18,"$399,671.51",Sold,C0099,399671.51,318.9258606106066,True
80266,8,2024-05-01,Office,32,1410.88,"$422,684.36",Sold,C1565,422684.36,299.5891642095713,True
80306,8,2024-05-01,Apartment,36,673.86,"$220,642.17",Sold,C0080,220642.17,327.4302822544742,True
80364,8,2024-05-01,Office,43,1490.59,"$503,414.20",Sold,C0458,503414.2,337.7281479145842,True
80387,8,2024-05-01,Apartment,46,1175.51,"$353,812.59",Available,,353812.59,300.98645694209324,False
80407,8,2024-05-01,Office,47,543.08,"$165,991.05",Available,,165991.05,305.6475104956912,False
80421,8,2024-05-01,Apartment,48,480.99,"$153,410.17",Sold,C1362,153410.17,318.94669327844656,True
80431,8,2024-05-01,Apartment,50,913.15,"$251,686.03",Sold,C0392,251686.03,275.6239719651755,True
80434,8,2024-05-01,Apartment,50,913.15,"$270,241.73",Sold,C1910,270241.73,295.944510759459,True
80443,8,2024-05-01,Apartment,52,559.73,"$151,476.69",Available,,151476.69,270.6245689886195,False
80453,8,2024-05-01,Apartment,53,1891.72,"$533,253.25",Sold,C0954,533253.25,281.88804368511194,True
90047,9,2024-05-01,Office,8,1315.55,"$401,129.35",Available,,401129.35,304.9138003116567,False
90078,9,2024-05-01,Apartment,12,952.38,"$291,557.41",Sold,C1740,291557.41,306.1355866355866,True
90082,9,2024-05-01,Office,12,952.38,"$329,697.10",Available,,329697.1,346.18230118230116,False
90101,9,2024-05-01,Apartment,16,924.6,"$248,353.36",Sold,C1066,248353.36,268.6062729829115,True
90141,9,2024-05-01,Apartment,22,1115.88,"$358,332.02",Sold,C1979,358332.02,321.1205685199125,True
90152,9,2024-05-01,Apartment,24,914.61,"$294,158.67",Sold,C0006,294158.67,321.6219700200085,True
90194,9,2024-05-01,Office,29,1426.22,"$457,069.23",Sold,C0476,457069.23,320.47596443746403,True
90223,9,2024-05-01,Office,33,973.52,"$258,281.48",Sold,C1429,258281.48,265.30680417454187,True
90279,9,2024-05-01,Apartment,35,1376.88,"$444,270.56",Sold,C0829,444270.56,322.66469118586946,True
90284,9,2024-05-01,Office,36,1582.79,"$507,510.60",Sold,C1851,507510.6,320.6430417174736,True
90307,9,2024-05-01,Apartment,38,1260.31,"$398,439.84",Available,,398439.84,316.1443137005975,False
90315,9,2024-05-01,Apartment,38,1260.31,"$422,763.47",Available,,422763.47,335.4440336107783,False
90381,9,2024-05-01,Apartment,45,786.13,"$186,004.47",Available,,186004.47,236.6077747955173,False
90385,9,2024-05-01,Apartment,46,662.32,"$187,337.33",Sold,C1178,187337.33,282.85017816161366,True
90399,9,2024-05-01,Apartment,48,1264.94,"$408,862.02",Sold,C0020,408862.02,323.22641390105457,True
90403,9,2024-05-01,Apartment,50,1938.15,"$599,421.75",Sold,C1012,599421.75,309.2752108969894,True
90404,9,2024-05-01,Apartment,51,1816.78,"$484,595.35",Sold,C1221,484595.35,266.7330937152544,True
90416,9,2024-05-01,Apartment,53,599.72,"$167,173.35",Available,,167173.35,278.7523344227306,False
90442,9,2024-05-01,Office,56,1516.4,"$484,801.23",Sold,C0619,484801.23,319.70537457135316,True
90448,9,2024-05-01,Office,56,1516.4,"$472,506.97",Available,,472506.97,311.5978435768926,False
100029,10,2024-05-01,Apartment,4,1765.37,"$449,252.81",Sold,C1493,449252.81,254.48082271705084,True
100035,10,2024-05-01,Apartment,5,1741.96,"$522,748.14",Available,,522748.14,300.09193092837955,False
100036,10,2024-05-01,Apartment,5,1741.96,"$488,491.97",Available,,488491.97,280.4266286252267,False
100047,10,2024-05-01,Apartment,5,1741.96,"$405,297.57",Sold,C1819,405297.57,232.6675526418517,True
100083,10,2024-05-01,Apartment,10,1196.84,"$378,213.40",Sold,C1253,378213.4,316.00999298151805,True
100097,10,2024-05-01,Apartment,12,852.74,"$263,932.63",Available,,263932.63,309.51125782770833,False
100126,10,2024-05-01,Apartment,16,1169.15,"$355,085.18",Sold,C1497,355085.18,303.712252491126,True
100148,10,2024-05-01,Apartment,19,948.04,"$274,317.28",Sold,C0202,274317.28,289.35201046369355,True
100161,10,2024-05-01,Apartment,20,1264.43,"$381,724.58",Available,,381724.58,301.8945928204804,False
100252,10,2024-05-01,Apartment,30,1559.4,"$511,932.27",Available,,511932.27,328.287976144671,False
100294,10,2024-05-01,Office,34,1435.44,"$415,938.84",Sold,C0556,415938.84,289.76400267513793,True
100303,10,2024-05-01,Apartment,36,1920.65,"$540,074.50",Sold,C0146,540074.5,281.1936063311899,True
100307,10,2024-05-01,Apartment,36,1920.65,"$592,203.73",Sold,C1299,592203.73,308.335058443756,True
100310,10,2024-05-01,Apartment,37,1177.85,"$399,238.30",Sold,C1286,399238.3,338.9551301099461,True
100344,10,2024-05-01,Apartment,42,1757.51,"$528,144.96",Sold,C1557,528144.96,300.5075134707626,True
100405,10,2024-05-01,Apartment,47,1047.27,"$372,974.76",Sold,C1281,372974.76,356.14002119797186,True
100412,10,2024-05-01,Apartment,49,656.17,"$212,548.64",Sold,C0665,212548.64,323.92312967676065,True
100417,10,2024-05-01,Apartment,50,1138.32,"$345,524.63",Sold,C1607,345524.63,303.5391014828871,True
100429,10,2024-05-01,Apartment,50,1138.32,"$347,148.29",Sold,C1409,347148.29,304.96546665261087,True
110042,11,2024-05-01,Apartment,5,1723.2,"$453,922.16",Sold,C1899,453922.16,263.4181522748375,True
110072,11,2024-05-01,Office,8,1001.41,"$318,935.71",Sold,C1415,318935.71,318.48664383219665,True
110104,11,2024-05-01,Office,12,1754.75,"$543,741.11",Sold,C1425,543741.11,309.8681350619746,True
110107,11,2024-05-01,Office,13,474.93,"$140,439.73",Sold,C0038,140439.73,295.70616722464365,True
110116,11,2024-05-01,Apartment,13,474.93,"$152,103.81",Sold,C0371,152103.81,320.2657444254943,True
110122,11,2024-05-01,Apartment,13,474.93,"$148,565.18",Sold,C1886,148565.18,312.8148990377529,True
110125,11,2024-05-01,Apartment,14,524.68,"$143,800.00",Sold,C1967,143800.0,274.07181520164676,True
110174,11,2024-05-01,Apartment,18,1562.55,"$472,802.29",Sold,C0238,472802.29,302.5837829189466,True
110192,11,2024-05-01,Apartment,22,1755.05,"$561,305.34",Sold,C1845,561305.34,319.8229907979829,True
110229,11,2024-05-01,Apartment,28,868.85,"$269,172.90",Sold,C0044,269172.9,309.803648500892,True
110240,11,2024-05-01,Apartment,29,993.51,"$295,715.19",Sold,C2000,295715.19,297.646918501072,True
110285,11,2024-05-01,Apartment,34,680.07,"$181,508.78",Sold,C1278,181508.78,266.8972017586425,True
110312,11,2024-05-01,Apartment,38,788.47,"$229,444.30",Sold,C1118,229444.3,290.9994039088361,True
110324,11,2024-05-01,Apartment,38,788.47,"$245,418.89",Sold,C1176,245418.89,311.25964209164584,True
110353,11,2024-05-01,Apartment,42,808.59,"$268,620.22",Available,,268620.22,332.2081895645506,False
110366,11,2024-05-01,Office,43,810.65,"$287,234.79",Available,,287234.79,354.32651575895886,False
110374,11,2024-05-01,Apartment,44,434.38,"$125,951.48",Sold,C1536,125951.48,289.9569040931903,True
110381,11,2024-05-01,Apartment,44,434.38,"$135,401.82",Sold,C1274,135401.82,311.71283208250844,True
110392,11,2024-05-01,Apartment,46,1798.85,"$615,554.68",Sold,C1356,615554.68,342.19344581260253,True
110445,11,2024-05-01,Apartment,52,1397.58,"$463,091.82",Sold,C0375,463091.82,331.35263813162754,True
110453,11,2024-05-01,Apartment,52,1397.58,"$393,927.21",Sold,C1270,393927.21,281.86380028334696,True
110461,11,2024-05-01,Apartment,54,802.65,"$232,185.85",Sold,C1707,232185.85,289.27409207001807,True
110464,11,2024-05-01,Apartment,54,802.65,"$232,180.63",Sold,C1074,232180.63,289.2675886127204,True
110465,11,2024-05-01,Apartment,55,1713.32,"$533,336.37",Available,,533336.37,311.28824154273576,False
110473,11,2024-05-01,Office,56,724.8,"$195,094.85",Sold,C0618,195094.85,269.170598785872,True
110506,11,2024-05-01,Apartment,60,1295.04,"$356,105.59",Sold,C1114,356105.59,274.97651809982705,True
110520,11,2024-05-01,Apartment,61,1299.46,"$364,486.91",Available,,364486.91,280.4910578240192,False
120019,12,2024-05-01,Office,2,1285.87,"$431,041.65",Sold,C0854,431041.65,335.2140185244232,True
120027,12,2024-05-01,Apartment,3,1469.27,"$417,864.27",Available,,417864.27,284.4026421284039,False
120049,12,2024-05-01,Apartment,5,495.04,"$152,334.67",Available,,152334.67,307.7219416612799,False
120053,12,2024-05-01,Apartment,5,495.04,"$137,406.32",Sold,C1081,137406.32,277.5660956690368,True
120059,12,2024-05-01,Apartment,6,1347.8,"$387,519.48",Sold,C0845,387519.48,287.52001780679626,True
120068,12,2024-05-01,Apartment,8,1803.36,"$504,493.45",Sold,C0510,504493.45,279.751935276373,True
120078,12,2024-05-01,Office,9,857.88,"$217,511.57",Available,,217511.57,253.54544924698095,False
120102,12,2024-05-01,Apartment,13,1394.03,"$375,764.01",Sold,C1306,375764.01,269.55231236056613,True
120172,12,2024-05-01,Apartment,19,1381.22,"$360,006.15",Available,,360006.15,260.6435976889996,False
120184,12,2024-05-01,Apartment,20,1802.21,"$541,188.53",Sold,C1309,541188.53,300.2916030873206,True
120204,12,2024-05-01,Apartment,23,1094.46,"$368,892.07",Sold,C0156,368892.07,337.05395354786833,True
120210,12,2024-05-01,Office,23,1094.46,"$411,845.93",Sold,C1978,411845.93,376.3005774537215,True
120227,12,2024-05-01,Apartment,24,1306.75,"$377,248.32",Sold,C1332,377248.32,288.69203749760857,True
120229,12,2024-05-01,Apartment,24,1306.75,"$336,147.76",Available,,336147.76,257.23953319303615,False
120230,12,2024-05-01,Office,24,1306.75,"$456,133.00",Sold,C0347,456133.0,349.05911612779795,True
120236,12,2024-05-01,Apartment,25,1540.51,"$505,130.37",Available,,505130.37,327.89814412110275,False
120249,12,2024-05-01,Office,27,871.52,"$285,485.58",Available,,285485.58,327.5720350651735,False
120260,12,2024-05-01,Apartment,27,871.52,"$279,936.12",Sold,C1816,279936.12,321.2044703506517,True
120261,12,2024-05-01,Office,27,871.52,"$288,985.79",Sold,C1508,288985.79,331.5882481182302,True
120279,12,2024-05-01,Apartment,30,622.2,"$207,963.57",Sold,C0401,207963.57,334.2391031822565,True
120292,12,2024-05-01,Apartment,33,1232.2,"$302,543.25",Available,,302543.25,245.53096088297355,False
120334,12,2024-05-01,Apartment,35,1690.62,"$573,472.62",Available,,573472.62,339.2084678993506,False
120348,12,2024-05-01,Apartment,38,1157.23,"$365,670.99",Sold,C0663,365670.99,315.98817002670165,True
130001,13,2024-05-01,Office,1,1899.92,"$645,779.93",Available,,645779.93,339.8984851993768,False
130038,13,2024-05-01,Apartment,3,979.64,"$327,860.05",Sold,C1094,327860.05,334.67401290269896,True
130043,13,2024-05-01,Apartment,3,979.64,"$310,095.22",Sold,C1904,310095.22,316.53997386795146,True
130044,13,2024-05-01,Apartment,3,979.64,"$310,865.62",Sold,C0054,310865.62,317.3263852027275,True
130052,13,2024-05-01,Apartment,4,1629.74,"$410,318.25",Available,,410318.25,251.76914722593787,False
130092,13,2024-05-01,Apartment,11,1678.3,"$523,652.47",Sold,C1113,523652.47,312.0136268843473,True
130140,13,2024-05-01,Apartment,16,1772.88,"$528,190.80",Sold,C0731,528190.8,297.92811696223094,True
130142,13,2024-05-01,Apartment,16,1772.88,"$457,508.86",Sold,C1805,457508.86,258.0596881909661,True
130169,13,2024-05-01,Apartment,20,516.72,"$152,514.27",Available,,152514.27,295.1584417092429,False
130198,13,2024-05-01,Apartment,22,1811.36,"$605,522.07",Sold,C1722,605522.07,334.29139983217027,True
130212,13,2024-05-01,Apartment,24,1044.69,"$357,429.62",Sold,C1684,357429.62,342.139409777063,True
130222,13,2024-05-01,Apartment,25,633.86,"$189,457.38",Available,,189457.38,298.8946770580254,False
130229,13,2024-05-01,Apartment,27,885.68,"$229,554.32",Sold,C1890,229554.32,259.1842651973625,True
130243,13,2024-05-01,Apartment,28,1173.72,"$330,183.47",Available,,330183.47,281.31366083904163,False
130245,13,2024-05-01,Apartment,28,1173.72,"$384,319.84",Sold,C0857,384319.84,327.4374126708244,True
130249,13,2024-05-01,Apartment,29,568.7,"$160,520.27",Sold,C1484,160520.27,282.2582556708282,True
130260,13,2024-05-01,Apartment,30,1777.51,"$485,888.28",Sold,C1190,485888.28,273.35333134553395,True
130261,13,2024-05-01,Apartment,30,1777.51,"$589,380.74",Sold,C0368,589380.74,331.57660997687776,True
130266,13,2024-05-01,Office,31,627.57,"$179,443.23",Sold,C1605,179443.23,285.933409818825,True
130271,13,2024-05-01,Apartment,32,1114.07,"$355,169.50",Sold,C0745,355169.5,318.80357607690723,True
130300,13,2024-05-01,Apartment,33,1445.84,"$385,937.66",Sold,C1906,385937.66,266.92971559785315,True
130318,13,2024-05-01,Office,35,1867.34,"$654,120.74",Sold,C1763,654120.74,350.2954684203198,True
130332,13,2024-05-01,Apartment,37,1555.67,"$444,069.92",Sold,C1634,444069.92,285.45251885039886,True
130343,13,2024-05-01,Apartment,38,656.42,"$193,572.19",Sold,C0112,193572.19,294.8907559184669,True
130353,13,2024-05-01,Apartment,39,1054.77,"$334,166.59",Sold,C0463,334166.59,316.81465153540586,True
130388,13,2024-05-01,Apartment,43,1875.83,"$568,196.47",Sold,C0593,568196.47,302.90403181524977,True
130400,13,2024-05-01,Apartment,45,986.91,"$256,697.03",Available,,256697.03,260.10176206543656,False
130403,13,2024-05-01,Office,45,986.91,"$357,298.42",Available,,357298.42,362.03749075396945,False
130434,13,2024-05-01,Apartment,48,1728.84,"$525,419.08",Sold,C0193,525419.08,303.91423150783186,True
130435,13,2024-05-01,Apartment,48,1728.84,"$541,585.04",Sold,C1761,541585.04,313.26498692765097,True
130449,13,2024-05-01,Apartment,50,1469.09,"$482,069.52",Available,,482069.52,328.1415842460299,False
130522,13,2024-05-01,Apartment,60,1401.81,"$370,900.47",Sold,C1760,370900.47,264.58683416440175,True
130527,13,2024-05-01,Apartment,60,1401.81,"$471,079.28",Available,,471079.28,336.0507344076587,False
130558,13,2024-05-01,Apartment,65,612.66,"$163,574.83",Available,,163574.83,266.99120229817515,False
130559,13,2024-05-01,Apartment,65,612.66,"$186,656.42",Sold,C0550,186656.42,304.6655893970555,True
130563,13,2024-05-01,Apartment,66,1283.8,"$388,928.18",Sold,C0547,388928.18,302.9507555694033,True
130594,13,2024-05-01,Apartment,69,736.95,"$184,597.28",Available,,184597.28,250.4882013705136,False
140036,14,2024-05-01,Apartment,6,1733.36,"$477,046.12",Sold,C1319,477046.12,275.2146813125952,True
140051,14,2024-05-01,Apartment,8,618.89,"$190,875.59",Sold,C1035,190875.59,308.41601900176124,True
140098,14,2024-05-01,Apartment,12,459.44,"$158,892.76",Sold,C1130,158892.76,345.84006616750827,True
140112,14,2024-05-01,Apartment,12,459.44,"$145,907.47",Sold,C1847,145907.47,317.57676736897093,True
140120,14,2024-05-01,Apartment,13,442.74,"$160,735.05",Sold,C0458,160735.05,363.0461444640195,True
140133,14,2024-05-01,Apartment,14,1628.68,"$518,963.51",Sold,C0190,518963.51,318.6405616818528,True
140191,14,2024-05-01,Apartment,21,1560.87,"$504,051.85",Sold,C0806,504051.85,322.930064643436,True
140218,14,2024-05-01,Office,23,1610.37,"$590,849.87",Sold,C1642,590849.87,366.90317753062965,True
140219,14,2024-05-01,Apartment,23,1610.37,"$501,053.00",Sold,C0570,501053.0,311.14153890099794,True
140259,14,2024-05-01,Apartment,29,1618.34,"$424,083.22",Available,,424083.22,262.048284044144,False
140308,14,2024-05-01,Apartment,35,1152.84,"$399,680.68",Sold,C1532,399680.68,346.69223829846294,True
140323,14,2024-05-01,Apartment,38,1170.11,"$390,224.30",Sold,C0913,390224.3,333.49368862756495,True
140340,14,2024-05-01,Apartment,40,532.44,"$151,656.02",Available,,151656.02,284.83213131996087,False
140346,14,2024-05-01,Apartment,41,543.61,"$172,783.03",Sold,C1941,172783.03,317.8437298798771,True
140369,14,2024-05-01,Office,45,1388.61,"$480,678.50",Sold,C0847,480678.5,346.15802853212926,True
140370,14,2024-05-01,Apartment,45,1388.61,"$386,196.25",Sold,C1802,386196.25,278.11714592290133,True
140372,14,2024-05-01,Office,45,1388.61,"$343,689.96",Sold,C1985,343689.96,247.50647049927628,True
140373,14,2024-05-01,Office,45,1388.61,"$458,341.23",Sold,C1926,458341.23,330.0719640503813,True
140376,14,2024-05-01,Office,46,1258.99,"$324,485.55",Sold,C0781,324485.55,257.7348112375793,True
140423,14,2024-05-01,Apartment,51,1346.3,"$387,224.12",Sold,C0476,387224.12,287.6209760083191,True
140447,14,2024-05-01,Apartment,52,571.74,"$154,650.62",Sold,C0958,154650.62,270.49116731381395,True
140462,14,2024-05-01,Apartment,55,1415.9,"$412,499.97",Sold,C0109,412499.97,291.3341125785719,True
150001,15,2024-05-01,Apartment,1,1596.51,"$523,585.37",Sold,C1591,523585.37,327.956210734665,True
150004,15,2024-05-01,Apartment,1,1596.51,"$435,265.83",Available,,435265.83,272.63583065561755,False
150010,15,2024-05-01,Apartment,2,1522.89,"$455,019.48",Sold,C0872,455019.48,298.78683292949586,True
150012,15,2024-05-01,Apartment,2,1522.89,"$448,686.87",Sold,C1142,448686.87,294.62854835214625,True
150036,15,2024-05-01,Apartment,5,769.6,"$234,637.02",Available,,234637.02,304.8817827442827,False
150037,15,2024-05-01,Apartment,5,769.6,"$169,312.00",Sold,C1163,169312.0,220.0,True
150042,15,2024-05-01,Apartment,6,938.57,"$278,827.02",Sold,C1986,278827.02,297.0764247738581,True
150079,15,2024-05-01,Apartment,12,992.68,"$321,109.42",Sold,C0778,321109.42,323.47727364306724,True
150093,15,2024-05-01,Office,15,522.71,"$198,889.90",Sold,C1783,198889.9,380.49759905109903,True
150100,15,2024-05-01,Apartment,15,522.71,"$177,455.16",Sold,C1327,177455.16,339.49065447379996,True
150145,15,2024-05-01,Apartment,17,562.64,"$172,104.74",Available,,172104.74,305.8878501350775,False
150146,15,2024-05-01,Apartment,17,562.64,"$170,544.82",Available,,170544.82,303.11534906867627,False
150171,15,2024-05-01,Apartment,22,1317.29,"$397,474.25",Sold,C0968,397474.25,301.73632988939414,True
150263,15,2024-05-01,Office,31,1901.65,"$518,564.66",Sold,C0380,518564.66,272.6919569847238,True
150304,15,2024-05-01,Apartment,35,745.49,"$244,548.78",Available,,244548.78,328.03763967323505,False
150313,15,2024-05-01,Apartment,35,745.49,"$241,648.03",Sold,C1031,241648.03,324.14657473607963,True
150319,15,2024-05-01,Apartment,36,1424.81,"$469,262.61",Sold,C1879,469262.61,329.35100820460275,True
150330,15,2024-05-01,Apartment,38,585.57,"$173,559.11",Sold,C1493,173559.11,296.3934457024779,True
150355,15,2024-05-01,Apartment,43,1655.05,"$459,923.31",Available,,459923.31,277.89088547173804,False
150358,15,2024-05-01,Apartment,43,1655.05,"$494,886.23",Available,,494886.23,299.0158786743603,False
150366,15,2024-05-01,Apartment,44,1713.09,"$471,234.50",Available,,471234.5,275.07865903134103,False
150370,15,2024-05-01,Office,46,1672.19,"$580,909.55",Sold,C0740,580909.55,347.3944647438389,True
150384,15,2024-05-01,Apartment,48,1403.33,"$467,931.57",Sold,C1047,467931.57,333.44371601832785,True
150394,15,2024-05-01,Office,50,1841.5,"$622,128.29",Sold,C0733,622128.29,337.8377898452349,True
150401,15,2024-05-01,Office,50,1841.5,"$487,888.30",Sold,C0332,487888.3,264.9407005158838,True
150424,15,2024-05-01,Apartment,53,696.04,"$214,855.74",Sold,C0051,214855.74,308.68303545773233,True
150428,15,2024-05-01,Apartment,53,696.04,"$190,081.10",Sold,C0053,190081.1,273.0893339463249,True
150431,15,2024-05-01,Apartment,53,696.04,"$225,592.91",Sold,C0814,225592.91,324.10911729210966,True
150438,15,2024-05-01,Apartment,55,892.75,"$199,337.08",Sold,C1009,199337.08,223.28432371884625,True
150452,15,2024-05-01,Apartment,55,892.75,"$258,561.18",Sold,C1549,258561.18,289.62327639316715,True
150481,15,2024-05-01,Apartment,57,429.34,"$129,874.21",Available,,129874.21,302.49734476172733,False
150484,15,2024-05-01,Apartment,57,429.34,"$123,902.56",Available,,123902.56,288.5884380677319,False
150493,15,2024-05-01,Apartment,58,1750.89,"$489,550.72",Sold,C1949,489550.72,279.6010714550885,True
160036,16,2024-05-01,Office,5,749.15,"$212,718.40",Available,,212718.4,283.946339184409,False
160044,16,2024-05-01,Apartment,6,1062.34,"$337,474.44",Sold,C1291,337474.44,317.6708398441177,True
160059,16,2024-05-01,Apartment,8,986.18,"$298,117.48",Sold,C1646,298117.48,302.2951996592914,True
160068,16,2024-05-01,Apartment,8,986.18,"$323,321.17",Available,,323321.17,327.85208582611693,False
160070,16,2024-05-01,Apartment,8,986.18,"$339,537.58",Sold,C0036,339537.58,344.29574722667263,True
160076,16,2024-05-01,Apartment,9,1524.04,"$465,908.64",Sold,C0978,465908.64,305.7063069210782,True
160084,16,2024-05-01,Apartment,9,1524.04,"$413,001.32",Sold,C1942,413001.32,270.9911288417627,True
160085,16,2024-05-01,Apartment,10,1608.56,"$481,870.89",Available,,481870.89,299.5666248072811,False
160090,16,2024-05-01,Apartment,10,1608.56,"$462,942.84",Sold,C1299,462942.84,287.7995474212961,True
160134,16,2024-05-01,Apartment,16,1451.17,"$457,255.05",Available,,457255.05,315.09406203270464,False
160140,16,2024-05-01,Apartment,17,836.32,"$271,374.98",Available,,271374.98,324.487014539889,False
160146,16,2024-05-01,Apartment,18,1432.77,"$412,459.53",Available,,412459.53,287.8756045980862,False
160154,16,2024-05-01,Apartment,19,1163.06,"$386,163.72",Sold,C1849,386163.72,332.0239024641893,True
160255,16,2024-05-01,Office,29,489.49,"$142,151.84",Sold,C0742,142151.84,290.40805736582973,True
160262,16,2024-05-01,Office,31,1336.97,"$431,255.44",Sold,C1468,431255.44,322.5617927103824,True
160315,16,2024-05-01,Apartment,37,922.03,"$241,260.03",Available,,241260.03,261.66180059217163,False
160316,16,2024-05-01,Apartment,37,922.03,"$240,529.29",Sold,C0768,240529.29,260.8692667266792,True
160319,16,2024-05-01,Apartment,38,431.83,"$125,388.18",Sold,C1219,125388.18,290.3646805455851,True
160342,16,2024-05-01,Apartment,41,1001.72,"$309,531.73",Sold,C1510,309531.73,309.0002495707383,True
170002,17,2024-05-01,Apartment,1,530.28,"$161,563.67",Sold,C0540,161563.67,304.67615222146793,True
170067,17,2024-05-01,Apartment,9,1505.53,"$455,786.14",Sold,C1999,455786.14,302.74132033237464,True
170068,17,2024-05-01,Office,9,1505.53,"$427,718.82",Sold,C0604,427718.82,284.09850351703386,True
170070,17,2024-05-01,Apartment,9,1505.53,"$396,440.12",Sold,C1206,396440.12,263.32263056863695,True
170084,17,2024-05-01,Apartment,10,1059.07,"$320,628.77",Sold,C0100,320628.77,302.74558811032324,True
170094,17,2024-05-01,Apartment,11,596.22,"$178,359.16",Sold,C1612,178359.16,299.14991110663846,True
170108,17,2024-05-01,Apartment,13,916.9,"$272,766.51",Sold,C0149,272766.51,297.487741302214,True
170120,17,2024-05-01,Apartment,14,1646.02,"$568,314.74",Sold,C1145,568314.74,345.26599919806563,True
170169,17,2024-05-01,Apartment,17,1827.25,"$515,350.54",Sold,C0425,515350.54,282.0361417430565,True
170172,17,2024-05-01,Office,18,554.84,"$176,141.69",Available,,176141.69,317.4639355489871,False
170199,17,2024-05-01,Apartment,22,1221.66,"$304,607.07",Sold,C1023,304607.07,249.33866214822453,True
170206,17,2024-05-01,Apartment,23,1025.52,"$332,480.57",Sold,C1279,332480.57,324.20681215383416,True
170213,17,2024-05-01,Apartment,25,939.46,"$261,579.72",Available,,261579.72,278.4362506120537,False
170225,17,2024-05-01,Apartment,26,929.59,"$263,358.97",Available,,263358.97,283.30658677481466,False
170229,17,2024-05-01,Apartment,27,677.24,"$207,636.64",Sold,C1777,207636.64,306.5924044651822,True
170294,17,2024-05-01,Apartment,35,1667.01,"$479,795.84",Sold,C0152,479795.84,287.8182134480297,True
170298,17,2024-05-01,Apartment,37,644.06,"$204,381.46",Sold,C0215,204381.46,317.33295034624103,True
170326,17,2024-05-01,Office,39,1341.67,"$427,064.40",Sold,C0345,427064.4,318.3080787376926,True
170327,17,2024-05-01,Apartment,40,1583.13,"$555,106.11",Sold,C1470,555106.11,350.6383619791173,True
170402,17,2024-05-01,Apartment,48,1833.96,"$622,276.58",Sold,C0854,622276.58,339.3076075814085,True
170427,17,2024-05-01,Apartment,49,1283.67,"$425,460.03",Available,,425460.03,331.44034681810746,False
180014,18,2024-05-01,Office,2,650.96,"$196,014.35",Sold,C0218,196014.35,301.1158135676539,True
180018,18,2024-05-01,Apartment,3,524.48,"$142,513.06",Sold,C1306,142513.06,271.7225823672971,True
180030,18,2024-05-01,Apartment,4,1096.58,"$294,232.90",Available,,294232.9,268.318681719528,False
180045,18,2024-05-01,Apartment,5,883.32,"$287,698.68",Available,,287698.68,325.7015351175112,False
180114,18,2024-05-01,Apartment,15,1728.6,"$556,047.50",Sold,C0670,556047.5,321.6750549577693,True
180122,18,2024-05-01,Apartment,16,1360.96,"$385,209.70",Available,,385209.7,283.0426316717611,False
180123,18,2024-05-01,Apartment,16,1360.96,"$421,724.13",Sold,C0728,421724.13,309.87253850223374,True
180135,18,2024-05-01,Apartment,17,1195.81,"$365,604.56",Sold,C1574,365604.56,305.73800185648224,True
180178,18,2024-05-01,Apartment,23,1659.02,"$435,031.56",Sold,C1809,435031.56,262.222010584562,True
180202,18,2024-05-01,Office,26,1147.71,"$345,920.26",Sold,C0195,345920.26,301.40040602591245,True
180227,18,2024-05-01,Apartment,28,514.67,"$162,825.00",Sold,C0680,162825.0,316.3677696387977,True
180258,18,2024-05-01,Apartment,30,1795.66,"$550,595.85",Sold,C1105,550595.85,306.62589242952447,True
180259,18,2024-05-01,Apartment,30,1795.66,"$524,465.49",Available,,524465.49,292.0739393871891,False
180261,18,2024-05-01,Apartment,30,1795.66,"$514,747.26",Sold,C0160,514747.26,286.6618736286379,True
180264,18,2024-05-01,Apartment,30,1795.66,"$601,666.05",Sold,C0663,601666.05,335.06679995099296,True
180274,18,2024-05-01,Apartment,32,1512.9,"$366,328.69",Sold,C1170,366328.69,242.13675061140853,True
180295,18,2024-05-01,Apartment,36,1089.77,"$297,402.36",Available,,297402.36,272.9037870376318,False
180297,18,2024-05-01,Apartment,36,1089.77,"$296,702.80",Sold,C1052,296702.8,272.2618534186113,True
180303,18,2024-05-01,Apartment,36,1089.77,"$323,040.69",Available,,323040.69,296.43015498683206,False
180311,18,2024-05-01,Apartment,36,1089.77,"$311,067.21",Sold,C0603,311067.21,285.4429925580627,True
180331,18,2024-05-01,Apartment,38,1219.8,"$394,533.66",Available,,394533.66,323.4412690605017,False
180355,18,2024-05-01,Apartment,40,990.46,"$295,510.60",Sold,C0293,295510.6,298.35692506512123,True
180362,18,2024-05-01,Apartment,40,990.46,"$297,021.88",Sold,C1472,297021.88,299.8827615451406,True
180397,18,2024-05-01,Office,45,1627.52,"$590,130.14",Sold,C0077,590130.14,362.5947085135667,True
180408,18,2024-05-01,Apartment,45,1627.52,"$444,502.63",Sold,C1266,444502.63,273.11653927447895,True
180411,18,2024-05-01,Apartment,46,1410.38,"$511,036.51",Available,,511036.51,362.33958933053503,False
180426,18,2024-05-01,Apartment,48,564.59,"$162,372.88",Sold,C1363,162372.88,287.59432508546024,True
180427,18,2024-05-01,Apartment,48,564.59,"$179,567.57",Available,,179567.57,318.049504950495,False
180463,18,2024-05-01,Office,52,1424.54,"$494,843.93",Sold,C1368,494843.93,347.37103205245205,True
180468,18,2024-05-01,Apartment,53,1806.7,"$469,502.09",Available,,469502.09,259.86721093706757,False
180470,18,2024-05-01,Apartment,53,1806.7,"$595,879.26",Sold,C0724,595879.26,329.8163834615597,True
180481,18,2024-05-01,Apartment,53,1806.7,"$577,922.22",Sold,C0120,577922.22,319.8772458072729,True
180511,18,2024-05-01,Apartment,57,636.39,"$201,438.23",Sold,C1898,201438.23,316.532676503402,True
180556,18,2024-05-01,Apartment,64,893.66,"$248,257.94",Sold,C1408,248257.94,277.79909585300896,True
190006,19,2024-05-01,Apartment,2,1550.33,"$439,908.00",Available,,439908.0,283.7512013571304,False
190076,19,2024-05-01,Apartment,11,1869.93,"$557,814.29",Sold,C0856,557814.29,298.3075783585482,True
190085,19,2024-05-01,Apartment,13,766.61,"$208,167.63",Sold,C0463,208167.63,271.54306622663415,True
190097,19,2024-05-01,Apartment,14,630.47,"$179,792.45",Sold,C1239,179792.45,285.1720938347582,True
190111,19,2024-05-01,Apartment,15,538.06,"$142,969.08",Sold,C0494,142969.08,265.7121510612199,True
190128,19,2024-05-01,Apartment,18,1599.44,"$475,402.53",Available,,475402.53,297.23061196418746,False
190135,19,2024-05-01,Apartment,18,1599.44,"$492,421.76",Sold,C0393,492421.76,307.871354974241,True
190146,19,2024-05-01,Apartment,19,1697.73,"$536,481.69",Available,,536481.69,315.9994168684066,False
190148,19,2024-05-01,Apartment,19,1697.73,"$426,901.60",Sold,C1792,426901.6,251.45435375471953,True
190162,19,2024-05-01,Office,20,1772.03,"$508,492.65",Sold,C1437,508492.65,286.95487661044115,True
190211,19,2024-05-01,Apartment,26,668.24,"$184,466.93",Sold,C0972,184466.93,276.0489195498623,True
190233,19,2024-05-01,Office,28,1599.78,"$568,201.89",Available,,568201.89,355.17501781494957,False
190262,19,2024-05-01,Apartment,30,673.27,"$160,712.42",Sold,C0067,160712.42,238.70426426248017,True
190263,19,2024-05-01,Apartment,30,673.27,"$183,306.76",Available,,183306.76,272.2633713072022,False
190273,19,2024-05-01,Office,31,1089.64,"$310,351.72",Sold,C0574,310351.72,284.8204177526522,True
190277,19,2024-05-01,Apartment,32,1048.61,"$312,962.30",Sold,C1925,312962.3,298.45443015038956,True
190283,19,2024-05-01,Apartment,33,1454.84,"$456,061.70",Sold,C1583,456061.7,313.4789392647989,True
190289,19,2024-05-01,Office,34,783.42,"$238,506.76",Sold,C1812,238506.76,304.44303183477575,True
190295,19,2024-05-01,Apartment,35,1099.62,"$337,529.18",Available,,337529.18,306.9507466215602,False
190318,19,2024-05-01,Apartment,39,1237.04,"$381,910.97",Sold,C1728,381910.97,308.7296853779991,True
190353,19,2024-05-01,Office,41,1657.19,"$438,502.98",Sold,C1021,438502.98,264.60633964723417,True
190381,19,2024-05-01,Apartment,43,1697.72,"$498,887.12",Sold,C0790,498887.12,293.8571260278491,True
190409,19,2024-05-01,Apartment,46,1926.19,"$546,910.59",Sold,C0848,546910.59,283.9338746437267,True
200033,20,2024-05-01,Apartment,3,1645.93,"$500,359.24",Available,,500359.24,303.9978856938023,False
200041,20,2024-05-01,Apartment,4,631.75,"$190,860.98",Sold,C0438,190860.98,302.1147289275821,True
200056,20,2024-05-01,Apartment,6,1401.0,"$504,544.59",Sold,C1692,504544.59,360.13175588865096,True
200088,20,2024-05-01,Office,12,856.15,"$325,919.56",Available,,325919.56,380.6804415114174,False
200112,20,2024-05-01,Office,15,1805.12,"$588,372.59",Sold,C0788,588372.59,325.94652433079244,True
200118,20,2024-05-01,Apartment,16,645.44,"$225,236.42",Sold,C0954,225236.42,348.96569781854237,True
200126,20,2024-05-01,Apartment,16,645.44,"$189,004.45",Sold,C0023,189004.45,292.8303947694596,True
200143,20,2024-05-01,Apartment,17,1089.33,"$322,504.11",Sold,C0168,322504.11,296.05731045688634,True
200148,20,2024-05-01,Apartment,18,1868.01,"$557,469.37",Sold,C1200,557469.37,298.42954266840115,True
200185,20,2024-05-01,Apartment,19,759.72,"$226,302.61",Sold,C1981,226302.61,297.8763360185331,True
200214,20,2024-05-01,Office,26,1941.62,"$583,770.52",Sold,C0057,583770.52,300.66157126523217,True
200221,20,2024-05-01,Apartment,27,993.62,"$336,064.45",Available,,336064.45,338.22230832712705,False
200229,20,2024-05-01,Apartment,29,1844.16,"$628,812.33",Sold,C0005,628812.33,340.97493167621025,True
200260,20,2024-05-01,Apartment,30,1703.94,"$547,470.63",Available,,547470.63,321.29689425684,False
200344,20,2024-05-01,Apartment,37,632.35,"$178,371.29",Sold,C0312,178371.29,282.07684035739703,True
200348,20,2024-05-01,Apartment,38,1499.47,"$484,664.30",Sold,C0992,484664.3,323.2237390544659,True
200350,20,2024-05-01,Apartment,38,1499.47,"$476,655.47",Available,,476655.47,317.8826318632583,False
200392,20,2024-05-01,Apartment,43,1697.49,"$488,991.11",Sold,C1429,488991.11,288.0671520892612,True
200397,20,2024-05-01,Apartment,45,1532.67,"$462,288.76",Sold,C1955,462288.76,301.62315436460557,True
200424,20,2024-05-01,Apartment,48,860.8,"$289,841.72",Sold,C1575,289841.72,336.71203531598513,True
200445,20,2024-05-01,Apartment,50,493.06,"$171,624.15",Sold,C1793,171624.15,348.079645479252,True
200452,20,2024-05-01,Apartment,51,1062.33,"$345,373.29",Available,,345373.29,325.10923159470224,False
200454,20,2024-05-01,Apartment,51,1062.33,"$355,350.57",Available,,355350.57,334.5011154725933,False
200459,20,2024-05-01,Apartment,51,1062.33,"$272,335.56",Sold,C1576,272335.56,256.3568382705939,True
200463,20,2024-05-01,Apartment,51,1062.33,"$324,442.59",Available,,324442.59,305.40659682019714,False
200481,20,2024-05-01,Apartment,54,589.61,"$173,347.80",Sold,C1644,173347.8,294.004172249453,True
990026,5,2024-05-01,Apartment,51,789.25,"$199,216.40",Available,,199216.4,252.4122901488755,False
1009,1,2024-06-01,Office,9,1200.82,"$317,196.40",Sold,C0054,317196.4,264.1498309488517,True
2007,2,2024-06-01,Apartment,7,723.93,"$196,142.19",Sold,C0125,196142.19,270.9408230077494,True
2044,2,2024-06-01,Apartment,44,722.96,"$250,773.15",Sold,C0055,250773.15,346.8700204713953,True
3015,3,2024-06-01,Apartment,15,720.7,"$207,281.59",Sold,C0040,207281.59,287.6114749549049,True
3051,3,2024-06-01,Apartment,51,1357.16,"$385,447.69",Available,,385447.69,284.0104998673701,False
4002,4,2024-06-01,Apartment,2,789.25,"$231,348.93",Available,,231348.93,293.12503009185934,False
5018,5,2024-06-01,Apartment,18,1057.92,"$271,227.49",Available,,271227.49,256.37807206594067,False
10037,1,2024-06-01,Apartment,4,633.61,"$211,564.72",Available,,211564.72,333.90369470178814,False
10038,1,2024-06-01,Office,4,633.61,"$207,099.80",Sold,C0758,207099.8,326.8568993544925,True
10048,1,2024-06-01,Apartment,6,740.75,"$235,640.11",Available,,235640.11,318.11017212284844,False
10051,1,2024-06-01,Apartment,6,740.75,"$225,076.85",Sold,C1401,225076.85,303.84994937563283,True
10060,1,2024-06-01,Office,7,758.88,"$222,419.24",Available,,222419.24,293.08881509593084,False
10063,1,2024-06-01,Apartment,8,763.88,"$274,165.11",Sold,C1597,274165.11,358.91122951248883,True
10074,1,2024-06-01,Apartment,10,1439.52,"$349,187.69",Sold,C1837,349187.69,242.57230882516396,True
10109,1,2024-06-01,Apartment,14,1181.69,"$375,616.46",Sold,C1105,375616.46,317.8637883031929,True
10139,1,2024-06-01,Office,18,716.85,"$219,508.45",Sold,C1772,219508.45,306.2125270279696,True
10149,1,2024-06-01,Apartment,19,773.17,"$219,291.92",Sold,C0625,219291.92,283.6270419183362,True
10165,1,2024-06-01,Office,21,1957.16,"$526,058.84",Sold,C0567,526058.84,268.7868339839359,True
10187,1,2024-06-01,Apartment,23,1201.5,"$276,708.33",Sold,C1900,276708.33,230.30239700374534,True
10263,1,2024-06-01,Apartment,29,757.2,"$210,506.46",Available,,210506.46,278.0064183835182,False
10270,1,2024-06-01,Apartment,29,757.2,"$224,787.88",Sold,C0330,224787.88,296.8672477548864,True
10271,1,2024-06-01,Apartment,29,757.2,"$228,687.82",Available,,228687.82,302.01772319070255,False
10279,1,2024-06-01,Apartment,30,753.29,"$243,911.06",Sold,C0242,243911.06,323.7943687026245,True
10291,1,2024-06-01,Office,31,619.78,"$200,210.02",Sold,C1192,200210.02,323.03401206879863,True
10309,1,2024-06-01,Apartment,33,827.74,"$242,694.53",Sold,C0034,242694.53,293.2014038224563,True
10387,1,2024-06-01,Apartment,45,767.46,"$241,846.09",Sold,C0105,241846.09,315.1253355223725,True
20004,2,2024-06-01,Apartment,1,706.3,"$233,124.97",Sold,C1102,233124.97,330.06508565765256,True
20008,2,2024-06-01,Apartment,1,706.3,"$204,997.52",Sold,C0076,204997.52,290.2414271555996,True
20020,2,2024-06-01,Apartment,3,645.84,"$179,062.73",Sold,C0745,179062.73,277.2555586522978,True
20022,2,2024-06-01,Apartment,3,645.84,"$186,825.58",Sold,C1744,186825.58,289.2753313514183,True
20028,2,2024-06-01,Apartment,3,645.84,"$207,709.77",Sold,C0853,207709.77,321.6118078781122,True
20073,2,2024-06-01,Office,8,715.54,"$217,319.81",Sold,C1134,217319.81,303.7144114934176,True
20119,2,2024-06-01,Apartment,15,1603.33,"$455,712.93",Sold,C1624,455712.93,284.2290295821821,True
20120,2,2024-06-01,Apartment,15,1603.33,"$507,748.67",Available,,507748.67,316.6838205484835,False
20137,2,2024-06-01,Apartment,17,1397.4,"$394,000.01",Sold,C0393,394000.01,281.95220409331614,True
20142,2,2024-06-01,Apartment,17,1397.4,"$397,081.68",Sold,C0360,397081.68,284.1574924860455,True
20170,2,2024-06-01,Apartment,20,727.55,"$247,073.99",Sold,C1593,247073.99,339.5972647927978,True
20220,2,2024-06-01,Apartment,24,785.12,"$243,597.84",Sold,C1162,243597.84,310.2682901976768,True
20241,2,2024-06-01,Apartment,26,1577.79,"$523,520.73",Sold,C0265,523520.73,331.8063430494552,True
20266,2,2024-06-01,Apartment,31,629.92,"$189,529.43",Sold,C0217,189529.43,300.8785718821438,True
20270,2,2024-06-01,Apartment,32,925.63,"$255,847.44",Sold,C1359,255847.44,276.4035737821808,True
20272,2,2024-06-01,Apartment,32,925.63,"$221,533.82",Sold,C0415,221533.82,239.3330164320517,True
20283,2,2024-06-01,Apartment,33,931.4,"$243,101.66",Available,,243101.66,261.00672106506335,False
20295,2,2024-06-01,Office,35,1391.68,"$423,238.84",Sold,C0813,423238.84,304.1208036330191,True
20306,2,2024-06-01,Apartment,36,641.72,"$209,926.73",Available,,209926.73,327.13135012154834,False
20326,2,2024-06-01,Apartment,39,788.77,"$237,883.82",Available,,237883.82,301.58832105683535,False
20363,2,2024-06-01,Apartment,42,786.45,"$223,297.56",Available,,223297.56,283.9310318519931,False
20405,2,2024-06-01,Apartment,47,708.32,"$197,007.65",Sold,C0400,197007.65,278.1336825163767,True
20406,2,2024-06-01,Office,47,708.32,"$188,014.56",Sold,C0537,188014.56,265.4373164671335,True
20440,2,2024-06-01,Apartment,51,699.31,"$206,388.13",Sold,C0283,206388.13,295.1311006563613,True
20490,2,2024-06-01,Apartment,57,789.52,"$217,378.39",Available,,217378.39,275.32980798459823,False
20492,2,2024-06-01,Apartment,57,789.52,"$275,548.06",Sold,C1950,275548.06,349.0070675853683,True
30023,3,2024-06-01,Apartment,2,672.64,"$241,432.47",Available,,241432.47,358.9326682921028,False
30033,3,2024-06-01,Apartment,4,719.96,"$230,528.92",Sold,C0211,230528.92,320.1968442691261,True
30041,3,2024-06-01,Apartment,4,719.96,"$214,613.17",Sold,C1149,214613.17,298.09040780043335,True
30061,3,2024-06-01,Office,7,744.01,"$223,349.45",Sold,C0871,223349.45,300.1968387521673,True
30063,3,2024-06-01,Apartment,7,744.01,"$234,370.71",Sold,C0117,234370.71,315.0101611537479,True
30064,3,2024-06-01,Apartment,7,744.01,"$212,281.58",Available,,212281.58,285.32086934315396,False
30101,3,2024-06-01,Apartment,9,1125.84,"$353,144.13",Sold,C0292,353144.13,313.67168514176086,True
30148,3,2024-06-01,Apartment,15,1230.25,"$319,403.26",Sold,C1399,319403.26,259.6246779109937,True
30156,3,2024-06-01,Apartment,18,706.68,"$229,412.62",Sold,C0005,229412.62,324.63437482311656,True
30183,3,2024-06-01,Apartment,20,802.97,"$245,079.83",Available,,245079.83,305.216670610359,False
30189,3,2024-06-01,Office,20,802.97,"$192,754.81",Sold,C0488,192754.81,240.05231826842845,True
30242,3,2024-06-01,Apartment,27,1117.14,"$332,759.79",Sold,C1073,332759.79,297.867581502766,True
30263,3,2024-06-01,Apartment,29,666.0,"$180,178.15",Available,,180178.15,270.5377627627628,False
30288,3,2024-06-01,Apartment,34,768.76,"$247,152.29",Available,,247152.29,321.49473177584684,False
30327,3,2024-06-01,Apartment,40,678.71,"$240,523.77",Sold,C0834,240523.77,354.3837132206686,True
30336,3,2024-06-01,Apartment,41,965.5,"$314,592.39",Sold,C1361,314592.39,325.83365095805283,True
30345,3,2024-06-01,Office,42,1343.96,"$439,747.03",Available,,439747.03,327.2024688234769,False
30373,3,2024-06-01,Apartment,46,1599.81,"$538,098.62",Sold,C1793,538098.62,336.35157925003597,True
30436,3,2024-06-01,Apartment,50,713.67,"$217,307.23",Sold,C1971,217307.23,304.49259461655953,True
30459,3,2024-06-01,Apartment,54,787.64,"$226,236.28",Sold,C0508,226236.28,287.233101416891,True
30510,3,2024-06-01,Apartment,59,1353.02,"$439,606.13",Available,,439606.13,324.9073406158076,False
40002,4,2024-06-01,Apartment,1,1615.98,"$486,273.90",Available,,486273.9,300.9157910370178,False
40003,4,2024-06-01,Apartment,1,1615.98,"$419,401.36",Sold,C0276,419401.36,259.5337566058986,True
40007,4,2024-06-01,Apartment,1,1615.98,"$542,134.93",Sold,C1418,542134.93,335.4836879169297,True
40015,4,2024-06-01,Apartment,2,1620.07,"$531,362.61",Sold,C0811,531362.61,327.98743881437224,True
40034,4,2024-06-01,Apartment,4,783.03,"$176,619.49",Available,,176619.49,225.55903349807798,False
40039,4,2024-06-01,Office,4,783.03,"$275,110.41",Sold,C0382,275110.41,351.34082985326233,True
40043,4,2024-06-01,Office,4,783.03,"$246,228.64",Available,,246228.64,314.45620218893276,False
40056,4,2024-06-01,Apartment,5,786.98,"$251,554.82",Sold,C1228,251554.82,319.6457597397647,True
40093,4,2024-06-01,Office,12,789.38,"$243,288.52",Sold,C1496,243288.52,308.20203197446097,True
40098,4,2024-06-01,Apartment,13,809.06,"$228,891.79",Sold,C1038,228891.79,282.91077299582236,True
40101,4,2024-06-01,Apartment,13,809.06,"$230,130.03",Sold,C0097,230130.03,284.44124045188244,True
40109,4,2024-06-01,Apartment,14,1322.66,"$381,470.55",Sold,C1104,381470.55,288.41164774015994,True
40171,4,2024-06-01,Apartment,21,801.66,"$272,945.80",Sold,C0832,272945.8,340.4757627922062,True
40178,4,2024-06-01,Apartment,22,737.92,"$200,210.26",Sold,C1311,200210.26,271.3170262359064,True
40180,4,2024-06-01,Apartment,22,737.92,"$230,992.44",Sold,C0073,230992.44,313.0318191673894,True
40183,4,2024-06-01,Apartment,22,737.92,"$248,198.92",Available,,248198.92,336.34936036426717,False
40188,4,2024-06-01,Apartment,23,1110.99,"$357,128.99",Available,,357128.99,321.45112917307983,False
40206,4,2024-06-01,Office,26,790.05,"$239,629.75",Sold,C0747,239629.75,303.3096006581862,True
40231,4,2024-06-01,Office,27,1130.51,"$409,113.91",Available,,409113.91,361.8843796162794,False
40270,4,2024-06-01,Apartment,31,793.1,"$255,651.88",Sold,C1119,255651.88,322.34507628294034,True
40273,4,2024-06-01,Office,32,1328.09,"$425,602.22",Sold,C1045,425602.22,320.4618813484026,True
40306,4,2024-06-01,Apartment,37,800.13,"$279,019.73",Sold,C1688,279019.73,348.7179958256783,True
40313,4,2024-06-01,Apartment,38,800.08,"$261,905.49",Sold,C0600,261905.49,327.34912758724124,True
40318,4,2024-06-01,Apartment,39,743.73,"$227,362.44",Sold,C0592,227362.44,305.7056189746279,True
40345,4,2024-06-01,Apartment,41,779.87,"$241,306.20",Sold,C1735,241306.2,309.41849282572736,True
40352,4,2024-06-01,Apartment,42,738.34,"$220,006.69",Sold,C0196,220006.69,297.9747677221876,True
40406,4,2024-06-01,Apartment,46,800.23,"$244,162.91",Available,,244162.91,305.11591667395624,False
40411,4,2024-06-01,Apartment,47,805.88,"$244,393.48",Sold,C1322,244393.48,303.26286792078224,True
40414,4,2024-06-01,Apartment,48,1621.39,"$511,639.20",Sold,C0978,511639.2,315.5559119027501,True
40415,4,2024-06-01,Apartment,49,739.7,"$244,250.08",Sold,C0777,244250.08,330.2015411653373,True
40435,4,2024-06-01,Apartment,51,802.11,"$218,500.34",Sold,C1776,218500.34,272.4069516649836,True
50026,5,2024-06-01,Apartment,5,821.43,"$260,697.66",Available,,260697.66,317.3705123991089,False
50058,5,2024-06-01,Office,9,793.56,"$250,072.13",Sold,C0772,250072.13,315.1269343212864,True
50063,5,2024-06-01,Apartment,9,793.56,"$236,222.60",Available,,236222.6,297.6745299662282,False
50084,5,2024-06-01,Apartment,11,1058.56,"$322,810.75",Available,,322810.75,304.9527187877872,False
50104,5,2024-06-01,Apartment,13,791.13,"$257,161.54",Sold,C0318,257161.54,325.05598321388396,True
50145,5,2024-06-01,Apartment,19,819.72,"$254,253.54",Sold,C1962,254253.54,310.1712048016396,True
50151,5,2024-06-01,Apartment,20,804.84,"$202,296.39",Sold,C1468,202296.39,251.34982108245117,True
50153,5,2024-06-01,Apartment,20,804.84,"$202,928.64",Sold,C0135,202928.64,252.13538094528107,True
50167,5,2024-06-01,Apartment,22,1059.78,"$260,715.95",Available,,260715.95,246.00950197210744,False
50169,5,2024-06-01,Apartment,22,1059.78,"$359,054.49",Sold,C1159,359054.49,338.80096812546,True
50172,5,2024-06-01,Apartment,23,1006.65,"$272,070.17",Sold,C1343,272070.17,270.2728555108528,True
50190,5,2024-06-01,Apartment,24,807.02,"$245,591.43",Sold,C0576,245591.43,304.3188892468588,True
50214,5,2024-06-01,Apartment,28,1247.24,"$388,946.75",Sold,C0646,388946.75,311.8459558705622,True
50239,5,2024-06-01,Apartment,32,1051.39,"$324,712.23",Available,,324712.23,308.8408963372297,False
50273,5,2024-06-01,Apartment,36,627.56,"$160,884.82",Available,,160884.82,256.3656383453375,False
50301,5,2024-06-01,Apartment,40,1053.41,"$326,386.96",Sold,C1187,326386.96,309.83848643927814,True
50322,5,2024-06-01,Apartment,42,791.2,"$229,347.59",Available,,229347.59,289.8730915065723,False
50323,5,2024-06-01,Office,42,791.2,"$264,319.55",Sold,C0595,264319.55,334.07425429726993,True
50342,5,2024-06-01,Apartment,44,806.03,"$281,332.10",Sold,C0820,281332.1,349.0342791211245,True
50408,5,2024-06-01,Apartment,47,1241.14,"$361,880.91",Sold,C1272,361880.91,291.57138598385353,True
50410,5,2024-06-01,Apartment,47,1241.14,"$374,761.15",Sold,C1229,374761.15,301.9491354722271,True
50412,5,2024-06-01,Apartment,47,1241.14,"$390,460.54",Sold,C1135,390460.54,314.59830478431115,True
60037,6,2024-06-01,Apartment,4,1925.28,"$603,075.18",Available,,603075.18,313.2402455746697,False
60049,6,2024-06-01,Office,4,1925.28,"$591,434.36",Sold,C0918,591434.36,307.19394581567354,True
60064,6,2024-06-01,Apartment,6,951.22,"$312,973.47",Available,,312973.47,329.02322280860363,False
60074,6,2024-06-01,Apartment,7,1075.42,"$336,562.17",Sold,C0597,336562.17,312.9588160904576,True
60106,6,2024-06-01,Apartment,8,986.97,"$298,751.02",Sold,C1589,298751.02,302.6951376434948,True
60116,6,2024-06-01,Apartment,10,942.08,"$266,254.66",Sold,C1707,266254.66,282.6242569633152,True
60132,6,2024-06-01,Apartment,10,942.08,"$312,462.36",Sold,C1360,312462.36,331.67285156249994,True
60142,6,2024-06-01,Apartment,12,1678.17,"$486,971.08",Sold,C0241,486971.08,290.1798268351836,True
60144,6,2024-06-01,Apartment,12,1678.17,"$501,616.65",Sold,C0215,501616.65,298.9069343391909,True
60151,6,2024-06-01,Apartment,12,1678.17,"$516,468.06",Sold,C1858,516468.06,307.75669926169576,True
60172,6,2024-06-01,Apartment,15,1392.45,"$380,225.91",Sold,C0607,380225.91,273.0625228913067,True
60175,6,2024-06-01,Apartment,16,1687.92,"$583,294.59",Sold,C1048,583294.59,345.5700447888525,True
60176,6,2024-06-01,Apartment,16,1687.92,"$539,630.58",Available,,539630.58,319.70151428977675,False
60188,6,2024-06-01,Apartment,18,1086.3,"$290,813.53",Available,,290813.53,267.7101445272945,False
60201,6,2024-06-01,Apartment,19,1542.71,"$542,596.70",Available,,542596.7,351.7165896377154,False
60205,6,2024-06-01,Apartment,19,1542.71,"$421,263.63",Sold,C0222,421263.63,273.06728419469636,True
60230,6,2024-06-01,Office,21,833.23,"$249,582.36",Sold,C0079,249582.36,299.53597446083313,True
60266,6,2024-06-01,Apartment,28,1723.12,"$454,697.17",Available,,454697.17,263.88015344259253,False
60278,6,2024-06-01,Apartment,30,552.59,"$158,528.72",Sold,C0510,158528.72,286.8830778696683,True
60282,6,2024-06-01,Apartment,31,1768.9,"$389,158.00",Available,,389158.0,220.0,False
60293,6,2024-06-01,Office,33,1131.0,"$285,599.91",Available,,285599.91,252.5198143236074,False
60300,6,2024-06-01,Office,33,1131.0,"$357,969.10",Sold,C1785,357969.1,316.5067197170645,True
60311,6,2024-06-01,Apartment,34,1353.81,"$404,268.31",Sold,C1729,404268.31,298.6152488163036,True
60320,6,2024-06-01,Apartment,35,999.85,"$314,469.22",Available,,314469.22,314.51639745961893,False
60331,6,2024-06-01,Apartment,37,1721.96,"$519,841.25",Sold,C0599,519841.25,301.8892715277939,True
60339,6,2024-06-01,Apartment,37,1721.96,"$474,499.21",Sold,C0376,474499.21,275.55762619340754,True
60356,6,2024-06-01,Apartment,40,1640.68,"$407,646.04",Sold,C1366,407646.04,248.4616378574737,True
60362,6,2024-06-01,Apartment,41,940.72,"$338,571.79",Sold,C0322,338571.79,359.90708180967766,True
60375,6,2024-06-01,Apartment,43,1492.81,"$510,616.13",Sold,C1155,510616.13,342.0503145075395,True
60378,6,2024-06-01,Office,43,1492.81,"$470,276.81",Available,,470276.81,315.0279071013726,False
60379,6,2024-06-01,Office,43,1492.81,"$397,046.73",Available,,397046.73,265.9727158848078,False
60380,6,2024-06-01,Apartment,43,1492.81,"$463,180.98",Sold,C0176,463180.98,310.27456943616403,True
60428,6,2024-06-01,Apartment,51,1476.63,"$409,110.59",Available,,409110.59,277.0569404657903,False
60431,6,2024-06-01,Apartment,51,1476.63,"$443,662.17",Sold,C1036,443662.17,300.4558826517137,True
70025,7,2024-06-01,Apartment,5,1144.09,"$305,670.88",Sold,C0186,305670.88,267.1738062565008,True
70032,7,2024-06-01,Apartment,5,1144.09,"$362,755.75",Sold,C0138,362755.75,317.06924280432486,True
70034,7,2024-06-01,Apartment,5,1144.09,"$352,076.14",Sold,C0496,352076.14,307.73465374227555,True
70040,7,2024-06-01,Apartment,7,1071.02,"$291,584.63",Available,,291584.63,272.24947246550016,False
70046,7,2024-06-01,Apartment,8,1561.28,"$429,513.17",Available,,429513.17,275.10322940151667,False
70047,7,2024-06-01,Apartment,8,1561.28,"$491,819.70",Sold,C1837,491819.7,315.0105682516909,True
70071,7,2024-06-01,Apartment,10,1495.37,"$469,669.56",Sold,C1080,469669.56,314.08250800805155,True
70072,7,2024-06-01,Apartment,10,1495.37,"$440,670.26",Sold,C0145,440670.26,294.68978246186566,True
70080,7,2024-06-01,Apartment,12,804.65,"$219,643.49",Sold,C1431,219643.49,272.96773752563223,True
70096,7,2024-06-01,Apartment,13,604.6,"$175,373.36",Sold,C0916,175373.36,290.0651008931525,True
70099,7,2024-06-01,Apartment,13,604.6,"$191,788.99",Sold,C0181,191788.99,317.2163248428713,True
70112,7,2024-06-01,Apartment,15,602.92,"$157,355.06",Available,,157355.06,260.9882903204405,False
70126,7,2024-06-01,Apartment,15,602.92,"$180,042.93",Sold,C0688,180042.93,298.61827439793007,True
70162,7,2024-06-01,Office,19,751.07,"$268,795.74",Sold,C0973,268795.74,357.8837391987431,True
70166,7,2024-06-01,Apartment,19,751.07,"$220,051.06",Sold,C0687,220051.06,292.9834236489275,True
70172,7,2024-06-01,Apartment,19,751.07,"$239,960.50",Sold,C0516,239960.5,319.4915254237288,True
70206,7,2024-06-01,Apartment,23,1222.69,"$346,238.65",Sold,C0186,346238.65,283.1777883191978,True
70208,7,2024-06-01,Office,23,1222.69,"$370,617.40",Sold,C0325,370617.4,303.1164072659464,True
70238,7,2024-06-01,Apartment,26,717.0,"$173,139.43",Sold,C1919,173139.43,241.4775871687587,True
70285,7,2024-06-01,Office,34,1487.05,"$441,928.46",Available,,441928.46,297.18466763054374,False
70288,7,2024-06-01,Apartment,35,613.21,"$196,422.95",Available,,196422.95,320.3192218000359,False
70294,7,2024-06-01,Apartment,35,613.21,"$192,239.46",Available,,192239.46,313.496942319923,False
70300,7,2024-06-01,Apartment,35,613.21,"$200,969.37",Sold,C1236,200969.37,327.73335398966094,True
70306,7,2024-06-01,Apartment,36,1748.75,"$476,178.74",Sold,C0883,476178.74,272.2966347390994,True
70320,7,2024-06-01,Apartment,38,1755.26,"$508,002.04",Sold,C1302,508002.04,289.416975262924,True
70329,7,2024-06-01,Apartment,38,1755.26,"$531,318.81",Sold,C1344,531318.81,302.7009161035972,True
70390,7,2024-06-01,Apartment,44,1859.83,"$531,593.91",Sold,C1109,531593.91,285.8293016028347,True
70414,7,2024-06-01,Office,48,533.35,"$160,290.77",Sold,C1603,160290.77,300.5358020061873,True
70434,7,2024-06-01,Apartment,50,502.02,"$169,117.16",Sold,C0957,169117.16,336.8733516592965,True
70452,7,2024-06-01,Apartment,54,1940.69,"$568,937.95",Sold,C1522,568937.95,293.16271532290057,True
70461,7,2024-06-01,Apartment,54,1940.69,"$483,718.98",Available,,483718.98,249.25102927309356,False
70478,7,2024-06-01,Apartment,56,1589.6,"$542,304.45",Sold,C0856,542304.45,341.15780699547054,True
80007,8,2024-06-01,Apartment,1,1109.29,"$316,502.81",Sold,C1660,316502.81,285.32016875659207,True
80010,8,2024-06-01,Apartment,2,1097.36,"$301,641.79",Sold,C0321,301641.79,274.87951993876214,True
80043,8,2024-06-01,Apartment,5,887.23,"$254,400.82",Sold,C0940,254400.82,286.73604364144586,True
80061,8,2024-06-01,Apartment,6,1370.17,"$415,532.62",Sold,C1491,415532.62,303.270849602604,True
80081,8,2024-06-01,Apartment,9,1869.81,"$583,919.98",Sold,C0108,583919.98,312.28840363459386,True
80091,8,2024-06-01,Apartment,10,737.92,"$237,539.69",Sold,C0752,237539.69,321.90439343018215,True
80095,8,2024-06-01,Apartment,11,742.87,"$229,209.80",Sold,C1370,229209.8,308.546313621495,True
80103,8,2024-06-01,Apartment,13,660.3,"$198,403.06",Sold,C0255,198403.06,300.47411782523096,True
80119,8,2024-06-01,Apartment,14,685.93,"$213,463.01",Sold,C1860,213463.01,311.20232385228815,True
80168,8,2024-06-01,Apartment,22,1495.57,"$445,954.78",Sold,C0550,445954.78,298.1838228902693,True
80182,8,2024-06-01,Apartment,26,1625.38,"$555,296.53",Sold,C1295,555296.53,341.64105009290137,True
80195,8,2024-06-01,Apartment,27,1376.34,"$375,052.48",Sold,C1016,375052.48,272.4998764840083,True
80196,8,2024-06-01,Apartment,27,1376.34,"$413,270.23",Sold,C0682,413270.23,300.267542903643,True
80228,8,2024-06-01,Apartment,30,1070.46,"$323,302.12",Sold,C1902,323302.12,302.0216729256581,True
80252,8,2024-06-01,Apartment,31,1253.18,"$304,765.28",Sold,C1976,304765.28,243.19353963516815,True
80259,8,2024-06-01,Apartment,31,1253.18,"$433,975.99",Sold,C0631,433975.99,346.29980529532867,True
80276,8,2024-06-01,Apartment,33,1809.87,"$514,705.32",Sold,C1850,514705.32,284.38800576837014,True
80283,8,2024-06-01,Apartment,33,1809.87,"$545,577.55",Sold,C0793,545577.55,301.4457115704443,True
80286,8,2024-06-01,Apartment,33,1809.87,"$568,415.25",Sold,C1996,568415.25,314.06413167796586,True
80305,8,2024-06-01,Apartment,36,673.86,"$207,100.33",Sold,C0166,207100.33,307.33435728489593,True
80329,8,2024-06-01,Apartment,37,890.65,"$266,626.12",Sold,C1774,266626.12,299.36127547296917,True
80332,8,2024-06-01,Apartment,37,890.65,"$285,851.51",Sold,C1839,285851.51,320.94707236288104,True
80353,8,2024-06-01,Apartment,41,610.26,"$195,491.76",Sold,C0110,195491.76,320.34175597286406,True
80355,8,2024-06-01,Apartment,42,1473.68,"$463,480.05",Sold,C1766,463480.05,314.5052182291949,True
80360,8,2024-06-01,Apartment,43,1490.59,"$453,691.82",Available,,453691.82,304.37063176326154,False
80362,8,2024-06-01,Apartment,43,1490.59,"$411,103.50",Available,,411103.5,275.7991801903944,False
80395,8,2024-06-01,Apartment,46,1175.51,"$362,891.42",Sold,C1600,362891.42,308.7097685260015,True
80398,8,2024-06-01,Apartment,46,1175.51,"$445,068.24",Sold,C1773,445068.24,378.6171448988099,True
80406,8,2024-06-01,Apartment,47,543.08,"$161,394.43",Sold,C1859,161394.43,297.1835272887972,True
80479,8,2024-06-01,Apartment,56,1874.7,"$473,611.55",Sold,C0168,473611.55,252.63324798634446,True
90049,9,2024-06-01,Apartment,8,1315.55,"$435,222.01",Sold,C0874,435222.01,330.828938466801,True
90058,9,2024-06-01,Apartment,10,1172.34,"$311,743.31",Sold,C0057,311743.31,265.91544261903545,True
90061,9,2024-06-01,Apartment,11,559.6,"$168,433.25",Sold,C1062,168433.25,300.9886526090064,True
90072,9,2024-06-01,Apartment,12,952.38,"$285,574.09",Sold,C1193,285574.09,299.8530943530944,True
90091,9,2024-06-01,Apartment,15,1732.33,"$545,279.84",Sold,C1293,545279.84,314.7667245848077,True
90095,9,2024-06-01,Apartment,16,924.6,"$259,266.94",Sold,C1151,259266.94,280.4098420938784,True
90097,9,2024-06-01,Apartment,16,924.6,"$322,492.37",Sold,C0531,322492.37,348.7912286394116,True
90098,9,2024-06-01,Apartment,16,924.6,"$274,763.58",Sold,C0952,274763.58,297.170214146658,True
90118,9,2024-06-01,Office,18,860.97,"$247,067.76",Sold,C1172,247067.76,286.96442384752083,True
90135,9,2024-06-01,Apartment,21,1261.65,"$409,255.12",Sold,C1855,409255.12,324.3808663258431,True
90160,9,2024-06-01,Apartment,25,1904.38,"$579,567.49",Sold,C0530,579567.49,304.333951207217,True
90187,9,2024-06-01,Apartment,27,1207.33,"$375,316.39",Sold,C0992,375316.39,310.86479255878675,True
90202,9,2024-06-01,Apartment,30,1250.17,"$345,570.15",Sold,C0721,345570.15,276.41852708031706,True
90237,9,2024-06-01,Apartment,33,973.52,"$285,383.07",Sold,C1686,285383.07,293.1455645492645,True
90244,9,2024-06-01,Apartment,34,1577.36,"$469,331.42",Sold,C1336,469331.42,297.54236192118475,True
90332,9,2024-06-01,Apartment,39,1839.34,"$577,426.88",Sold,C0326,577426.88,313.93156240825516,True
90350,9,2024-06-01,Apartment,41,1488.32,"$435,540.27",Available,,435540.27,292.6388612663944,False
90353,9,2024-06-01,Apartment,41,1488.32,"$448,582.79",Available,,448582.79,301.40211110513866,False
90355,9,2024-06-01,Apartment,41,1488.32,"$463,001.84",Sold,C1387,463001.84,311.09024940872933,True
90380,9,2024-06-01,Apartment,45,786.13,"$293,555.19",Sold,C1554,293555.19,373.41812422881713,True
90383,9,2024-06-01,Office,45,786.13,"$222,973.92",Sold,C0963,222973.92,283.63492043300727,True
90397,9,2024-06-01,Apartment,47,1262.78,"$384,736.43",Sold,C1128,384736.43,304.67415543483423,True
90493,9,2024-06-01,Apartment,58,838.34,"$242,722.37",Sold,C1060,242722.37,289.5273635994942,True
90512,9,2024-06-01,Apartment,58,838.34,"$246,465.48",Sold,C1719,246465.48,293.99227043920126,True
90515,9,2024-06-01,Office,59,1697.13,"$556,945.98",Sold,C1511,556945.98,328.1693093634547,True
90520,9,2024-06-01,Apartment,59,1697.13,"$534,178.90",Sold,C1562,534178.9,314.75426160635897,True
90522,9,2024-06-01,Apartment,59,1697.13,"$450,186.35",Sold,C1065,450186.35,265.2633269107257,True
90527,9,2024-06-01,Apartment,60,1919.77,"$543,292.36",Sold,C0800,543292.36,282.9986717158826,True
100003,10,2024-06-01,Apartment,1,1006.89,"$334,266.66",Sold,C1321,334266.66,331.97932246819414,True
100004,10,2024-06-01,Apartment,1,1006.89,"$312,546.55",Available,,312546.55,310.40783998252044,False
100009,10,2024-06-01,Apartment,2,1830.46,"$592,851.63",Sold,C0579,592851.63,323.881226576926,True
100014,10,2024-06-01,Office,3,1197.61,"$394,120.88",Sold,C1031,394120.88,329.0895032606608,True
100020,10,2024-06-01,Apartment,4,1765.37,"$610,483.40",Available,,610483.4,345.81045333272914,False
100032,10,2024-06-01,Apartment,4,1765.37,"$510,799.00",Available,,510799.0,289.3438769209854,False
100064,10,2024-06-01,Apartment,8,1054.86,"$310,600.71",Sold,C0740,310600.71,294.44732950344127,True
100072,10,2024-06-01,Apartment,9,1849.4,"$570,604.36",Available,,570604.36,308.53485454742076,False
100089,10,2024-06-01,Apartment,11,1675.44,"$490,797.12",Sold,C0737,490797.12,292.9362555507807,True
100125,10,2024-06-01,Apartment,16,1169.15,"$360,551.22",Available,,360551.22,308.38747808236747,False
100129,10,2024-06-01,Apartment,17,647.35,"$208,354.22",Sold,C1015,208354.22,321.8571406503437,True
100151,10,2024-06-01,Apartment,19,948.04,"$268,237.71",Available,,268237.71,282.9392325218345,False
100179,10,2024-06-01,Apartment,24,708.64,"$169,191.18",Sold,C1184,169191.18,238.7547696997065,True
100182,10,2024-06-01,Office,25,1487.17,"$475,205.98",Sold,C0411,475205.98,319.5370939435303,True
100188,10,2024-06-01,Office,25,1487.17,"$450,549.44",Available,,450549.44,302.9575905915262,False
100206,10,2024-06-01,Apartment,26,1294.85,"$400,543.99",Sold,C1943,400543.99,309.3362088272773,True
100224,10,2024-06-01,Apartment,28,1606.58,"$441,336.20",Available,,441336.2,274.70539904642163,False
100226,10,2024-06-01,Apartment,28,1606.58,"$441,602.33",Sold,C1156,441602.33,274.87104906073773,True
100251,10,2024-06-01,Apartment,30,1559.4,"$448,712.69",Sold,C0794,448712.69,287.7470116711556,True
100261,10,2024-06-01,Apartment,31,1499.0,"$388,799.01",Sold,C0654,388799.01,259.3722548365577,True
100268,10,2024-06-01,Apartment,31,1499.0,"$344,108.77",Sold,C1489,344108.77,229.5588859239493,True
100271,10,2024-06-01,Apartment,31,1499.0,"$448,849.01",Sold,C0358,448849.01,299.4322948632422,True
100275,10,2024-06-01,Apartment,31,1499.0,"$403,651.55",Sold,C1527,403651.55,269.2805537024683,True
100382,10,2024-06-01,Apartment,44,1224.71,"$327,026.78",Available,,327026.78,267.02385054421046,False
100388,10,2024-06-01,Apartment,44,1224.71,"$399,400.23",Sold,C1708,399400.23,326.11820757567097,True
100428,10,2024-06-01,Apartment,50,1138.32,"$374,160.62",Available,,374160.62,328.69546349005554,False
110028,11,2024-06-01,Apartment,3,1479.84,"$429,554.86",Available,,429554.86,290.2711509352362,False
110030,11,2024-06-01,Apartment,3,1479.84,"$398,527.61",Sold,C1962,398527.61,269.3045261649908,True
110046,11,2024-06-01,Apartment,6,1724.08,"$459,433.77",Sold,C0935,459433.77,266.48054034615564,True
110053,11,2024-06-01,Apartment,6,1724.08,"$543,452.80",Sold,C1449,543452.8,315.2132151640296,True
110056,11,2024-06-01,Apartment,6,1724.08,"$537,245.49",Available,,537245.49,311.6128543919076,False
110079,11,2024-06-01,Apartment,10,1519.64,"$431,989.62",Available,,431989.62,284.27102471638017,False
110088,11,2024-06-01,Apartment,10,1519.64,"$442,267.25",Available,,442267.25,291.03422521123423,False
110101,11,2024-06-01,Apartment,11,1581.88,"$471,126.35",Available,,471126.35,297.8268579158975,False
110119,11,2024-06-01,Office,13,474.93,"$140,986.81",Sold,C0712,140986.81,296.85808434927253,True
110121,11,2024-06-01,Apartment,13,474.93,"$149,499.39",Sold,C1106,149499.39,314.78194681321463,True
110128,11,2024-06-01,Apartment,14,524.68,"$148,911.72",Available,,148911.72,283.8143630403294,False
110148,11,2024-06-01,Apartment,15,1385.68,"$412,137.45",Sold,C0706,412137.45,297.4261373477282,True
110179,11,2024-06-01,Office,19,1083.98,"$439,922.56",Sold,C1063,439922.56,405.8401077510655,True
110210,11,2024-06-01,Apartment,24,1481.82,"$384,711.43",Sold,C0290,384711.43,259.6208918762063,True
110211,11,2024-06-01,Office,25,1802.24,"$588,353.61",Sold,C1803,588353.61,326.4568592418324,True
110223,11,2024-06-01,Apartment,27,1638.1,"$450,180.79",Sold,C1829,450180.79,274.81886942189124,True
110232,11,2024-06-01,Apartment,29,993.51,"$312,702.74",Sold,C0252,312702.74,314.7454378919185,True
110260,11,2024-06-01,Apartment,31,1232.68,"$278,765.30",Sold,C0381,278765.3,226.1457150274199,True
110272,11,2024-06-01,Office,33,1632.55,"$525,078.29",Sold,C1374,525078.29,321.63075556644515,True
110342,11,2024-06-01,Apartment,42,808.59,"$235,908.73",Sold,C0477,235908.73,291.75321238204776,True
110357,11,2024-06-01,Apartment,42,808.59,"$243,379.65",Sold,C0586,243379.65,300.99265387897447,True
110390,11,2024-06-01,Apartment,46,1798.85,"$609,149.51",Available,,609149.51,338.6327431414515,False
110437,11,2024-06-01,Office,52,1397.58,"$442,272.29",Available,,442272.29,316.45579501710097,False
110509,11,2024-06-01,Apartment,61,1299.46,"$378,780.47",Sold,C0986,378780.47,291.49067304880487,True
110532,11,2024-06-01,Apartment,62,1938.82,"$505,488.89",Available,,505488.89,260.7198656915031,False
110544,11,2024-06-01,Apartment,63,871.7,"$273,288.97",Sold,C0091,273288.97,313.5126419639784,True
110550,11,2024-06-01,Apartment,64,1916.26,"$634,786.20",Sold,C1285,634786.2,331.263085385073,True
110552,11,2024-06-01,Apartment,64,1916.26,"$440,168.38",Sold,C1558,440168.38,229.70180455679292,True
120017,12,2024-06-01,Apartment,2,1285.87,"$358,930.28",Sold,C1273,358930.28,279.1341893037399,True
120040,12,2024-06-01,Apartment,4,1559.34,"$469,471.11",Sold,C1198,469471.11,301.0703951671861,True
120108,12,2024-06-01,Apartment,13,1394.03,"$435,919.77",Sold,C1963,435919.77,312.7047265840764,True
120186,12,2024-06-01,Apartment,20,1802.21,"$581,602.93",Sold,C0457,581602.93,322.7165147235894,True
120251,12,2024-06-01,Apartment,27,871.52,"$238,611.29",Sold,C1731,238611.29,273.7875091793648,True
120270,12,2024-06-01,Apartment,29,688.73,"$200,881.62",Sold,C0602,200881.62,291.6696238003281,True
120274,12,2024-06-01,Office,29,688.73,"$200,846.70",Available,,200846.7,291.61892178357266,False
120304,12,2024-06-01,Office,34,1817.64,"$545,190.41",Sold,C1907,545190.41,299.9441088444356,True
120306,12,2024-06-01,Apartment,34,1817.64,"$523,608.94",Sold,C1058,523608.94,288.07076208710197,True
120341,12,2024-06-01,Apartment,38,1157.23,"$279,656.41",Sold,C0160,279656.41,241.66017991237695,True
120350,12,2024-06-01,Apartment,38,1157.23,"$323,296.43",Sold,C0799,323296.43,279.37093749729956,True
120369,12,2024-06-01,Apartment,38,1157.23,"$317,102.87",Sold,C1888,317102.87,274.01888129412475,True
120390,12,2024-06-01,Office,45,1898.75,"$498,739.47",Available,,498739.47,262.66726530612243,False
120403,12,2024-06-01,Apartment,47,1528.05,"$526,514.11",Sold,C1931,526514.11,344.56602205425213,True
120414,12,2024-06-01,Office,48,1919.31,"$564,420.33",Sold,C0608,564420.33,294.0746049361489,True
130010,13,2024-06-01,Apartment,1,1899.92,"$619,055.13",Sold,C1727,619055.13,325.83220872457787,True
130020,13,2024-06-01,Apartment,2,1651.02,"$566,227.62",Sold,C1472,566227.62,342.9562452302213,True
130034,13,2024-06-01,Apartment,2,1651.02,"$486,501.61",Sold,C0515,486501.61,294.6673026371576,True
130035,13,2024-06-01,Office,3,979.64,"$312,185.78",Sold,C0666,312185.78,318.67398227920467,True
130042,13,2024-06-01,Apartment,3,979.64,"$309,331.08",Sold,C0431,309331.08,315.7599526356621,True
130049,13,2024-06-01,Apartment,4,1629.74,"$535,134.61",Sold,C0186,535134.61,328.35581749236076,True
130061,13,2024-06-01,Apartment,6,1240.96,"$341,255.51",Sold,C0032,341255.51,274.99315852243427,True
130090,13,2024-06-01,Apartment,11,1678.3,"$559,863.12",Available,,559863.12,333.58941786331405,False
130093,13,2024-06-01,Office,11,1678.3,"$521,531.29",Sold,C1333,521531.29,310.7497408091521,True
130108,13,2024-06-01,Apartment,13,585.77,"$144,397.69",Sold,C0681,144397.69,246.50919302798027,True
130110,13,2024-06-01,Apartment,14,777.75,"$241,606.12",Sold,C0711,241606.12,310.64753455480553,True
130132,13,2024-06-01,Apartment,15,458.29,"$108,069.17",Available,,108069.17,235.80957472342837,False
130137,13,2024-06-01,Office,16,1772.88,"$518,419.79",Sold,C0724,518419.79,292.41673999368254,True
130151,13,2024-06-01,Apartment,17,1278.95,"$390,044.02",Available,,390044.02,304.97206302044646,False
130158,13,2024-06-01,Apartment,18,1820.34,"$476,408.36",Sold,C1302,476408.36,261.71394354900735,True
130163,13,2024-06-01,Apartment,19,758.69,"$241,091.13",Sold,C1682,241091.13,317.7729112022038,True
130171,13,2024-06-01,Apartment,20,516.72,"$151,275.21",Sold,C1344,151275.21,292.7605085926614,True
130200,13,2024-06-01,Apartment,22,1811.36,"$517,206.46",Sold,C1474,517206.46,285.5348798692695,True
130211,13,2024-06-01,Apartment,24,1044.69,"$315,392.00",Available,,315392.0,301.9000851927366,False
130216,13,2024-06-01,Office,24,1044.69,"$294,139.96",Sold,C1199,294139.96,281.55717006959003,True
130217,13,2024-06-01,Apartment,25,633.86,"$189,670.56",Sold,C1212,189670.56,299.2309973811252,True
130256,13,2024-06-01,Apartment,30,1777.51,"$512,970.75",Sold,C0390,512970.75,288.58951567079794,True
130268,13,2024-06-01,Apartment,31,627.57,"$176,673.88",Sold,C1289,176673.88,281.52059531207675,True
130269,13,2024-06-01,Apartment,31,627.57,"$190,482.11",Available,,190482.11,303.5232882387622,False
130278,13,2024-06-01,Office,32,1114.07,"$315,459.54",Sold,C0050,315459.54,283.15953216584234,True
130282,13,2024-06-01,Apartment,32,1114.07,"$381,358.57",Sold,C1696,381358.57,342.31113843833873,True
130290,13,2024-06-01,Apartment,33,1445.84,"$402,845.37",Sold,C1826,402845.37,278.62375504896806,True
130357,13,2024-06-01,Apartment,39,1054.77,"$286,456.48",Sold,C1182,286456.48,271.5819372943864,True
130407,13,2024-06-01,Apartment,46,1098.38,"$355,579.21",Sold,C0561,355579.21,323.73059414774485,True
130413,13,2024-06-01,Apartment,47,1874.35,"$621,956.37",Sold,C0102,621956.37,331.8250967001894,True
130418,13,2024-06-01,Apartment,47,1874.35,"$566,173.43",Sold,C1792,566173.43,302.0638781444234,True
130472,13,2024-06-01,Apartment,53,968.77,"$282,257.94",Available,,282257.94,291.35701972604437,False
130502,13,2024-06-01,Office,58,1115.72,"$336,314.86",Sold,C1821,336314.86,301.433029792421,True
130508,13,2024-06-01,Apartment,59,1434.04,"$483,778.35",Sold,C1860,483778.35,337.35345597054476,True
130515,13,2024-06-01,Apartment,60,1401.81,"$407,949.15",Sold,C0265,407949.15,291.01600787553235,True
130534,13,2024-06-01,Apartment,61,1333.63,"$321,509.99",Available,,321509.99,241.07885245532867,False
130552,13,2024-06-01,Office,64,792.66,"$282,563.03",Available,,282563.03,356.47444049150965,False
130560,13,2024-06-01,Apartment,65,612.66,"$210,701.37",Sold,C1120,210701.37,343.91239839388896,True
130573,13,2024-06-01,Apartment,67,524.97,"$144,901.21",Sold,C1585,144901.21,276.01807722346035,True
140003,14,2024-06-01,Apartment,1,1750.63,"$582,490.75",Available,,582490.75,332.73207359636245,False
140018,14,2024-06-01,Apartment,4,1797.81,"$598,972.24",Sold,C1848,598972.24,333.1677096022383,True
140053,14,2024-06-01,Apartment,8,618.89,"$196,210.89",Available,,196210.89,317.0367755174587,False
140061,14,2024-06-01,Apartment,8,618.89,"$192,018.85",Sold,C0249,192018.85,310.2632939617703,True
140085,14,2024-06-01,Apartment,11,1431.42,"$429,156.03",Sold,C1034,429156.03,299.811397074234,True
140136,14,2024-06-01,Office,15,784.04,"$245,547.57",Sold,C1375,245547.57,313.18245242589666,True
140164,14,2024-06-01,Office,17,686.6,"$229,344.35",Sold,C0888,229344.35,334.0290562190504,True
140197,14,2024-06-01,Apartment,22,1148.66,"$357,421.36",Sold,C0757,357421.36,311.16375602876394,True
140209,14,2024-06-01,Apartment,22,1148.66,"$311,731.32",Sold,C1241,311731.32,271.3869378232027,True
140210,14,2024-06-01,Apartment,22,1148.66,"$324,448.32",Available,,324448.32,282.45809900231575,False
140211,14,2024-06-01,Apartment,23,1610.37,"$396,708.40",Sold,C0178,396708.4,246.34611921483886,True
140254,14,2024-06-01,Apartment,29,1618.34,"$493,102.83",Sold,C0306,493102.83,304.69668302087325,True
140264,14,2024-06-01,Apartment,29,1618.34,"$604,849.17",Sold,C0369,604849.17,373.7466601579397,True
140310,14,2024-06-01,Apartment,36,1034.47,"$293,495.84",Sold,C0761,293495.84,283.7161444991155,True
140334,14,2024-06-01,Apartment,40,532.44,"$143,982.36",Available,,143982.36,270.419878296146,False
140385,14,2024-06-01,Apartment,47,917.53,"$246,896.31",Sold,C1073,246896.31,269.0879971227099,True
140404,14,2024-06-01,Office,48,1941.78,"$679,222.65",Sold,C0949,679222.65,349.7938231931527,True
140406,14,2024-06-01,Apartment,49,1231.75,"$439,396.11",Sold,C1394,439396.11,356.72507408159123,True
140456,14,2024-06-01,Apartment,53,1493.72,"$502,441.47",Available,,502441.47,336.36924590954123,False
140458,14,2024-06-01,Apartment,55,1415.9,"$451,042.71",Sold,C1429,451042.71,318.5554841443605,True
150029,15,2024-06-01,Apartment,4,1110.88,"$351,094.29",Available,,351094.29,316.0505995247011,False
150043,15,2024-06-01,Office,6,938.57,"$313,806.17",Sold,C1851,313806.17,334.3449822602469,True
150049,15,2024-06-01,Apartment,8,1056.46,"$329,122.79",Sold,C0529,329122.79,311.53360278666486,True
150066,15,2024-06-01,Apartment,10,1072.95,"$329,658.30",Available,,329658.3,307.24479239479933,False
150101,15,2024-06-01,Apartment,15,522.71,"$184,591.55",Available,,184591.55,353.14332995351145,False
150113,15,2024-06-01,Apartment,16,1692.61,"$528,465.50",Sold,C1884,528465.5,312.21929446239835,True
150132,15,2024-06-01,Apartment,17,562.64,"$166,635.32",Sold,C1178,166635.32,296.16685624911133,True
150170,15,2024-06-01,Apartment,22,1317.29,"$404,667.67",Sold,C1143,404667.67,307.1971016253065,True
150178,15,2024-06-01,Apartment,23,1279.23,"$327,686.08",Sold,C1379,327686.08,256.1588455555295,True
150191,15,2024-06-01,Apartment,23,1279.23,"$352,169.27",Sold,C1964,352169.27,275.2978510510229,True
150193,15,2024-06-01,Apartment,23,1279.23,"$342,309.10",Sold,C0417,342309.1,267.58995645818186,True
150224,15,2024-06-01,Apartment,26,961.01,"$307,857.51",Sold,C0382,307857.51,320.3478735913258,True
150234,15,2024-06-01,Apartment,26,961.01,"$312,521.87",Sold,C1667,312521.87,325.2014755309518,True
150239,15,2024-06-01,Apartment,28,1567.93,"$495,891.03",Available,,495891.03,316.271153686708,False
150247,15,2024-06-01,Apartment,30,1523.22,"$467,216.30",Sold,C0043,467216.3,306.72936279723217,True
150253,15,2024-06-01,Apartment,30,1523.22,"$478,984.35",Sold,C1454,478984.35,314.4551345176665,True
150286,15,2024-06-01,Apartment,34,1304.22,"$376,325.86",Sold,C0340,376325.86,288.54477005413196,True
150291,15,2024-06-01,Apartment,35,745.49,"$239,550.24",Sold,C0800,239550.24,321.33260003487635,True
150325,15,2024-06-01,Office,38,585.57,"$205,518.01",Available,,205518.01,350.970865993818,False
150420,15,2024-06-01,Apartment,52,829.2,"$268,774.73",Sold,C0075,268774.73,324.1373974915581,True
150456,15,2024-06-01,Apartment,55,892.75,"$267,942.56",Available,,267942.56,300.13168300196025,False
150469,15,2024-06-01,Apartment,56,939.93,"$294,230.82",Sold,C1045,294230.82,313.03482174204464,True
150476,15,2024-06-01,Office,57,429.34,"$163,236.34",Sold,C0411,163236.34,380.2029626869148,True
150489,15,2024-06-01,Apartment,58,1750.89,"$496,154.56",Sold,C1685,496154.56,283.3727761309962,True
150491,15,2024-06-01,Apartment,58,1750.89,"$566,107.20",Sold,C1748,566107.2,323.3253945136473,True
150494,15,2024-06-01,Apartment,58,1750.89,"$493,587.18",Sold,C0412,493587.18,281.90644757808883,True
160018,16,2024-06-01,Apartment,3,466.91,"$142,187.57",Sold,C1353,142187.57,304.52885995159664,True
160037,16,2024-06-01,Office,5,749.15,"$188,763.30",Available,,188763.3,251.96996596142293,False
160038,16,2024-06-01,Apartment,5,749.15,"$194,083.34",Sold,C1126,194083.34,259.07140092104385,True
160095,16,2024-06-01,Apartment,10,1608.56,"$386,634.67",Sold,C1865,386634.67,240.36073879743373,True
160131,16,2024-06-01,Apartment,15,1365.29,"$424,486.73",Available,,424486.73,310.9132345509013,False
160133,16,2024-06-01,Office,16,1451.17,"$512,937.54",Available,,512937.54,353.46481804337185,False
160150,16,2024-06-01,Apartment,19,1163.06,"$297,657.72",Sold,C0869,297657.72,255.92636665348303,True
160157,16,2024-06-01,Apartment,20,1096.33,"$307,824.86",Available,,307824.86,280.77755785210655,False
160162,16,2024-06-01,Apartment,21,837.95,"$231,014.30",Available,,231014.3,275.689838295841,False
160189,16,2024-06-01,Apartment,23,594.14,"$197,135.73",Available,,197135.73,331.8001312821894,False
160239,16,2024-06-01,Apartment,28,1440.71,"$415,762.30",Available,,415762.3,288.5815327165078,False
160263,16,2024-06-01,Apartment,31,1336.97,"$418,811.00",Sold,C0135,418811.0,313.25385012378734,True
160272,16,2024-06-01,Office,33,881.17,"$247,247.41",Available,,247247.41,280.58990887115993,False
160284,16,2024-06-01,Apartment,34,743.19,"$203,322.97",Available,,203322.97,273.58141255937244,False
160286,16,2024-06-01,Office,34,743.19,"$213,124.27",Available,,213124.27,286.7695609467296,False
160290,16,2024-06-01,Apartment,34,743.19,"$245,867.49",Sold,C0642,245867.49,330.8272312598393,True
160332,16,2024-06-01,Apartment,39,1562.93,"$407,201.53",Sold,C0038,407201.53,260.53727934072543,True
160346,16,2024-06-01,Apartment,41,1001.72,"$262,731.42",Sold,C1967,262731.42,262.28029788763325,True
160357,16,2024-06-01,Apartment,41,1001.72,"$241,353.22",Sold,C1755,241353.22,240.93880525496147,True
160359,16,2024-06-01,Office,42,1496.62,"$463,182.68",Sold,C0996,463182.68,309.48582806590855,True
160370,16,2024-06-01,Apartment,42,1496.62,"$452,941.86",Sold,C0784,452941.86,302.6431960016571,True
160381,16,2024-06-01,Apartment,44,1695.03,"$518,251.94",Sold,C0150,518251.94,305.7479454640921,True
160386,16,2024-06-01,Apartment,44,1695.03,"$432,814.05",Sold,C1341,432814.05,255.34300277871188,True
170007,17,2024-06-01,Apartment,1,530.28,"$170,715.21",Sold,C0404,170715.21,321.93409142339897,True
170019,17,2024-06-01,Apartment,1,530.28,"$189,016.63",Sold,C0920,189016.63,356.4468394055971,True
170021,17,2024-06-01,Apartment,1,530.28,"$156,967.94",Available,,156967.94,296.00954212868675,False
170034,17,2024-06-01,Office,2,1738.5,"$548,647.34",Available,,548647.34,315.5866206499856,False
170040,17,2024-06-01,Apartment,4,448.67,"$130,070.01",Sold,C1753,130070.01,289.901286023135,True
170044,17,2024-06-01,Office,5,1829.38,"$513,906.66",Sold,C0471,513906.66,280.9184860444522,True
170052,17,2024-06-01,Apartment,7,1300.91,"$364,977.97",Sold,C2000,364977.97,280.5558954885426,True
170063,17,2024-06-01,Apartment,8,1297.3,"$337,660.44",Sold,C0780,337660.44,260.2793802512912,True
170099,17,2024-06-01,Apartment,12,451.91,"$129,935.43",Sold,C0582,129935.43,287.5250160430174,True
170111,17,2024-06-01,Apartment,13,916.9,"$281,293.99",Available,,281293.99,306.78807939797144,False
170126,17,2024-06-01,Apartment,15,1365.73,"$427,106.32",Sold,C0098,427106.32,312.73115476704766,True
170131,17,2024-06-01,Apartment,15,1365.73,"$438,371.45",Sold,C0655,438371.45,320.9795860089476,True
170161,17,2024-06-01,Office,17,1827.25,"$668,066.43",Sold,C0366,668066.43,365.6130414557395,True
170176,17,2024-06-01,Apartment,19,1712.06,"$452,486.22",Sold,C0301,452486.22,264.29343597771106,True
170188,17,2024-06-01,Apartment,20,792.27,"$271,464.68",Available,,271464.68,342.64162469865073,False
170196,17,2024-06-01,Apartment,22,1221.66,"$393,104.03",Sold,C1661,393104.03,321.77858815054924,True
170207,17,2024-06-01,Apartment,23,1025.52,"$355,893.16",Sold,C0613,355893.16,347.0367813401981,True
170218,17,2024-06-01,Apartment,25,939.46,"$271,393.18",Sold,C0805,271393.18,288.8821024844059,True
170222,17,2024-06-01,Apartment,26,929.59,"$301,401.46",Sold,C1436,301401.46,324.2305317397993,True
170253,17,2024-06-01,Apartment,29,594.46,"$186,713.93",Available,,186713.93,314.0899808229317,False
170258,17,2024-06-01,Apartment,31,1806.06,"$593,745.43",Sold,C1589,593745.43,328.75177458113245,True
170301,17,2024-06-01,Apartment,38,721.83,"$213,341.63",Available,,213341.63,295.5566130529349,False
170346,17,2024-06-01,Apartment,44,1176.0,"$358,774.09",Sold,C1526,358774.09,305.08000850340136,True
170353,17,2024-06-01,Apartment,45,1574.3,"$459,422.09",Sold,C0278,459422.09,291.8262656418726,True
170367,17,2024-06-01,Apartment,46,1582.61,"$467,976.15",Available,,467976.15,295.6989719513968,False
170388,17,2024-06-01,Apartment,48,1833.96,"$610,984.26",Available,,610984.26,333.1502650003272,False
170441,17,2024-06-01,Office,51,1375.52,"$492,541.63",Sold,C0158,492541.63,358.07667645690356,True
180001,18,2024-06-01,Apartment,1,1379.64,"$492,067.86",Sold,C0346,492067.86,356.66395581456027,True
180012,18,2024-06-01,Apartment,2,650.96,"$205,928.65",Sold,C1601,205928.65,316.34608885338577,True
180028,18,2024-06-01,Apartment,4,1096.58,"$307,100.40",Sold,C1288,307100.4,280.05289171788655,True
180046,18,2024-06-01,Apartment,5,883.32,"$285,682.29",Sold,C1019,285682.29,323.4187950006792,True
180057,18,2024-06-01,Apartment,6,840.25,"$292,899.87",Sold,C0376,292899.87,348.58657542398095,True
180071,18,2024-06-01,Apartment,9,894.92,"$257,903.62",Available,,257903.62,288.18622893666475,False
180106,18,2024-06-01,Office,14,1742.3,"$477,187.81",Sold,C1155,477187.81,273.883837456236,True
180142,18,2024-06-01,Apartment,18,1127.95,"$342,941.15",Sold,C0702,342941.15,304.03931911875526,True
180143,18,2024-06-01,Apartment,19,1268.1,"$332,640.41",Sold,C1960,332640.41,262.3140209762637,True
180147,18,2024-06-01,Apartment,20,1631.48,"$487,388.83",Sold,C1324,487388.83,298.74030328290877,True
180148,18,2024-06-01,Office,20,1631.48,"$476,814.14",Sold,C0347,476814.14,292.2586485890112,True
180173,18,2024-06-01,Office,22,1108.09,"$389,967.22",Sold,C1731,389967.22,351.92738856952053,True
180188,18,2024-06-01,Apartment,25,911.94,"$247,179.46",Sold,C0479,247179.46,271.0479417505537,True
180193,18,2024-06-01,Apartment,25,911.94,"$304,385.12",Sold,C0758,304385.12,333.77757308594863,True
180256,18,2024-06-01,Apartment,30,1795.66,"$508,479.12",Available,,508479.12,283.17115712328615,False
180294,18,2024-06-01,Apartment,36,1089.77,"$303,758.53",Available,,303758.53,278.7363663892381,False
180330,18,2024-06-01,Apartment,38,1219.8,"$377,847.00",Sold,C1640,377847.0,309.761436301033,True
180332,18,2024-06-01,Office,38,1219.8,"$486,664.01",Sold,C0334,486664.01,398.9703312018364,True
180383,18,2024-06-01,Apartment,43,937.7,"$253,089.26",Sold,C1243,253089.26,269.9042977498134,True
180388,18,2024-06-01,Office,44,1334.77,"$435,374.92",Sold,C0054,435374.92,326.1797313394817,True
180392,18,2024-06-01,Apartment,44,1334.77,"$412,457.50",Sold,C1649,412457.5,309.0101665455472,True
180394,18,2024-06-01,Apartment,44,1334.77,"$399,196.41",Sold,C0707,399196.41,299.0750541291758,True
180404,18,2024-06-01,Apartment,45,1627.52,"$546,764.12",Sold,C1183,546764.12,335.9492479355092,True
180405,18,2024-06-01,Apartment,45,1627.52,"$510,079.55",Sold,C1160,510079.55,313.4090825304758,True
180410,18,2024-06-01,Apartment,46,1410.38,"$502,557.57",Available,,502557.57,356.327776911187,False
180415,18,2024-06-01,Apartment,47,520.85,"$178,580.68",Sold,C0908,178580.68,342.86393395411346,True
180429,18,2024-06-01,Apartment,49,1457.92,"$425,688.05",Sold,C1333,425688.05,291.98313350526774,True
180430,18,2024-06-01,Apartment,49,1457.92,"$518,468.37",Sold,C0950,518468.37,355.62196142449517,True
180431,18,2024-06-01,Apartment,49,1457.92,"$431,626.48",Sold,C0330,431626.48,296.05635425812113,True
180448,18,2024-06-01,Apartment,50,854.74,"$226,189.65",Sold,C0711,226189.65,264.6297704565131,True
180488,18,2024-06-01,Apartment,54,1756.12,"$496,516.32",Sold,C1483,496516.32,282.7348472769515,True
180518,18,2024-06-01,Office,58,955.23,"$305,203.86",Sold,C1795,305203.86,319.5082440878113,True
180519,18,2024-06-01,Apartment,58,955.23,"$260,647.46",Sold,C1665,260647.46,272.8635616553081,True
180535,18,2024-06-01,Office,61,1019.7,"$292,246.65",Sold,C0115,292246.65,286.6006178287732,True
180554,18,2024-06-01,Apartment,64,893.66,"$249,869.21",Sold,C0453,249869.21,279.60209699438263,True
180565,18,2024-06-01,Office,66,1631.24,"$480,048.34",Sold,C1699,480048.34,294.28431132144874,True
180570,18,2024-06-01,Apartment,66,1631.24,"$377,429.44",Sold,C0571,377429.44,231.3757877442927,True
190004,19,2024-06-01,Office,2,1550.33,"$519,316.10",Sold,C1546,519316.1,334.9713286848606,True
190028,19,2024-06-01,Apartment,5,1408.42,"$439,470.75",Available,,439470.75,312.0310347765581,False
190036,19,2024-06-01,Office,7,973.6,"$279,337.80",Sold,C1871,279337.8,286.9122843056697,True
190079,19,2024-06-01,Office,11,1869.93,"$573,381.83",Sold,C0074,573381.83,306.6327776975608,True
190081,19,2024-06-01,Apartment,12,1163.99,"$371,415.60",Available,,371415.6,319.0883083188,False
190147,19,2024-06-01,Apartment,19,1697.73,"$549,823.52",Available,,549823.52,323.8580457434339,False
190157,19,2024-06-01,Office,20,1772.03,"$631,156.09",Sold,C1495,631156.09,356.17686495149627,True
190175,19,2024-06-01,Office,21,477.75,"$151,676.84",Sold,C0559,151676.84,317.4816117216117,True
190216,19,2024-06-01,Apartment,26,668.24,"$200,862.39",Sold,C0974,200862.39,300.58420627319526,True
190236,19,2024-06-01,Office,28,1599.78,"$460,945.04",Sold,C1891,460945.04,288.13026791183785,True
190240,19,2024-06-01,Apartment,28,1599.78,"$465,355.02",Sold,C1908,465355.02,290.8868844466114,True
190246,19,2024-06-01,Apartment,29,1657.84,"$433,825.87",Available,,433825.87,261.68138662355835,False
190248,19,2024-06-01,Apartment,29,1657.84,"$589,758.81",Sold,C0823,589758.81,355.7392812334122,True
190280,19,2024-06-01,Apartment,32,1048.61,"$335,592.41",Sold,C0415,335592.41,320.03548507071264,True
190285,19,2024-06-01,Apartment,33,1454.84,"$442,600.87",Sold,C0550,442600.87,304.2264922603173,True
190303,19,2024-06-01,Office,36,855.94,"$251,313.61",Sold,C0813,251313.61,293.6112461153819,True
190312,19,2024-06-01,Apartment,37,1565.26,"$531,100.09",Sold,C1124,531100.09,339.3047097606787,True
190328,19,2024-06-01,Apartment,39,1237.04,"$415,660.09",Sold,C1084,415660.09,336.01184278600533,True
190343,19,2024-06-01,Apartment,40,893.49,"$263,286.04",Sold,C1177,263286.04,294.6715016396378,True
190363,19,2024-06-01,Apartment,42,1137.59,"$354,042.02",Sold,C1319,354042.02,311.22110778048335,True
190375,19,2024-06-01,Apartment,42,1137.59,"$340,657.59",Sold,C0232,340657.59,299.4555068170431,True
190390,19,2024-06-01,Apartment,44,982.8,"$304,964.72",Available,,304964.72,310.3019129019129,False
200048,20,2024-06-01,Apartment,5,802.5,"$266,072.95",Sold,C0190,266072.95,331.55507788162,True
200074,20,2024-06-01,Apartment,9,576.96,"$189,223.75",Sold,C0031,189223.75,327.96684345535215,True
200075,20,2024-06-01,Apartment,10,1714.22,"$530,962.64",Sold,C0327,530962.64,309.7400800364014,True
200100,20,2024-06-01,Apartment,14,837.37,"$235,518.96",Available,,235518.96,281.2603269761276,False
200110,20,2024-06-01,Apartment,14,837.37,"$243,435.57",Sold,C1799,243435.57,290.7144631405472,True
200125,20,2024-06-01,Apartment,16,645.44,"$195,801.49",Sold,C1149,195801.49,303.36125743678724,True
200131,20,2024-06-01,Office,16,645.44,"$154,432.32",Sold,C0178,154432.32,239.26673277144272,True
200142,20,2024-06-01,Apartment,17,1089.33,"$295,842.21",Sold,C0570,295842.21,271.58180716587265,True
200181,20,2024-06-01,Apartment,19,759.72,"$216,311.55",Sold,C0414,216311.55,284.7253593429158,True
200190,20,2024-06-01,Apartment,20,1110.23,"$321,475.82",Sold,C0275,321475.82,289.55785738090304,True
200253,20,2024-06-01,Apartment,30,1703.94,"$494,574.08",Sold,C1485,494574.08,290.2532248788103,True
200274,20,2024-06-01,Office,31,1414.44,"$414,731.61",Sold,C1923,414731.61,293.21258589972,True
200290,20,2024-06-01,Apartment,32,1630.81,"$428,379.46",Sold,C0288,428379.46,262.67895095075454,True
200317,20,2024-06-01,Apartment,34,858.93,"$300,261.31",Sold,C1611,300261.31,349.5759957155997,True
200335,20,2024-06-01,Office,37,632.35,"$174,310.03",Sold,C0298,174310.03,275.6543528109433,True
200362,20,2024-06-01,Apartment,40,428.03,"$123,001.89",Sold,C0026,123001.89,287.3674508796113,True
200393,20,2024-06-01,Office,43,1697.49,"$528,732.35",Sold,C1340,528732.35,311.478918874338,True
200414,20,2024-06-01,Apartment,47,590.12,"$210,741.61",Sold,C0450,210741.61,357.1165356198739,True
200431,20,2024-06-01,Apartment,48,860.8,"$311,981.09",Available,,311981.09,362.4315636617101,False
200434,20,2024-06-01,Office,49,880.76,"$245,529.59",Sold,C0880,245529.59,278.77014169580815,True
200444,20,2024-06-01,Apartment,50,493.06,"$167,067.76",Sold,C0829,167067.76,338.8385997647345,True
200472,20,2024-06-01,Office,54,589.61,"$208,719.36",Sold,C1210,208719.36,353.9956242261834,True
990009,3,2024-06-01,Apartment,29,1121.95,"$388,656.81",Available,,388656.81,346.41188109987075,False
990013,3,2024-06-01,Apartment,50,966.57,"$327,044.37",Available,,327044.37,338.3555976287284,False
1026,1,2024-07-01,Apartment,26,625.8,"$179,674.08",Sold,C0036,179674.08,287.1110258868648,True
2010,2,2024-07-01,Apartment,10,927.08,"$326,885.34",Sold,C0154,326885.34,352.59669068473056,True
2013,2,2024-07-01,Apartment,13,785.48,"$236,639.56",Sold,C0015,236639.56,301.26745429546264,True
2028,2,2024-07-01,Apartment,28,785.48,"$195,153.16",Sold,C0074,195153.16,248.4508326119061,True
2039,2,2024-07-01,Apartment,39,927.83,"$293,876.27",Sold,C0070,293876.27,316.73503766853844,True
2040,2,2024-07-01,Apartment,40,649.8,"$224,463.87",Sold,C0056,224463.87,345.4353185595568,True
3016,3,2024-07-01,Apartment,16,697.89,"$226,342.80",Sold,C0064,226342.8,324.3244637407041,True
3048,3,2024-07-01,Apartment,48,781.07,"$249,075.66",Sold,C0021,249075.66,318.89031712906655,True
3050,3,2024-07-01,Apartment,50,977.87,"$248,274.31",Sold,C0098,248274.31,253.8929612320656,True
4006,4,2024-07-01,Apartment,6,733.19,"$222,138.72",Sold,C0100,222138.72,302.97565433243767,True
4044,4,2024-07-01,Apartment,44,1058.25,"$298,730.40",Available,,298730.4,282.2871722182849,False
5010,5,2024-07-01,Apartment,10,798.5,"$276,323.87",Available,,276323.87,346.05368816530995,False
5012,5,2024-07-01,Apartment,12,1058.25,"$315,382.11",Available,,315382.11,298.02231041814315,False
10068,1,2024-07-01,Apartment,8,763.88,"$259,163.17",Sold,C0496,259163.17,339.2720977116825,True
10081,1,2024-07-01,Apartment,10,1439.52,"$362,906.17",Sold,C0656,362906.17,252.10220768033787,True
10094,1,2024-07-01,Apartment,13,719.47,"$235,654.58",Available,,235654.58,327.5391329728828,False
10104,1,2024-07-01,Apartment,13,719.47,"$216,874.97",Sold,C0003,216874.97,301.43712732984,True
10115,1,2024-07-01,Office,14,1181.69,"$339,559.01",Sold,C0264,339559.01,287.35032876642777,True
10140,1,2024-07-01,Apartment,18,716.85,"$211,496.24",Available,,211496.24,295.03555834553947,False
10146,1,2024-07-01,Apartment,19,773.17,"$244,639.52",Available,,244639.52,316.41103508930763,False
10158,1,2024-07-01,Office,20,1146.24,"$415,205.70",Sold,C0688,415205.7,362.2327784757119,True
10185,1,2024-07-01,Apartment,23,1201.5,"$379,037.15",Sold,C0973,379037.15,315.4699542238868,True
10236,1,2024-07-01,Apartment,27,725.12,"$224,717.83",Available,,224717.83,309.9043330759047,False
10253,1,2024-07-01,Apartment,29,757.2,"$241,550.17",Sold,C0785,241550.17,319.0044506075013,True
10261,1,2024-07-01,Apartment,29,757.2,"$237,825.45",Sold,C1255,237825.45,314.0853803486529,True
10269,1,2024-07-01,Apartment,29,757.2,"$206,227.96",Available,,206227.96,272.3559957739038,False
10275,1,2024-07-01,Apartment,30,753.29,"$222,938.40",Available,,222938.4,295.9529530459717,False
10312,1,2024-07-01,Apartment,34,1469.14,"$486,885.55",Sold,C1236,486885.55,331.40854513524914,True
10324,1,2024-07-01,Apartment,34,1469.14,"$394,315.88",Available,,394315.88,268.3991178512599,False
10334,1,2024-07-01,Office,36,613.59,"$202,761.63",Available,,202761.63,330.4513274336283,False
10372,1,2024-07-01,Apartment,41,835.25,"$232,493.29",Sold,C1722,232493.29,278.35173900029935,True
10373,1,2024-07-01,Apartment,41,835.25,"$255,581.25",Sold,C1659,255581.25,305.9937144567495,True
10402,1,2024-07-01,Apartment,46,1153.16,"$369,366.53",Sold,C1706,369366.53,320.3081359048181,True
20026,2,2024-07-01,Apartment,3,645.84,"$194,884.91",Available,,194884.91,301.75416511829553,False
20035,2,2024-07-01,Apartment,4,1281.85,"$381,648.34",Sold,C0161,381648.34,297.73244919452355,True
20069,2,2024-07-01,Apartment,8,715.54,"$214,048.77",Sold,C1832,214048.77,299.14298292198896,True
20070,2,2024-07-01,Apartment,8,715.54,"$219,915.05",Sold,C1861,219915.05,307.341378539285,True
20145,2,2024-07-01,Apartment,17,1397.4,"$488,330.35",Sold,C1227,488330.35,349.45638328324026,True
20152,2,2024-07-01,Office,17,1397.4,"$373,065.95",Sold,C0627,373065.95,266.9714827536854,True
20181,2,2024-07-01,Office,21,921.38,"$295,651.21",Sold,C1164,295651.21,320.8786928303198,True
20219,2,2024-07-01,Apartment,24,785.12,"$256,292.81",Sold,C0521,256292.81,326.4377547381292,True
20222,2,2024-07-01,Apartment,24,785.12,"$172,726.40",Sold,C0690,172726.4,220.0,True
20245,2,2024-07-01,Office,27,1211.51,"$456,993.38",Available,,456993.38,377.20974651468003,False
20257,2,2024-07-01,Apartment,29,1107.33,"$370,056.74",Sold,C1973,370056.74,334.1883088148971,True
20323,2,2024-07-01,Apartment,38,710.81,"$216,019.96",Available,,216019.96,303.9067542662596,False
20329,2,2024-07-01,Apartment,40,1599.45,"$416,875.70",Available,,416875.7,260.6369064365876,False
20333,2,2024-07-01,Apartment,41,654.93,"$183,414.03",Available,,183414.03,280.0513489991297,False
20381,2,2024-07-01,Apartment,45,782.2,"$247,393.67",Available,,247393.67,316.27930196880595,False
20390,2,2024-07-01,Apartment,46,697.74,"$234,099.62",Available,,234099.62,335.5112506091094,False
20401,2,2024-07-01,Apartment,47,708.32,"$215,489.22",Sold,C0189,215489.22,304.22580189744747,True
20409,2,2024-07-01,Apartment,47,708.32,"$190,628.71",Sold,C0302,190628.71,269.1279506437768,True
20425,2,2024-07-01,Apartment,48,788.44,"$248,879.16",Sold,C0709,248879.16,315.6602404748617,True
20435,2,2024-07-01,Apartment,50,1604.8,"$482,611.94",Sold,C0762,482611.94,300.7302716849452,True
20452,2,2024-07-01,Apartment,52,914.01,"$306,211.14",Sold,C1767,306211.14,335.01946368201664,True
20469,2,2024-07-01,Apartment,55,579.26,"$151,563.76",Available,,151563.76,261.65065773573184,False
30025,3,2024-07-01,Apartment,3,783.65,"$258,208.58",Sold,C0966,258208.58,329.49477445288073,True
30039,3,2024-07-01,Apartment,4,719.96,"$201,658.15",Available,,201658.15,280.09632479582194,False
30049,3,2024-07-01,Apartment,5,701.19,"$206,156.81",Sold,C0436,206156.81,294.00991172150196,True
30056,3,2024-07-01,Apartment,6,668.89,"$179,708.55",Sold,C1642,179708.55,268.6668211514599,True
30065,3,2024-07-01,Apartment,7,744.01,"$198,828.90",Sold,C1934,198828.9,267.2395532318114,True
30077,3,2024-07-01,Office,7,744.01,"$234,747.43",Available,,234747.43,315.51649843416084,False
30104,3,2024-07-01,Office,10,784.09,"$250,532.99",Sold,C1195,250532.99,319.52070553125276,True
30126,3,2024-07-01,Apartment,11,1283.1,"$358,984.53",Sold,C0164,358984.53,279.77907411737203,True
30127,3,2024-07-01,Apartment,11,1283.1,"$378,831.08",Sold,C1980,378831.08,295.2467305743902,True
30138,3,2024-07-01,Apartment,13,754.84,"$193,299.59",Sold,C1595,193299.59,256.08021567484496,True
30139,3,2024-07-01,Apartment,14,788.59,"$256,682.24",Sold,C1804,256682.24,325.4951749324744,True
30166,3,2024-07-01,Apartment,19,1602.22,"$432,831.31",Available,,432831.31,270.1447429191996,False
30177,3,2024-07-01,Apartment,19,1602.22,"$507,717.69",Sold,C1426,507717.69,316.883879866685,True
30178,3,2024-07-01,Apartment,19,1602.22,"$496,177.31",Sold,C0531,496177.31,309.6811361735592,True
30184,3,2024-07-01,Apartment,20,802.97,"$271,262.52",Available,,271262.52,337.8239784798934,False
30222,3,2024-07-01,Apartment,25,765.56,"$272,121.79",Sold,C0847,272121.79,355.45455614190917,True
30253,3,2024-07-01,Apartment,28,679.93,"$193,935.27",Available,,193935.27,285.22828820613887,False
30267,3,2024-07-01,Apartment,29,666.0,"$198,116.83",Available,,198116.83,297.47271771771767,False
30274,3,2024-07-01,Office,30,796.57,"$259,294.04",Sold,C1251,259294.04,325.51318779266103,True
30292,3,2024-07-01,Office,35,925.48,"$248,550.43",Sold,C0948,248550.43,268.5638047283572,True
30321,3,2024-07-01,Apartment,39,1598.95,"$490,055.89",Sold,C1866,490055.89,306.4860627286657,True
30325,3,2024-07-01,Apartment,40,678.71,"$224,631.79",Available,,224631.79,330.9687348057344,False
30342,3,2024-07-01,Apartment,41,965.5,"$265,655.87",Available,,265655.87,275.1484930088037,False
30346,3,2024-07-01,Apartment,42,1343.96,"$366,128.05",Sold,C1171,366128.05,272.4248117503497,True
30413,3,2024-07-01,Apartment,49,1174.48,"$325,875.47",Sold,C1214,325875.47,277.46361794155706,True
40001,4,2024-07-01,Apartment,1,1615.98,"$355,616.43",Sold,C0365,355616.43,220.06239557420264,True
40019,4,2024-07-01,Apartment,2,1620.07,"$545,321.51",Sold,C0619,545321.51,336.60367144629555,True
40058,4,2024-07-01,Apartment,5,786.98,"$215,529.32",Sold,C0736,215529.32,273.8688657907444,True
40079,4,2024-07-01,Apartment,10,1614.62,"$425,616.30",Available,,425616.3,263.60152853302947,False
40091,4,2024-07-01,Apartment,12,789.38,"$238,006.64",Sold,C0734,238006.64,301.51085662165247,True
40094,4,2024-07-01,Apartment,12,789.38,"$200,730.58",Sold,C0800,200730.58,254.28891028402035,True
40097,4,2024-07-01,Apartment,13,809.06,"$262,390.52",Sold,C1490,262390.52,324.31527946011425,True
40105,4,2024-07-01,Apartment,13,809.06,"$253,352.93",Sold,C1321,253352.93,313.14479766642773,True
40133,4,2024-07-01,Apartment,16,1128.21,"$316,684.59",Sold,C0443,316684.59,280.6964926742362,True
40196,4,2024-07-01,Office,25,1310.16,"$339,954.47",Sold,C0236,339954.47,259.4755373389509,True
40197,4,2024-07-01,Office,25,1310.16,"$350,245.12",Available,,350245.12,267.33003602613417,False
40208,4,2024-07-01,Apartment,26,790.05,"$250,354.33",Sold,C0824,250354.33,316.88415923042845,True
40245,4,2024-07-01,Office,29,776.79,"$204,475.84",Available,,204475.84,263.23181297390545,False
40254,4,2024-07-01,Apartment,30,1307.35,"$355,625.67",Available,,355625.67,272.02024706467284,False
40264,4,2024-07-01,Apartment,31,793.1,"$231,977.76",Sold,C1823,231977.76,292.49496910856135,True
40296,4,2024-07-01,Apartment,34,795.1,"$227,714.14",Available,,227714.14,286.3968557414162,False
40314,4,2024-07-01,Office,38,800.08,"$208,482.23",Sold,C1663,208482.23,260.5767298270173,True
40323,4,2024-07-01,Apartment,39,743.73,"$248,555.18",Sold,C0206,248555.18,334.2008255684186,True
40331,4,2024-07-01,Apartment,40,780.74,"$271,433.87",Sold,C0499,271433.87,347.66230755437147,True
40333,4,2024-07-01,Apartment,40,780.74,"$215,409.32",Sold,C0089,215409.32,275.9040397571535,True
40343,4,2024-07-01,Office,41,779.87,"$231,668.75",Sold,C0498,231668.75,297.06072807006296,True
40382,4,2024-07-01,Office,45,1160.48,"$416,649.42",Sold,C1489,416649.42,359.0319695298497,True
40430,4,2024-07-01,Apartment,50,791.37,"$241,453.85",Sold,C1299,241453.85,305.1086723024628,True
40438,4,2024-07-01,Office,51,802.11,"$252,125.08",Available,,252125.08,314.32731171535073,False
50008,5,2024-07-01,Apartment,2,795.91,"$264,187.44",Sold,C1347,264187.44,331.9312987649358,True
50046,5,2024-07-01,Apartment,8,782.15,"$233,513.02",Sold,C0489,233513.02,298.5527328517548,True
50057,5,2024-07-01,Apartment,9,793.56,"$222,487.81",Sold,C1984,222487.81,280.3667145521448,True
50081,5,2024-07-01,Apartment,10,629.27,"$164,878.55",Sold,C0575,164878.55,262.0155894925866,True
50103,5,2024-07-01,Apartment,13,791.13,"$208,238.77",Sold,C0905,208238.77,263.21687965315436,True
50127,5,2024-07-01,Apartment,16,1060.08,"$294,198.85",Sold,C0606,294198.85,277.52513961210474,True
50142,5,2024-07-01,Apartment,18,1267.03,"$376,343.67",Sold,C0742,376343.67,297.028223483264,True
50162,5,2024-07-01,Apartment,22,1059.78,"$284,157.87",Sold,C1186,284157.87,268.1291117024288,True
50194,5,2024-07-01,Apartment,24,807.02,"$240,746.66",Sold,C1226,240746.66,298.31560556120047,True
50202,5,2024-07-01,Apartment,26,1272.4,"$311,354.70",Sold,C1219,311354.7,244.69875825212196,True
50236,5,2024-07-01,Apartment,32,1051.39,"$295,683.62",Available,,295683.62,281.2311511427729,False
50242,5,2024-07-01,Apartment,32,1051.39,"$336,428.11",Available,,336428.11,319.98412577635315,False
50253,5,2024-07-01,Apartment,33,1787.13,"$617,600.77",Sold,C1357,617600.77,345.58245343091994,True
50284,5,2024-07-01,Apartment,36,627.56,"$180,595.55",Available,,180595.55,287.7741570527121,False
50303,5,2024-07-01,Office,41,630.83,"$193,265.77",Sold,C0540,193265.77,306.3674365518444,True
50319,5,2024-07-01,Office,41,630.83,"$161,161.39",Sold,C0126,161161.39,255.4751517841574,True
50332,5,2024-07-01,Apartment,42,791.2,"$202,826.35",Available,,202826.35,256.3528185035389,False
50350,5,2024-07-01,Office,44,806.03,"$240,471.14",Sold,C0199,240471.14,298.34018584916197,True
50353,5,2024-07-01,Apartment,44,806.03,"$261,651.44",Sold,C0884,261651.44,324.61749562671366,True
50376,5,2024-07-01,Apartment,46,1272.95,"$371,545.46",Sold,C1998,371545.46,291.8774971522841,True
50394,5,2024-07-01,Apartment,46,1272.95,"$380,104.83",Available,,380104.83,298.60153973054713,False
50433,5,2024-07-01,Apartment,50,1261.07,"$372,948.30",Sold,C1313,372948.3,295.73957036484893,True
50435,5,2024-07-01,Apartment,50,1261.07,"$365,379.52",Sold,C0314,365379.52,289.7376989382033,True
60002,6,2024-07-01,Office,1,1720.95,"$461,393.51",Sold,C1244,461393.51,268.1039600220808,True
60040,6,2024-07-01,Apartment,4,1925.28,"$669,506.11",Sold,C1726,669506.11,347.74480075625365,True
60053,6,2024-07-01,Apartment,5,1617.43,"$440,596.22",Available,,440596.22,272.40512417848066,False
60079,6,2024-07-01,Apartment,7,1075.42,"$332,193.90",Available,,332193.9,308.89689609640885,False
60091,6,2024-07-01,Apartment,7,1075.42,"$358,882.77",Sold,C1791,358882.77,333.7140559037399,True
60129,6,2024-07-01,Apartment,10,942.08,"$257,962.62",Available,,257962.62,273.82241423233694,False
60197,6,2024-07-01,Apartment,19,1542.71,"$469,223.80",Sold,C0705,469223.8,304.15554446396277,True
60225,6,2024-07-01,Apartment,20,1897.17,"$650,142.73",Sold,C0708,650142.73,342.69081315854663,True
60235,6,2024-07-01,Office,23,1243.4,"$365,068.70",Available,,365068.7,293.6051954318803,False
60237,6,2024-07-01,Apartment,23,1243.4,"$445,780.30",Available,,445780.3,358.51721087341156,False
60268,6,2024-07-01,Apartment,29,1691.02,"$515,026.76",Sold,C1648,515026.76,304.5657413868553,True
60270,6,2024-07-01,Apartment,29,1691.02,"$514,808.99",Available,,514808.99,304.4369611240553,False
60272,6,2024-07-01,Apartment,29,1691.02,"$541,412.00",Sold,C0845,541412.0,320.1688921479344,True
60345,6,2024-07-01,Apartment,39,744.54,"$232,653.03",Sold,C1430,232653.03,312.4788862922073,True
60395,6,2024-07-01,Office,47,550.99,"$203,127.74",Sold,C0695,203127.74,368.6595763988457,True
60397,6,2024-07-01,Apartment,47,550.99,"$179,671.47",Sold,C1494,179671.47,326.0884408065482,True
60408,6,2024-07-01,Apartment,49,1167.52,"$421,157.07",Sold,C1752,421157.07,360.7279275729752,True
60462,6,2024-07-01,Apartment,54,1633.19,"$510,205.42",Sold,C0792,510205.42,312.3980798314954,True
70067,7,2024-07-01,Apartment,10,1495.37,"$498,981.90",Available,,498981.9,333.6845730488107,False
70084,7,2024-07-01,Apartment,12,804.65,"$264,096.57",Sold,C0674,264096.57,328.21297458522344,True
70094,7,2024-07-01,Apartment,13,604.6,"$203,878.93",Sold,C1913,203878.93,337.21291763149185,True
70132,7,2024-07-01,Apartment,16,1239.87,"$396,878.27",Sold,C1894,396878.27,320.0966794905918,True
70141,7,2024-07-01,Apartment,17,1586.15,"$493,624.10",Available,,493624.1,311.20896510418305,False
70145,7,2024-07-01,Apartment,18,703.28,"$192,481.38",Available,,192481.38,273.69096234785576,False
70164,7,2024-07-01,Apartment,19,751.07,"$218,265.82",Available,,218265.82,290.60649473417925,False
70170,7,2024-07-01,Apartment,19,751.07,"$200,514.16",Sold,C1039,200514.16,266.9713342298321,True
70183,7,2024-07-01,Apartment,21,1528.62,"$512,614.55",Sold,C0956,512614.55,335.34465727257265,True
70199,7,2024-07-01,Apartment,22,1914.21,"$562,089.63",Sold,C0431,562089.63,293.64052533421096,True
70216,7,2024-07-01,Apartment,24,852.99,"$264,877.95",Available,,264877.95,310.5287869728836,False
70272,7,2024-07-01,Apartment,31,839.7,"$272,820.64",Sold,C0173,272820.64,324.90251280219127,True
70273,7,2024-07-01,Apartment,31,839.7,"$218,532.24",Available,,218532.24,260.2503751339764,False
70276,7,2024-07-01,Apartment,32,1910.67,"$530,153.48",Available,,530153.48,277.4699346302606,False
70338,7,2024-07-01,Apartment,41,1093.92,"$347,137.85",Sold,C0480,347137.85,317.33385439520254,True
70344,7,2024-07-01,Apartment,41,1093.92,"$370,591.50",Available,,370591.5,338.7738591487494,False
70351,7,2024-07-01,Apartment,41,1093.92,"$335,850.00",Sold,C1474,335850.0,307.0151382185169,True
70365,7,2024-07-01,Apartment,42,702.08,"$215,066.31",Sold,C0105,215066.31,306.3273558568824,True
70409,7,2024-07-01,Apartment,48,533.35,"$156,509.03",Sold,C0518,156509.03,293.4452610855911,True
70430,7,2024-07-01,Apartment,50,502.02,"$144,890.28",Sold,C0161,144890.28,288.6145571889566,True
70432,7,2024-07-01,Apartment,50,502.02,"$156,463.31",Sold,C0037,156463.31,311.66748336719655,True
70433,7,2024-07-01,Office,50,502.02,"$169,868.29",Sold,C1826,169868.29,338.36956694952397,True
70440,7,2024-07-01,Apartment,52,1281.14,"$281,850.80",Sold,C0124,281850.8,219.99999999999997,True
70460,7,2024-07-01,Apartment,54,1940.69,"$600,921.42",Available,,600921.42,309.6431784571467,False
70462,7,2024-07-01,Office,54,1940.69,"$464,389.02",Sold,C0538,464389.02,239.2906749661203,True
80009,8,2024-07-01,Apartment,1,1109.29,"$290,541.12",Available,,290541.12,261.91628879733884,False
80033,8,2024-07-01,Apartment,4,1934.75,"$459,483.42",Available,,459483.42,237.48981522160486,False
80065,8,2024-07-01,Office,7,1352.74,"$411,818.69",Sold,C1164,411818.69,304.4329952540769,True
80070,8,2024-07-01,Apartment,8,1552.34,"$415,410.47",Sold,C0422,415410.47,267.6027609930814,True
80123,8,2024-07-01,Apartment,14,685.93,"$204,725.07",Sold,C0823,204725.07,298.463502106629,True
80139,8,2024-07-01,Apartment,16,424.09,"$141,182.27",Available,,141182.27,332.9063877950435,False
80142,8,2024-07-01,Apartment,17,1109.27,"$331,593.61",Sold,C0407,331593.61,298.9295753062825,True
80159,8,2024-07-01,Apartment,20,774.16,"$245,421.65",Sold,C0415,245421.65,317.0167019737522,True
80236,8,2024-07-01,Apartment,30,1070.46,"$294,652.79",Sold,C1987,294652.79,275.258103992676,True
80296,8,2024-07-01,Office,34,1684.75,"$639,701.59",Available,,639701.59,379.70119602314884,False
80310,8,2024-07-01,Apartment,36,673.86,"$212,206.92",Sold,C0189,212206.92,314.91247440121094,True
80325,8,2024-07-01,Apartment,37,890.65,"$282,558.57",Available,,282558.57,317.2498400044911,False
80328,8,2024-07-01,Apartment,37,890.65,"$269,637.90",Sold,C0047,269637.9,302.74282827148716,True
80348,8,2024-07-01,Apartment,39,1290.89,"$398,487.78",Sold,C1456,398487.78,308.6922820689602,True
80349,8,2024-07-01,Apartment,40,861.57,"$282,263.83",Sold,C0315,282263.83,327.6156667479137,True
80354,8,2024-07-01,Office,42,1473.68,"$468,216.98",Available,,468216.98,317.7195727702079,False
80367,8,2024-07-01,Apartment,44,1862.29,"$537,998.71",Sold,C0107,537998.71,288.8909407235178,True
80376,8,2024-07-01,Apartment,45,1185.72,"$378,841.41",Available,,378841.41,319.5032638396923,False
80390,8,2024-07-01,Apartment,46,1175.51,"$352,357.82",Sold,C1691,352357.82,299.74889197029376,True
80405,8,2024-07-01,Apartment,47,543.08,"$156,998.87",Available,,156998.87,289.08976578036385,False
80436,8,2024-07-01,Apartment,50,913.15,"$252,431.30",Available,,252431.3,276.44012484257786,False
80449,8,2024-07-01,Apartment,53,1891.72,"$573,332.74",Sold,C1480,573332.74,303.0748419427822,True
80493,8,2024-07-01,Apartment,57,1949.35,"$639,189.99",Available,,639189.99,327.8990381409188,False
90004,9,2024-07-01,Apartment,1,832.35,"$240,059.83",Sold,C0182,240059.83,288.4121223043191,True
90010,9,2024-07-01,Apartment,1,832.35,"$274,831.74",Sold,C1758,274831.74,330.1877094972067,True
90015,9,2024-07-01,Apartment,2,481.55,"$154,698.56",Available,,154698.56,321.2512927006541,False
90043,9,2024-07-01,Office,8,1315.55,"$411,125.74",Sold,C1983,411125.74,312.51243966401887,True
90056,9,2024-07-01,Office,10,1172.34,"$417,344.04",Sold,C0409,417344.04,355.9923230462153,True
90057,9,2024-07-01,Apartment,10,1172.34,"$343,188.25",Available,,343188.25,292.7378149683539,False
90074,9,2024-07-01,Apartment,12,952.38,"$254,270.21",Sold,C0005,254270.21,266.98398748398745,True
90084,9,2024-07-01,Apartment,13,929.96,"$253,175.03",Available,,253175.03,272.24292442685703,False
90104,9,2024-07-01,Apartment,16,924.6,"$304,774.35",Sold,C0488,304774.35,329.62832576249184,True
90113,9,2024-07-01,Apartment,17,1481.32,"$448,450.76",Sold,C0139,448450.76,302.73726136148844,True
90114,9,2024-07-01,Office,17,1481.32,"$404,286.98",Sold,C1693,404286.98,272.92346015715714,True
90124,9,2024-07-01,Apartment,18,860.97,"$224,938.19",Sold,C0987,224938.19,261.2613563771095,True
90169,9,2024-07-01,Apartment,26,1038.39,"$340,657.87",Available,,340657.87,328.0635117826635,False
90196,9,2024-07-01,Apartment,29,1426.22,"$450,990.59",Available,,450990.59,316.21390108117964,False
90221,9,2024-07-01,Apartment,33,973.52,"$278,475.29",Sold,C1129,278475.29,286.04989111677213,True
90236,9,2024-07-01,Apartment,33,973.52,"$263,309.05",Sold,C1337,263309.05,270.4711254006081,True
90250,9,2024-07-01,Apartment,34,1577.36,"$447,049.48",Sold,C0544,447049.48,283.4162651518994,True
90298,9,2024-07-01,Apartment,37,731.44,"$247,204.79",Sold,C1017,247204.79,337.970018046593,True
90303,9,2024-07-01,Apartment,38,1260.31,"$388,613.55",Sold,C1185,388613.55,308.3475890852251,True
90323,9,2024-07-01,Apartment,39,1839.34,"$580,803.68",Available,,580803.68,315.7674383202671,False
90325,9,2024-07-01,Apartment,39,1839.34,"$490,058.21",Sold,C1885,490058.21,266.43155153478966,True
90340,9,2024-07-01,Apartment,40,1090.32,"$311,714.97",Sold,C1783,311714.97,285.8931047765793,True
90342,9,2024-07-01,Apartment,40,1090.32,"$316,830.55",Sold,C0904,316830.55,290.58492002347936,True
90423,9,2024-07-01,Apartment,53,599.72,"$160,112.49",Sold,C1262,160112.49,266.97874007870337,True
90439,9,2024-07-01,Apartment,56,1516.4,"$429,206.12",Sold,C1577,429206.12,283.04281192297543,True
90452,9,2024-07-01,Apartment,56,1516.4,"$469,349.57",Available,,469349.57,309.51567528356634,False
90484,9,2024-07-01,Apartment,58,838.34,"$298,489.15",Sold,C1228,298489.15,356.04784454994393,True
90491,9,2024-07-01,Apartment,58,838.34,"$262,057.47",Sold,C1454,262057.47,312.59091776606147,True
90500,9,2024-07-01,Apartment,58,838.34,"$248,810.04",Sold,C1372,248810.04,296.78894004819045,True
90508,9,2024-07-01,Apartment,58,838.34,"$240,363.51",Available,,240363.51,286.7136364720758,False
90516,9,2024-07-01,Apartment,59,1697.13,"$540,584.92",Sold,C1107,540584.92,318.5288811110522,True
90521,9,2024-07-01,Apartment,59,1697.13,"$540,051.95",Sold,C1911,540051.95,318.21483916965695,True
100011,10,2024-07-01,Office,3,1197.61,"$341,197.28",Sold,C1655,341197.28,284.8984894915708,True
100015,10,2024-07-01,Apartment,4,1765.37,"$557,575.88",Available,,557575.88,315.84080391079493,False
100021,10,2024-07-01,Office,4,1765.37,"$594,018.07",Sold,C0449,594018.07,336.48360966822815,True
100058,10,2024-07-01,Office,6,842.66,"$280,069.05",Sold,C0528,280069.05,332.36305271402466,True
100080,10,2024-07-01,Apartment,10,1196.84,"$339,509.37",Available,,339509.37,283.671476554928,False
100102,10,2024-07-01,Apartment,13,876.79,"$247,809.36",Sold,C0060,247809.36,282.63251177590985,True
100103,10,2024-07-01,Apartment,13,876.79,"$265,237.37",Sold,C0118,265237.37,302.5095746986166,True
100112,10,2024-07-01,Apartment,15,1948.32,"$590,971.72",Sold,C0075,590971.72,303.3237455859407,True
100135,10,2024-07-01,Apartment,17,647.35,"$200,717.88",Sold,C1689,200717.88,310.0608326253186,True
100137,10,2024-07-01,Apartment,17,647.35,"$185,076.88",Available,,185076.88,285.8992507916892,False
100160,10,2024-07-01,Apartment,20,1264.43,"$404,233.41",Available,,404233.41,319.69615557998463,False
100192,10,2024-07-01,Apartment,26,1294.85,"$390,975.34",Sold,C1685,390975.34,301.9464339498784,True
100194,10,2024-07-01,Apartment,26,1294.85,"$446,270.99",Available,,446270.99,344.6507240220875,False
100239,10,2024-07-01,Apartment,29,486.78,"$133,442.26",Sold,C1353,133442.26,274.13258556226634,True
100258,10,2024-07-01,Apartment,31,1499.0,"$480,689.01",Available,,480689.01,320.6731220813876,False
100259,10,2024-07-01,Apartment,31,1499.0,"$440,625.12",Sold,C1126,440625.12,293.9460440293529,True
100270,10,2024-07-01,Apartment,31,1499.0,"$539,319.21",Sold,C0194,539319.21,359.78599733155437,True
100274,10,2024-07-01,Apartment,31,1499.0,"$442,539.26",Sold,C0922,442539.26,295.2229886591061,True
100281,10,2024-07-01,Apartment,33,1010.7,"$317,118.28",Sold,C1646,317118.28,313.7610369051153,True
100295,10,2024-07-01,Apartment,34,1435.44,"$456,005.52",Sold,C1789,456005.52,317.6764755057683,True
100315,10,2024-07-01,Office,37,1177.85,"$392,024.60",Sold,C1296,392024.6,332.8306660440633,True
100350,10,2024-07-01,Apartment,42,1757.51,"$542,629.73",Available,,542629.73,308.74915647706126,False
100378,10,2024-07-01,Office,44,1224.71,"$313,612.06",Sold,C1349,313612.06,256.0704656612586,True
100389,10,2024-07-01,Office,45,1119.1,"$359,492.59",Sold,C0965,359492.59,321.23366097757133,True
100431,10,2024-07-01,Office,50,1138.32,"$410,549.30",Sold,C0029,410549.3,360.662467495959,True
110015,11,2024-07-01,Apartment,2,938.0,"$292,903.12",Sold,C0048,292903.12,312.2634541577825,True
110064,11,2024-07-01,Apartment,8,1001.41,"$328,405.23",Sold,C0137,328405.23,327.9428306088415,True
110069,11,2024-07-01,Apartment,8,1001.41,"$294,707.51",Sold,C1116,294707.51,294.2925574939336,True
110074,11,2024-07-01,Apartment,8,1001.41,"$315,005.02",Sold,C1054,315005.02,314.56148830149493,True
110076,11,2024-07-01,Apartment,9,904.49,"$288,226.70",Sold,C1007,288226.7,318.66211898417896,True
110127,11,2024-07-01,Apartment,14,524.68,"$152,470.27",Sold,C1588,152470.27,290.5966875047648,True
110135,11,2024-07-01,Apartment,14,524.68,"$145,565.84",Sold,C1755,145565.84,277.4373713501563,True
110149,11,2024-07-01,Apartment,15,1385.68,"$464,805.57",Available,,464805.57,335.4349994226661,False
110175,11,2024-07-01,Apartment,19,1083.98,"$312,370.43",Sold,C0846,312370.43,288.1699201092271,True
110197,11,2024-07-01,Apartment,23,1098.83,"$304,533.78",Sold,C1959,304533.78,277.14367099551345,True
110206,11,2024-07-01,Apartment,24,1481.82,"$447,905.13",Sold,C0920,447905.13,302.2668947645463,True
110215,11,2024-07-01,Apartment,26,490.37,"$146,985.56",Available,,146985.56,299.7441931602667,False
110220,11,2024-07-01,Apartment,27,1638.1,"$491,968.22",Available,,491968.22,300.32856357975703,False
110248,11,2024-07-01,Apartment,30,642.72,"$188,918.69",Available,,188918.69,293.9362241722678,False
110307,11,2024-07-01,Apartment,38,788.47,"$231,425.47",Sold,C0167,231425.47,293.512080358162,True
110314,11,2024-07-01,Apartment,38,788.47,"$292,783.10",Sold,C0655,292783.1,371.33067840247566,True
110327,11,2024-07-01,Apartment,39,1816.63,"$542,356.68",Sold,C1276,542356.68,298.55098726763293,True
110356,11,2024-07-01,Apartment,42,808.59,"$241,981.51",Available,,241981.51,299.2635451835912,False
110363,11,2024-07-01,Office,43,810.65,"$247,337.51",Available,,247337.51,305.1101091716524,False
110417,11,2024-07-01,Office,49,1095.85,"$290,170.99",Sold,C1432,290170.99,264.79079253547474,True
110433,11,2024-07-01,Apartment,51,1318.98,"$394,037.08",Sold,C0703,394037.08,298.7437868656083,True
110448,11,2024-07-01,Apartment,52,1397.58,"$410,950.81",Sold,C0423,410950.81,294.0445698993975,True
110486,11,2024-07-01,Office,57,1008.58,"$364,600.40",Sold,C1710,364600.4,361.49874080390254,True
110495,11,2024-07-01,Apartment,58,1159.31,"$307,063.74",Sold,C0548,307063.74,264.8676712872312,True
110498,11,2024-07-01,Apartment,59,782.92,"$250,827.86",Sold,C0403,250827.86,320.3748275685894,True
110540,11,2024-07-01,Apartment,62,1938.82,"$661,095.49",Sold,C0885,661095.49,340.9782702881134,True
110557,11,2024-07-01,Apartment,65,1427.09,"$386,439.95",Sold,C0148,386439.95,270.788772957557,True
120061,12,2024-07-01,Apartment,7,1179.99,"$324,417.75",Available,,324417.75,274.9326265476826,False
120063,12,2024-07-01,Apartment,8,1803.36,"$504,262.01",Sold,C0833,504262.01,279.6235970632597,True
120065,12,2024-07-01,Apartment,8,1803.36,"$458,523.67",Available,,458523.67,254.26075215153935,False
120074,12,2024-07-01,Apartment,8,1803.36,"$509,389.85",Available,,509389.85,282.46708921125014,False
120087,12,2024-07-01,Apartment,11,1348.81,"$407,336.90",Sold,C1796,407336.9,301.9972420133303,True
120091,12,2024-07-01,Office,12,959.05,"$294,502.81",Available,,294502.81,307.07763933058754,False
120104,12,2024-07-01,Apartment,13,1394.03,"$488,077.62",Sold,C0059,488077.62,350.11988264241086,True
120106,12,2024-07-01,Apartment,13,1394.03,"$428,998.23",Available,,428998.23,307.7395967088226,False
120119,12,2024-07-01,Apartment,14,1369.96,"$411,210.31",Sold,C0933,411210.31,300.16227481094336,True
120122,12,2024-07-01,Apartment,14,1369.96,"$467,818.66",Sold,C0779,467818.66,341.4834447721101,True
120159,12,2024-07-01,Apartment,18,1702.66,"$567,781.40",Sold,C1388,567781.4,333.46728060798984,True
120183,12,2024-07-01,Apartment,20,1802.21,"$514,479.75",Sold,C1250,514479.75,285.4715876618152,True
120215,12,2024-07-01,Apartment,24,1306.75,"$404,553.77",Sold,C1078,404553.77,309.5877329251961,True
120243,12,2024-07-01,Apartment,26,557.9,"$167,180.02",Sold,C0459,167180.02,299.6594730238394,True
120276,12,2024-07-01,Office,30,622.2,"$182,644.63",Sold,C0835,182644.63,293.54649630343937,True
120288,12,2024-07-01,Apartment,33,1232.2,"$373,786.79",Sold,C0171,373786.79,303.34912351890927,True
120298,12,2024-07-01,Apartment,33,1232.2,"$416,143.54",Sold,C0398,416143.54,337.72402207433856,True
120309,12,2024-07-01,Apartment,34,1817.64,"$543,784.77",Available,,543784.77,299.1707763913646,False
120312,12,2024-07-01,Apartment,34,1817.64,"$547,275.83",Available,,547275.83,301.0914317466605,False
120318,12,2024-07-01,Apartment,35,1690.62,"$536,339.30",Sold,C1613,536339.3,317.2441471176255,True
120349,12,2024-07-01,Apartment,38,1157.23,"$303,689.38",Available,,303689.38,262.42784926073466,False
120379,12,2024-07-01,Apartment,41,938.23,"$308,266.76",Sold,C1711,308266.76,328.5620370271682,True
120391,12,2024-07-01,Apartment,45,1898.75,"$578,903.12",Sold,C1391,578903.12,304.8864358130349,True
120400,12,2024-07-01,Apartment,47,1528.05,"$459,689.25",Sold,C0959,459689.25,300.8339059585747,True
120410,12,2024-07-01,Apartment,47,1528.05,"$458,559.81",Sold,C1477,458559.81,300.09476784136643,True
120413,12,2024-07-01,Apartment,48,1919.31,"$573,864.12",Available,,573864.12,298.99501383309627,False
130007,13,2024-07-01,Apartment,1,1899.92,"$523,557.94",Available,,523557.94,275.56841340688027,False
130026,13,2024-07-01,Apartment,2,1651.02,"$502,850.13",Available,,502850.13,304.56937529527204,False
130032,13,2024-07-01,Apartment,2,1651.02,"$517,417.70",Sold,C1460,517417.7,313.3927511477753,True
130084,13,2024-07-01,Apartment,10,1314.38,"$443,598.83",Available,,443598.83,337.49663719776623,False
130152,13,2024-07-01,Apartment,17,1278.95,"$339,994.36",Sold,C0442,339994.36,265.83866452949684,True
130174,13,2024-07-01,Office,20,516.72,"$161,535.12",Available,,161535.12,312.6163492800743,False
130187,13,2024-07-01,Office,20,516.72,"$192,246.55",Sold,C1795,192246.55,372.0516914383031,True
130202,13,2024-07-01,Apartment,23,882.35,"$241,711.66",Available,,241711.66,273.9407944693149,False
130235,13,2024-07-01,Apartment,28,1173.72,"$366,660.34",Available,,366660.34,312.39166070272296,False
130265,13,2024-07-01,Apartment,31,627.57,"$177,086.90",Available,,177086.9,282.17872109884155,False
130285,13,2024-07-01,Apartment,32,1114.07,"$324,092.48",Sold,C1838,324092.48,290.9085425511862,True
130287,13,2024-07-01,Office,32,1114.07,"$376,982.89",Sold,C0161,376982.89,338.38348577737486,True
130303,13,2024-07-01,Office,33,1445.84,"$396,320.37",Available,,396320.37,274.11080755823605,False
130322,13,2024-07-01,Office,36,1061.26,"$319,634.34",Sold,C0116,319634.34,301.1838192337411,True
130334,13,2024-07-01,Apartment,37,1555.67,"$540,337.18",Sold,C0021,540337.18,347.3340618511638,True
130346,13,2024-07-01,Office,38,656.42,"$172,732.59",Available,,172732.59,263.14339904329546,False
130355,13,2024-07-01,Apartment,39,1054.77,"$333,335.63",Sold,C0367,333335.63,316.0268399745916,True
130356,13,2024-07-01,Apartment,39,1054.77,"$297,137.03",Sold,C0155,297137.03,281.70788892365164,True
130363,13,2024-07-01,Apartment,40,571.5,"$146,624.11",Sold,C0151,146624.11,256.5601224846894,True
130366,13,2024-07-01,Apartment,40,571.5,"$157,697.13",Sold,C0040,157697.13,275.9354855643045,True
130371,13,2024-07-01,Apartment,41,1168.7,"$351,482.71",Sold,C1594,351482.71,300.74673568922736,True
130396,13,2024-07-01,Apartment,44,470.06,"$122,529.33",Available,,122529.33,260.66742543505086,False
130420,13,2024-07-01,Apartment,47,1874.35,"$574,750.15",Sold,C0319,574750.15,306.63971510123514,True
130424,13,2024-07-01,Apartment,47,1874.35,"$599,735.43",Sold,C0433,599735.43,319.9698188705418,True
130453,13,2024-07-01,Apartment,51,1253.03,"$409,716.46",Sold,C1254,409716.46,326.98056710533666,True
130464,13,2024-07-01,Apartment,53,968.77,"$277,313.63",Sold,C1042,277313.63,286.2533212217554,True
130491,13,2024-07-01,Apartment,57,1717.49,"$553,202.56",Sold,C0255,553202.56,322.0994358045753,True
130510,13,2024-07-01,Apartment,59,1434.04,"$466,896.33",Sold,C0539,466896.33,325.5811065242253,True
130543,13,2024-07-01,Apartment,63,1623.8,"$522,871.62",Available,,522871.62,322.0049390319005,False
130549,13,2024-07-01,Apartment,63,1623.8,"$558,406.39",Sold,C1359,558406.39,343.88865008005916,True
130554,13,2024-07-01,Apartment,64,792.66,"$236,127.27",Available,,236127.27,297.89224888350617,False
130567,13,2024-07-01,Apartment,67,524.97,"$177,305.61",Sold,C1555,177305.61,337.74427110120575,True
130582,13,2024-07-01,Apartment,67,524.97,"$157,671.38",Sold,C0682,157671.38,300.3436005867002,True
140006,14,2024-07-01,Office,2,922.7,"$254,776.77",Sold,C0514,254776.77,276.12091687439033,True
140029,14,2024-07-01,Apartment,5,424.34,"$137,345.87",Sold,C0268,137345.87,323.6693924683037,True
140046,14,2024-07-01,Apartment,7,641.37,"$186,621.79",Available,,186621.79,290.973681338385,False
140071,14,2024-07-01,Apartment,9,803.5,"$228,660.27",Sold,C1395,228660.27,284.5802986932172,True
140074,14,2024-07-01,Apartment,9,803.5,"$229,900.05",Sold,C1235,229900.05,286.1232731798382,True
140106,14,2024-07-01,Apartment,12,459.44,"$138,735.20",Sold,C0762,138735.2,301.96587149573395,True
140108,14,2024-07-01,Apartment,12,459.44,"$145,299.39",Sold,C1456,145299.39,316.25324307853043,True
140127,14,2024-07-01,Apartment,13,442.74,"$127,404.10",Available,,127404.1,287.7627953200524,False
140137,14,2024-07-01,Office,15,784.04,"$230,382.24",Sold,C1448,230382.24,293.8399061272384,True
140144,14,2024-07-01,Apartment,15,784.04,"$247,670.78",Available,,247670.78,315.8904902811081,False
140155,14,2024-07-01,Apartment,16,915.37,"$259,971.99",Sold,C0914,259971.99,284.0075488600238,True
140165,14,2024-07-01,Office,17,686.6,"$252,539.96",Sold,C1687,252539.96,367.8123507136615,True
140174,14,2024-07-01,Apartment,18,500.17,"$123,583.21",Sold,C0890,123583.21,247.08241197992683,True
140177,14,2024-07-01,Apartment,18,500.17,"$170,526.78",Sold,C1592,170526.78,340.9376412019913,True
140186,14,2024-07-01,Apartment,21,1560.87,"$370,802.58",Sold,C0788,370802.58,237.5614753310654,True
140204,14,2024-07-01,Apartment,22,1148.66,"$371,392.04",Sold,C0023,371392.04,323.3263454808211,True
140246,14,2024-07-01,Apartment,28,486.35,"$147,025.21",Sold,C0581,147025.21,302.30330009252594,True
140251,14,2024-07-01,Office,29,1618.34,"$521,382.10",Sold,C0630,521382.1,322.1709282351051,True
140268,14,2024-07-01,Apartment,29,1618.34,"$468,922.65",Sold,C1173,468922.65,289.75533571437404,True
140273,14,2024-07-01,Apartment,30,1746.48,"$497,116.96",Sold,C1590,497116.96,284.63936603911867,True
140292,14,2024-07-01,Apartment,33,1894.96,"$548,558.56",Sold,C1175,548558.56,289.48292312238783,True
140293,14,2024-07-01,Apartment,33,1894.96,"$520,074.64",Sold,C1062,520074.64,274.45151348841136,True
140305,14,2024-07-01,Apartment,35,1152.84,"$387,012.23",Sold,C1740,387012.23,335.7033326393949,True
140325,14,2024-07-01,Apartment,38,1170.11,"$345,923.44",Sold,C1485,345923.44,295.6332652485664,True
140335,14,2024-07-01,Apartment,40,532.44,"$163,904.14",Available,,163904.14,307.8358876117497,False
140344,14,2024-07-01,Apartment,41,543.61,"$154,091.71",Sold,C1741,154091.71,283.4600356873494,True
140352,14,2024-07-01,Apartment,43,520.49,"$145,055.82",Sold,C1044,145055.82,278.69088743299585,True
140358,14,2024-07-01,Office,43,520.49,"$170,872.82",Sold,C0987,170872.82,328.29222463447906,True
140394,14,2024-07-01,Apartment,47,917.53,"$258,518.28",Sold,C0197,258518.28,281.75458023170904,True
140395,14,2024-07-01,Office,47,917.53,"$252,713.76",Sold,C0466,252713.76,275.42833476834545,True
140399,14,2024-07-01,Apartment,48,1941.78,"$497,893.52",Sold,C0243,497893.52,256.41088073829167,True
140454,14,2024-07-01,Office,53,1493.72,"$450,023.59",Available,,450023.59,301.2770733470798,False
140459,14,2024-07-01,Apartment,55,1415.9,"$493,593.22",Available,,493593.22,348.60740165265906,False
140463,14,2024-07-01,Apartment,55,1415.9,"$370,665.44",Available,,370665.44,261.78786637474394,False
140475,14,2024-07-01,Apartment,55,1415.9,"$425,691.80",Sold,C1361,425691.8,300.6510346775902,True
150030,15,2024-07-01,Apartment,4,1110.88,"$322,354.35",Available,,322354.35,290.179272288636,False
150128,15,2024-07-01,Apartment,17,562.64,"$190,102.41",Sold,C1554,190102.41,337.8757464808759,True
150150,15,2024-07-01,Apartment,18,567.74,"$189,284.34",Sold,C1268,189284.34,333.3996899989432,True
150157,15,2024-07-01,Apartment,20,1662.01,"$557,939.40",Sold,C1012,557939.4,335.7015902431393,True
150173,15,2024-07-01,Apartment,22,1317.29,"$357,942.90",Sold,C0964,357942.9,271.72672684071085,True
150180,15,2024-07-01,Office,23,1279.23,"$447,987.69",Available,,447987.69,350.20105063202084,False
150252,15,2024-07-01,Apartment,30,1523.22,"$491,938.80",Sold,C0513,491938.8,322.9597825658802,True
150256,15,2024-07-01,Office,30,1523.22,"$485,590.73",Sold,C0190,485590.73,318.79224931395333,True
150262,15,2024-07-01,Apartment,30,1523.22,"$377,450.49",Available,,377450.49,247.79775081734746,False
150279,15,2024-07-01,Apartment,34,1304.22,"$439,700.17",Available,,439700.17,337.136503043965,False
150300,15,2024-07-01,Office,35,745.49,"$218,602.71",Sold,C0097,218602.71,293.23359132919285,True
150302,15,2024-07-01,Apartment,35,745.49,"$254,110.40",Sold,C0838,254110.4,340.8635930730124,True
150336,15,2024-07-01,Apartment,39,1713.42,"$483,241.64",Sold,C0443,483241.64,282.03338352534695,True
150354,15,2024-07-01,Apartment,43,1655.05,"$508,753.30",Sold,C0822,508753.3,307.3945198030271,True
150361,15,2024-07-01,Apartment,44,1713.09,"$501,574.06",Sold,C0350,501574.06,292.78908872271745,True
150387,15,2024-07-01,Office,49,460.17,"$130,666.74",Sold,C1231,130666.74,283.9531912119434,True
150435,15,2024-07-01,Apartment,54,1495.13,"$330,239.65",Sold,C1621,330239.65,220.87688027128075,True
150442,15,2024-07-01,Apartment,55,892.75,"$283,367.29",Sold,C0384,283367.29,317.40945393447214,True
150453,15,2024-07-01,Apartment,55,892.75,"$301,756.77",Available,,301756.77,338.0081433772053,False
150462,15,2024-07-01,Apartment,56,939.93,"$263,394.17",Available,,263394.17,280.2274318300299,False
150466,15,2024-07-01,Apartment,56,939.93,"$297,518.31",Sold,C0096,297518.31,316.5324119881268,True
150503,15,2024-07-01,Apartment,60,1033.2,"$331,613.25",Sold,C0600,331613.25,320.95746225319397,True
150505,15,2024-07-01,Apartment,60,1033.2,"$317,869.59",Sold,C1663,317869.59,307.65542973286875,True
160013,16,2024-07-01,Apartment,2,1388.75,"$406,095.59",Sold,C1735,406095.59,292.41806660666066,True
160019,16,2024-07-01,Apartment,3,466.91,"$124,643.03",Sold,C0251,124643.03,266.9530102161016,True
160020,16,2024-07-01,Apartment,3,466.91,"$153,928.17",Available,,153928.17,329.67417703625966,False
160021,16,2024-07-01,Apartment,4,1561.55,"$545,582.64",Sold,C0342,545582.64,349.3853158720502,True
160034,16,2024-07-01,Apartment,5,749.15,"$223,589.36",Sold,C0323,223589.36,298.45739838483615,True
160050,16,2024-07-01,Apartment,6,1062.34,"$377,317.05",Sold,C0358,377317.05,355.1754146506768,True
160091,16,2024-07-01,Apartment,10,1608.56,"$507,543.33",Sold,C0184,507543.33,315.52651439797086,True
160102,16,2024-07-01,Apartment,11,1288.42,"$361,857.17",Sold,C1301,361857.17,280.8534251253473,True
160118,16,2024-07-01,Apartment,12,549.98,"$167,127.37",Sold,C0440,167127.37,303.87899559984,True
160148,16,2024-07-01,Apartment,18,1432.77,"$439,792.36",Sold,C0489,439792.36,306.95251854798744,True
160163,16,2024-07-01,Apartment,21,837.95,"$214,050.49",Sold,C1349,214050.49,255.44542037114383,True
160165,16,2024-07-01,Office,21,837.95,"$291,601.39",Sold,C0213,291601.39,347.9937824452533,True
160207,16,2024-07-01,Office,26,1458.08,"$470,123.96",Sold,C0735,470123.96,322.42672555689677,True
160208,16,2024-07-01,Apartment,26,1458.08,"$420,929.08",Sold,C1716,420929.08,288.6872325249644,True
160219,16,2024-07-01,Apartment,27,1164.55,"$395,393.94",Sold,C0388,395393.94,339.5250869434546,True
160236,16,2024-07-01,Apartment,28,1440.71,"$453,519.83",Sold,C0274,453519.83,314.78911786549685,True
160296,16,2024-07-01,Apartment,35,629.97,"$190,389.18",Available,,190389.18,302.2194390209057,False
160349,16,2024-07-01,Apartment,41,1001.72,"$288,157.93",Sold,C0227,288157.93,287.6631493830611,True
160367,16,2024-07-01,Apartment,42,1496.62,"$442,773.17",Sold,C1598,442773.17,295.8487592040732,True
160368,16,2024-07-01,Apartment,42,1496.62,"$440,294.20",Sold,C1131,440294.2,294.1923801633013,True
170001,17,2024-07-01,Office,1,530.28,"$177,186.48",Available,,177186.48,334.13758768952255,False
170015,17,2024-07-01,Apartment,1,530.28,"$161,864.85",Sold,C1882,161864.85,305.2441163159086,True
170017,17,2024-07-01,Apartment,1,530.28,"$142,052.01",Available,,142052.01,267.88113826657616,False
170103,17,2024-07-01,Apartment,12,451.91,"$158,962.11",Available,,158962.11,351.7561240069925,False
170110,17,2024-07-01,Apartment,13,916.9,"$254,096.51",Sold,C1229,254096.51,277.1256516523067,True
170121,17,2024-07-01,Apartment,14,1646.02,"$586,216.96",Sold,C1543,586216.96,356.14206388743753,True
170125,17,2024-07-01,Apartment,15,1365.73,"$464,700.64",Sold,C0167,464700.64,340.25805979219905,True
170128,17,2024-07-01,Apartment,15,1365.73,"$366,314.00",Sold,C0066,366314.0,268.21846192146324,True
170149,17,2024-07-01,Apartment,16,1693.0,"$538,823.79",Available,,538823.79,318.2656763142351,False
170167,17,2024-07-01,Apartment,17,1827.25,"$573,420.94",Available,,573420.94,313.8163579148994,False
170184,17,2024-07-01,Apartment,20,792.27,"$217,783.60",Sold,C0993,217783.6,274.8855819354513,True
170204,17,2024-07-01,Apartment,23,1025.52,"$301,579.24",Sold,C1807,301579.24,294.07445978625475,True
170270,17,2024-07-01,Apartment,32,954.54,"$266,964.50",Sold,C0578,266964.5,279.67869340205755,True
170281,17,2024-07-01,Apartment,33,1532.89,"$429,757.11",Available,,429757.11,280.3574359543085,False
170285,17,2024-07-01,Apartment,35,1667.01,"$491,123.63",Sold,C1695,491123.63,294.61348762154995,True
170297,17,2024-07-01,Apartment,37,644.06,"$218,636.37",Available,,218636.37,339.4658416917679,False
170299,17,2024-07-01,Apartment,37,644.06,"$232,811.65",Available,,232811.65,361.47509548799803,False
170302,17,2024-07-01,Apartment,38,721.83,"$224,494.14",Sold,C0969,224494.14,311.00694069240683,True
170304,17,2024-07-01,Apartment,38,721.83,"$198,833.21",Sold,C1385,198833.21,275.45711594142665,True
170330,17,2024-07-01,Office,41,1422.93,"$455,542.16",Sold,C0475,455542.16,320.14375970708323,True
170332,17,2024-07-01,Apartment,41,1422.93,"$454,070.47",Available,,454070.47,319.10949238543003,False
170349,17,2024-07-01,Apartment,45,1574.3,"$500,164.38",Available,,500164.38,317.7058883313219,False
170351,17,2024-07-01,Apartment,45,1574.3,"$470,199.52",Sold,C0885,470199.52,298.6721209426412,True
170370,17,2024-07-01,Apartment,46,1582.61,"$471,629.61",Available,,471629.61,298.0074749938393,False
170389,17,2024-07-01,Apartment,48,1833.96,"$567,989.30",Sold,C1876,567989.3,309.7064821479204,True
170395,17,2024-07-01,Apartment,48,1833.96,"$655,054.84",Sold,C0081,655054.84,357.18054919409366,True
170420,17,2024-07-01,Apartment,49,1283.67,"$407,447.04",Sold,C0591,407447.04,317.40793194512605,True
170430,17,2024-07-01,Apartment,49,1283.67,"$334,547.53",Sold,C0565,334547.53,260.6180170916201,True
170444,17,2024-07-01,Office,51,1375.52,"$518,981.38",Sold,C1027,518981.38,377.29831627311853,True
180006,18,2024-07-01,Apartment,1,1379.64,"$416,556.23",Sold,C1486,416556.23,301.9311052158534,True
180020,18,2024-07-01,Office,3,524.48,"$129,489.00",Sold,C0059,129489.0,246.89025320317265,True
180029,18,2024-07-01,Office,4,1096.58,"$349,185.44",Sold,C1506,349185.44,318.4313410786263,True
180041,18,2024-07-01,Apartment,4,1096.58,"$267,154.02",Sold,C1633,267154.02,243.62474238085687,True
180051,18,2024-07-01,Apartment,6,840.25,"$252,877.62",Sold,C0049,252877.62,300.95521570961023,True
180056,18,2024-07-01,Apartment,6,840.25,"$247,667.71",Available,,247667.71,294.75478726569474,False
180091,18,2024-07-01,Apartment,12,1692.5,"$522,661.73",Sold,C1280,522661.73,308.81047562776956,True
180108,18,2024-07-01,Apartment,14,1742.3,"$604,691.57",Available,,604691.57,347.06512655685015,False
180136,18,2024-07-01,Apartment,18,1127.95,"$291,840.57",Sold,C1003,291840.57,258.7353783412385,True
180150,18,2024-07-01,Apartment,20,1631.48,"$487,710.82",Sold,C0817,487710.82,298.9376639615564,True
180218,18,2024-07-01,Apartment,28,514.67,"$175,483.61",Sold,C0896,175483.61,340.96335515961687,True
180219,18,2024-07-01,Apartment,28,514.67,"$129,469.70",Sold,C0398,129469.7,251.5586686614724,True
180229,18,2024-07-01,Apartment,29,578.36,"$186,304.06",Sold,C1188,186304.06,322.1247320008299,True
180239,18,2024-07-01,Office,30,1795.66,"$454,622.46",Sold,C1613,454622.46,253.17847476693805,True
180267,18,2024-07-01,Apartment,31,945.46,"$271,698.96",Sold,C0264,271698.96,287.37224208321874,True
180282,18,2024-07-01,Apartment,35,799.05,"$245,628.59",Sold,C0614,245628.59,307.4007759214067,True
180287,18,2024-07-01,Apartment,35,799.05,"$228,204.67",Available,,228204.67,285.59498154057945,False
180314,18,2024-07-01,Apartment,36,1089.77,"$362,075.38",Sold,C1238,362075.38,332.249355368564,True
180329,18,2024-07-01,Apartment,38,1219.8,"$358,264.33",Available,,358264.33,293.7074356451878,False
180360,18,2024-07-01,Apartment,40,990.46,"$327,105.33",Available,,327105.33,330.2559719726188,False
180366,18,2024-07-01,Apartment,41,852.83,"$247,036.12",Sold,C0956,247036.12,289.6663109881219,True
180372,18,2024-07-01,Apartment,41,852.83,"$252,728.55",Available,,252728.55,296.3410644559877,False
180390,18,2024-07-01,Office,44,1334.77,"$354,368.72",Sold,C1220,354368.72,265.4904740142496,True
180418,18,2024-07-01,Apartment,47,520.85,"$189,135.71",Available,,189135.71,363.12894307382163,False
180432,18,2024-07-01,Apartment,49,1457.92,"$480,772.76",Available,,480772.76,329.766214881475,False
180449,18,2024-07-01,Apartment,50,854.74,"$255,654.13",Sold,C1995,255654.13,299.1016332451974,True
180469,18,2024-07-01,Apartment,53,1806.7,"$508,462.97",Sold,C0034,508462.97,281.4318757956495,True
180473,18,2024-07-01,Apartment,53,1806.7,"$501,341.88",Available,,501341.88,277.4903857862401,False
180492,18,2024-07-01,Apartment,54,1756.12,"$572,514.83",Sold,C1507,572514.83,326.01122360658724,True
180504,18,2024-07-01,Apartment,56,1311.59,"$392,997.85",Sold,C0746,392997.85,299.6346800448311,True
180533,18,2024-07-01,Apartment,60,1488.67,"$507,522.85",Sold,C0825,507522.85,340.92367683905763,True
180534,18,2024-07-01,Apartment,60,1488.67,"$441,900.44",Sold,C1784,441900.44,296.8424432547173,True
180540,18,2024-07-01,Office,61,1019.7,"$338,774.34",Sold,C0105,338774.34,332.2294204177699,True
180575,18,2024-07-01,Office,66,1631.24,"$532,766.89",Sold,C0857,532766.89,326.60239449743756,True
180583,18,2024-07-01,Apartment,67,1664.17,"$550,273.32",Sold,C0390,550273.32,330.6593196608519,True
180585,18,2024-07-01,Apartment,68,1445.28,"$462,353.91",Sold,C0076,462353.91,319.90611507804715,True
190039,19,2024-07-01,Apartment,7,973.6,"$317,064.49",Available,,317064.49,325.66196589975345,False
190042,19,2024-07-01,Apartment,7,973.6,"$280,625.88",Sold,C0841,280625.88,288.2352917009039,True
190057,19,2024-07-01,Apartment,8,974.77,"$308,389.38",Sold,C1763,308389.38,316.3714312094135,True
190098,19,2024-07-01,Apartment,14,630.47,"$186,144.12",Sold,C0040,186144.12,295.2465938109664,True
190122,19,2024-07-01,Apartment,17,574.75,"$211,158.38",Available,,211158.38,367.39170073945195,False
190127,19,2024-07-01,Apartment,17,574.75,"$170,914.80",Sold,C0902,170914.8,297.3724227925185,True
190130,19,2024-07-01,Apartment,18,1599.44,"$495,705.73",Sold,C0990,495705.73,309.9245548441954,True
190212,19,2024-07-01,Apartment,26,668.24,"$213,645.72",Sold,C1519,213645.72,319.71405483059976,True
190219,19,2024-07-01,Office,26,668.24,"$185,626.99",Sold,C0752,185626.99,277.78491260624924,True
190243,19,2024-07-01,Apartment,29,1657.84,"$467,738.46",Sold,C1860,467738.46,282.13727500844476,True
190291,19,2024-07-01,Apartment,34,783.42,"$246,652.14",Sold,C0547,246652.14,314.84023895228614,True
190302,19,2024-07-01,Office,36,855.94,"$276,512.82",Sold,C1411,276512.82,323.0516391335841,True
190322,19,2024-07-01,Apartment,39,1237.04,"$375,074.00",Available,,375074.0,303.2028066998642,False
190333,19,2024-07-01,Apartment,40,893.49,"$240,304.86",Sold,C1662,240304.86,268.9508108652587,True
190341,19,2024-07-01,Apartment,40,893.49,"$232,188.92",Sold,C0356,232188.92,259.8673963894392,True
190397,19,2024-07-01,Apartment,45,1869.11,"$581,236.54",Sold,C1202,581236.54,310.9696807571518,True
190406,19,2024-07-01,Apartment,46,1926.19,"$623,819.92",Sold,C0826,623819.92,323.86209044798284,True
190427,19,2024-07-01,Apartment,49,1004.26,"$294,799.49",Available,,294799.49,293.548971381913,False
190433,19,2024-07-01,Apartment,50,1227.01,"$352,469.52",Available,,352469.52,287.25888134571034,False
200042,20,2024-07-01,Office,4,631.75,"$183,516.50",Sold,C0364,183516.5,290.48911753066875,True
200103,20,2024-07-01,Apartment,14,837.37,"$283,480.34",Available,,283480.34,338.5365370147008,False
200127,20,2024-07-01,Apartment,16,645.44,"$175,693.74",Available,,175693.74,272.2077032721864,False
200144,20,2024-07-01,Apartment,18,1868.01,"$612,113.60",Sold,C0871,612113.6,327.6821858555361,True
200165,20,2024-07-01,Apartment,18,1868.01,"$575,785.08",Sold,C0285,575785.08,308.23447411951753,True
200208,20,2024-07-01,Apartment,25,780.74,"$215,914.27",Sold,C1595,215914.27,276.5507979609089,True
200238,20,2024-07-01,Apartment,29,1844.16,"$637,391.94",Available,,637391.94,345.62724492451844,False
200254,20,2024-07-01,Apartment,30,1703.94,"$545,707.37",Sold,C1151,545707.37,320.26208082444214,True
200271,20,2024-07-01,Apartment,31,1414.44,"$343,623.68",Sold,C0405,343623.68,242.93973586719832,True
200272,20,2024-07-01,Apartment,31,1414.44,"$394,309.09",Sold,C1941,394309.09,278.7739953621221,True
200341,20,2024-07-01,Apartment,37,632.35,"$220,469.20",Sold,C1251,220469.2,348.65058907250733,True
200358,20,2024-07-01,Apartment,39,1106.36,"$291,164.92",Sold,C1814,291164.92,263.17375899345603,True
200409,20,2024-07-01,Apartment,46,1227.49,"$335,667.42",Available,,335667.42,273.4583744063088,False
200483,20,2024-07-01,Apartment,55,1804.87,"$553,235.72",Sold,C1937,553235.72,306.52386044424253,True
200484,20,2024-07-01,Apartment,55,1804.87,"$519,657.03",Sold,C1885,519657.03,287.9193681539391,True
200499,20,2024-07-01,Apartment,58,1208.52,"$387,708.89",Sold,C1783,387708.89,320.81296958263,True
990011,3,2024-07-01,Apartment,38,1596.35,"$526,947.16",Available,,526947.16,330.0950042283961,False
990015,4,2024-07-01,Apartment,23,794.52,"$255,243.11",Available,,255243.11,321.2544806927453,False
990016,4,2024-07-01,Apartment,29,794.52,"$233,834.00",Available,,233834.0,294.3085133162161,False
1007,1,2024-08-01,Apartment,7,775.69,"$250,312.53",Sold,C0058,250312.53,322.69660560275366,True
1018,1,2024-08-01,Apartment,18,625.8,"$191,389.87",Sold,C0075,191389.87,305.8323266219239,True
1043,1,2024-08-01,Apartment,43,1160.36,"$377,313.56",Sold,C0078,377313.56,325.1693957047813,True
2014,2,2024-08-01,Apartment,14,1109.25,"$336,695.25",Sold,C0024,336695.25,303.5341446923597,True
2042,2,2024-08-01,Apartment,42,785.48,"$220,606.28",Sold,C0145,220606.28,280.8553750572898,True
3009,3,2024-08-01,Apartment,9,743.41,"$222,867.42",Sold,C0109,222867.42,299.79072113638506,True
3028,3,2024-08-01,Apartment,28,781.07,"$206,631.81",Sold,C0160,206631.81,264.54966904374766,True
3040,3,2024-08-01,Apartment,40,670.89,"$204,292.49",Sold,C0088,204292.49,304.5096662642162,True
4032,4,2024-08-01,Apartment,32,1611.85,"$523,373.45",Available,,523373.45,324.7035704314918,False
4035,4,2024-08-01,Apartment,35,794.52,"$217,786.38",Sold,C0142,217786.38,274.1106328349192,True
10018,1,2024-08-01,Apartment,3,788.73,"$219,789.59",Available,,219789.59,278.6626475473229,False
10071,1,2024-08-01,Apartment,8,763.88,"$252,439.28",Sold,C0590,252439.28,330.469812012358,True
10137,1,2024-08-01,Apartment,17,608.25,"$209,028.70",Sold,C1827,209028.7,343.65589806822857,True
10160,1,2024-08-01,Apartment,20,1146.24,"$312,577.25",Sold,C0603,312577.25,272.69790794249025,True
10197,1,2024-08-01,Office,24,1146.11,"$400,078.46",Sold,C0516,400078.46,349.07509750373003,True
10203,1,2024-08-01,Apartment,24,1146.11,"$353,757.18",Sold,C0093,353757.18,308.6590117876993,True
10217,1,2024-08-01,Apartment,25,1154.92,"$374,160.93",Available,,374160.93,323.9712967131922,False
10266,1,2024-08-01,Office,29,757.2,"$291,390.39",Sold,C1113,291390.39,384.8261885895404,True
10294,1,2024-08-01,Apartment,31,619.78,"$206,016.94",Available,,206016.94,332.4033366678499,False
10329,1,2024-08-01,Apartment,35,1168.59,"$343,118.08",Available,,343118.08,293.6171625634312,False
10341,1,2024-08-01,Apartment,36,613.59,"$200,432.99",Sold,C1161,200432.99,326.65621995143334,True
10415,1,2024-08-01,Apartment,48,1170.93,"$372,802.31",Available,,372802.31,318.38138061199214,False
10421,1,2024-08-01,Apartment,49,629.24,"$187,717.66",Sold,C0849,187717.66,298.32442311359733,True
20006,2,2024-08-01,Apartment,1,706.3,"$249,209.28",Sold,C0390,249209.28,352.83771768370383,True
20007,2,2024-08-01,Apartment,1,706.3,"$223,901.16",Sold,C0667,223901.16,317.00574826560955,True
20012,2,2024-08-01,Apartment,2,788.72,"$248,313.23",Sold,C0932,248313.23,314.83064966020896,True
20014,2,2024-08-01,Apartment,2,788.72,"$263,129.48",Sold,C1546,263129.48,333.61583324880814,True
20041,2,2024-08-01,Apartment,5,933.95,"$309,045.30",Sold,C0957,309045.3,330.90133304780767,True
20075,2,2024-08-01,Apartment,9,584.19,"$174,150.21",Sold,C1739,174150.21,298.1054280285523,True
20084,2,2024-08-01,Apartment,10,788.79,"$252,850.45",Available,,252850.45,320.5548371556435,False
20092,2,2024-08-01,Apartment,11,1625.05,"$456,819.98",Sold,C0155,456819.98,281.1113381126735,True
20107,2,2024-08-01,Apartment,12,1610.5,"$552,556.37",Available,,552556.37,343.09616268239677,False
20182,2,2024-08-01,Apartment,21,921.38,"$202,703.60",Available,,202703.6,220.0,False
20211,2,2024-08-01,Apartment,24,785.12,"$234,283.57",Sold,C0008,234283.57,298.4047916242103,True
20215,2,2024-08-01,Apartment,24,785.12,"$252,200.58",Sold,C0090,252200.58,321.22551966578357,True
20240,2,2024-08-01,Office,26,1577.79,"$539,543.52",Sold,C0316,539543.52,341.9615538189493,True
20244,2,2024-08-01,Office,26,1577.79,"$484,534.28",Sold,C1760,484534.28,307.09681263032473,True
20273,2,2024-08-01,Apartment,32,925.63,"$261,310.59",Available,,261310.59,282.30566208960386,False
20278,2,2024-08-01,Apartment,33,931.4,"$339,356.02",Sold,C0550,339356.02,364.3504616706034,True
20281,2,2024-08-01,Apartment,33,931.4,"$213,769.96",Available,,213769.96,229.51466609405196,False
20302,2,2024-08-01,Office,35,1391.68,"$536,215.12",Sold,C1016,536215.12,385.30058634168773,True
20309,2,2024-08-01,Apartment,36,641.72,"$202,812.08",Sold,C1903,202812.08,316.0445053917596,True
20320,2,2024-08-01,Apartment,37,780.46,"$264,688.84",Available,,264688.84,339.1446582784512,False
20338,2,2024-08-01,Office,41,654.93,"$216,265.08",Sold,C1987,216265.08,330.2109843800101,True
20346,2,2024-08-01,Office,41,654.93,"$213,060.39",Available,,213060.39,325.3178049562549,False
20362,2,2024-08-01,Apartment,42,786.45,"$231,735.21",Sold,C0284,231735.21,294.6598130841121,True
20394,2,2024-08-01,Apartment,46,697.74,"$203,362.09",Sold,C1234,203362.09,291.4582652563992,True
20397,2,2024-08-01,Apartment,46,697.74,"$255,546.30",Sold,C0080,255546.3,366.24860263135264,True
20420,2,2024-08-01,Apartment,47,708.32,"$219,270.97",Sold,C1258,219270.97,309.56484357352605,True
20450,2,2024-08-01,Apartment,52,914.01,"$290,161.41",Sold,C0458,290161.41,317.4597761512456,True
20458,2,2024-08-01,Apartment,54,924.4,"$269,789.64",Sold,C0438,269789.64,291.8537862397231,True
30005,3,2024-08-01,Apartment,1,689.75,"$189,856.09",Sold,C1362,189856.09,275.2534831460674,True
30012,3,2024-08-01,Apartment,1,689.75,"$225,478.74",Sold,C0890,225478.74,326.89922435665096,True
30028,3,2024-08-01,Apartment,3,783.65,"$223,180.66",Sold,C0806,223180.66,284.7963504115358,True
30107,3,2024-08-01,Apartment,10,784.09,"$240,031.71",Sold,C1011,240031.71,306.1277531915979,True
30117,3,2024-08-01,Apartment,10,784.09,"$211,715.31",Sold,C0304,211715.31,270.01404175541074,True
30120,3,2024-08-01,Apartment,10,784.09,"$255,680.85",Available,,255680.85,326.0860998099708,False
30143,3,2024-08-01,Apartment,14,788.59,"$243,606.31",Sold,C0057,243606.31,308.9137701467175,True
30147,3,2024-08-01,Apartment,15,1230.25,"$373,566.16",Sold,C1062,373566.16,303.6506076000813,True
30171,3,2024-08-01,Apartment,19,1602.22,"$433,064.97",Sold,C1293,433064.97,270.2905780729238,True
30194,3,2024-08-01,Apartment,21,1122.15,"$321,062.01",Sold,C1741,321062.01,286.1132736265205,True
30197,3,2024-08-01,Apartment,21,1122.15,"$329,526.86",Available,,329526.86,293.65669473778013,False
30230,3,2024-08-01,Apartment,27,1117.14,"$370,806.45",Sold,C0694,370806.45,331.92478113754765,True
30278,3,2024-08-01,Apartment,31,915.38,"$292,620.94",Sold,C0583,292620.94,319.6715462430903,True
30313,3,2024-08-01,Apartment,38,1173.4,"$342,236.84",Sold,C0007,342236.84,291.6625532640191,True
30314,3,2024-08-01,Office,38,1173.4,"$339,686.19",Sold,C1512,339686.19,289.4888273393557,True
30318,3,2024-08-01,Office,39,1598.95,"$499,234.71",Sold,C1429,499234.71,312.22659245129614,True
30337,3,2024-08-01,Apartment,41,965.5,"$276,837.25",Sold,C1591,276837.25,286.72941481097877,True
30401,3,2024-08-01,Office,49,1174.48,"$380,891.56",Sold,C0271,380891.56,324.3065526871466,True
30418,3,2024-08-01,Apartment,49,1174.48,"$353,070.70",Sold,C0798,353070.7,300.618741911314,True
30445,3,2024-08-01,Apartment,51,693.85,"$205,147.40",Sold,C1884,205147.4,295.6653455357786,True
30468,3,2024-08-01,Apartment,56,1179.42,"$341,233.68",Sold,C1230,341233.68,289.32329450068676,True
30483,3,2024-08-01,Apartment,56,1179.42,"$282,867.04",Sold,C0020,282867.04,239.8357158603381,True
30501,3,2024-08-01,Apartment,58,1588.14,"$476,292.14",Available,,476292.14,299.9056380419862,False
30507,3,2024-08-01,Apartment,58,1588.14,"$433,348.26",Sold,C0467,433348.26,272.8652763610261,True
40012,4,2024-08-01,Apartment,2,1620.07,"$583,440.71",Sold,C0417,583440.71,360.13302511619867,True
40018,4,2024-08-01,Apartment,2,1620.07,"$467,514.28",Sold,C1754,467514.28,288.5765923694656,True
40037,4,2024-08-01,Apartment,4,783.03,"$233,531.67",Sold,C1703,233531.67,298.24102524807483,True
40063,4,2024-08-01,Apartment,6,1602.95,"$557,611.23",Sold,C1060,557611.23,347.8656414735332,True
40073,4,2024-08-01,Office,8,732.42,"$257,348.69",Sold,C0461,257348.69,351.367644247836,True
40116,4,2024-08-01,Apartment,14,1322.66,"$375,564.29",Sold,C1031,375564.29,283.9462068861234,True
40143,4,2024-08-01,Apartment,17,780.68,"$217,753.60",Available,,217753.6,278.92811395193934,False
40162,4,2024-08-01,Apartment,20,1609.62,"$474,937.38",Sold,C0281,474937.38,295.06180340701536,True
40166,4,2024-08-01,Apartment,20,1609.62,"$603,903.40",Sold,C0434,603903.4,375.18383220884436,True
40176,4,2024-08-01,Apartment,21,801.66,"$210,695.91",Available,,210695.91,262.8245266072899,False
40216,4,2024-08-01,Office,26,790.05,"$261,884.29",Sold,C0118,261884.29,331.478121637871,True
40237,4,2024-08-01,Office,29,776.79,"$227,118.11",Sold,C1497,227118.11,292.38032157983497,True
40336,4,2024-08-01,Office,40,780.74,"$228,773.81",Available,,228773.81,293.0217614058457,False
40388,4,2024-08-01,Apartment,45,1160.48,"$281,622.19",Sold,C0522,281622.19,242.6773317937405,True
40392,4,2024-08-01,Apartment,45,1160.48,"$290,250.51",Available,,290250.51,250.11246208465462,False
40397,4,2024-08-01,Apartment,45,1160.48,"$356,950.70",Sold,C1646,356950.7,307.5888425479112,True
50001,5,2024-08-01,Apartment,1,790.55,"$245,496.02",Sold,C0938,245496.02,310.5382581746885,True
50002,5,2024-08-01,Office,1,790.55,"$237,072.90",Sold,C1301,237072.9,299.88349882992856,True
50034,5,2024-08-01,Office,8,782.15,"$237,346.84",Sold,C1800,237346.84,303.45437575912547,True
50047,5,2024-08-01,Apartment,8,782.15,"$227,603.90",Available,,227603.9,290.9977625775107,False
50077,5,2024-08-01,Apartment,10,629.27,"$218,231.20",Available,,218231.2,346.800578448043,False
50117,5,2024-08-01,Apartment,15,1050.95,"$286,511.17",Sold,C0029,286511.17,272.6211237451829,True
50138,5,2024-08-01,Office,18,1267.03,"$453,254.04",Sold,C0460,453254.04,357.7295249520532,True
50161,5,2024-08-01,Apartment,22,1059.78,"$359,572.52",Sold,C0935,359572.52,339.28977712355396,True
50170,5,2024-08-01,Office,22,1059.78,"$333,147.15",Sold,C1638,333147.15,314.35500764309575,True
50189,5,2024-08-01,Apartment,24,807.02,"$270,484.00",Sold,C1179,270484.0,335.1639364575847,True
50213,5,2024-08-01,Apartment,28,1247.24,"$343,136.11",Sold,C0934,343136.11,275.11634488951603,True
50227,5,2024-08-01,Apartment,30,794.93,"$226,818.88",Available,,226818.88,285.3318908583146,False
50229,5,2024-08-01,Apartment,31,1008.52,"$306,320.78",Sold,C0988,306320.78,303.73297505255226,True
50234,5,2024-08-01,Apartment,32,1051.39,"$286,703.44",Available,,286703.44,272.6899057438248,False
50264,5,2024-08-01,Apartment,35,605.55,"$185,735.17",Sold,C0706,185735.17,306.7214433159938,True
50279,5,2024-08-01,Apartment,36,627.56,"$210,288.87",Sold,C1874,210288.87,335.0896647332526,True
50282,5,2024-08-01,Apartment,36,627.56,"$177,591.32",Sold,C0846,177591.32,282.98699725922626,True
50292,5,2024-08-01,Office,38,1283.87,"$392,711.04",Sold,C1905,392711.04,305.8806888547906,True
50302,5,2024-08-01,Apartment,40,1053.41,"$332,426.72",Sold,C0977,332426.72,315.5720184923249,True
50392,5,2024-08-01,Apartment,46,1272.95,"$351,688.67",Sold,C0892,351688.67,276.2784634117601,True
50393,5,2024-08-01,Apartment,46,1272.95,"$427,006.84",Sold,C0573,427006.84,335.44667111826857,True
50396,5,2024-08-01,Apartment,47,1241.14,"$327,053.12",Sold,C1939,327053.12,263.5102566994859,True
50409,5,2024-08-01,Apartment,47,1241.14,"$378,538.97",Available,,378538.97,304.99296614402886,False
60010,6,2024-08-01,Apartment,1,1720.95,"$463,140.93",Available,,463140.93,269.11934106162295,False
60024,6,2024-08-01,Apartment,2,1338.63,"$429,245.17",Sold,C0586,429245.17,320.6600554298051,True
60027,6,2024-08-01,Office,3,605.21,"$208,249.96",Sold,C1025,208249.96,344.0953718543976,True
60030,6,2024-08-01,Apartment,3,605.21,"$185,644.59",Sold,C0117,185644.59,306.744088828671,True
60099,6,2024-08-01,Apartment,7,1075.42,"$296,456.53",Sold,C0212,296456.53,275.6658142865113,True
60127,6,2024-08-01,Apartment,10,942.08,"$313,437.89",Sold,C0675,313437.89,332.7083581012228,True
60155,6,2024-08-01,Apartment,12,1678.17,"$476,123.08",Sold,C0500,476123.08,283.71564263453644,True
60171,6,2024-08-01,Apartment,15,1392.45,"$466,941.91",Sold,C1294,466941.91,335.3383676254084,True
60193,6,2024-08-01,Office,19,1542.71,"$582,517.27",Available,,582517.27,377.5935010468591,False
60199,6,2024-08-01,Apartment,19,1542.71,"$411,162.25",Sold,C1285,411162.25,266.5194689863941,True
60251,6,2024-08-01,Apartment,25,1086.43,"$339,295.67",Sold,C1433,339295.67,312.3032961166389,True
60257,6,2024-08-01,Apartment,26,1538.47,"$510,290.62",Sold,C1317,510290.62,331.68707872106705,True
60269,6,2024-08-01,Apartment,29,1691.02,"$478,576.39",Available,,478576.39,283.01048479615855,False
60271,6,2024-08-01,Apartment,29,1691.02,"$584,272.04",Sold,C1197,584272.04,345.5145651736822,True
60280,6,2024-08-01,Apartment,30,552.59,"$164,016.58",Available,,164016.58,296.8142384046037,False
60299,6,2024-08-01,Apartment,33,1131.0,"$337,198.08",Sold,C0783,337198.08,298.14153846153846,True
60301,6,2024-08-01,Apartment,33,1131.0,"$305,756.04",Sold,C0858,305756.04,270.3413262599469,True
60318,6,2024-08-01,Apartment,35,999.85,"$291,113.56",Sold,C1506,291113.56,291.1572335850378,True
60323,6,2024-08-01,Apartment,35,999.85,"$355,294.14",Available,,355294.14,355.34744211631744,False
60355,6,2024-08-01,Apartment,40,1640.68,"$589,191.73",Sold,C0915,589191.73,359.11434892849303,True
60371,6,2024-08-01,Apartment,42,1766.89,"$476,822.55",Sold,C0237,476822.55,269.8654415385225,True
60429,6,2024-08-01,Apartment,51,1476.63,"$413,502.81",Available,,413502.81,280.031429674326,False
60441,6,2024-08-01,Apartment,52,1408.23,"$438,900.35",Sold,C0456,438900.35,311.66808688921554,True
70042,7,2024-08-01,Apartment,7,1071.02,"$279,574.71",Available,,279574.71,261.0359377042446,False
70077,7,2024-08-01,Apartment,11,834.5,"$241,300.36",Sold,C0003,241300.36,289.1556141402037,True
70100,7,2024-08-01,Apartment,13,604.6,"$169,223.27",Sold,C0363,169223.27,279.89293747932516,True
70113,7,2024-08-01,Office,15,602.92,"$181,279.77",Sold,C1827,181279.77,300.66969083792213,True
70150,7,2024-08-01,Apartment,18,703.28,"$222,983.24",Sold,C1640,222983.24,317.0618245933341,True
70156,7,2024-08-01,Apartment,19,751.07,"$193,701.86",Sold,C1477,193701.86,257.9012076104757,True
70163,7,2024-08-01,Apartment,19,751.07,"$230,427.73",Available,,230427.73,306.7992730371337,False
70167,7,2024-08-01,Apartment,19,751.07,"$218,479.78",Sold,C1133,218479.78,290.8913683145379,True
70181,7,2024-08-01,Apartment,20,1160.82,"$323,305.20",Sold,C0093,323305.2,278.5144983718406,True
70202,7,2024-08-01,Apartment,23,1222.69,"$341,957.18",Sold,C1004,341957.18,279.676107598819,True
70203,7,2024-08-01,Apartment,23,1222.69,"$432,928.46",Available,,432928.46,354.0786789783183,False
70215,7,2024-08-01,Apartment,24,852.99,"$258,367.77",Available,,258367.77,302.8965990222629,False
70218,7,2024-08-01,Apartment,24,852.99,"$268,522.40",Sold,C1446,268522.4,314.80134585399594,True
70253,7,2024-08-01,Office,28,694.55,"$207,675.26",Sold,C1249,207675.26,299.00692534734725,True
70284,7,2024-08-01,Apartment,34,1487.05,"$378,580.53",Sold,C1103,378580.53,254.58493661948154,True
70299,7,2024-08-01,Apartment,35,613.21,"$192,036.99",Sold,C0609,192036.99,313.16676179449126,True
70305,7,2024-08-01,Office,36,1748.75,"$529,621.35",Available,,529621.35,302.85709792709076,False
70308,7,2024-08-01,Apartment,36,1748.75,"$534,783.12",Available,,534783.12,305.8087891350965,False
70316,7,2024-08-01,Apartment,38,1755.26,"$505,133.36",Sold,C1529,505133.36,287.7826418878115,True
70336,7,2024-08-01,Apartment,40,1138.18,"$381,828.88",Sold,C0041,381828.88,335.47319404663585,True
70349,7,2024-08-01,Apartment,41,1093.92,"$370,762.54",Sold,C1722,370762.54,338.9302142752669,True
70357,7,2024-08-01,Apartment,41,1093.92,"$317,085.47",Available,,317085.47,289.86166264443466,False
70369,7,2024-08-01,Apartment,43,498.61,"$175,249.55",Available,,175249.55,351.47620384669375,False
70398,7,2024-08-01,Apartment,45,1150.93,"$362,977.13",Available,,362977.13,315.37724275151396,False
70420,7,2024-08-01,Apartment,49,1383.05,"$486,685.38",Sold,C0050,486685.38,351.89283106178374,True
70437,7,2024-08-01,Office,51,648.27,"$212,701.42",Sold,C1657,212701.42,328.1062211732766,True
70442,7,2024-08-01,Apartment,52,1281.14,"$393,758.89",Sold,C0307,393758.89,307.35039886351217,True
70446,7,2024-08-01,Apartment,52,1281.14,"$388,919.52",Sold,C1290,388919.52,303.57300529216167,True
70457,7,2024-08-01,Office,54,1940.69,"$598,695.66",Sold,C1763,598695.66,308.496287402934,True
70471,7,2024-08-01,Apartment,55,601.23,"$180,777.41",Sold,C1634,180777.41,300.67929078721954,True
70474,7,2024-08-01,Apartment,55,601.23,"$170,210.09",Available,,170210.09,283.1031219333699,False
70484,7,2024-08-01,Apartment,57,1347.67,"$382,331.32",Sold,C1189,382331.32,283.6980269650582,True
70492,7,2024-08-01,Apartment,58,1629.83,"$539,392.07",Sold,C1182,539392.07,330.94989661498437,True
70509,7,2024-08-01,Apartment,58,1629.83,"$397,372.65",Available,,397372.65,243.81233012031933,False
80016,8,2024-08-01,Apartment,2,1097.36,"$302,307.79",Sold,C0561,302307.79,275.48643107093386,True
80045,8,2024-08-01,Apartment,5,887.23,"$210,402.96",Available,,210402.96,237.14590354248614,False
80048,8,2024-08-01,Apartment,5,887.23,"$252,631.93",Available,,252631.93,284.7423216077004,False
80076,8,2024-08-01,Apartment,9,1869.81,"$606,491.63",Sold,C1736,606491.63,324.36003123311997,True
80092,8,2024-08-01,Apartment,10,737.92,"$192,499.00",Sold,C1330,192499.0,260.86703165654814,True
80122,8,2024-08-01,Apartment,14,685.93,"$218,880.85",Sold,C1369,218880.85,319.10085577245496,True
80126,8,2024-08-01,Apartment,14,685.93,"$194,612.17",Available,,194612.17,283.72016094936805,False
80143,8,2024-08-01,Apartment,17,1109.27,"$315,922.46",Sold,C1790,315922.46,284.80213113128457,True
80148,8,2024-08-01,Apartment,18,1328.53,"$427,127.89",Sold,C0233,427127.89,321.5041361504821,True
80157,8,2024-08-01,Office,20,774.16,"$227,335.39",Sold,C0399,227335.39,293.65427043505224,True
80205,8,2024-08-01,Apartment,28,1431.61,"$438,079.73",Available,,438079.73,306.0049384958194,False
80213,8,2024-08-01,Apartment,29,1848.51,"$624,082.56",Available,,624082.56,337.61384033627087,False
80232,8,2024-08-01,Apartment,30,1070.46,"$321,100.73",Sold,C1177,321100.73,299.96518319227243,True
80238,8,2024-08-01,Apartment,30,1070.46,"$332,426.38",Sold,C0487,332426.38,310.54535433365095,True
80263,8,2024-08-01,Apartment,32,1410.88,"$414,696.68",Available,,414696.68,293.9276763438421,False
80273,8,2024-08-01,Apartment,33,1809.87,"$502,549.18",Available,,502549.18,277.6714239144248,False
80311,8,2024-08-01,Office,36,673.86,"$244,195.59",Sold,C1427,244195.59,362.3832695218591,True
80372,8,2024-08-01,Apartment,45,1185.72,"$333,845.19",Sold,C1989,333845.19,281.5548274466147,True
80438,8,2024-08-01,Apartment,50,913.15,"$272,720.31",Sold,C0374,272720.31,298.6588293270547,True
80482,8,2024-08-01,Apartment,56,1874.7,"$571,044.62",Sold,C0117,571044.62,304.6058676054835,True
80488,8,2024-08-01,Apartment,56,1874.7,"$530,885.12",Sold,C0297,530885.12,283.18404011308473,True
80499,8,2024-08-01,Apartment,58,1448.59,"$415,718.49",Available,,415718.49,286.9814716379376,False
90007,9,2024-08-01,Office,1,832.35,"$261,007.06",Sold,C1260,261007.06,313.5784946236559,True
90039,9,2024-08-01,Apartment,7,697.68,"$257,009.74",Sold,C0572,257009.74,368.37768031189086,True
90120,9,2024-08-01,Apartment,18,860.97,"$299,547.84",Sold,C1658,299547.84,347.91902156869577,True
90164,9,2024-08-01,Apartment,26,1038.39,"$320,014.48",Sold,C0328,320014.48,308.1833222584963,True
90197,9,2024-08-01,Apartment,29,1426.22,"$404,559.45",Sold,C0948,404559.45,283.6585169188484,True
90199,9,2024-08-01,Apartment,29,1426.22,"$411,141.04",Sold,C1099,411141.04,288.2732257295508,True
90215,9,2024-08-01,Apartment,31,1052.27,"$283,937.37",Sold,C1768,283937.37,269.8331892004904,True
90216,9,2024-08-01,Apartment,31,1052.27,"$310,906.26",Sold,C1869,310906.26,295.4624383475724,True
90218,9,2024-08-01,Apartment,31,1052.27,"$326,901.19",Sold,C0007,326901.19,310.66284318663463,True
90220,9,2024-08-01,Apartment,32,707.0,"$218,245.79",Available,,218245.79,308.69277227722773,False
90222,9,2024-08-01,Apartment,33,973.52,"$278,284.91",Sold,C0693,278284.91,285.85433273070913,True
90224,9,2024-08-01,Apartment,33,973.52,"$341,783.76",Available,,341783.76,351.0803681485743,False
90249,9,2024-08-01,Apartment,34,1577.36,"$473,301.04",Sold,C0450,473301.04,300.0589846325506,True
90253,9,2024-08-01,Apartment,34,1577.36,"$492,869.13",Sold,C1142,492869.13,312.4645800578181,True
90268,9,2024-08-01,Apartment,35,1376.88,"$460,200.31",Available,,460200.31,334.2341453140433,False
90273,9,2024-08-01,Apartment,35,1376.88,"$441,956.77",Sold,C1406,441956.77,320.9842324676079,True
90275,9,2024-08-01,Apartment,35,1376.88,"$514,773.68",Available,,514773.68,373.8696763697635,False
90311,9,2024-08-01,Apartment,38,1260.31,"$348,186.07",Sold,C1382,348186.07,276.2701795589974,True
90337,9,2024-08-01,Apartment,40,1090.32,"$364,491.02",Sold,C0197,364491.02,334.2972888693228,True
90361,9,2024-08-01,Apartment,43,1908.91,"$524,488.63",Sold,C1742,524488.63,274.7581761319287,True
90372,9,2024-08-01,Apartment,44,1351.57,"$387,311.48",Available,,387311.48,286.5641291239078,False
90373,9,2024-08-01,Apartment,44,1351.57,"$466,999.14",Available,,466999.14,345.5234579045111,False
90391,9,2024-08-01,Apartment,46,662.32,"$170,559.17",Sold,C0273,170559.17,257.51777086604665,True
90393,9,2024-08-01,Apartment,46,662.32,"$158,053.14",Sold,C0437,158053.14,238.6356142046141,True
90406,9,2024-08-01,Apartment,51,1816.78,"$573,374.63",Available,,573374.63,315.59937361705875,False
90414,9,2024-08-01,Apartment,53,599.72,"$171,217.61",Available,,171217.61,285.4959147602214,False
90437,9,2024-08-01,Apartment,56,1516.4,"$440,730.74",Sold,C1647,440730.74,290.6427987338433,True
90441,9,2024-08-01,Apartment,56,1516.4,"$506,527.22",Sold,C1754,506527.22,334.0327222368768,True
90464,9,2024-08-01,Apartment,57,1198.57,"$358,849.76",Sold,C1703,358849.76,299.3982495807504,True
90469,9,2024-08-01,Apartment,57,1198.57,"$359,371.65",Sold,C1846,359371.65,299.8336767981845,True
90479,9,2024-08-01,Apartment,58,838.34,"$290,803.21",Sold,C0391,290803.21,346.87979817257917,True
90486,9,2024-08-01,Apartment,58,838.34,"$253,836.97",Available,,253836.97,302.78523033614044,False
90498,9,2024-08-01,Office,58,838.34,"$295,150.09",Available,,295150.09,352.0649020683732,False
100007,10,2024-08-01,Apartment,2,1830.46,"$544,170.95",Sold,C0527,544170.95,297.2864471225812,True
100034,10,2024-08-01,Apartment,4,1765.37,"$542,873.36",Available,,542873.36,307.5125101253562,False
100078,10,2024-08-01,Apartment,9,1849.4,"$547,111.08",Sold,C1047,547111.08,295.8316643235644,True
100094,10,2024-08-01,Apartment,11,1675.44,"$497,015.99",Sold,C1771,497015.99,296.64803872415604,True
100107,10,2024-08-01,Office,14,1318.01,"$393,983.06",Sold,C0831,393983.06,298.9226637127184,True
100124,10,2024-08-01,Apartment,16,1169.15,"$453,763.04",Sold,C1651,453763.04,388.11362100671425,True
100152,10,2024-08-01,Apartment,19,948.04,"$263,713.04",Sold,C1029,263713.04,278.1665752499894,True
100155,10,2024-08-01,Apartment,19,948.04,"$294,620.75",Sold,C0300,294620.75,310.7682692713388,True
100172,10,2024-08-01,Apartment,23,912.32,"$273,969.84",Sold,C1743,273969.84,300.3001578393546,True
100177,10,2024-08-01,Office,24,708.64,"$233,599.56",Available,,233599.56,329.64489726800633,False
100187,10,2024-08-01,Apartment,25,1487.17,"$475,179.93",Sold,C1615,475179.93,319.5195774524768,True
100190,10,2024-08-01,Apartment,26,1294.85,"$354,267.31",Sold,C1204,354267.31,273.59718114067266,True
100215,10,2024-08-01,Apartment,27,777.35,"$274,700.53",Available,,274700.53,353.380755129607,False
100242,10,2024-08-01,Apartment,29,486.78,"$127,461.75",Sold,C0251,127461.75,261.8467274744238,True
100253,10,2024-08-01,Apartment,30,1559.4,"$480,665.23",Sold,C1636,480665.23,308.2372899833269,True
100331,10,2024-08-01,Apartment,39,1188.51,"$361,037.18",Available,,361037.18,303.77294259198493,False
100353,10,2024-08-01,Apartment,42,1757.51,"$539,648.88",Sold,C1800,539648.88,307.0530921587928,True
100358,10,2024-08-01,Office,43,1093.67,"$324,856.86",Sold,C1067,324856.86,297.03371218009084,True
100363,10,2024-08-01,Apartment,43,1093.67,"$351,969.39",Sold,C0489,351969.39,321.8241242788044,True
100364,10,2024-08-01,Apartment,43,1093.67,"$357,710.20",Sold,C1307,357710.2,327.0732487861969,True
110013,11,2024-08-01,Apartment,2,938.0,"$280,183.26",Sold,C0867,280183.26,298.70283582089553,True
110032,11,2024-08-01,Apartment,4,1414.25,"$499,833.64",Sold,C1037,499833.64,353.42665016793353,True
110082,11,2024-08-01,Apartment,10,1519.64,"$469,572.27",Available,,469572.27,309.00230975757415,False
110083,11,2024-08-01,Apartment,10,1519.64,"$439,896.91",Sold,C0652,439896.91,289.47442157353055,True
110087,11,2024-08-01,Apartment,10,1519.64,"$413,286.53",Sold,C1226,413286.53,271.96344528967387,True
110102,11,2024-08-01,Apartment,11,1581.88,"$426,691.03",Sold,C0934,426691.03,269.7366614408173,True
110115,11,2024-08-01,Apartment,13,474.93,"$128,668.21",Sold,C1870,128668.21,270.9203672120102,True
110118,11,2024-08-01,Apartment,13,474.93,"$138,440.15",Sold,C1510,138440.15,291.49590465963405,True
110131,11,2024-08-01,Apartment,14,524.68,"$171,907.93",Sold,C1215,171907.93,327.64338263322406,True
110139,11,2024-08-01,Apartment,14,524.68,"$154,877.28",Available,,154877.28,295.18426469467107,False
110142,11,2024-08-01,Apartment,14,524.68,"$166,682.58",Sold,C0085,166682.58,317.68426469467107,True
110189,11,2024-08-01,Apartment,21,1389.63,"$452,919.18",Sold,C0106,452919.18,325.92789447550786,True
110203,11,2024-08-01,Apartment,24,1481.82,"$437,974.40",Sold,C1882,437974.4,295.56518335560327,True
110228,11,2024-08-01,Apartment,27,1638.1,"$425,499.05",Sold,C1753,425499.05,259.7515719431048,True
110261,11,2024-08-01,Office,31,1232.68,"$351,866.84",Available,,351866.84,285.44864847324527,False
110273,11,2024-08-01,Apartment,33,1632.55,"$526,802.73",Sold,C0100,526802.73,322.6870417445101,True
110288,11,2024-08-01,Apartment,35,540.82,"$164,387.68",Sold,C1248,164387.68,303.9600606486446,True
110294,11,2024-08-01,Apartment,36,1752.38,"$566,711.76",Sold,C1990,566711.76,323.3954735844965,True
110309,11,2024-08-01,Apartment,38,788.47,"$252,394.68",Sold,C0098,252394.68,320.10689056019885,True
110359,11,2024-08-01,Office,42,808.59,"$284,322.08",Available,,284322.08,351.6270050334533,False
110369,11,2024-08-01,Apartment,44,434.38,"$133,955.38",Available,,133955.38,308.382936599291,False
110384,11,2024-08-01,Apartment,44,434.38,"$113,212.24",Sold,C1561,113212.24,260.6294949122888,True
110396,11,2024-08-01,Apartment,47,1456.74,"$429,662.41",Sold,C1770,429662.41,294.94790422450126,True
110439,11,2024-08-01,Apartment,52,1397.58,"$446,919.96",Sold,C1582,446919.96,319.7813076890053,True
110454,11,2024-08-01,Apartment,52,1397.58,"$338,606.44",Sold,C1398,338606.44,242.28054207988095,True
110470,11,2024-08-01,Office,56,724.8,"$275,203.33",Sold,C0675,275203.33,379.69554359823405,True
110477,11,2024-08-01,Apartment,56,724.8,"$240,507.75",Sold,C1623,240507.75,331.8263658940398,True
110500,11,2024-08-01,Apartment,60,1295.04,"$364,614.80",Sold,C1405,364614.8,281.5471336792686,True
110501,11,2024-08-01,Apartment,60,1295.04,"$402,637.69",Available,,402637.69,310.90753181368916,False
110505,11,2024-08-01,Apartment,60,1295.04,"$390,197.22",Sold,C0205,390197.22,301.3012879911045,True
110515,11,2024-08-01,Apartment,61,1299.46,"$371,382.35",Sold,C0196,371382.35,285.79744663167776,True
110517,11,2024-08-01,Apartment,61,1299.46,"$325,677.30",Sold,C0475,325677.3,250.62510581318392,True
110522,11,2024-08-01,Apartment,62,1938.82,"$608,153.01",Sold,C1914,608153.01,313.6717230067773,True
120005,12,2024-08-01,Apartment,1,839.95,"$239,395.32",Sold,C1499,239395.32,285.0113935353295,True
120012,12,2024-08-01,Office,2,1285.87,"$316,852.12",Sold,C0081,316852.12,246.41069470475244,True
120062,12,2024-08-01,Apartment,8,1803.36,"$569,991.39",Available,,569991.39,316.0718824860261,False
120080,12,2024-08-01,Apartment,10,1642.26,"$460,422.98",Available,,460422.98,280.3593706234092,False
120082,12,2024-08-01,Apartment,10,1642.26,"$459,833.04",Sold,C0980,459833.04,280.00014614007523,True
120086,12,2024-08-01,Apartment,11,1348.81,"$441,469.06",Available,,441469.06,327.3026297254617,False
120111,12,2024-08-01,Apartment,14,1369.96,"$360,212.79",Available,,360212.79,262.93672078016874,False
120138,12,2024-08-01,Apartment,16,1523.02,"$394,259.83",Available,,394259.83,258.86713897388086,False
120167,12,2024-08-01,Apartment,19,1381.22,"$466,289.68",Sold,C1630,466289.68,337.59262101620305,True
120169,12,2024-08-01,Apartment,19,1381.22,"$388,642.30",Sold,C1082,388642.3,281.3761022863845,True
120250,12,2024-08-01,Apartment,27,871.52,"$267,678.19",Available,,267678.19,307.139468973747,False
120252,12,2024-08-01,Apartment,27,871.52,"$252,330.60",Available,,252330.6,289.5293280704975,False
120255,12,2024-08-01,Apartment,27,871.52,"$210,380.12",Sold,C1809,210380.12,241.39448320176243,True
120303,12,2024-08-01,Apartment,34,1817.64,"$527,252.15",Sold,C0680,527252.15,290.07512488721636,True
120358,12,2024-08-01,Apartment,38,1157.23,"$342,143.75",Sold,C0181,342143.75,295.657518384418,True
130037,13,2024-08-01,Apartment,3,979.64,"$286,118.52",Sold,C0961,286118.52,292.0649626393369,True
130050,13,2024-08-01,Apartment,4,1629.74,"$478,684.48",Available,,478684.48,293.71831089621656,False
130063,13,2024-08-01,Apartment,6,1240.96,"$390,916.24",Sold,C1284,390916.24,315.0111526560082,True
130133,13,2024-08-01,Apartment,15,458.29,"$136,078.52",Sold,C0121,136078.52,296.9266621571494,True
130159,13,2024-08-01,Apartment,18,1820.34,"$559,214.04",Available,,559214.04,307.2030719535911,False
130215,13,2024-08-01,Apartment,24,1044.69,"$269,707.97",Sold,C1169,269707.97,258.17033761211457,True
130231,13,2024-08-01,Apartment,27,885.68,"$288,464.28",Sold,C1953,288464.28,325.6980850871647,True
130294,13,2024-08-01,Apartment,33,1445.84,"$487,604.60",Sold,C1657,487604.6,337.24658330105683,True
130345,13,2024-08-01,Apartment,38,656.42,"$196,835.54",Sold,C1046,196835.54,299.86219188933916,True
130347,13,2024-08-01,Apartment,38,656.42,"$183,622.20",Available,,183622.2,279.7327930288535,False
130360,13,2024-08-01,Apartment,40,571.5,"$165,789.26",Sold,C0855,165789.26,290.0949431321085,True
130369,13,2024-08-01,Apartment,40,571.5,"$167,979.77",Available,,167979.77,293.92785651793525,False
130380,13,2024-08-01,Office,42,1044.42,"$368,709.90",Available,,368709.9,353.0283793876027,False
130381,13,2024-08-01,Apartment,42,1044.42,"$303,510.54",Sold,C0494,303510.54,290.6019991957258,True
130397,13,2024-08-01,Apartment,44,470.06,"$151,969.10",Sold,C0710,151969.1,323.29723865038505,True
130409,13,2024-08-01,Office,46,1098.38,"$389,593.41",Sold,C0393,389593.41,354.6982009869079,True
130414,13,2024-08-01,Apartment,47,1874.35,"$547,366.98",Sold,C0261,547366.98,292.03029316829833,True
130422,13,2024-08-01,Apartment,47,1874.35,"$561,188.46",Available,,561188.46,299.40430549257076,False
130481,13,2024-08-01,Apartment,55,710.41,"$215,193.49",Sold,C0008,215193.49,302.9145000774201,True
130509,13,2024-08-01,Apartment,59,1434.04,"$365,230.54",Sold,C1339,365230.54,254.68643831413348,True
130519,13,2024-08-01,Apartment,60,1401.81,"$415,905.22",Available,,415905.22,296.69157731789613,False
140002,14,2024-08-01,Apartment,1,1750.63,"$491,311.61",Sold,C1662,491311.61,280.64845798369726,True
140013,14,2024-08-01,Office,3,645.76,"$214,955.52",Sold,C1177,214955.52,332.8721506442022,True
140024,14,2024-08-01,Apartment,5,424.34,"$121,700.70",Sold,C0208,121700.7,286.7999717207899,True
140043,14,2024-08-01,Office,7,641.37,"$174,222.31",Sold,C1010,174222.31,271.6408781202738,True
140062,14,2024-08-01,Office,8,618.89,"$186,137.23",Available,,186137.23,300.75979576338284,False
140080,14,2024-08-01,Apartment,11,1431.42,"$447,757.81",Sold,C1326,447757.81,312.806730379623,True
140105,14,2024-08-01,Apartment,12,459.44,"$139,857.47",Sold,C1033,139857.47,304.4085625979453,True
140163,14,2024-08-01,Apartment,17,686.6,"$206,078.02",Sold,C1950,206078.02,300.14276143314885,True
140167,14,2024-08-01,Apartment,17,686.6,"$179,985.88",Sold,C1434,179985.88,262.14080978735797,True
140205,14,2024-08-01,Apartment,22,1148.66,"$252,705.20",Available,,252705.2,220.0,False
140243,14,2024-08-01,Apartment,27,1866.49,"$490,641.90",Sold,C1260,490641.9,262.868753649899,True
140260,14,2024-08-01,Apartment,29,1618.34,"$493,040.60",Available,,493040.6,304.6582300381873,False
140276,14,2024-08-01,Apartment,32,1120.81,"$406,491.67",Sold,C1030,406491.67,362.67669810226533,True
140281,14,2024-08-01,Apartment,33,1894.96,"$537,445.29",Sold,C1713,537445.29,283.61827690294257,True
140319,14,2024-08-01,Office,38,1170.11,"$399,503.66",Available,,399503.66,341.424019963935,False
140411,14,2024-08-01,Apartment,49,1231.75,"$344,775.72",Sold,C0312,344775.72,279.9072214329206,True
140434,14,2024-08-01,Apartment,51,1346.3,"$413,563.21",Sold,C1083,413563.21,307.1850330535542,True
140441,14,2024-08-01,Apartment,52,571.74,"$190,085.31",Available,,190085.31,332.4680973869241,False
150025,15,2024-08-01,Apartment,3,748.99,"$229,219.76",Sold,C0880,229219.76,306.03847848435896,True
150041,15,2024-08-01,Apartment,6,938.57,"$315,848.16",Sold,C1712,315848.16,336.520621796989,True
150067,15,2024-08-01,Apartment,10,1072.95,"$315,265.89",Sold,C1382,315265.89,293.8309240877953,True
150166,15,2024-08-01,Apartment,21,1271.25,"$307,847.52",Available,,307847.52,242.1612743362832,False
150167,15,2024-08-01,Apartment,21,1271.25,"$436,379.26",Sold,C1947,436379.26,343.267854473943,True
150200,15,2024-08-01,Apartment,23,1279.23,"$356,606.94",Available,,356606.94,278.76686756877183,False
150205,15,2024-08-01,Office,24,924.36,"$296,117.51",Available,,296117.51,320.3486844952183,False
150227,15,2024-08-01,Apartment,26,961.01,"$292,321.20",Sold,C1846,292321.2,304.1812260018106,True
150251,15,2024-08-01,Apartment,30,1523.22,"$335,108.40",Available,,335108.4,220.0,False
150347,15,2024-08-01,Apartment,40,982.37,"$332,218.24",Sold,C1819,332218.24,338.180359742256,True
150374,15,2024-08-01,Apartment,47,1358.77,"$362,372.68",Sold,C1079,362372.68,266.6916991102247,True
150379,15,2024-08-01,Apartment,48,1403.33,"$438,050.18",Sold,C0113,438050.18,312.1505134216471,True
150386,15,2024-08-01,Apartment,49,460.17,"$110,967.48",Sold,C1488,110967.48,241.14453354195186,True
150397,15,2024-08-01,Apartment,50,1841.5,"$565,444.67",Sold,C0747,565444.67,307.056568015205,True
150457,15,2024-08-01,Apartment,55,892.75,"$247,337.57",Sold,C0378,247337.57,277.0513245589471,True
150468,15,2024-08-01,Apartment,56,939.93,"$283,283.47",Sold,C1743,283283.47,301.3878373921462,True
150509,15,2024-08-01,Apartment,60,1033.2,"$353,140.87",Sold,C0592,353140.87,341.7933313975997,True
160063,16,2024-08-01,Apartment,8,986.18,"$290,736.09",Sold,C0650,290736.09,294.81036930377826,True
160064,16,2024-08-01,Apartment,8,986.18,"$300,082.74",Sold,C0183,300082.74,304.2880001622422,True
160072,16,2024-08-01,Office,9,1524.04,"$398,189.98",Available,,398189.98,261.27265688564603,False
160089,16,2024-08-01,Office,10,1608.56,"$512,534.15",Sold,C1801,512534.15,318.6291776495748,True
160099,16,2024-08-01,Apartment,11,1288.42,"$398,516.06",Sold,C1296,398516.06,309.3060182238711,True
160119,16,2024-08-01,Apartment,13,500.49,"$145,140.27",Sold,C1746,145140.27,289.99634358328836,True
160120,16,2024-08-01,Apartment,13,500.49,"$134,618.94",Sold,C0426,134618.94,268.9742852005035,True
160123,16,2024-08-01,Apartment,13,500.49,"$138,369.04",Available,,138369.04,276.46714220064337,False
160124,16,2024-08-01,Apartment,14,660.84,"$195,270.55",Sold,C1335,195270.55,295.4883935597118,True
160132,16,2024-08-01,Apartment,15,1365.29,"$343,967.38",Sold,C1800,343967.38,251.93722945308323,True
160147,16,2024-08-01,Apartment,18,1432.77,"$415,439.74",Sold,C0945,415439.74,289.9556383788047,True
160181,16,2024-08-01,Office,22,1575.06,"$521,903.27",Available,,521903.27,331.35453252574507,False
160204,16,2024-08-01,Apartment,25,853.37,"$284,273.40",Sold,C0318,284273.4,333.1185769361473,True
160233,16,2024-08-01,Apartment,28,1440.71,"$387,494.05",Sold,C1626,387494.05,268.9604778199637,True
160244,16,2024-08-01,Office,28,1440.71,"$420,981.07",Sold,C0189,420981.07,292.20389252521323,True
160260,16,2024-08-01,Apartment,31,1336.97,"$467,065.87",Sold,C0313,467065.87,349.34655975825933,True
160291,16,2024-08-01,Apartment,35,629.97,"$190,909.23",Sold,C0718,190909.23,303.0449545216439,True
160313,16,2024-08-01,Apartment,37,922.03,"$285,774.24",Sold,C1478,285774.24,309.9402839387005,True
160317,16,2024-08-01,Apartment,37,922.03,"$272,780.53",Sold,C0296,272780.53,295.8477815255469,True
160333,16,2024-08-01,Apartment,39,1562.93,"$394,524.62",Sold,C1538,394524.62,252.42628908524372,True
160340,16,2024-08-01,Office,41,1001.72,"$369,988.32",Sold,C0371,369988.32,369.3530327836122,True
160353,16,2024-08-01,Apartment,41,1001.72,"$285,360.69",Sold,C1357,285360.69,284.8707123747155,True
160375,16,2024-08-01,Apartment,43,1185.4,"$300,276.81",Sold,C0713,300276.81,253.3126455204994,True
160387,16,2024-08-01,Apartment,44,1695.03,"$461,029.16",Sold,C1303,461029.16,271.9887907588656,True
170004,17,2024-08-01,Apartment,1,530.28,"$134,038.01",Sold,C0106,134038.01,252.7683676548239,True
170006,17,2024-08-01,Office,1,530.28,"$157,263.39",Sold,C1158,157263.39,296.566700610998,True
170008,17,2024-08-01,Apartment,1,530.28,"$146,707.13",Sold,C1959,146707.13,276.6597457946745,True
170009,17,2024-08-01,Apartment,1,530.28,"$122,112.70",Sold,C0900,122112.7,230.27966357396093,True
170036,17,2024-08-01,Apartment,3,484.72,"$141,290.15",Sold,C0820,141290.15,291.4881787423667,True
170056,17,2024-08-01,Apartment,7,1300.91,"$420,451.63",Available,,420451.63,323.19809210475745,False
170087,17,2024-08-01,Office,10,1059.07,"$339,839.54",Available,,339839.54,320.8848706884342,False
170088,17,2024-08-01,Office,11,596.22,"$183,555.68",Sold,C0892,183555.68,307.86568716245677,True
170109,17,2024-08-01,Apartment,13,916.9,"$257,050.56",Sold,C1272,257050.56,280.34743156287493,True
170113,17,2024-08-01,Office,13,916.9,"$296,861.39",Available,,296861.39,323.7663758316065,False
170143,17,2024-08-01,Apartment,16,1693.0,"$516,518.28",Available,,516518.28,305.0905375073834,False
170148,17,2024-08-01,Apartment,16,1693.0,"$476,221.14",Sold,C1056,476221.14,281.28832841110454,True
170153,17,2024-08-01,Apartment,16,1693.0,"$472,201.01",Available,,472201.01,278.91376845835794,False
170187,17,2024-08-01,Apartment,20,792.27,"$225,004.18",Available,,225004.18,283.9993689020157,False
170198,17,2024-08-01,Apartment,22,1221.66,"$337,688.76",Sold,C0669,337688.76,276.4179558960758,True
170220,17,2024-08-01,Apartment,26,929.59,"$306,045.09",Sold,C1936,306045.09,329.22588452973895,True
170243,17,2024-08-01,Apartment,27,677.24,"$220,091.71",Available,,220091.71,324.98332939578285,False
170290,17,2024-08-01,Apartment,35,1667.01,"$551,578.92",Sold,C0875,551578.92,330.87919088667735,True
170305,17,2024-08-01,Apartment,38,721.83,"$192,842.11",Available,,192842.11,267.157239239156,False
170334,17,2024-08-01,Apartment,41,1422.93,"$345,739.94",Sold,C1294,345739.94,242.977476052933,True
170342,17,2024-08-01,Office,42,691.03,"$237,824.52",Sold,C1139,237824.52,344.15947209238385,True
170356,17,2024-08-01,Apartment,46,1582.61,"$425,505.24",Sold,C0091,425505.24,268.8629795085334,True
170364,17,2024-08-01,Office,46,1582.61,"$463,208.89",Sold,C1558,463208.89,292.68669476371315,True
170379,17,2024-08-01,Office,47,1106.83,"$345,733.89",Available,,345733.89,312.36403964475124,False
170391,17,2024-08-01,Office,48,1833.96,"$658,501.84",Sold,C0708,658501.84,359.06008855154965,True
170398,17,2024-08-01,Apartment,48,1833.96,"$654,336.12",Sold,C1922,654336.12,356.78865406006673,True
170412,17,2024-08-01,Apartment,48,1833.96,"$554,502.82",Sold,C0873,554502.82,302.35273397456865,True
170423,17,2024-08-01,Apartment,49,1283.67,"$296,670.36",Sold,C1317,296670.36,231.11107995045452,True
170445,17,2024-08-01,Apartment,51,1375.52,"$374,278.05",Sold,C1596,374278.05,272.0993151680819,True
180024,18,2024-08-01,Apartment,3,524.48,"$169,127.84",Available,,169127.84,322.46766320927395,False
180070,18,2024-08-01,Apartment,9,894.92,"$290,846.46",Available,,290846.46,324.99716175747557,False
180087,18,2024-08-01,Office,12,1692.5,"$537,026.30",Available,,537026.3,317.2976661742984,False
180141,18,2024-08-01,Apartment,18,1127.95,"$276,836.97",Sold,C0133,276836.97,245.4337248991533,True
180146,18,2024-08-01,Apartment,19,1268.1,"$463,019.11",Sold,C1332,463019.11,365.1282312120495,True
180163,18,2024-08-01,Apartment,21,1790.69,"$525,651.46",Sold,C0258,525651.46,293.5468785775315,True
180208,18,2024-08-01,Apartment,26,1147.71,"$293,263.17",Sold,C0182,293263.17,255.520270800115,True
180216,18,2024-08-01,Apartment,27,650.82,"$195,055.13",Sold,C0976,195055.13,299.706723825328,True
180238,18,2024-08-01,Apartment,29,578.36,"$179,317.03",Sold,C0254,179317.03,310.04396915416004,True
180246,18,2024-08-01,Office,30,1795.66,"$499,388.61",Sold,C0145,499388.61,278.1086675651292,True
180277,18,2024-08-01,Apartment,33,1191.96,"$371,990.04",Sold,C1420,371990.04,312.08265378032814,True
180289,18,2024-08-01,Apartment,35,799.05,"$279,951.27",Sold,C0203,279951.27,350.35513422188853,True
180298,18,2024-08-01,Apartment,36,1089.77,"$341,709.06",Available,,341709.06,313.56071464620976,False
180304,18,2024-08-01,Apartment,36,1089.77,"$407,549.02",Available,,407549.02,373.9770960844949,False
180310,18,2024-08-01,Office,36,1089.77,"$316,197.42",Available,,316197.42,290.15060058544464,False
180319,18,2024-08-01,Office,37,1092.32,"$264,876.66",Sold,C0501,264876.66,242.4899846198916,True
180337,18,2024-08-01,Apartment,38,1219.8,"$413,395.19",Available,,413395.19,338.90407443843253,False
180353,18,2024-08-01,Apartment,40,990.46,"$314,671.53",Sold,C1727,314671.53,317.7024110009491,True
180403,18,2024-08-01,Apartment,45,1627.52,"$546,912.64",Available,,546912.64,336.0405033425089,False
180413,18,2024-08-01,Apartment,47,520.85,"$186,191.12",Available,,186191.12,357.4755111836421,False
180422,18,2024-08-01,Apartment,48,564.59,"$191,460.18",Available,,191460.18,339.11365769850687,False
180438,18,2024-08-01,Office,49,1457.92,"$521,808.80",Sold,C1756,521808.8,357.91319139596135,True
180490,18,2024-08-01,Office,54,1756.12,"$562,560.39",Sold,C1302,562560.39,320.3427954809467,True
180500,18,2024-08-01,Apartment,55,930.04,"$291,612.26",Sold,C1700,291612.26,313.54808395337835,True
180516,18,2024-08-01,Apartment,58,955.23,"$304,588.09",Sold,C0480,304588.09,318.8636139987228,True
180527,18,2024-08-01,Apartment,59,1900.58,"$609,119.66",Available,,609119.66,320.49146050153115,False
180548,18,2024-08-01,Apartment,62,1330.41,"$396,779.80",Sold,C1212,396779.8,298.23873843401657,True
180580,18,2024-08-01,Office,67,1664.17,"$455,695.00",Sold,C0280,455695.0,273.8271931353167,True
180584,18,2024-08-01,Apartment,67,1664.17,"$528,551.13",Sold,C0667,528551.13,317.6064524657937,True
190003,19,2024-08-01,Apartment,2,1550.33,"$465,588.20",Available,,465588.2,300.3155457225236,False
190023,19,2024-08-01,Apartment,4,1225.38,"$412,343.56",Available,,412343.56,336.50260327408637,False
190044,19,2024-08-01,Apartment,7,973.6,"$291,591.44",Available,,291591.44,299.49819227608873,False
190046,19,2024-08-01,Apartment,8,974.77,"$291,671.99",Sold,C1725,291671.99,299.22134452229756,True
190050,19,2024-08-01,Office,8,974.77,"$325,785.51",Sold,C0739,325785.51,334.21782574350874,True
190058,19,2024-08-01,Apartment,8,974.77,"$287,361.39",Sold,C1841,287361.39,294.7991731382788,True
190084,19,2024-08-01,Apartment,13,766.61,"$249,885.73",Available,,249885.73,325.9620015392442,False
190087,19,2024-08-01,Apartment,13,766.61,"$215,063.40",Available,,215063.4,280.5382136940556,False
190119,19,2024-08-01,Apartment,16,1711.98,"$578,707.72",Sold,C0593,578707.72,338.0341592775616,True
190156,19,2024-08-01,Apartment,20,1772.03,"$621,748.81",Sold,C1535,621748.81,350.868106070439,True
190163,19,2024-08-01,Office,20,1772.03,"$627,200.92",Sold,C0940,627200.92,353.9448654932479,True
190192,19,2024-08-01,Apartment,23,1592.45,"$471,923.26",Sold,C1254,471923.26,296.35044114414893,True
190193,19,2024-08-01,Office,23,1592.45,"$480,540.62",Sold,C0010,480540.62,301.76182611698954,True
190234,19,2024-08-01,Apartment,28,1599.78,"$515,843.73",Sold,C0452,515843.73,322.44666766680416,True
190250,19,2024-08-01,Apartment,29,1657.84,"$541,632.06",Sold,C0316,541632.06,326.7094894561599,True
190269,19,2024-08-01,Office,31,1089.64,"$325,758.94",Sold,C0791,325758.94,298.96015197679964,True
190274,19,2024-08-01,Apartment,31,1089.64,"$300,577.88",Sold,C1787,300577.88,275.8506295657281,True
190324,19,2024-08-01,Office,39,1237.04,"$410,805.27",Available,,410805.27,332.0872970962944,False
190332,19,2024-08-01,Apartment,40,893.49,"$261,981.89",Available,,261981.89,293.2118882136342,False
190346,19,2024-08-01,Apartment,40,893.49,"$287,637.11",Available,,287637.11,321.92538248889184,False
190351,19,2024-08-01,Apartment,41,1657.19,"$522,575.71",Sold,C0188,522575.71,315.33844037195496,True
190361,19,2024-08-01,Apartment,42,1137.59,"$321,147.34",Available,,321147.34,282.304995648696,False
190374,19,2024-08-01,Apartment,42,1137.59,"$321,042.52",Sold,C1310,321042.52,282.21285348851524,True
190430,19,2024-08-01,Apartment,50,1227.01,"$364,302.20",Sold,C1258,364302.2,296.90238873358817,True
200006,20,2024-08-01,Apartment,1,1898.39,"$537,290.74",Sold,C1940,537290.74,283.02442596094585,True
200011,20,2024-08-01,Apartment,1,1898.39,"$631,978.89",Available,,631978.89,332.9025595372921,False
200021,20,2024-08-01,Apartment,2,1669.84,"$523,453.53",Available,,523453.53,313.4752611028602,False
200027,20,2024-08-01,Apartment,2,1669.84,"$456,062.20",Available,,456062.2,273.11730465194273,False
200077,20,2024-08-01,Apartment,10,1714.22,"$539,502.22",Available,,539502.22,314.72169266488544,False
200078,20,2024-08-01,Office,10,1714.22,"$506,626.34",Sold,C0888,506626.34,295.5433608288318,True
200122,20,2024-08-01,Office,16,645.44,"$222,102.75",Sold,C0757,222102.75,344.11060671789784,True
200123,20,2024-08-01,Apartment,16,645.44,"$214,159.01",Sold,C1466,214159.01,331.80312654933067,True
200124,20,2024-08-01,Apartment,16,645.44,"$210,514.61",Sold,C0653,210514.61,326.1567457858205,True
200130,20,2024-08-01,Apartment,16,645.44,"$187,628.25",Sold,C1241,187628.25,290.69820587506194,True
200183,20,2024-08-01,Apartment,19,759.72,"$219,368.74",Available,,219368.74,288.74946032748903,False
200195,20,2024-08-01,Apartment,23,501.48,"$156,439.68",Sold,C0432,156439.68,311.9559703278296,True
200198,20,2024-08-01,Apartment,24,1188.07,"$298,840.09",Available,,298840.09,251.534076274967,False
200210,20,2024-08-01,Office,26,1941.62,"$649,429.33",Sold,C1641,649429.33,334.4780801598665,True
200231,20,2024-08-01,Apartment,29,1844.16,"$498,763.21",Available,,498763.21,270.45549735380877,False
200241,20,2024-08-01,Apartment,30,1703.94,"$520,269.17",Sold,C0387,520269.17,305.3330340270197,True
200249,20,2024-08-01,Apartment,30,1703.94,"$457,896.70",Sold,C0913,457896.7,268.7281829172389,True
200292,20,2024-08-01,Apartment,32,1630.81,"$491,343.75",Sold,C0860,491343.75,301.2881635506282,True
200302,20,2024-08-01,Apartment,33,630.53,"$171,040.21",Sold,C1985,171040.21,271.2641904429607,True
200321,20,2024-08-01,Apartment,35,1689.54,"$527,460.48",Available,,527460.48,312.19176817358573,False
200383,20,2024-08-01,Apartment,42,811.56,"$270,501.66",Sold,C1402,270501.66,333.31073488096996,True
200446,20,2024-08-01,Apartment,50,493.06,"$115,337.65",Sold,C1712,115337.65,233.92213929339226,True
200456,20,2024-08-01,Apartment,51,1062.33,"$323,664.25",Sold,C0529,323664.25,304.67392429847604,True
200492,20,2024-08-01,Apartment,57,445.15,"$131,530.57",Sold,C1820,131530.57,295.4747163877345,True
1017,1,2024-09-01,Apartment,17,1434.09,"$432,679.91",Sold,C0013,432679.91,301.71042961041496,True
1031,1,2024-09-01,Apartment,31,782.25,"$265,467.68",Sold,C0111,265467.68,339.36424416746564,True
1042,1,2024-09-01,Apartment,42,625.8,"$204,027.09",Sold,C0005,204027.09,326.0260306807287,True
2012,2,2024-09-01,Apartment,12,785.48,"$237,207.68",Sold,C0156,237207.68,301.9907317818404,True
2054,2,2024-09-01,Apartment,54,1203.29,"$306,363.64",Sold,C0062,306363.64,254.60499131547675,True
3024,3,2024-09-01,Apartment,24,1596.35,"$495,570.44",Available,,495570.44,310.4397156012153,False
3047,3,2024-09-01,Apartment,47,669.16,"$188,273.73",Sold,C0152,188273.73,281.35831490226553,True
3049,3,2024-09-01,Apartment,49,1283.45,"$338,181.18",Sold,C0035,338181.18,263.4938486111652,True
5021,5,2024-09-01,Apartment,21,798.28,"$234,750.59",Sold,C0072,234750.59,294.07048905146064,True
5032,5,2024-09-01,Apartment,32,1273.55,"$338,472.13",Available,,338472.13,265.7705861568058,False
5034,5,2024-09-01,Apartment,34,798.28,"$252,053.03",Sold,C0063,252053.03,315.7451395500326,True
5035,5,2024-09-01,Apartment,35,798.28,"$261,742.74",Sold,C0129,261742.74,327.8833742546475,True
5038,5,2024-09-01,Apartment,38,1273.55,"$448,574.67",Available,,448574.67,352.223838875584,False
10093,1,2024-09-01,Apartment,13,719.47,"$214,875.44",Available,,214875.44,298.6579565513503,False
10125,1,2024-09-01,Apartment,15,765.0,"$194,962.40",Sold,C1825,194962.4,254.85281045751634,True
10166,1,2024-09-01,Office,21,1957.16,"$669,332.95",Sold,C0154,669332.95,341.99194240634387,True
10169,1,2024-09-01,Office,21,1957.16,"$484,259.13",Sold,C0172,484259.13,247.4295049970365,True
10176,1,2024-09-01,Apartment,22,740.83,"$197,115.11",Sold,C0334,197115.11,266.0733366629321,True
10181,1,2024-09-01,Apartment,22,740.83,"$243,726.07",Sold,C0200,243726.07,328.9905511385878,True
10201,1,2024-09-01,Apartment,24,1146.11,"$357,161.43",Sold,C1472,357161.43,311.62927642198395,True
10206,1,2024-09-01,Apartment,24,1146.11,"$333,730.54",Sold,C1461,333730.54,291.185435952919,True
10215,1,2024-09-01,Apartment,25,1154.92,"$357,694.00",Available,,357694.0,309.7132268901742,False
10221,1,2024-09-01,Apartment,25,1154.92,"$298,524.77",Sold,C1904,298524.77,258.48090776850347,True
10229,1,2024-09-01,Apartment,26,828.98,"$238,250.44",Available,,238250.44,287.4019156071316,False
10241,1,2024-09-01,Apartment,28,1946.26,"$560,190.99",Available,,560190.99,287.82947293783974,False
10254,1,2024-09-01,Apartment,29,757.2,"$226,296.24",Sold,C1653,226296.24,298.8592709984152,True
10268,1,2024-09-01,Apartment,29,757.2,"$216,506.59",Sold,C0950,216506.59,285.93052033808766,True
10286,1,2024-09-01,Apartment,30,753.29,"$194,186.18",Sold,C0711,194186.18,257.7840937753057,True
10289,1,2024-09-01,Apartment,31,619.78,"$138,775.59",Sold,C1271,138775.59,223.9110490819323,True
10318,1,2024-09-01,Apartment,34,1469.14,"$408,958.01",Available,,408958.01,278.36558122438976,False
10339,1,2024-09-01,Apartment,36,613.59,"$190,023.11",Sold,C0035,190023.11,309.6906892224449,True
10340,1,2024-09-01,Apartment,36,613.59,"$162,561.81",Sold,C1302,162561.81,264.9355595756124,True
10342,1,2024-09-01,Apartment,36,613.59,"$181,125.52",Available,,181125.52,295.18981730471484,False
10378,1,2024-09-01,Apartment,42,800.21,"$251,143.26",Sold,C1784,251143.26,313.846690243811,True
10383,1,2024-09-01,Apartment,44,779.24,"$193,408.00",Sold,C0179,193408.0,248.20081104666085,True
10397,1,2024-09-01,Apartment,46,1153.16,"$315,385.63",Sold,C0453,315385.63,273.4968521280655,True
10403,1,2024-09-01,Apartment,46,1153.16,"$327,615.65",Sold,C1890,327615.65,284.1025096257241,True
10404,1,2024-09-01,Apartment,46,1153.16,"$350,443.70",Sold,C1100,350443.7,303.8985916958618,True
10410,1,2024-09-01,Office,47,771.08,"$269,319.89",Sold,C0698,269319.89,349.27619702235825,True
20048,2,2024-09-01,Apartment,5,933.95,"$290,589.28",Sold,C0124,290589.28,311.14008244552707,True
20052,2,2024-09-01,Apartment,6,967.84,"$342,436.55",Sold,C1211,342436.55,353.8152483881633,True
20068,2,2024-09-01,Apartment,8,715.54,"$200,925.98",Available,,200925.98,280.80328143779525,False
20072,2,2024-09-01,Apartment,8,715.54,"$222,122.40",Available,,222122.4,310.4262515023619,False
20097,2,2024-09-01,Apartment,11,1625.05,"$467,367.79",Available,,467367.79,287.6020983969724,False
20117,2,2024-09-01,Office,14,1296.39,"$471,747.53",Sold,C0807,471747.53,363.893218861608,True
20118,2,2024-09-01,Apartment,15,1603.33,"$510,854.18",Sold,C1883,510854.18,318.6207330992372,True
20128,2,2024-09-01,Apartment,15,1603.33,"$510,596.18",Sold,C0710,510596.18,318.4598180037796,True
20205,2,2024-09-01,Office,23,1416.33,"$469,252.91",Sold,C0311,469252.91,331.3160845283232,True
20207,2,2024-09-01,Apartment,24,785.12,"$258,831.53",Sold,C1519,258831.53,329.67129865498265,True
20246,2,2024-09-01,Apartment,27,1211.51,"$324,573.71",Available,,324573.71,267.9084035624964,False
20284,2,2024-09-01,Apartment,33,931.4,"$236,340.44",Sold,C0547,236340.44,253.7475198625725,True
20307,2,2024-09-01,Apartment,36,641.72,"$174,905.89",Sold,C1124,174905.89,272.5579536246338,True
20332,2,2024-09-01,Apartment,40,1599.45,"$449,085.55",Sold,C1218,449085.55,280.7749851511457,True
20350,2,2024-09-01,Apartment,42,786.45,"$285,608.10",Sold,C1991,285608.1,363.1611672706465,True
20403,2,2024-09-01,Apartment,47,708.32,"$227,037.41",Sold,C0848,227037.41,320.5294358482042,True
20449,2,2024-09-01,Office,52,914.01,"$253,110.20",Sold,C1407,253110.2,276.9227907790943,True
20480,2,2024-09-01,Apartment,55,579.26,"$177,044.70",Sold,C1773,177044.7,305.63943652245973,True
20488,2,2024-09-01,Office,57,789.52,"$214,333.55",Available,,214333.55,271.473236903435,False
30010,3,2024-09-01,Apartment,1,689.75,"$199,404.41",Available,,199404.41,289.09664371148966,False
30024,3,2024-09-01,Apartment,2,672.64,"$225,149.08",Sold,C1509,225149.08,334.72448858230257,True
30067,3,2024-09-01,Apartment,7,744.01,"$222,946.88",Sold,C1673,222946.88,299.6557573150899,True
30095,3,2024-09-01,Apartment,9,1125.84,"$288,325.95",Available,,288325.95,256.09851311021106,False
30103,3,2024-09-01,Apartment,10,784.09,"$199,634.30",Available,,199634.3,254.60635896389442,False
30125,3,2024-09-01,Apartment,11,1283.1,"$386,247.15",Sold,C0432,386247.15,301.02653729249477,True
30133,3,2024-09-01,Apartment,12,657.47,"$199,816.53",Sold,C1095,199816.53,303.9173346312379,True
30151,3,2024-09-01,Apartment,16,1587.26,"$561,242.82",Sold,C0239,561242.82,353.5922407167067,True
30157,3,2024-09-01,Apartment,18,706.68,"$222,032.52",Sold,C1781,222032.52,314.1910341314315,True
30164,3,2024-09-01,Apartment,18,706.68,"$220,806.64",Sold,C0361,220806.64,312.45633101262246,True
30212,3,2024-09-01,Apartment,24,776.04,"$259,304.05",Sold,C1868,259304.05,334.13748002680273,True
30229,3,2024-09-01,Apartment,26,923.9,"$294,213.22",Sold,C1926,294213.22,318.4470397229137,True
30235,3,2024-09-01,Apartment,27,1117.14,"$331,425.23",Sold,C1721,331425.23,296.67295952163556,True
30241,3,2024-09-01,Apartment,27,1117.14,"$318,660.06",Available,,318660.06,285.24630753531335,False
30243,3,2024-09-01,Office,28,679.93,"$242,053.92",Available,,242053.92,355.9982939420235,False
30271,3,2024-09-01,Apartment,30,796.57,"$218,357.69",Sold,C1786,218357.69,274.12241234292026,True
30275,3,2024-09-01,Apartment,30,796.57,"$243,603.83",Sold,C0751,243603.83,305.81597348632255,True
30282,3,2024-09-01,Apartment,33,683.33,"$231,932.27",Sold,C1282,231932.27,339.4147337304084,True
30285,3,2024-09-01,Apartment,34,768.76,"$266,133.71",Sold,C0028,266133.71,346.1856886414486,True
30322,3,2024-09-01,Apartment,39,1598.95,"$446,265.37",Sold,C1955,446265.37,279.0990149785797,True
30324,3,2024-09-01,Apartment,40,678.71,"$188,578.82",Sold,C1957,188578.82,277.84888980566075,True
30326,3,2024-09-01,Apartment,40,678.71,"$204,319.70",Sold,C1750,204319.7,301.04123999941066,True
30332,3,2024-09-01,Apartment,40,678.71,"$173,400.82",Available,,173400.82,255.4858776207806,False
30341,3,2024-09-01,Apartment,41,965.5,"$282,714.64",Sold,C1656,282714.64,292.8168203003625,True
30353,3,2024-09-01,Apartment,43,928.43,"$250,208.08",Sold,C0852,250208.08,269.4959016834872,True
30357,3,2024-09-01,Apartment,44,673.86,"$215,993.99",Sold,C0180,215993.99,320.5324399726946,True
30358,3,2024-09-01,Apartment,44,673.86,"$206,911.50",Sold,C0199,206911.5,307.0541358739204,True
30391,3,2024-09-01,Office,48,783.39,"$295,212.95",Sold,C1419,295212.95,376.8403349544927,True
30395,3,2024-09-01,Apartment,48,783.39,"$211,107.79",Available,,211107.79,269.47981209869926,False
30398,3,2024-09-01,Apartment,49,1174.48,"$345,694.12",Sold,C1210,345694.12,294.33802193311084,True
30441,3,2024-09-01,Apartment,51,693.85,"$172,998.05",Sold,C1387,172998.05,249.33061900987244,True
40013,4,2024-09-01,Apartment,2,1620.07,"$474,177.38",Sold,C1647,474177.38,292.6894393452135,True
40075,4,2024-09-01,Apartment,10,1614.62,"$503,108.67",Sold,C0759,503108.67,311.59571292316457,True
40122,4,2024-09-01,Apartment,14,1322.66,"$428,558.17",Sold,C0620,428558.17,324.01234633239073,True
40148,4,2024-09-01,Office,18,1294.91,"$409,266.01",Sold,C0386,409266.01,316.0574943432362,True
40182,4,2024-09-01,Apartment,22,737.92,"$236,557.17",Sold,C0420,236557.17,320.57292118386823,True
40211,4,2024-09-01,Apartment,26,790.05,"$270,084.21",Sold,C0801,270084.21,341.85711030947414,True
40295,4,2024-09-01,Apartment,34,795.1,"$273,177.97",Sold,C1204,273177.97,343.57687083385736,True
40304,4,2024-09-01,Apartment,36,736.77,"$208,529.56",Sold,C0416,208529.56,283.0320995697436,True
40361,4,2024-09-01,Apartment,43,1616.99,"$564,033.78",Sold,C1895,564033.78,348.8171108046432,True
40379,4,2024-09-01,Apartment,45,1160.48,"$375,334.56",Available,,375334.56,323.430442575486,False
40385,4,2024-09-01,Apartment,45,1160.48,"$376,005.15",Sold,C0194,376005.15,324.00829829036263,True
40407,4,2024-09-01,Apartment,46,800.23,"$224,651.58",Sold,C1857,224651.58,280.73376404283766,True
40409,4,2024-09-01,Apartment,47,805.88,"$219,069.86",Sold,C1396,219069.86,271.83930610016375,True
40436,4,2024-09-01,Office,51,802.11,"$281,964.37",Sold,C1865,281964.37,351.52830659136526,True
50005,5,2024-09-01,Apartment,2,795.91,"$256,829.42",Sold,C1091,256829.42,322.6865097812567,True
50009,5,2024-09-01,Apartment,2,795.91,"$237,033.66",Sold,C0931,237033.66,297.81465241044845,True
50039,5,2024-09-01,Apartment,8,782.15,"$258,168.24",Sold,C1067,258168.24,330.075100684012,True
50085,5,2024-09-01,Apartment,11,1058.56,"$311,827.97",Sold,C0468,311827.97,294.5775109582829,True
50110,5,2024-09-01,Apartment,13,791.13,"$278,539.81",Sold,C1320,278539.81,352.07843211608713,True
50133,5,2024-09-01,Apartment,17,798.74,"$249,689.04",Sold,C0189,249689.04,312.60365074993115,True
50148,5,2024-09-01,Apartment,19,819.72,"$242,140.66",Sold,C0313,242140.66,295.3943541697165,True
50158,5,2024-09-01,Apartment,22,1059.78,"$295,506.38",Sold,C1148,295506.38,278.8374757025043,True
50182,5,2024-09-01,Apartment,23,1006.65,"$236,109.63",Sold,C0967,236109.63,234.54987334227388,True
50245,5,2024-09-01,Apartment,32,1051.39,"$294,558.36",Sold,C1106,294558.36,280.16089177184483,True
50251,5,2024-09-01,Apartment,33,1787.13,"$533,390.74",Sold,C0207,533390.74,298.46219357293535,True
50281,5,2024-09-01,Apartment,36,627.56,"$213,990.68",Sold,C0238,213990.68,340.9883995155842,True
50285,5,2024-09-01,Apartment,36,627.56,"$201,970.13",Available,,201970.13,321.8339760341641,False
50299,5,2024-09-01,Apartment,40,1053.41,"$281,442.76",Available,,281442.76,267.17304753135056,False
50334,5,2024-09-01,Apartment,43,802.72,"$254,694.60",Sold,C0352,254694.6,317.28946581622483,True
50363,5,2024-09-01,Apartment,44,806.03,"$218,646.74",Sold,C1018,218646.74,271.26377430120465,True
50364,5,2024-09-01,Apartment,44,806.03,"$239,939.60",Available,,239939.6,297.6807314864211,False
50387,5,2024-09-01,Office,46,1272.95,"$483,565.19",Sold,C0287,483565.19,379.8775992772693,True
50403,5,2024-09-01,Apartment,47,1241.14,"$384,719.50",Sold,C0557,384719.5,309.9726864012118,True
50418,5,2024-09-01,Apartment,48,788.04,"$247,655.06",Sold,C0506,247655.06,314.26711842038475,True
50424,5,2024-09-01,Apartment,48,788.04,"$246,317.94",Sold,C0167,246317.94,312.570351758794,True
50427,5,2024-09-01,Apartment,49,795.75,"$228,567.85",Sold,C1118,228567.85,287.2357524348099,True
60009,6,2024-09-01,Apartment,1,1720.95,"$542,533.89",Sold,C1872,542533.89,315.25255818007497,True
60026,6,2024-09-01,Apartment,2,1338.63,"$388,031.05",Sold,C0277,388031.05,289.8717718861821,True
60033,6,2024-09-01,Apartment,3,605.21,"$170,201.06",Sold,C0850,170201.06,281.22645032302836,True
60050,6,2024-09-01,Office,4,1925.28,"$720,719.85",Sold,C1807,720719.85,374.34547182747446,True
60082,6,2024-09-01,Apartment,7,1075.42,"$334,313.56",Sold,C1093,334313.56,310.86790277287014,True
60092,6,2024-09-01,Apartment,7,1075.42,"$343,401.00",Sold,C0975,343401.0,319.3180338844358,True
60094,6,2024-09-01,Apartment,7,1075.42,"$296,292.91",Sold,C0448,296292.91,275.5136690781276,True
60095,6,2024-09-01,Office,7,1075.42,"$308,722.73",Sold,C0248,308722.73,287.07177660820884,True
60107,6,2024-09-01,Apartment,9,1194.12,"$377,530.79",Available,,377530.79,316.1581666834154,False
60182,6,2024-09-01,Apartment,16,1687.92,"$478,671.87",Available,,478671.87,283.58682283520545,False
60184,6,2024-09-01,Apartment,16,1687.92,"$510,876.28",Sold,C0725,510876.28,302.66616901274944,True
60224,6,2024-09-01,Apartment,20,1897.17,"$597,196.58",Available,,597196.58,314.7828502453654,False
60267,6,2024-09-01,Office,28,1723.12,"$544,042.09",Sold,C0333,544042.09,315.7308196759367,True
60321,6,2024-09-01,Office,35,999.85,"$272,816.91",Sold,C0482,272816.91,272.85783867580136,True
60328,6,2024-09-01,Apartment,37,1721.96,"$575,027.48",Available,,575027.48,333.937768589282,False
60348,6,2024-09-01,Office,39,744.54,"$227,687.32",Sold,C0240,227687.32,305.80938566094505,True
60353,6,2024-09-01,Apartment,40,1640.68,"$438,270.08",Sold,C0944,438270.08,267.1270936440988,True
60376,6,2024-09-01,Apartment,43,1492.81,"$401,408.97",Sold,C1544,401408.97,268.89488280491156,True
60386,6,2024-09-01,Apartment,44,842.69,"$250,469.75",Available,,250469.75,297.22644151467324,False
60415,6,2024-09-01,Apartment,50,1579.99,"$433,524.31",Sold,C1978,433524.31,274.38421129247655,True
60427,6,2024-09-01,Apartment,51,1476.63,"$434,102.29",Sold,C0702,434102.29,293.9817625268347,True
60433,6,2024-09-01,Apartment,51,1476.63,"$410,494.81",Available,,410494.81,277.994358776403,False
60461,6,2024-09-01,Apartment,53,1170.96,"$376,525.86",Sold,C1809,376525.86,321.55313588850174,True
60470,6,2024-09-01,Apartment,55,562.37,"$153,159.21",Available,,153159.21,272.3459821825488,False
70061,7,2024-09-01,Apartment,10,1495.37,"$399,023.14",Available,,399023.14,266.83906992918145,False
70085,7,2024-09-01,Apartment,12,804.65,"$210,426.14",Sold,C1105,210426.14,261.51263282172374,True
70109,7,2024-09-01,Apartment,14,714.65,"$248,239.89",Sold,C0444,248239.89,347.3586930665361,True
70131,7,2024-09-01,Apartment,16,1239.87,"$402,393.19",Sold,C0603,402393.19,324.54466194036473,True
70165,7,2024-09-01,Apartment,19,751.07,"$191,303.17",Sold,C1900,191303.17,254.70751061818473,True
70169,7,2024-09-01,Apartment,19,751.07,"$235,505.29",Sold,C1403,235505.29,313.5597081497064,True
70212,7,2024-09-01,Apartment,23,1222.69,"$353,560.25",Sold,C0032,353560.25,289.16589650688235,True
70286,7,2024-09-01,Office,34,1487.05,"$508,149.11",Sold,C1368,508149.11,341.71622339531285,True
70290,7,2024-09-01,Apartment,35,613.21,"$182,415.09",Sold,C0474,182415.09,297.47572609709556,True
70321,7,2024-09-01,Apartment,38,1755.26,"$512,122.41",Sold,C1161,512122.41,291.76441666761616,True
70331,7,2024-09-01,Apartment,39,1298.32,"$375,792.14",Sold,C1364,375792.14,289.44492883110485,True
70346,7,2024-09-01,Office,41,1093.92,"$351,068.04",Sold,C0493,351068.04,320.9266125493637,True
70395,7,2024-09-01,Office,45,1150.93,"$330,795.27",Available,,330795.27,287.41562909994525,False
70399,7,2024-09-01,Apartment,46,1677.84,"$481,355.10",Sold,C0623,481355.1,286.88975110856813,True
70403,7,2024-09-01,Office,47,1033.08,"$366,308.72",Sold,C0390,366308.72,354.5792387811205,True
70422,7,2024-09-01,Apartment,49,1383.05,"$426,442.43",Sold,C0015,426442.43,308.3347890531796,True
80039,8,2024-09-01,Apartment,5,887.23,"$238,037.76",Available,,238037.76,268.2931821511897,False
80056,8,2024-09-01,Apartment,5,887.23,"$280,450.33",Sold,C1593,280450.33,316.0965364110772,True
80058,8,2024-09-01,Office,6,1370.17,"$367,368.12",Sold,C1481,367368.12,268.11864221228024,True
80078,8,2024-09-01,Apartment,9,1869.81,"$530,985.40",Sold,C1042,530985.4,283.97826517132756,True
80113,8,2024-09-01,Apartment,14,685.93,"$182,835.19",Available,,182835.19,266.5507996442786,False
80131,8,2024-09-01,Apartment,16,424.09,"$131,552.38",Available,,131552.38,310.19920299936337,False
80150,8,2024-09-01,Apartment,19,865.63,"$265,389.17",Available,,265389.17,306.58499589894063,False
80151,8,2024-09-01,Apartment,19,865.63,"$252,615.77",Available,,252615.77,291.8288067650151,False
80169,8,2024-09-01,Apartment,22,1495.57,"$436,572.80",Sold,C1120,436572.8,291.91064276496587,True
80191,8,2024-09-01,Apartment,26,1625.38,"$572,288.70",Available,,572288.7,352.09532540082927,False
80215,8,2024-09-01,Apartment,29,1848.51,"$604,532.80",Sold,C0562,604532.8,327.0378845664887,True
80302,8,2024-09-01,Office,34,1684.75,"$486,694.78",Sold,C1395,486694.78,288.8824929514765,True
80309,8,2024-09-01,Apartment,36,673.86,"$198,662.43",Sold,C0826,198662.43,294.812616864037,True
80324,8,2024-09-01,Office,37,890.65,"$243,462.74",Sold,C0179,243462.74,273.35399988772247,True
80334,8,2024-09-01,Apartment,37,890.65,"$293,037.28",Sold,C1473,293037.28,329.015078874979,True
80340,8,2024-09-01,Apartment,37,890.65,"$272,906.21",Available,,272906.21,306.4124066692865,False
80347,8,2024-09-01,Office,39,1290.89,"$417,333.06",Sold,C0175,417333.06,323.2909543028453,True
80358,8,2024-09-01,Apartment,43,1490.59,"$515,685.12",Available,,515685.12,345.96040494032565,False
80370,8,2024-09-01,Apartment,44,1862.29,"$480,379.75",Sold,C0438,480379.75,257.9510978419043,True
80388,8,2024-09-01,Apartment,46,1175.51,"$275,770.45",Sold,C1692,275770.45,234.59643048549142,True
80397,8,2024-09-01,Office,46,1175.51,"$352,324.96",Available,,352324.96,299.72093814599623,False
80403,8,2024-09-01,Apartment,46,1175.51,"$347,487.04",Available,,347487.04,295.60534576481695,False
80413,8,2024-09-01,Apartment,47,543.08,"$174,551.95",Sold,C1950,174551.95,321.4111180673197,True
80426,8,2024-09-01,Apartment,49,1081.0,"$344,999.81",Available,,344999.81,319.1487604070305,False
80440,8,2024-09-01,Office,52,559.73,"$168,349.69",Sold,C1997,168349.69,300.76946027548996,True
80447,8,2024-09-01,Apartment,53,1891.72,"$601,608.38",Sold,C1509,601608.38,318.02189541792654,True
80448,8,2024-09-01,Office,53,1891.72,"$456,114.72",Sold,C0966,456114.72,241.11111580995072,True
80452,8,2024-09-01,Office,53,1891.72,"$715,271.16",Available,,715271.16,378.10625251094245,False
80455,8,2024-09-01,Apartment,54,1699.02,"$514,096.93",Sold,C0211,514096.93,302.5843898247225,True
80492,8,2024-09-01,Apartment,57,1949.35,"$547,966.21",Available,,547966.21,281.1020134916767,False
90002,9,2024-09-01,Apartment,1,832.35,"$269,152.80",Available,,269152.8,323.3649306181294,False
90014,9,2024-09-01,Apartment,2,481.55,"$166,515.01",Sold,C1195,166515.01,345.7896583947669,True
90016,9,2024-09-01,Apartment,3,1577.09,"$474,208.49",Sold,C1822,474208.49,300.6857503376472,True
90019,9,2024-09-01,Apartment,4,1139.87,"$325,905.90",Available,,325905.9,285.9149727600516,False
90085,9,2024-09-01,Apartment,14,1445.3,"$439,795.30",Available,,439795.3,304.29343388915794,False
90116,9,2024-09-01,Apartment,17,1481.32,"$443,365.72",Sold,C1044,443365.72,299.30448518888556,True
90122,9,2024-09-01,Apartment,18,860.97,"$220,007.41",Sold,C1028,220007.41,255.53435079038758,True
90151,9,2024-09-01,Apartment,24,914.61,"$269,296.29",Sold,C0754,269296.29,294.4383835733263,True
90181,9,2024-09-01,Apartment,27,1207.33,"$299,244.24",Sold,C0751,299244.24,247.85621164056224,True
90183,9,2024-09-01,Apartment,27,1207.33,"$363,263.79",Sold,C0312,363263.79,300.88193782975657,True
90192,9,2024-09-01,Apartment,28,1931.82,"$530,069.18",Sold,C1413,530069.18,274.3884937520059,True
90213,9,2024-09-01,Apartment,31,1052.27,"$318,001.46",Sold,C0898,318001.46,302.20519448430537,True
90217,9,2024-09-01,Apartment,31,1052.27,"$328,063.42",Sold,C1402,328063.42,311.7673410816615,True
90227,9,2024-09-01,Apartment,33,973.52,"$266,823.90",Sold,C1866,266823.9,274.08158024488455,True
90234,9,2024-09-01,Apartment,33,973.52,"$342,414.51",Sold,C0834,342414.51,351.7282747144383,True
90271,9,2024-09-01,Apartment,35,1376.88,"$392,258.56",Sold,C1447,392258.56,284.88943117773516,True
90272,9,2024-09-01,Apartment,35,1376.88,"$361,473.36",Available,,361473.36,262.530765208297,False
90300,9,2024-09-01,Office,37,731.44,"$221,099.86",Sold,C0842,221099.86,302.28024171497316,True
90313,9,2024-09-01,Apartment,38,1260.31,"$343,641.50",Available,,343641.5,272.66426514111606,False
90320,9,2024-09-01,Apartment,38,1260.31,"$324,641.18",Available,,324641.18,257.58835524593155,False
90322,9,2024-09-01,Apartment,38,1260.31,"$371,715.86",Available,,371715.86,294.94002269282953,False
90400,9,2024-09-01,Apartment,48,1264.94,"$388,635.18",Sold,C0039,388635.18,307.23605862728664,True
90409,9,2024-09-01,Apartment,52,1126.02,"$338,497.95",Sold,C1143,338497.95,300.61450951137635,True
90435,9,2024-09-01,Apartment,56,1516.4,"$429,024.15",Sold,C0417,429024.15,282.92281060406225,True
90453,9,2024-09-01,Apartment,56,1516.4,"$395,043.14",Sold,C1833,395043.14,260.5138090213664,True
90466,9,2024-09-01,Apartment,57,1198.57,"$397,171.33",Sold,C0382,397171.33,331.3709920989179,True
90478,9,2024-09-01,Office,58,838.34,"$253,598.92",Available,,253598.92,302.5012763317986,False
90502,9,2024-09-01,Apartment,58,838.34,"$199,667.31",Sold,C0380,199667.31,238.16984755588425,True
90510,9,2024-09-01,Apartment,58,838.34,"$226,861.20",Sold,C1049,226861.2,270.6076293627884,True
100060,10,2024-09-01,Apartment,7,1628.71,"$462,676.04",Sold,C1678,462676.04,284.07515150026705,True
100063,10,2024-09-01,Apartment,8,1054.86,"$275,862.16",Sold,C0434,275862.16,261.5154238477144,True
100073,10,2024-09-01,Apartment,9,1849.4,"$562,973.82",Available,,562973.82,304.40890018384334,False
100118,10,2024-09-01,Apartment,15,1948.32,"$597,112.10",Available,,597112.1,306.4753736552517,False
100191,10,2024-09-01,Apartment,26,1294.85,"$398,571.59",Sold,C0895,398571.59,307.812943584199,True
100193,10,2024-09-01,Apartment,26,1294.85,"$358,860.18",Sold,C1748,358860.18,277.14420975402555,True
100200,10,2024-09-01,Apartment,26,1294.85,"$365,163.25",Sold,C1881,365163.25,282.0120091130247,True
100213,10,2024-09-01,Apartment,27,777.35,"$209,156.78",Available,,209156.78,269.06384511481315,False
100404,10,2024-09-01,Office,47,1047.27,"$340,376.82",Sold,C1383,340376.82,325.01343493082015,True
100430,10,2024-09-01,Apartment,50,1138.32,"$399,036.98",Available,,399036.98,350.54903717759504,False
110003,11,2024-09-01,Apartment,1,1902.88,"$589,917.02",Available,,589917.02,310.01272807533843,False
110006,11,2024-09-01,Apartment,1,1902.88,"$506,351.81",Sold,C1626,506351.81,266.0976046834272,True
110023,11,2024-09-01,Apartment,3,1479.84,"$330,692.17",Available,,330692.17,223.4648137636501,False
110040,11,2024-09-01,Apartment,5,1723.2,"$523,867.62",Sold,C1148,523867.62,304.0086002785515,True
110095,11,2024-09-01,Apartment,10,1519.64,"$459,717.65",Sold,C0250,459717.65,302.51747124318916,True
110098,11,2024-09-01,Office,10,1519.64,"$536,079.52",Sold,C0269,536079.52,352.7674449211655,True
110113,11,2024-09-01,Apartment,13,474.93,"$134,678.51",Sold,C0786,134678.51,283.5754953361548,True
110114,11,2024-09-01,Apartment,13,474.93,"$134,382.93",Sold,C1006,134382.93,282.95312993493775,True
110133,11,2024-09-01,Office,14,524.68,"$140,446.79",Sold,C1240,140446.79,267.68085309140815,True
110150,11,2024-09-01,Apartment,15,1385.68,"$416,006.53",Available,,416006.53,300.21832602043764,False
110172,11,2024-09-01,Apartment,18,1562.55,"$462,127.71",Sold,C0505,462127.71,295.75227032734955,True
110178,11,2024-09-01,Apartment,19,1083.98,"$303,491.24",Sold,C0150,303491.24,279.9786342921456,True
110188,11,2024-09-01,Apartment,21,1389.63,"$358,380.74",Sold,C1587,358380.74,257.8965192173456,True
110208,11,2024-09-01,Office,24,1481.82,"$508,281.75",Sold,C0984,508281.75,343.0118030530024,True
110219,11,2024-09-01,Apartment,26,490.37,"$120,305.09",Sold,C1147,120305.09,245.33533862185695,True
110245,11,2024-09-01,Apartment,29,993.51,"$262,278.10",Sold,C0722,262278.1,263.9914042133446,True
110279,11,2024-09-01,Apartment,34,680.07,"$199,052.69",Sold,C1612,199052.69,292.694413810343,True
110293,11,2024-09-01,Apartment,36,1752.38,"$466,423.54",Available,,466423.54,266.1657517205172,False
110301,11,2024-09-01,Office,37,1368.16,"$413,388.42",Sold,C0506,413388.42,302.1491784586598,True
110313,11,2024-09-01,Apartment,38,788.47,"$252,616.68",Available,,252616.68,320.38844851421106,False
110331,11,2024-09-01,Office,40,638.97,"$210,197.64",Available,,210197.64,328.96323771069063,False
110346,11,2024-09-01,Apartment,42,808.59,"$246,241.40",Sold,C0672,246241.4,304.53183937471397,True
110360,11,2024-09-01,Apartment,42,808.59,"$253,485.23",Sold,C1025,253485.23,313.4904339652976,True
110372,11,2024-09-01,Apartment,44,434.38,"$128,315.89",Sold,C0850,128315.89,295.4000874810074,True
110383,11,2024-09-01,Office,44,434.38,"$138,741.01",Sold,C1726,138741.01,319.40008748100746,True
110414,11,2024-09-01,Apartment,49,1095.85,"$332,452.89",Sold,C1040,332452.89,303.37444905780904,True
110444,11,2024-09-01,Apartment,52,1397.58,"$419,816.08",Sold,C1586,419816.08,300.3878704617983,True
110456,11,2024-09-01,Apartment,52,1397.58,"$477,602.23",Sold,C1757,477602.23,341.7351636400063,True
110468,11,2024-09-01,Apartment,56,724.8,"$216,903.45",Sold,C0162,216903.45,299.2597268211921,True
110539,11,2024-09-01,Apartment,62,1938.82,"$641,498.15",Sold,C0723,641498.15,330.8704005529136,True
120020,12,2024-09-01,Apartment,2,1285.87,"$400,405.25",Sold,C1994,400405.25,311.38859293707765,True
120044,12,2024-09-01,Apartment,4,1559.34,"$441,130.90",Sold,C0569,441130.9,282.89590467762,True
120046,12,2024-09-01,Office,4,1559.34,"$486,619.23",Sold,C0635,486619.23,312.0674323752357,True
120058,12,2024-09-01,Apartment,6,1347.8,"$353,301.13",Sold,C1197,353301.13,262.13171835583915,True
120081,12,2024-09-01,Apartment,10,1642.26,"$468,287.27",Available,,468287.27,285.14807034208957,False
120109,12,2024-09-01,Apartment,14,1369.96,"$383,706.79",Sold,C0549,383706.79,280.08612660223656,True
120121,12,2024-09-01,Apartment,14,1369.96,"$430,268.83",Sold,C1633,430268.83,314.07400946013024,True
120144,12,2024-09-01,Apartment,16,1523.02,"$572,824.93",Sold,C1896,572824.93,376.11123294506973,True
120181,12,2024-09-01,Apartment,20,1802.21,"$526,217.19",Sold,C0176,526217.19,291.98439138613145,True
120218,12,2024-09-01,Apartment,24,1306.75,"$411,169.25",Sold,C1916,411169.25,314.6502774057777,True
120222,12,2024-09-01,Apartment,24,1306.75,"$334,327.68",Sold,C1960,334327.68,255.8467036541037,True
120269,12,2024-09-01,Apartment,29,688.73,"$194,179.75",Sold,C1572,194179.75,281.9388584786491,True
120273,12,2024-09-01,Apartment,29,688.73,"$170,058.93",Sold,C0758,170058.93,246.916687235927,True
120294,12,2024-09-01,Office,33,1232.2,"$317,233.27",Sold,C0138,317233.27,257.45274306119137,True
120299,12,2024-09-01,Apartment,33,1232.2,"$337,025.56",Sold,C0590,337025.56,273.51530595682516,True
120307,12,2024-09-01,Office,34,1817.64,"$505,553.38",Sold,C0656,505553.38,278.1372438986818,True
120340,12,2024-09-01,Apartment,37,1681.78,"$486,871.86",Sold,C1105,486871.86,289.49794860207635,True
120347,12,2024-09-01,Apartment,38,1157.23,"$345,793.55",Available,,345793.55,298.8114290158395,False
120355,12,2024-09-01,Apartment,38,1157.23,"$348,940.18",Sold,C0916,348940.18,301.5305341202699,True
120371,12,2024-09-01,Office,38,1157.23,"$387,130.78",Sold,C0260,387130.78,334.53227102650294,True
130027,13,2024-09-01,Apartment,2,1651.02,"$513,568.69",Available,,513568.69,311.0614589768749,False
130112,13,2024-09-01,Apartment,14,777.75,"$227,170.01",Available,,227170.01,292.0861587913854,False
130118,13,2024-09-01,Apartment,14,777.75,"$209,154.91",Available,,209154.91,268.9230601092896,False
130139,13,2024-09-01,Apartment,16,1772.88,"$560,683.85",Sold,C1236,560683.85,316.2559507693696,True
130176,13,2024-09-01,Apartment,20,516.72,"$160,691.77",Available,,160691.77,310.98422743458735,False
130180,13,2024-09-01,Office,20,516.72,"$168,771.25",Sold,C1898,168771.25,326.6203166124787,True
130254,13,2024-09-01,Apartment,30,1777.51,"$516,854.25",Available,,516854.25,290.77431350597186,False
130298,13,2024-09-01,Apartment,33,1445.84,"$372,390.00",Available,,372390.0,257.55961932164,False
130320,13,2024-09-01,Apartment,35,1867.34,"$479,094.82",Available,,479094.82,256.5653924834256,False
130399,13,2024-09-01,Apartment,45,986.91,"$295,710.16",Sold,C1660,295710.16,299.63234742783027,True
130431,13,2024-09-01,Apartment,47,1874.35,"$533,912.15",Available,,533912.15,284.85189532371226,False
130437,13,2024-09-01,Apartment,48,1728.84,"$589,085.76",Sold,C0911,589085.76,340.74047338099535,True
130444,13,2024-09-01,Apartment,49,572.01,"$177,039.39",Sold,C1168,177039.39,309.50401216761946,True
130456,13,2024-09-01,Apartment,52,1916.1,"$555,693.16",Sold,C0422,555693.16,290.0126089452534,True
130583,13,2024-09-01,Apartment,67,524.97,"$180,138.19",Sold,C1144,180138.19,343.1399699030421,True
130588,13,2024-09-01,Apartment,68,1590.69,"$446,439.12",Sold,C1050,446439.12,280.657525979292,True
130600,13,2024-09-01,Office,70,750.41,"$228,107.58",Sold,C1084,228107.58,303.97726576138376,True
140022,14,2024-09-01,Apartment,4,1797.81,"$417,894.67",Sold,C0099,417894.67,232.4465154827262,True
140023,14,2024-09-01,Apartment,4,1797.81,"$505,490.44",Sold,C1021,505490.44,281.1701125257953,True
140042,14,2024-09-01,Apartment,7,641.37,"$213,442.59",Sold,C0284,213442.59,332.7916647177136,True
140052,14,2024-09-01,Apartment,8,618.89,"$181,142.80",Available,,181142.8,292.68981563767386,False
140059,14,2024-09-01,Apartment,8,618.89,"$196,546.06",Sold,C1393,196546.06,317.5783418701223,True
140072,14,2024-09-01,Apartment,9,803.5,"$252,053.95",Sold,C0166,252053.95,313.6950217797138,True
140096,14,2024-09-01,Apartment,12,459.44,"$131,895.39",Available,,131895.39,287.0785956816995,False
140099,14,2024-09-01,Apartment,12,459.44,"$157,957.15",Sold,C0709,157957.15,343.80365227233153,True
140124,14,2024-09-01,Apartment,13,442.74,"$126,226.53",Sold,C1843,126226.53,285.1030627456295,True
140159,14,2024-09-01,Apartment,17,686.6,"$187,049.47",Sold,C1350,187049.47,272.4285901543839,True
140172,14,2024-09-01,Apartment,17,686.6,"$198,304.68",Sold,C0971,198304.68,288.82126420040777,True
140183,14,2024-09-01,Apartment,20,1224.91,"$427,733.57",Available,,427733.57,349.1959164346768,False
140187,14,2024-09-01,Apartment,21,1560.87,"$460,286.44",Sold,C1509,460286.44,294.8909518409605,True
140193,14,2024-09-01,Apartment,21,1560.87,"$515,792.81",Sold,C0954,515792.81,330.4521260579036,True
140221,14,2024-09-01,Apartment,23,1610.37,"$531,001.25",Sold,C0871,531001.25,329.73866254339066,True
140233,14,2024-09-01,Apartment,25,586.85,"$221,244.15",Available,,221244.15,377.0028968220158,False
140289,14,2024-09-01,Apartment,33,1894.96,"$589,905.02",Sold,C0057,589905.02,311.30209608646095,True
140299,14,2024-09-01,Apartment,34,513.06,"$140,627.96",Sold,C1157,140627.96,274.0965189256617,True
140371,14,2024-09-01,Apartment,45,1388.61,"$430,285.43",Sold,C1979,430285.43,309.8677310403929,True
140378,14,2024-09-01,Apartment,46,1258.99,"$414,231.95",Available,,414231.95,329.01925352862213,False
140413,14,2024-09-01,Apartment,49,1231.75,"$336,122.59",Sold,C1282,336122.59,272.8821514105947,True
140415,14,2024-09-01,Office,50,1114.18,"$312,264.34",Sold,C0201,312264.34,280.2638173365165,True
140416,14,2024-09-01,Apartment,51,1346.3,"$366,752.40",Sold,C0992,366752.4,272.41506350739064,True
140431,14,2024-09-01,Office,51,1346.3,"$468,906.08",Sold,C0721,468906.08,348.2924162519498,True
140439,14,2024-09-01,Apartment,52,571.74,"$192,674.34",Sold,C1533,192674.34,336.9964319445902,True
150072,15,2024-09-01,Apartment,10,1072.95,"$347,392.69",Sold,C1644,347392.69,323.7734190782422,True
150097,15,2024-09-01,Apartment,15,522.71,"$129,756.46",Sold,C0904,129756.46,248.23795221059478,True
150102,15,2024-09-01,Apartment,15,522.71,"$130,733.10",Sold,C1237,130733.1,250.1063687321842,True
150111,15,2024-09-01,Apartment,15,522.71,"$140,473.51",Available,,140473.51,268.7408123051023,False
150127,15,2024-09-01,Apartment,17,562.64,"$143,613.32",Sold,C0508,143613.32,255.2490402388739,True
150148,15,2024-09-01,Apartment,18,567.74,"$173,118.91",Available,,173118.91,304.9263923627012,False
150158,15,2024-09-01,Apartment,21,1271.25,"$440,284.74",Available,,440284.74,346.34001179941004,False
150160,15,2024-09-01,Apartment,21,1271.25,"$364,815.37",Available,,364815.37,286.9737423795477,False
150174,15,2024-09-01,Apartment,22,1317.29,"$383,499.34",Sold,C0491,383499.34,291.1274966028741,True
150197,15,2024-09-01,Apartment,23,1279.23,"$380,519.67",Sold,C1070,380519.67,297.4599329284022,True
150198,15,2024-09-01,Apartment,23,1279.23,"$422,521.03",Available,,422521.03,330.2932467187293,False
150202,15,2024-09-01,Apartment,23,1279.23,"$387,513.74",Sold,C1754,387513.74,302.9273391024288,True
150211,15,2024-09-01,Office,24,924.36,"$296,231.36",Sold,C1935,296231.36,320.4718507940629,True
150228,15,2024-09-01,Apartment,26,961.01,"$265,442.27",Sold,C1717,265442.27,276.2117667870262,True
150258,15,2024-09-01,Apartment,30,1523.22,"$482,341.23",Sold,C1705,482341.23,316.6589396147634,True
150266,15,2024-09-01,Apartment,31,1901.65,"$605,700.56",Sold,C0759,605700.56,318.51316488312784,True
150275,15,2024-09-01,Apartment,33,958.02,"$280,402.30",Sold,C1511,280402.3,292.6894010563454,True
150277,15,2024-09-01,Apartment,34,1304.22,"$380,745.79",Sold,C1107,380745.79,291.9337151707534,True
150288,15,2024-09-01,Office,35,745.49,"$201,555.86",Sold,C0734,201555.86,270.36695327905136,True
150295,15,2024-09-01,Apartment,35,745.49,"$258,549.13",Sold,C1038,258549.13,346.81770379213674,True
150296,15,2024-09-01,Office,35,745.49,"$228,194.83",Sold,C0744,228194.83,306.1004574172692,True
150298,15,2024-09-01,Apartment,35,745.49,"$220,021.95",Available,,220021.95,295.13735932071523,False
150326,15,2024-09-01,Apartment,38,585.57,"$220,589.57",Available,,220589.57,376.70913810475264,False
150364,15,2024-09-01,Office,44,1713.09,"$501,738.52",Sold,C1678,501738.52,292.8850906840855,True
150382,15,2024-09-01,Apartment,48,1403.33,"$466,695.89",Available,,466695.89,332.5631818602895,False
150388,15,2024-09-01,Apartment,49,460.17,"$141,835.85",Sold,C0329,141835.85,308.2248951474455,True
150403,15,2024-09-01,Apartment,50,1841.5,"$571,066.07",Sold,C0801,571066.07,310.1091881618246,True
150414,15,2024-09-01,Apartment,52,829.2,"$232,663.21",Sold,C1504,232663.21,280.5875663289918,True
150504,15,2024-09-01,Apartment,60,1033.2,"$306,376.09",Available,,306376.09,296.53125241966706,False
160002,16,2024-09-01,Apartment,1,637.07,"$167,175.36",Sold,C1629,167175.36,262.4128588695119,True
160027,16,2024-09-01,Apartment,4,1561.55,"$517,834.79",Sold,C1965,517834.79,331.61588805994046,True
160039,16,2024-09-01,Apartment,5,749.15,"$232,301.46",Sold,C0568,232301.46,310.08671160648737,True
160060,16,2024-09-01,Apartment,8,986.18,"$319,446.65",Available,,319446.65,323.92326958567406,False
160074,16,2024-09-01,Apartment,9,1524.04,"$432,933.76",Available,,432933.76,284.0698144405659,False
160079,16,2024-09-01,Apartment,9,1524.04,"$386,429.67",Sold,C0324,386429.67,253.55612057426313,True
160170,16,2024-09-01,Office,21,837.95,"$242,156.78",Sold,C0678,242156.78,288.98714720448714,True
160174,16,2024-09-01,Apartment,21,837.95,"$288,299.66",Sold,C1377,288299.66,344.0535354138075,True
160178,16,2024-09-01,Apartment,22,1575.06,"$521,067.94",Sold,C0424,521067.94,330.8241844755121,True
160180,16,2024-09-01,Apartment,22,1575.06,"$458,308.65",Sold,C1514,458308.65,290.97853415108,True
160210,16,2024-09-01,Office,26,1458.08,"$404,116.95",Sold,C0943,404116.95,277.1569118292549,True
160232,16,2024-09-01,Office,28,1440.71,"$364,460.23",Sold,C0804,364460.23,252.9726523727884,True
160235,16,2024-09-01,Apartment,28,1440.71,"$428,520.04",Sold,C0809,428520.04,297.4367082896627,True
160241,16,2024-09-01,Apartment,28,1440.71,"$451,278.03",Available,,451278.03,313.2330795232906,False
160259,16,2024-09-01,Office,31,1336.97,"$385,027.41",Sold,C1037,385027.41,287.9850781992116,True
160278,16,2024-09-01,Apartment,33,881.17,"$237,480.92",Available,,237480.92,269.50636086112786,False
160280,16,2024-09-01,Apartment,33,881.17,"$273,162.10",Available,,273162.1,309.9993190871228,False
160310,16,2024-09-01,Apartment,36,810.94,"$216,206.13",Sold,C1179,216206.13,266.6117468616667,True
160325,16,2024-09-01,Apartment,38,431.83,"$120,848.55",Available,,120848.55,279.8521408887757,False
160356,16,2024-09-01,Apartment,41,1001.72,"$298,750.15",Sold,C0536,298750.15,298.23718204687935,True
160377,16,2024-09-01,Apartment,43,1185.4,"$401,540.54",Sold,C0505,401540.54,338.73843428378603,True
160384,16,2024-09-01,Apartment,44,1695.03,"$503,790.55",Sold,C1905,503790.55,297.21630295628984,True
160388,16,2024-09-01,Office,45,1653.49,"$586,280.09",Available,,586280.09,354.57129465554675,False
170003,17,2024-09-01,Apartment,1,530.28,"$177,408.39",Sold,C1587,177408.39,334.55606472052506,True
170074,17,2024-09-01,Apartment,10,1059.07,"$285,091.79",Sold,C0381,285091.79,269.1906956102996,True
170107,17,2024-09-01,Apartment,13,916.9,"$291,793.40",Sold,C0983,291793.4,318.2390664194569,True
170124,17,2024-09-01,Apartment,14,1646.02,"$509,032.38",Sold,C0130,509032.38,309.25042223059256,True
170127,17,2024-09-01,Apartment,15,1365.73,"$441,514.77",Available,,441514.77,323.28115366873396,False
170155,17,2024-09-01,Apartment,16,1693.0,"$592,554.14",Sold,C1842,592554.14,350.0024453632605,True
170158,17,2024-09-01,Office,17,1827.25,"$616,039.35",Available,,616039.35,337.1401559720892,False
170173,17,2024-09-01,Apartment,19,1712.06,"$483,639.68",Sold,C0624,483639.68,282.48991273670316,True
170185,17,2024-09-01,Apartment,20,792.27,"$229,915.53",Sold,C0850,229915.53,290.1984550721345,True
170190,17,2024-09-01,Apartment,21,1320.97,"$425,040.86",Sold,C0336,425040.86,321.764203577674,True
170217,17,2024-09-01,Apartment,25,939.46,"$278,299.85",Sold,C1539,278299.85,296.23384710365525,True
170223,17,2024-09-01,Apartment,26,929.59,"$301,035.57",Sold,C1432,301035.57,323.83692810809066,True
170233,17,2024-09-01,Apartment,27,677.24,"$239,724.77",Sold,C1609,239724.77,353.97314098399386,True
170266,17,2024-09-01,Apartment,32,954.54,"$267,900.70",Sold,C1421,267900.7,280.6594799589331,True
170268,17,2024-09-01,Apartment,32,954.54,"$246,881.14",Sold,C0286,246881.14,258.63886269826304,True
170276,17,2024-09-01,Apartment,33,1532.89,"$512,382.03",Available,,512382.03,334.2588378813874,False
170280,17,2024-09-01,Apartment,33,1532.89,"$451,291.76",Available,,451291.76,294.4058347304764,False
170282,17,2024-09-01,Apartment,34,1672.99,"$528,517.95",Sold,C0675,528517.95,315.9121991165518,True
170284,17,2024-09-01,Apartment,34,1672.99,"$498,882.11",Sold,C0618,498882.11,298.1979031554283,True
170287,17,2024-09-01,Apartment,35,1667.01,"$508,317.94",Sold,C1623,508317.94,304.92794884253846,True
170295,17,2024-09-01,Apartment,36,781.49,"$207,455.90",Sold,C1710,207455.9,265.4620020729632,True
170312,17,2024-09-01,Apartment,39,1341.67,"$406,054.98",Available,,406054.98,302.64892261137237,False
170331,17,2024-09-01,Apartment,41,1422.93,"$406,001.38",Sold,C0534,406001.38,285.3277251867625,True
170337,17,2024-09-01,Apartment,41,1422.93,"$361,394.87",Available,,361394.87,253.97937354613367,False
170354,17,2024-09-01,Apartment,45,1574.3,"$437,211.33",Sold,C1203,437211.33,277.717925427174,True
170435,17,2024-09-01,Apartment,51,1375.52,"$502,022.40",Sold,C1197,502022.4,364.9691752937071,True
180005,18,2024-09-01,Apartment,1,1379.64,"$436,782.69",Sold,C0864,436782.69,316.59178481342957,True
180031,18,2024-09-01,Apartment,4,1096.58,"$362,580.58",Available,,362580.58,330.6467198015649,False
180049,18,2024-09-01,Office,6,840.25,"$235,857.38",Sold,C1875,235857.38,280.69905385301996,True
180077,18,2024-09-01,Apartment,10,1111.43,"$302,479.22",Sold,C1625,302479.22,272.15319003446007,True
180116,18,2024-09-01,Apartment,16,1360.96,"$334,041.57",Sold,C1578,334041.57,245.4455457912062,True
180171,18,2024-09-01,Apartment,22,1108.09,"$330,298.49",Sold,C0183,330298.49,298.0791181221742,True
180284,18,2024-09-01,Office,35,799.05,"$272,822.22",Available,,272822.22,341.4332269570114,False
180299,18,2024-09-01,Apartment,36,1089.77,"$330,207.80",Sold,C1711,330207.8,303.00687300990114,True
180305,18,2024-09-01,Apartment,36,1089.77,"$277,491.92",Sold,C0102,277491.92,254.6334731181809,True
180328,18,2024-09-01,Apartment,38,1219.8,"$300,710.22",Sold,C1117,300710.22,246.52420068863748,True
180416,18,2024-09-01,Apartment,47,520.85,"$167,859.82",Sold,C0785,167859.82,322.28054142267445,True
180455,18,2024-09-01,Apartment,51,1527.31,"$502,181.85",Sold,C1122,502181.85,328.8015203200398,True
180466,18,2024-09-01,Apartment,52,1424.54,"$418,772.73",Sold,C0121,418772.73,293.9704957389754,True
180546,18,2024-09-01,Apartment,62,1330.41,"$393,449.09",Available,,393449.09,295.7352169631918,False
180576,18,2024-09-01,Apartment,66,1631.24,"$539,249.94",Sold,C0849,539249.94,330.576702385915,True
190022,19,2024-09-01,Office,4,1225.38,"$392,120.81",Sold,C1838,392120.81,319.99935530202873,True
190037,19,2024-09-01,Apartment,7,973.6,"$259,987.87",Sold,C1292,259987.87,267.03766433853735,True
190040,19,2024-09-01,Office,7,973.6,"$334,981.20",Sold,C1906,334981.2,344.0645028759244,True
190101,19,2024-09-01,Apartment,14,630.47,"$165,707.07",Available,,165707.07,262.8310149570955,False
190118,19,2024-09-01,Apartment,16,1711.98,"$602,057.55",Sold,C1087,602057.55,351.6732380051169,True
190152,19,2024-09-01,Office,19,1697.73,"$474,165.55",Sold,C0627,474165.55,279.29385120130996,True
190171,19,2024-09-01,Apartment,21,477.75,"$152,690.76",Sold,C1831,152690.76,319.60389324960755,True
190188,19,2024-09-01,Apartment,22,935.25,"$281,233.40",Sold,C0830,281233.4,300.70398289227484,True
190266,19,2024-09-01,Apartment,30,673.27,"$180,693.31",Available,,180693.31,268.38164480817505,False
190304,19,2024-09-01,Apartment,37,1565.26,"$449,976.95",Sold,C1585,449976.95,287.47744783614223,True
190306,19,2024-09-01,Apartment,37,1565.26,"$529,967.66",Sold,C0418,529967.66,338.5812325108928,True
190309,19,2024-09-01,Apartment,37,1565.26,"$410,689.18",Sold,C0682,410689.18,262.37761138724557,True
190310,19,2024-09-01,Apartment,37,1565.26,"$494,178.87",Sold,C1144,494178.87,315.71679465392333,True
190385,19,2024-09-01,Apartment,43,1697.72,"$373,498.40",Available,,373498.4,220.0,False
190389,19,2024-09-01,Apartment,44,982.8,"$287,776.27",Available,,287776.27,292.8126475376476,False
190419,19,2024-09-01,Apartment,48,851.11,"$269,915.64",Available,,269915.64,317.133672498267,False
200029,20,2024-09-01,Apartment,3,1645.93,"$425,737.07",Sold,C0389,425737.07,258.66049588986164,True
200053,20,2024-09-01,Apartment,6,1401.0,"$420,300.71",Sold,C0495,420300.71,300.0005067808708,True
200157,20,2024-09-01,Apartment,18,1868.01,"$533,690.36",Available,,533690.36,285.69994807308314,False
200160,20,2024-09-01,Apartment,18,1868.01,"$551,264.38",Available,,551264.38,295.10783132852606,False
200162,20,2024-09-01,Apartment,18,1868.01,"$577,425.07",Sold,C1977,577425.07,309.112408391818,True
200163,20,2024-09-01,Apartment,18,1868.01,"$477,989.82",Sold,C1765,477989.82,255.88183146771163,True
200171,20,2024-09-01,Apartment,19,759.72,"$249,924.88",Sold,C0581,249924.88,328.96972568841153,True
200204,20,2024-09-01,Apartment,24,1188.07,"$274,417.91",Sold,C1095,274417.91,230.97789692526533,True
200242,20,2024-09-01,Apartment,30,1703.94,"$649,524.31",Sold,C1422,649524.31,381.1896604340529,True
200257,20,2024-09-01,Apartment,30,1703.94,"$580,528.21",Sold,C0531,580528.21,340.6975656419827,True
200264,20,2024-09-01,Apartment,30,1703.94,"$507,885.52",Sold,C1930,507885.52,298.0653778888928,True
200269,20,2024-09-01,Apartment,31,1414.44,"$381,295.01",Sold,C1741,381295.01,269.5731243460309,True
200294,20,2024-09-01,Apartment,32,1630.81,"$479,643.79",Available,,479643.79,294.1138391351537,False
200325,20,2024-09-01,Apartment,36,1484.99,"$504,707.33",Sold,C0328,504707.33,339.8725445962599,True
200367,20,2024-09-01,Apartment,40,428.03,"$131,115.08",Sold,C1400,131115.08,306.32217367941496,True
200415,20,2024-09-01,Apartment,48,860.8,"$220,364.48",Available,,220364.48,255.99962825278814,False
200421,20,2024-09-01,Apartment,48,860.8,"$224,186.65",Sold,C0872,224186.65,260.43988150557624,True
200425,20,2024-09-01,Apartment,48,860.8,"$270,773.11",Sold,C0180,270773.11,314.5598396840149,True
200494,20,2024-09-01,Apartment,57,445.15,"$142,831.06",Available,,142831.06,320.86051892620463,False
200496,20,2024-09-01,Apartment,57,445.15,"$151,645.03",Sold,C0197,151645.03,340.66051892620465,True
2020,2,2024-10-01,Apartment,20,785.48,"$241,671.52",Sold,C0037,241671.52,307.6736772419412,True
2032,2,2024-10-01,Apartment,32,927.83,"$306,878.46",Sold,C0048,306878.46,330.748585408965,True
2038,2,2024-10-01,Apartment,38,1604.75,"$529,317.28",Sold,C0012,529317.28,329.84407540115285,True
2041,2,2024-10-01,Apartment,41,785.48,"$225,050.52",Sold,C0131,225050.52,286.5133676223455,True
3010,3,2024-10-01,Apartment,10,923.21,"$294,807.65",Sold,C0099,294807.65,319.32891758104876,True
3018,3,2024-10-01,Apartment,18,923.21,"$293,828.69",Sold,C0099,293828.69,318.2685304535263,True
4013,4,2024-10-01,Apartment,13,733.19,"$197,053.51",Sold,C0047,197053.51,268.7618625458612,True
4040,4,2024-10-01,Apartment,40,794.52,"$241,620.48",Sold,C0119,241620.48,304.1087449025827,True
4049,4,2024-10-01,Apartment,49,1336.93,"$388,515.14",Sold,C0046,388515.14,290.6024548779667,True
5041,5,2024-10-01,Apartment,41,798.28,"$263,123.42",Sold,C0133,263123.42,329.6129428270782,True
5047,5,2024-10-01,Apartment,47,794.52,"$279,191.26",Available,,279191.26,351.3961385490611,False
10004,1,2024-10-01,Apartment,1,748.06,"$257,279.32",Available,,257279.32,343.9287222950031,False
10019,1,2024-10-01,Apartment,3,788.73,"$256,486.34",Available,,256486.34,325.18902539525567,False
10029,1,2024-10-01,Office,3,788.73,"$249,586.52",Sold,C0479,249586.52,316.4410127673602,True
10033,1,2024-10-01,Apartment,4,633.61,"$174,206.99",Sold,C0602,174206.99,274.94356149681977,True
10062,1,2024-10-01,Apartment,8,763.88,"$230,960.93",Sold,C0050,230960.93,302.3523721003299,True
10130,1,2024-10-01,Apartment,16,612.76,"$165,290.21",Available,,165290.21,269.7470624714407,False
10133,1,2024-10-01,Apartment,16,612.76,"$183,956.85",Sold,C0260,183956.85,300.21027808603696,True
10151,1,2024-10-01,Apartment,19,773.17,"$233,353.01",Available,,233353.01,301.81332695267537,False
10172,1,2024-10-01,Apartment,22,740.83,"$203,562.37",Sold,C1931,203562.37,274.7760889812777,True
10195,1,2024-10-01,Apartment,23,1201.5,"$400,787.83",Sold,C1727,400787.83,333.57289221806076,True
10257,1,2024-10-01,Apartment,29,757.2,"$280,039.75",Sold,C0428,280039.75,369.83590861067086,True
10292,1,2024-10-01,Apartment,31,619.78,"$198,448.41",Sold,C1122,198448.41,320.1916970537933,True
10311,1,2024-10-01,Apartment,33,827.74,"$186,418.60",Sold,C0609,186418.6,225.21395607316308,True
10337,1,2024-10-01,Apartment,36,613.59,"$194,671.27",Available,,194671.27,317.2660408416043,False
10356,1,2024-10-01,Apartment,38,1355.85,"$422,702.76",Available,,422702.76,311.7621860825313,False
10364,1,2024-10-01,Office,40,784.22,"$192,318.09",Sold,C1669,192318.09,245.23487031700287,True
10371,1,2024-10-01,Apartment,41,835.25,"$238,146.95",Sold,C0086,238146.95,285.1205627057767,True
10379,1,2024-10-01,Apartment,43,1159.2,"$356,687.55",Sold,C0115,356687.55,307.70147515527947,True
10392,1,2024-10-01,Apartment,46,1153.16,"$300,423.34",Sold,C0219,300423.34,260.5218183079538,True
10393,1,2024-10-01,Apartment,46,1153.16,"$316,241.81",Sold,C0989,316241.81,274.23931631343436,True
10417,1,2024-10-01,Apartment,48,1170.93,"$372,450.20",Sold,C1109,372450.2,318.0806709196963,True
10423,1,2024-10-01,Office,49,629.24,"$217,823.42",Sold,C1541,217823.42,346.1690610895684,True
20009,2,2024-10-01,Apartment,1,706.3,"$224,035.98",Sold,C1190,224035.98,317.19663032705654,True
20029,2,2024-10-01,Apartment,3,645.84,"$205,863.07",Sold,C1696,205863.07,318.75243094264835,True
20078,2,2024-10-01,Apartment,9,584.19,"$183,083.45",Sold,C0021,183083.45,313.39709683493385,True
20089,2,2024-10-01,Apartment,10,788.79,"$236,082.49",Sold,C0463,236082.49,299.29701187895387,True
20095,2,2024-10-01,Office,11,1625.05,"$461,620.65",Sold,C0960,461620.65,284.06550567674844,True
20109,2,2024-10-01,Apartment,13,782.33,"$230,135.31",Available,,230135.31,294.16654097375783,False
20113,2,2024-10-01,Apartment,14,1296.39,"$380,390.29",Sold,C1929,380390.29,293.42272772853846,True
20155,2,2024-10-01,Apartment,18,784.76,"$225,010.98",Sold,C1495,225010.98,286.72585248993323,True
20183,2,2024-10-01,Apartment,21,921.38,"$306,850.21",Sold,C0830,306850.21,333.0332870259828,True
20192,2,2024-10-01,Office,22,653.41,"$202,606.33",Sold,C1283,202606.33,310.0753431995225,True
20203,2,2024-10-01,Apartment,23,1416.33,"$412,591.03",Sold,C0108,412591.03,291.3099560130761,True
20210,2,2024-10-01,Apartment,24,785.12,"$231,504.40",Sold,C0974,231504.4,294.8649887915223,True
20243,2,2024-10-01,Apartment,26,1577.79,"$502,622.02",Sold,C0469,502622.02,318.56078438828996,True
20249,2,2024-10-01,Apartment,27,1211.51,"$361,776.94",Sold,C1232,361776.94,298.6165528967982,True
20263,2,2024-10-01,Apartment,31,629.92,"$186,568.83",Available,,186568.83,296.17860998221994,False
20267,2,2024-10-01,Apartment,32,925.63,"$249,299.16",Sold,C1925,249299.16,269.32917040286077,True
20289,2,2024-10-01,Apartment,34,800.26,"$253,932.86",Available,,253932.86,317.3129482918051,False
20290,2,2024-10-01,Apartment,34,800.26,"$259,806.48",Sold,C1555,259806.48,324.6525879089296,True
20300,2,2024-10-01,Apartment,35,1391.68,"$374,531.19",Available,,374531.19,269.12162997240745,False
20316,2,2024-10-01,Apartment,37,780.46,"$244,233.40",Available,,244233.4,312.9351920662173,False
20324,2,2024-10-01,Office,38,710.81,"$257,405.89",Sold,C0649,257405.89,362.1303723920598,True
20343,2,2024-10-01,Apartment,41,654.93,"$208,542.96",Sold,C0099,208542.96,318.4202281159819,True
20344,2,2024-10-01,Apartment,41,654.93,"$204,454.91",Sold,C1021,204454.91,312.1782633258517,True
20385,2,2024-10-01,Apartment,46,697.74,"$212,979.70",Sold,C0249,212979.7,305.2422105655402,True
20398,2,2024-10-01,Office,46,697.74,"$217,804.94",Sold,C1235,217804.94,312.1577378393098,True
20431,2,2024-10-01,Office,50,1604.8,"$492,537.89",Sold,C0924,492537.89,306.9154349451645,True
20438,2,2024-10-01,Apartment,50,1604.8,"$468,241.50",Sold,C1456,468241.5,291.77561066799603,True
20442,2,2024-10-01,Apartment,51,699.31,"$220,609.09",Available,,220609.09,315.46680299152024,False
20448,2,2024-10-01,Apartment,52,914.01,"$270,864.99",Sold,C1209,270864.99,296.34795024124463,True
20468,2,2024-10-01,Apartment,55,579.26,"$189,388.07",Sold,C1448,189388.07,326.9482961019232,True
30020,3,2024-10-01,Apartment,2,672.64,"$205,608.05",Sold,C1714,205608.05,305.67324274500476,True
30034,3,2024-10-01,Apartment,4,719.96,"$235,818.40",Sold,C1880,235818.4,327.5437524306906,True
30052,3,2024-10-01,Apartment,5,701.19,"$232,325.48",Sold,C0662,232325.48,331.3302813787989,True
30090,3,2024-10-01,Apartment,9,1125.84,"$366,485.38",Available,,366485.38,325.52172600014217,False
30092,3,2024-10-01,Apartment,9,1125.84,"$329,256.08",Sold,C0285,329256.08,292.4537056775386,True
30153,3,2024-10-01,Apartment,17,937.24,"$269,684.75",Sold,C1157,269684.75,287.74353420682,True
30155,3,2024-10-01,Apartment,18,706.68,"$213,673.14",Sold,C1410,213673.14,302.3619460010189,True
30159,3,2024-10-01,Apartment,18,706.68,"$199,407.76",Sold,C1740,199407.76,282.17546838738895,True
30182,3,2024-10-01,Apartment,20,802.97,"$234,510.88",Available,,234510.88,292.054348232188,False
30186,3,2024-10-01,Apartment,20,802.97,"$267,213.25",Sold,C0153,267213.25,332.78111261940046,True
30207,3,2024-10-01,Apartment,23,924.21,"$288,254.21",Sold,C1658,288254.21,311.8925460663702,True
30224,3,2024-10-01,Apartment,25,765.56,"$215,279.43",Available,,215279.43,281.2051700715816,False
30225,3,2024-10-01,Apartment,25,765.56,"$241,165.86",Available,,241165.86,315.0188881341763,False
30251,3,2024-10-01,Apartment,28,679.93,"$186,228.06",Available,,186228.06,273.8929889841601,False
30256,3,2024-10-01,Office,28,679.93,"$274,806.60",Sold,C1086,274806.6,404.1689585692645,True
30316,3,2024-10-01,Apartment,39,1598.95,"$541,200.51",Available,,541200.51,338.4724412895963,False
30389,3,2024-10-01,Apartment,48,783.39,"$252,997.47",Sold,C1017,252997.47,322.9521311224294,True
30422,3,2024-10-01,Office,49,1174.48,"$361,277.65",Available,,361277.65,307.60647265172673,False
30447,3,2024-10-01,Office,51,693.85,"$192,247.67",Sold,C1742,192247.67,277.0738199899114,True
30480,3,2024-10-01,Apartment,56,1179.42,"$332,461.48",Available,,332461.48,281.8855708738193,False
30485,3,2024-10-01,Apartment,57,1607.94,"$531,267.61",Sold,C0014,531267.61,330.4026331828302,True
30499,3,2024-10-01,Office,58,1588.14,"$514,916.07",Sold,C0968,514916.07,324.22586799652424,True
40022,4,2024-10-01,Apartment,3,1630.82,"$426,620.64",Sold,C1043,426620.64,261.59885211120786,True
40061,4,2024-10-01,Apartment,6,1602.95,"$447,783.62",Sold,C1454,447783.62,279.34971146947817,True
40069,4,2024-10-01,Apartment,7,786.36,"$231,660.78",Sold,C1372,231660.78,294.59888600640926,True
40111,4,2024-10-01,Apartment,14,1322.66,"$370,479.06",Sold,C0527,370479.06,280.10150756808247,True
40115,4,2024-10-01,Apartment,14,1322.66,"$417,968.99",Available,,417968.99,316.0063735200278,False
40137,4,2024-10-01,Apartment,16,1128.21,"$334,030.96",Available,,334030.96,296.0716178725592,False
40190,4,2024-10-01,Office,23,1110.99,"$392,591.08",Available,,392591.08,353.3704893833428,False
40213,4,2024-10-01,Apartment,26,790.05,"$223,944.32",Sold,C1442,223944.32,283.4558825390798,True
40214,4,2024-10-01,Apartment,26,790.05,"$242,484.10",Sold,C0930,242484.1,306.92247326118604,True
40242,4,2024-10-01,Apartment,29,776.79,"$254,041.58",Sold,C1689,254041.58,327.0402296631007,True
40258,4,2024-10-01,Office,31,793.1,"$242,185.49",Available,,242185.49,305.3656411549615,False
40277,4,2024-10-01,Apartment,33,734.73,"$246,795.54",Sold,C1680,246795.54,335.8996366012004,True
40294,4,2024-10-01,Apartment,34,795.1,"$250,630.81",Available,,250630.81,315.21923028549867,False
40371,4,2024-10-01,Apartment,44,799.67,"$243,752.12",Sold,C0654,243752.12,304.8158865532032,True
40389,4,2024-10-01,Apartment,45,1160.48,"$366,377.13",Sold,C0922,366377.13,315.7117141182959,True
40399,4,2024-10-01,Apartment,46,800.23,"$280,137.79",Sold,C0894,280137.79,350.07159191732376,True
40417,4,2024-10-01,Apartment,49,739.7,"$208,210.52",Sold,C1909,208210.52,281.4796809517372,True
40442,4,2024-10-01,Apartment,51,802.11,"$250,655.47",Sold,C0941,250655.47,312.4951315904302,True
50007,5,2024-10-01,Apartment,2,795.91,"$281,231.73",Sold,C1762,281231.73,353.3461446645978,True
50035,5,2024-10-01,Apartment,8,782.15,"$212,497.00",Sold,C0520,212497.0,271.6831809755162,True
50050,5,2024-10-01,Apartment,8,782.15,"$236,471.53",Sold,C0673,236471.53,302.33526817106696,True
50093,5,2024-10-01,Apartment,11,1058.56,"$316,043.31",Sold,C1444,316043.31,298.55965651451027,True
50108,5,2024-10-01,Apartment,13,791.13,"$246,068.77",Sold,C1716,246068.77,311.03455816363936,True
50149,5,2024-10-01,Apartment,19,819.72,"$230,931.50",Sold,C0947,230931.5,281.71997755331086,True
50157,5,2024-10-01,Apartment,21,1253.3,"$340,442.96",Sold,C1146,340442.96,271.6372456714275,True
50159,5,2024-10-01,Apartment,22,1059.78,"$306,923.50",Sold,C1899,306923.5,289.6105795542471,True
50163,5,2024-10-01,Apartment,22,1059.78,"$306,987.24",Sold,C0012,306987.24,289.6707241125517,True
50164,5,2024-10-01,Apartment,22,1059.78,"$328,382.39",Sold,C1252,328382.39,309.8590179093774,True
50181,5,2024-10-01,Apartment,23,1006.65,"$268,561.28",Sold,C1415,268561.28,266.7871454825411,True
50206,5,2024-10-01,Apartment,27,1278.6,"$338,601.69",Sold,C1205,338601.69,264.8222196152042,True
50221,5,2024-10-01,Apartment,29,786.28,"$244,713.94",Sold,C0127,244713.94,311.23001984026047,True
50248,5,2024-10-01,Apartment,33,1787.13,"$535,533.08",Sold,C0770,535533.08,299.66095359598904,True
50257,5,2024-10-01,Apartment,34,802.33,"$285,197.86",Sold,C1755,285197.86,355.462041803248,True
50258,5,2024-10-01,Apartment,34,802.33,"$209,153.29",Sold,C0886,209153.29,260.682375082572,True
50274,5,2024-10-01,Apartment,36,627.56,"$183,173.08",Sold,C0017,183173.08,291.88138185990186,True
50305,5,2024-10-01,Apartment,41,630.83,"$207,268.00",Sold,C1587,207268.0,328.5639554238067,True
50328,5,2024-10-01,Apartment,42,791.2,"$253,398.70",Sold,C1599,253398.7,320.2713599595551,True
50336,5,2024-10-01,Apartment,43,802.72,"$262,212.19",Sold,C1440,262212.19,326.6546118198126,True
50341,5,2024-10-01,Apartment,44,806.03,"$247,405.59",Sold,C0472,247405.59,306.9434016103619,True
50352,5,2024-10-01,Apartment,44,806.03,"$258,517.67",Sold,C0471,258517.67,320.729588228726,True
50354,5,2024-10-01,Apartment,44,806.03,"$270,783.51",Sold,C0511,270783.51,335.94718558862576,True
50411,5,2024-10-01,Apartment,47,1241.14,"$433,580.68",Sold,C1990,433580.68,349.3406706737354,True
50416,5,2024-10-01,Apartment,48,788.04,"$216,474.36",Available,,216474.36,274.69971067458505,False
50420,5,2024-10-01,Apartment,48,788.04,"$222,662.14",Sold,C1543,222662.14,282.55182478046805,True
50431,5,2024-10-01,Apartment,50,1261.07,"$420,285.34",Sold,C1439,420285.34,333.2767728992047,True
50439,5,2024-10-01,Office,51,1029.59,"$316,522.59",Sold,C1176,316522.59,307.42585883701287,True
50449,5,2024-10-01,Apartment,52,1755.18,"$626,423.06",Sold,C1222,626423.06,356.89961143586413,True
60006,6,2024-10-01,Apartment,1,1720.95,"$564,663.44",Sold,C1264,564663.44,328.1114733141578,True
60011,6,2024-10-01,Apartment,1,1720.95,"$500,882.85",Sold,C0545,500882.85,291.0502048287283,True
60022,6,2024-10-01,Apartment,2,1338.63,"$343,865.93",Sold,C0301,343865.93,256.87899568962297,True
60093,6,2024-10-01,Apartment,7,1075.42,"$382,332.77",Sold,C1582,382332.77,355.5194900596976,True
60128,6,2024-10-01,Office,10,942.08,"$316,622.87",Sold,C1331,316622.87,336.0891537873641,True
60133,6,2024-10-01,Apartment,10,942.08,"$311,407.77",Sold,C1623,311407.77,330.5534243376359,True
60145,6,2024-10-01,Office,12,1678.17,"$512,134.29",Sold,C0373,512134.29,305.1742612488603,True
60152,6,2024-10-01,Apartment,12,1678.17,"$556,748.94",Sold,C1405,556748.94,331.7595595201916,True
60159,6,2024-10-01,Apartment,13,581.47,"$149,191.06",Sold,C1114,149191.06,256.5756788828314,True
60162,6,2024-10-01,Office,14,1890.0,"$667,262.77",Sold,C0986,667262.77,353.0490846560847,True
60180,6,2024-10-01,Apartment,16,1687.92,"$527,627.25",Sold,C0119,527627.25,312.5901997725011,True
60183,6,2024-10-01,Apartment,16,1687.92,"$499,179.78",Sold,C1852,499179.78,295.7366344376511,True
60200,6,2024-10-01,Office,19,1542.71,"$578,692.29",Sold,C1558,578692.29,375.11411088279715,True
60202,6,2024-10-01,Apartment,19,1542.71,"$389,827.78",Sold,C0447,389827.78,252.6902528667086,True
60214,6,2024-10-01,Office,20,1897.17,"$505,472.65",Sold,C1702,505472.65,266.4350848895987,True
60233,6,2024-10-01,Apartment,22,1656.54,"$378,656.55",Sold,C0526,378656.55,228.58279908725416,True
60263,6,2024-10-01,Apartment,27,830.65,"$270,512.28",Sold,C0621,270512.28,325.6633720580269,True
60277,6,2024-10-01,Apartment,30,552.59,"$159,532.71",Sold,C1604,159532.71,288.6999583778208,True
60286,6,2024-10-01,Apartment,31,1768.9,"$532,386.73",Sold,C0982,532386.73,300.97050709480465,True
60308,6,2024-10-01,Apartment,34,1353.81,"$395,125.68",Sold,C1737,395125.68,291.8619894963104,True
60390,6,2024-10-01,Apartment,46,1870.54,"$445,742.99",Available,,445742.99,238.29642242347128,False
60398,6,2024-10-01,Apartment,47,550.99,"$160,886.49",Sold,C0483,160886.49,291.9952993702245,True
60399,6,2024-10-01,Office,47,550.99,"$205,316.40",Sold,C0728,205316.4,372.63180819978584,True
60453,6,2024-10-01,Apartment,53,1170.96,"$320,303.92",Sold,C0183,320303.92,273.5395914463346,True
70031,7,2024-10-01,Apartment,5,1144.09,"$386,036.16",Sold,C0632,386036.16,337.41765070929733,True
70059,7,2024-10-01,Apartment,9,926.11,"$274,985.80",Sold,C1520,274985.8,296.92563518372543,True
70065,7,2024-10-01,Apartment,10,1495.37,"$457,007.60",Sold,C0013,457007.6,305.615065167818,True
70082,7,2024-10-01,Office,12,804.65,"$232,475.15",Available,,232475.15,288.91462126390354,False
70088,7,2024-10-01,Apartment,12,804.65,"$266,653.15",Sold,C0194,266653.15,331.3902317777916,True
70089,7,2024-10-01,Apartment,12,804.65,"$231,176.25",Sold,C0663,231176.25,287.3003790467905,True
70090,7,2024-10-01,Apartment,13,604.6,"$179,071.56",Available,,179071.56,296.18187231227256,False
70174,7,2024-10-01,Apartment,20,1160.82,"$377,986.05",Sold,C0661,377986.05,325.6198635447356,True
70176,7,2024-10-01,Apartment,20,1160.82,"$350,731.87",Available,,350731.87,302.14147757619617,False
70191,7,2024-10-01,Office,22,1914.21,"$533,934.58",Sold,C0666,533934.58,278.9320816420351,True
70225,7,2024-10-01,Office,25,573.8,"$170,826.21",Available,,170826.21,297.71036946671313,False
70245,7,2024-10-01,Apartment,27,768.05,"$241,050.67",Sold,C1363,241050.67,313.8476271076102,True
70247,7,2024-10-01,Apartment,28,694.55,"$220,346.61",Available,,220346.61,317.2508962637679,False
70317,7,2024-10-01,Apartment,38,1755.26,"$532,979.30",Sold,C1483,532979.3,303.6469241024122,True
70324,7,2024-10-01,Apartment,38,1755.26,"$610,952.85",Sold,C0701,610952.85,348.0697161674054,True
70347,7,2024-10-01,Apartment,41,1093.92,"$336,200.18",Sold,C0134,336200.18,307.33525303495685,True
70353,7,2024-10-01,Office,41,1093.92,"$324,025.61",Available,,324025.61,296.2059474184584,False
70380,7,2024-10-01,Office,43,498.61,"$168,842.21",Sold,C1890,168842.21,338.62579972323056,True
70386,7,2024-10-01,Apartment,44,1859.83,"$478,602.47",Sold,C1724,478602.47,257.3366759327465,True
70396,7,2024-10-01,Apartment,45,1150.93,"$378,118.43",Sold,C1541,378118.43,328.53295161304334,True
70421,7,2024-10-01,Apartment,49,1383.05,"$402,062.53",Available,,402062.53,290.7071544774231,False
70424,7,2024-10-01,Apartment,49,1383.05,"$382,303.57",Sold,C1696,382303.57,276.4206427822566,True
70444,7,2024-10-01,Apartment,52,1281.14,"$349,073.94",Sold,C1211,349073.94,272.4713458326178,True
70447,7,2024-10-01,Apartment,53,884.87,"$250,121.34",Available,,250121.34,282.66450439047543,False
70451,7,2024-10-01,Apartment,54,1940.69,"$521,044.57",Sold,C1057,521044.57,268.48418346052176,True
70458,7,2024-10-01,Apartment,54,1940.69,"$685,296.02",Available,,685296.02,353.1197769865357,False
70486,7,2024-10-01,Office,57,1347.67,"$456,678.02",Sold,C0463,456678.02,338.86487048016204,True
80019,8,2024-10-01,Apartment,3,1736.05,"$563,291.28",Sold,C0360,563291.28,324.46719852538814,True
80022,8,2024-10-01,Apartment,3,1736.05,"$548,218.63",Sold,C1227,548218.63,315.78504651363727,True
80037,8,2024-10-01,Apartment,4,1934.75,"$633,197.27",Available,,633197.27,327.2760149890167,False
80053,8,2024-10-01,Apartment,5,887.23,"$279,147.67",Available,,279147.67,314.6283038220078,False
80152,8,2024-10-01,Office,20,774.16,"$252,589.00",Sold,C1787,252589.0,326.27493024697736,True
80183,8,2024-10-01,Apartment,26,1625.38,"$488,976.07",Sold,C1555,488976.07,300.83800095977557,True
80184,8,2024-10-01,Apartment,26,1625.38,"$460,816.43",Sold,C0887,460816.43,283.5130431037665,True
80197,8,2024-10-01,Apartment,27,1376.34,"$444,121.47",Available,,444121.47,322.68296351192294,False
80221,8,2024-10-01,Apartment,29,1848.51,"$581,022.45",Available,,581022.45,314.31934368761864,False
80225,8,2024-10-01,Apartment,29,1848.51,"$449,409.92",Sold,C0514,449409.92,243.12009131679028,True
80269,8,2024-10-01,Apartment,32,1410.88,"$510,151.14",Sold,C1010,510151.14,361.5836499206169,True
80270,8,2024-10-01,Apartment,32,1410.88,"$411,257.15",Sold,C1310,411257.15,291.48981486731685,True
80275,8,2024-10-01,Apartment,33,1809.87,"$529,206.10",Sold,C0697,529206.1,292.40006188289766,True
80322,8,2024-10-01,Apartment,37,890.65,"$291,725.94",Sold,C1863,291725.94,327.54273844944703,True
80337,8,2024-10-01,Apartment,37,890.65,"$259,911.91",Sold,C0427,259911.91,291.82272497614105,True
80391,8,2024-10-01,Apartment,46,1175.51,"$393,274.68",Sold,C1552,393274.68,334.55664349941725,True
80432,8,2024-10-01,Apartment,50,913.15,"$290,605.55",Available,,290605.55,318.2451404479001,False
80461,8,2024-10-01,Apartment,54,1699.02,"$484,921.76",Sold,C1149,484921.76,285.41262610210595,True
80463,8,2024-10-01,Apartment,55,1300.05,"$408,265.89",Sold,C0023,408265.89,314.0386062074536,True
80472,8,2024-10-01,Office,55,1300.05,"$407,520.26",Available,,407520.26,313.46506672820277,False
90023,9,2024-10-01,Apartment,5,1416.81,"$441,668.03",Available,,441668.03,311.7341280764535,False
90034,9,2024-10-01,Apartment,7,697.68,"$185,136.75",Sold,C1173,185136.75,265.3605521155831,True
90069,9,2024-10-01,Apartment,12,952.38,"$280,593.08",Sold,C0239,280593.08,294.62302862302863,True
90081,9,2024-10-01,Office,12,952.38,"$335,629.91",Sold,C1619,335629.91,352.4117579117579,True
90086,9,2024-10-01,Office,14,1445.3,"$453,279.83",Sold,C0361,453279.83,313.6233515533107,True
90128,9,2024-10-01,Apartment,20,1664.76,"$532,709.69",Available,,532709.69,319.9918847161152,False
90130,9,2024-10-01,Apartment,20,1664.76,"$487,224.16",Sold,C0860,487224.16,292.6693096902857,True
90136,9,2024-10-01,Apartment,21,1261.65,"$393,101.99",Sold,C1071,393101.99,311.5776879483216,True
90144,9,2024-10-01,Apartment,22,1115.88,"$317,072.98",Sold,C1926,317072.98,284.1461268236728,True
90208,9,2024-10-01,Apartment,30,1250.17,"$460,086.04",Available,,460086.04,368.01878144572333,False
90241,9,2024-10-01,Apartment,34,1577.36,"$527,721.88",Available,,527721.88,334.5602018562662,False
90243,9,2024-10-01,Office,34,1577.36,"$543,401.76",Sold,C1780,543401.76,344.5007861236497,True
90274,9,2024-10-01,Apartment,35,1376.88,"$464,094.48",Sold,C0303,464094.48,337.0624019522398,True
90286,9,2024-10-01,Apartment,36,1582.79,"$521,648.24",Sold,C1096,521648.24,329.57514262789124,True
90295,9,2024-10-01,Apartment,36,1582.79,"$496,038.87",Sold,C1323,496038.87,313.39525142311993,True
90299,9,2024-10-01,Apartment,37,731.44,"$216,241.14",Sold,C1419,216241.14,295.6375642568085,True
90308,9,2024-10-01,Apartment,38,1260.31,"$369,441.60",Sold,C0664,369441.6,293.13549840912157,True
90316,9,2024-10-01,Office,38,1260.31,"$353,496.02",Sold,C0542,353496.02,280.4833890074664,True
90343,9,2024-10-01,Apartment,40,1090.32,"$351,419.29",Sold,C0001,351419.29,322.3083957003449,True
90352,9,2024-10-01,Apartment,41,1488.32,"$362,728.99",Sold,C1698,362728.99,243.7170702537089,True
90358,9,2024-10-01,Office,42,605.78,"$174,077.05",Sold,C0478,174077.05,287.360180263462,True
90371,9,2024-10-01,Apartment,44,1351.57,"$394,416.47",Available,,394416.47,291.8209711668652,False
90398,9,2024-10-01,Office,47,1262.78,"$348,245.82",Available,,348245.82,275.77711081898667,False
90421,9,2024-10-01,Apartment,53,599.72,"$146,552.13",Sold,C1379,146552.13,244.36758820783032,True
90461,9,2024-10-01,Apartment,57,1198.57,"$350,655.95",Sold,C0543,350655.95,292.5619279641573,True
90495,9,2024-10-01,Apartment,58,838.34,"$276,170.62",Sold,C1806,276170.62,329.42555526397405,True
90526,9,2024-10-01,Apartment,60,1919.77,"$617,811.07",Sold,C1496,617811.07,321.81514973147824,True
100018,10,2024-10-01,Apartment,4,1765.37,"$433,712.68",Available,,433712.68,245.67806182273407,False
100041,10,2024-10-01,Apartment,5,1741.96,"$501,235.19",Available,,501235.19,287.7420778892741,False
100140,10,2024-10-01,Apartment,18,1244.03,"$306,507.89",Sold,C1009,306507.89,246.38303738655821,True
100143,10,2024-10-01,Office,18,1244.03,"$378,139.97",Sold,C1390,378139.97,303.9637066630226,True
100181,10,2024-10-01,Apartment,25,1487.17,"$497,090.51",Sold,C0470,497090.51,334.2526476462005,True
100205,10,2024-10-01,Apartment,26,1294.85,"$399,712.39",Sold,C1663,399712.39,308.6939722747809,True
100235,10,2024-10-01,Apartment,28,1606.58,"$474,515.88",Sold,C0087,474515.88,295.3577661865578,True
100267,10,2024-10-01,Apartment,31,1499.0,"$427,664.89",Sold,C0903,427664.89,285.30012675116745,True
100273,10,2024-10-01,Apartment,31,1499.0,"$421,648.47",Available,,421648.47,281.28650433622414,False
100285,10,2024-10-01,Apartment,33,1010.7,"$273,820.14",Sold,C0183,273820.14,270.9212822796082,True
100302,10,2024-10-01,Apartment,36,1920.65,"$617,703.46",Available,,617703.46,321.6116731314919,False
100324,10,2024-10-01,Apartment,39,1188.51,"$315,365.90",Sold,C0132,315365.9,265.34560079427183,True
100360,10,2024-10-01,Office,43,1093.67,"$319,434.72",Sold,C0377,319434.72,292.07596441339706,True
100369,10,2024-10-01,Apartment,43,1093.67,"$348,445.05",Sold,C1675,348445.05,318.6016348624356,True
100385,10,2024-10-01,Apartment,44,1224.71,"$435,943.19",Sold,C1111,435943.19,355.9562590327506,True
100411,10,2024-10-01,Apartment,48,1421.82,"$456,551.60",Available,,456551.6,321.1036558776779,False
100416,10,2024-10-01,Apartment,50,1138.32,"$330,533.73",Sold,C0318,330533.73,290.3697817836812,True
110017,11,2024-10-01,Apartment,2,938.0,"$281,195.93",Sold,C0189,281195.93,299.7824413646055,True
110045,11,2024-10-01,Apartment,6,1724.08,"$518,574.57",Available,,518574.57,300.7833569207925,False
110065,11,2024-10-01,Apartment,8,1001.41,"$282,918.51",Sold,C0936,282918.51,282.52015657922334,True
110085,11,2024-10-01,Apartment,10,1519.64,"$516,482.69",Sold,C0576,516482.69,339.8717393593219,True
110094,11,2024-10-01,Apartment,10,1519.64,"$462,577.28",Sold,C1862,462577.28,304.3992524545287,True
110124,11,2024-10-01,Office,14,524.68,"$175,426.76",Available,,175426.76,334.3500038118473,False
110141,11,2024-10-01,Office,14,524.68,"$146,690.79",Available,,146690.79,279.5814401158802,False
110147,11,2024-10-01,Apartment,15,1385.68,"$453,949.46",Sold,C1097,453949.46,327.60049939379945,True
110156,11,2024-10-01,Apartment,16,1829.02,"$581,631.78",Sold,C1131,581631.78,318.0018698538015,True
110167,11,2024-10-01,Office,18,1562.55,"$522,641.04",Sold,C1528,522641.04,334.4795622540079,True
110171,11,2024-10-01,Apartment,18,1562.55,"$463,077.47",Sold,C1874,463077.47,296.36009727688713,True
110209,11,2024-10-01,Apartment,24,1481.82,"$531,718.35",Available,,531718.35,358.82789407620356,False
110222,11,2024-10-01,Apartment,27,1638.1,"$461,250.81",Sold,C0634,461250.81,281.57671082351504,True
110236,11,2024-10-01,Office,29,993.51,"$308,787.35",Available,,308787.35,310.80447101689964,False
110247,11,2024-10-01,Apartment,30,642.72,"$202,059.29",Available,,202059.29,314.3815191685337,False
110249,11,2024-10-01,Apartment,30,642.72,"$172,359.93",Sold,C0231,172359.93,268.1726568334578,True
110253,11,2024-10-01,Apartment,30,642.72,"$183,055.23",Sold,C0617,183055.23,284.81334017923825,True
110269,11,2024-10-01,Apartment,32,1285.87,"$317,008.67",Available,,317008.67,246.53244107102586,False
110315,11,2024-10-01,Apartment,38,788.47,"$231,783.95",Sold,C1810,231783.95,293.9667330399381,True
110321,11,2024-10-01,Apartment,38,788.47,"$258,318.58",Sold,C0314,258318.58,327.62004895557214,True
110370,11,2024-10-01,Apartment,44,434.38,"$97,537.58",Available,,97537.58,224.54436207928543,False
110442,11,2024-10-01,Apartment,52,1397.58,"$506,996.47",Available,,506996.47,362.76740508593423,False
110475,11,2024-10-01,Apartment,56,724.8,"$229,127.73",Sold,C1695,229127.73,316.12545529801326,True
110484,11,2024-10-01,Apartment,57,1008.58,"$355,007.88",Sold,C0889,355007.88,351.987824466081,True
110493,11,2024-10-01,Apartment,58,1159.31,"$324,614.29",Available,,324614.29,280.00646073957785,False
110531,11,2024-10-01,Apartment,62,1938.82,"$460,371.32",Available,,460371.32,237.44923200709712,False
110537,11,2024-10-01,Apartment,62,1938.82,"$662,938.18",Sold,C1852,662938.18,341.9286885837778,True
110543,11,2024-10-01,Office,63,871.7,"$242,015.72",Sold,C1203,242015.72,277.63648044051854,True
110545,11,2024-10-01,Office,63,871.7,"$320,938.27",Sold,C1125,320938.27,368.1751405299988,True
110555,11,2024-10-01,Apartment,65,1427.09,"$396,047.03",Sold,C0222,396047.03,277.5207099762454,True
110562,11,2024-10-01,Apartment,65,1427.09,"$401,193.76",Sold,C1208,401193.76,281.12716086581787,True
120006,12,2024-10-01,Apartment,1,839.95,"$299,829.82",Sold,C1876,299829.82,356.9615096136675,True
120026,12,2024-10-01,Office,3,1469.27,"$420,816.82",Available,,420816.82,286.4121774758894,False
120030,12,2024-10-01,Apartment,3,1469.27,"$543,199.93",Available,,543199.93,369.70735807577915,False
120054,12,2024-10-01,Apartment,5,495.04,"$141,331.57",Available,,141331.57,285.49525290885583,False
120057,12,2024-10-01,Office,6,1347.8,"$428,839.15",Sold,C1648,428839.15,318.1771405253005,True
120099,12,2024-10-01,Apartment,13,1394.03,"$464,836.33",Available,,464836.33,333.4478669756031,False
120112,12,2024-10-01,Apartment,14,1369.96,"$412,405.94",Available,,412405.94,301.03502292037723,False
120124,12,2024-10-01,Apartment,14,1369.96,"$394,884.68",Sold,C1019,394884.68,288.24540862506933,True
120128,12,2024-10-01,Apartment,15,1456.98,"$491,474.73",Sold,C1875,491474.73,337.3242803607462,True
120132,12,2024-10-01,Apartment,16,1523.02,"$378,116.60",Available,,378116.6,248.26765242741394,False
120145,12,2024-10-01,Apartment,16,1523.02,"$461,769.54",Available,,461769.54,303.19335268085774,False
120150,12,2024-10-01,Apartment,17,1428.55,"$437,096.17",Sold,C1625,437096.17,305.9719085786287,True
120152,12,2024-10-01,Apartment,17,1428.55,"$405,740.25",Sold,C0337,405740.25,284.02243533653007,True
120163,12,2024-10-01,Apartment,18,1702.66,"$559,963.06",Sold,C1664,559963.06,328.8754419555284,True
120175,12,2024-10-01,Apartment,19,1381.22,"$412,697.67",Sold,C0644,412697.67,298.7921330418036,True
120182,12,2024-10-01,Apartment,20,1802.21,"$580,776.87",Available,,580776.87,322.2581552649247,False
120223,12,2024-10-01,Apartment,24,1306.75,"$358,023.39",Sold,C1036,358023.39,273.980019131433,True
120224,12,2024-10-01,Apartment,24,1306.75,"$307,839.56",Sold,C0176,307839.56,235.57647599005165,True
120240,12,2024-10-01,Apartment,26,557.9,"$169,877.17",Sold,C0258,169877.17,304.49394156658906,True
120266,12,2024-10-01,Apartment,28,1563.65,"$484,992.96",Sold,C0192,484992.96,310.1672113324593,True
120295,12,2024-10-01,Office,33,1232.2,"$437,270.83",Sold,C0976,437270.83,354.87001298490503,True
120296,12,2024-10-01,Apartment,33,1232.2,"$335,957.35",Sold,C0496,335957.35,272.6483931180003,True
120302,12,2024-10-01,Apartment,34,1817.64,"$636,508.92",Sold,C0509,636508.92,350.1842609097511,True
120322,12,2024-10-01,Apartment,35,1690.62,"$476,620.78",Sold,C1602,476620.78,281.92070364718273,True
120388,12,2024-10-01,Apartment,44,635.36,"$205,547.69",Sold,C1894,205547.69,323.5137402417527,True
120416,12,2024-10-01,Apartment,48,1919.31,"$520,039.40",Sold,C0760,520039.4,270.95122726396465,True
130004,13,2024-10-01,Apartment,1,1899.92,"$459,585.99",Sold,C1900,459585.99,241.8975483178239,True
130058,13,2024-10-01,Apartment,5,441.3,"$133,450.04",Available,,133450.04,302.40208474960343,False
130066,13,2024-10-01,Apartment,7,1115.82,"$318,852.87",Sold,C1183,318852.87,285.75654675485293,True
130067,13,2024-10-01,Apartment,8,1449.43,"$376,895.27",Sold,C1160,376895.27,260.02999109994965,True
130076,13,2024-10-01,Apartment,9,1448.68,"$394,592.34",Sold,C1653,394592.34,272.38060855399397,True
130105,13,2024-10-01,Apartment,13,585.77,"$159,915.67",Sold,C0383,159915.67,273.00078529115524,True
130115,13,2024-10-01,Office,14,777.75,"$252,863.32",Sold,C1271,252863.32,325.1215943426551,True
130148,13,2024-10-01,Apartment,17,1278.95,"$381,454.10",Sold,C1196,381454.1,298.2556784862582,True
130156,13,2024-10-01,Apartment,18,1820.34,"$623,318.65",Sold,C1483,623318.65,342.41880637683073,True
130182,13,2024-10-01,Apartment,20,516.72,"$147,655.88",Available,,147655.88,285.7560767920731,False
130188,13,2024-10-01,Apartment,20,516.72,"$159,770.01",Sold,C1665,159770.01,309.2003599628425,True
130209,13,2024-10-01,Apartment,24,1044.69,"$262,442.06",Available,,262442.06,251.21525045707338,False
130228,13,2024-10-01,Apartment,26,1867.78,"$590,931.68",Sold,C1706,590931.68,316.3818436860873,True
130299,13,2024-10-01,Apartment,33,1445.84,"$350,161.05",Sold,C0124,350161.05,242.18520029878826,True
130316,13,2024-10-01,Apartment,35,1867.34,"$573,428.92",Sold,C0429,573428.92,307.0832949543201,True
130325,13,2024-10-01,Apartment,37,1555.67,"$508,804.43",Sold,C1861,508804.43,327.06449954039095,True
130340,13,2024-10-01,Apartment,38,656.42,"$213,741.13",Available,,213741.13,325.6164193656501,False
130416,13,2024-10-01,Office,47,1874.35,"$448,234.89",Available,,448234.89,239.14151039026865,False
130425,13,2024-10-01,Apartment,47,1874.35,"$573,428.65",Sold,C1535,573428.65,305.9346706858378,True
130438,13,2024-10-01,Apartment,48,1728.84,"$479,065.61",Sold,C1414,479065.61,277.10234029754054,True
130448,13,2024-10-01,Apartment,50,1469.09,"$400,273.64",Sold,C1164,400273.64,272.4636611780082,True
130451,13,2024-10-01,Apartment,50,1469.09,"$453,584.44",Sold,C1318,453584.44,308.7519757128563,True
130455,13,2024-10-01,Apartment,51,1253.03,"$340,333.17",Sold,C0010,340333.17,271.60815782543114,True
130466,13,2024-10-01,Apartment,53,968.77,"$318,160.65",Available,,318160.65,328.4171165498519,False
130474,13,2024-10-01,Apartment,53,968.77,"$264,045.95",Sold,C1519,264045.95,272.5579342878083,True
130498,13,2024-10-01,Apartment,58,1115.72,"$429,747.51",Sold,C0452,429747.51,385.17505288065104,True
130512,13,2024-10-01,Apartment,59,1434.04,"$456,458.92",Sold,C0823,456458.92,318.30278095450615,True
130513,13,2024-10-01,Apartment,59,1434.04,"$422,391.04",Sold,C1764,422391.04,294.5462051267747,True
130520,13,2024-10-01,Apartment,60,1401.81,"$444,030.99",Sold,C0469,444030.99,316.75547328097247,True
130521,13,2024-10-01,Apartment,60,1401.81,"$398,705.22",Available,,398705.22,284.4217261968455,False
130569,13,2024-10-01,Apartment,67,524.97,"$158,069.76",Sold,C1853,158069.76,301.1024629978856,True
140027,14,2024-10-01,Office,5,424.34,"$102,745.33",Sold,C1991,102745.33,242.1297308761842,True
140066,14,2024-10-01,Apartment,9,803.5,"$266,127.02",Sold,C1308,266127.02,331.20973242065963,True
140084,14,2024-10-01,Apartment,11,1431.42,"$462,169.28",Sold,C1863,462169.28,322.8746838803426,True
140093,14,2024-10-01,Apartment,12,459.44,"$154,509.23",Sold,C1839,154509.23,336.29903795925475,True
140102,14,2024-10-01,Apartment,12,459.44,"$101,076.80",Sold,C1000,101076.8,220.0,True
140139,14,2024-10-01,Apartment,15,784.04,"$190,003.85",Sold,C1075,190003.85,242.33948523034542,True
140154,14,2024-10-01,Apartment,16,915.37,"$221,903.24",Sold,C0648,221903.24,242.41917475993313,True
140162,14,2024-10-01,Apartment,17,686.6,"$210,426.08",Available,,210426.08,306.47550247596854,False
140176,14,2024-10-01,Apartment,18,500.17,"$151,900.65",Sold,C1910,151900.65,303.6980426654937,True
140190,14,2024-10-01,Office,21,1560.87,"$446,243.80",Sold,C1480,446243.8,285.89427690967216,True
140248,14,2024-10-01,Apartment,29,1618.34,"$478,857.61",Sold,C0939,478857.61,295.8943176341189,True
140274,14,2024-10-01,Office,32,1120.81,"$348,757.59",Available,,348757.59,311.1656659023385,False
140279,14,2024-10-01,Apartment,33,1894.96,"$521,436.07",Available,,521436.07,275.1699613712163,False
140297,14,2024-10-01,Office,34,513.06,"$156,115.46",Sold,C0239,156115.46,304.28304681713644,True
140317,14,2024-10-01,Apartment,37,1469.73,"$478,919.10",Available,,478919.1,325.85515706966584,False
140328,14,2024-10-01,Apartment,38,1170.11,"$419,677.60",Sold,C1151,419677.6,358.665082769996,True
140368,14,2024-10-01,Apartment,45,1388.61,"$443,404.97",Available,,443404.97,319.315696991956,False
140380,14,2024-10-01,Apartment,46,1258.99,"$347,365.39",Sold,C0754,347365.39,275.9079817949309,True
140382,14,2024-10-01,Apartment,46,1258.99,"$351,438.57",Available,,351438.57,279.1432576906886,False
140396,14,2024-10-01,Apartment,47,917.53,"$288,108.07",Sold,C1086,288108.07,314.00397807156173,True
140449,14,2024-10-01,Apartment,53,1493.72,"$457,748.53",Sold,C1869,457748.53,306.44868516187773,True
140452,14,2024-10-01,Apartment,53,1493.72,"$411,386.09",Available,,411386.09,275.41044506333185,False
150013,15,2024-10-01,Apartment,2,1522.89,"$411,865.15",Sold,C0852,411865.15,270.44970418086666,True
150026,15,2024-10-01,Apartment,3,748.99,"$177,729.83",Sold,C1901,177729.83,237.292660783188,True
150032,15,2024-10-01,Apartment,4,1110.88,"$351,282.64",Sold,C0767,351282.64,316.22014979115653,True
150052,15,2024-10-01,Apartment,8,1056.46,"$323,933.40",Available,,323933.4,306.6215474319899,False
150055,15,2024-10-01,Apartment,9,565.48,"$147,313.66",Sold,C1639,147313.66,260.51082266393155,True
150073,15,2024-10-01,Apartment,11,1437.62,"$405,432.81",Available,,405432.81,282.01667339074305,False
150104,15,2024-10-01,Apartment,15,522.71,"$159,782.74",Sold,C1540,159782.74,305.6814294733217,True
150109,15,2024-10-01,Apartment,15,522.71,"$168,550.58",Sold,C1387,168550.58,322.45524286889474,True
150119,15,2024-10-01,Apartment,16,1692.61,"$484,748.14",Available,,484748.14,286.3909228942285,False
150123,15,2024-10-01,Apartment,16,1692.61,"$491,025.48",Sold,C0097,491025.48,290.09959766278115,True
150155,15,2024-10-01,Apartment,20,1662.01,"$441,368.29",Sold,C0014,441368.29,265.562956901583,True
150177,15,2024-10-01,Apartment,23,1279.23,"$369,049.21",Sold,C0467,369049.21,288.49324202840774,True
150218,15,2024-10-01,Apartment,25,607.01,"$166,140.66",Available,,166140.66,273.70333272927957,False
150222,15,2024-10-01,Apartment,26,961.01,"$276,284.34",Sold,C1703,276284.34,287.4937201485937,True
150283,15,2024-10-01,Apartment,34,1304.22,"$444,680.77",Sold,C1065,444680.77,340.95533728972106,True
150284,15,2024-10-01,Office,34,1304.22,"$390,660.70",Available,,390660.7,299.5358911840027,False
150306,15,2024-10-01,Apartment,35,745.49,"$223,449.53",Sold,C1104,223449.53,299.73511381775745,True
150323,15,2024-10-01,Apartment,38,585.57,"$154,701.24",Sold,C1314,154701.24,264.18914903427424,True
150327,15,2024-10-01,Apartment,38,585.57,"$160,222.84",Available,,160222.84,273.61859384872855,False
150332,15,2024-10-01,Office,38,585.57,"$180,762.88",Available,,180762.88,308.6955957443175,False
150348,15,2024-10-01,Apartment,41,1586.79,"$470,014.76",Available,,470014.76,296.2047655959516,False
150357,15,2024-10-01,Office,43,1655.05,"$483,167.65",Available,,483167.65,291.93537959578265,False
150380,15,2024-10-01,Apartment,48,1403.33,"$374,131.45",Available,,374131.45,266.6026166332937,False
150416,15,2024-10-01,Apartment,52,829.2,"$283,362.29",Sold,C1458,283362.29,341.72972744814274,True
150417,15,2024-10-01,Apartment,52,829.2,"$259,320.70",Available,,259320.7,312.73601061263867,False
150421,15,2024-10-01,Apartment,53,696.04,"$211,469.90",Sold,C0485,211469.9,303.8186023791736,True
150422,15,2024-10-01,Apartment,53,696.04,"$194,717.01",Sold,C0774,194717.01,279.74974139417276,True
150437,15,2024-10-01,Apartment,55,892.75,"$276,552.01",Sold,C0876,276552.01,309.77542425091013,True
150441,15,2024-10-01,Apartment,55,892.75,"$289,323.48",Sold,C1560,289323.48,324.0811873424811,True
150459,15,2024-10-01,Apartment,56,939.93,"$259,840.79",Sold,C1085,259840.79,276.4469588160821,True
150461,15,2024-10-01,Apartment,56,939.93,"$307,452.20",Available,,307452.2,327.1011671081889,False
150474,15,2024-10-01,Apartment,57,429.34,"$150,517.02",Available,,150517.02,350.5776773652583,False
150492,15,2024-10-01,Apartment,58,1750.89,"$514,682.24",Available,,514682.24,293.95464021154953,False
150495,15,2024-10-01,Apartment,58,1750.89,"$492,952.77",Sold,C0416,492952.77,281.54411185168686,True
150498,15,2024-10-01,Apartment,59,1286.47,"$345,795.89",Available,,345795.89,268.79436753286126,False
150501,15,2024-10-01,Office,59,1286.47,"$312,125.23",Available,,312125.23,242.62146027501612,False
150511,15,2024-10-01,Apartment,60,1033.2,"$300,300.85",Sold,C0917,300300.85,290.6512291908633,True
150518,15,2024-10-01,Apartment,60,1033.2,"$337,564.17",Available,,337564.17,326.7171602787456,False
160047,16,2024-10-01,Apartment,6,1062.34,"$334,381.13",Sold,C0641,334381.13,314.7590507747049,True
160122,16,2024-10-01,Apartment,13,500.49,"$142,238.05",Sold,C1051,142238.05,284.19758636536193,True
160139,16,2024-10-01,Apartment,17,836.32,"$240,238.68",Available,,240238.68,287.25688731585996,False
160143,16,2024-10-01,Apartment,17,836.32,"$275,855.50",Available,,275855.5,329.8444375358714,False
160155,16,2024-10-01,Apartment,19,1163.06,"$347,283.41",Sold,C1738,347283.41,298.594578095713,True
160158,16,2024-10-01,Apartment,20,1096.33,"$315,840.76",Sold,C1984,315840.76,288.0891337462261,True
160177,16,2024-10-01,Apartment,22,1575.06,"$466,599.16",Sold,C1622,466599.16,296.2421495054157,True
160200,16,2024-10-01,Apartment,25,853.37,"$259,327.23",Sold,C0665,259327.23,303.8860400529665,True
160216,16,2024-10-01,Apartment,26,1458.08,"$382,971.00",Available,,382971.0,262.654312520575,False
160249,16,2024-10-01,Apartment,29,489.49,"$123,288.92",Sold,C0460,123288.92,251.87219350752824,True
160314,16,2024-10-01,Apartment,37,922.03,"$318,562.94",Sold,C1226,318562.94,345.50170818736916,True
160350,16,2024-10-01,Apartment,41,1001.72,"$220,378.40",Sold,C0207,220378.4,220.0,True
160360,16,2024-10-01,Apartment,42,1496.62,"$414,588.69",Sold,C1887,414588.69,277.0166708984245,True
170065,17,2024-10-01,Apartment,8,1297.3,"$375,027.09",Sold,C1467,375027.09,289.08277961920913,True
170076,17,2024-10-01,Apartment,10,1059.07,"$325,597.94",Sold,C0955,325597.94,307.43760091400947,True
170114,17,2024-10-01,Apartment,13,916.9,"$311,395.34",Sold,C1135,311395.34,339.6175591667576,True
170134,17,2024-10-01,Apartment,15,1365.73,"$385,047.18",Sold,C1242,385047.18,281.93506769273574,True
170181,17,2024-10-01,Apartment,20,792.27,"$277,940.01",Sold,C1928,277940.01,350.81476011965617,True
170205,17,2024-10-01,Apartment,23,1025.52,"$288,705.15",Sold,C1770,288705.15,281.52074069740235,True
170214,17,2024-10-01,Apartment,25,939.46,"$312,132.33",Available,,312132.33,332.2465352436506,False
170216,17,2024-10-01,Apartment,25,939.46,"$259,568.71",Sold,C0802,259568.71,276.2956485640687,True
170237,17,2024-10-01,Apartment,27,677.24,"$214,837.50",Sold,C1975,214837.5,317.2250605398382,True
170245,17,2024-10-01,Apartment,27,677.24,"$189,997.94",Available,,189997.94,280.54742779516863,False
170249,17,2024-10-01,Office,28,1201.04,"$398,974.61",Sold,C0375,398974.61,332.1909428495304,True
170274,17,2024-10-01,Apartment,33,1532.89,"$467,335.84",Sold,C1074,467335.84,304.8723913653295,True
170291,17,2024-10-01,Apartment,35,1667.01,"$486,946.40",Sold,C1424,486946.4,292.1076658208409,True
170310,17,2024-10-01,Apartment,38,721.83,"$210,485.41",Available,,210485.41,291.5996979898314,False
170316,17,2024-10-01,Apartment,39,1341.67,"$341,188.07",Sold,C1551,341188.07,254.30103527693097,True
170374,17,2024-10-01,Apartment,46,1582.61,"$465,014.45",Sold,C1564,465014.45,293.82756964760745,True
170383,17,2024-10-01,Apartment,47,1106.83,"$333,320.89",Sold,C0256,333320.89,301.1491285924668,True
170446,17,2024-10-01,Apartment,51,1375.52,"$374,757.19",Sold,C1856,374757.19,272.4476488891474,True
180017,18,2024-10-01,Apartment,3,524.48,"$183,881.37",Sold,C0643,183881.37,350.59748703477726,True
180072,18,2024-10-01,Apartment,9,894.92,"$257,213.45",Sold,C1430,257213.45,287.4150203370134,True
180076,18,2024-10-01,Office,9,894.92,"$312,227.38",Available,,312227.38,348.88859339382293,False
180080,18,2024-10-01,Apartment,11,507.04,"$165,624.19",Sold,C1257,165624.19,326.6491598295992,True
180082,18,2024-10-01,Apartment,11,507.04,"$131,544.50",Sold,C1388,131544.5,259.4361391606185,True
180099,18,2024-10-01,Apartment,14,1742.3,"$501,441.18",Sold,C0237,501441.18,287.8041554267348,True
180102,18,2024-10-01,Apartment,14,1742.3,"$518,630.99",Available,,518630.99,297.67031510072894,False
180105,18,2024-10-01,Apartment,14,1742.3,"$581,837.55",Sold,C1469,581837.55,333.94797107272,True
180120,18,2024-10-01,Apartment,16,1360.96,"$429,565.64",Available,,429565.64,315.6342875617211,False
180154,18,2024-10-01,Apartment,20,1631.48,"$403,699.08",Sold,C1223,403699.08,247.44347463652636,True
180199,18,2024-10-01,Apartment,25,911.94,"$276,124.59",Available,,276124.59,302.78811105993816,False
180223,18,2024-10-01,Apartment,28,514.67,"$153,024.68",Sold,C0394,153024.68,297.3258204286242,True
180226,18,2024-10-01,Office,28,514.67,"$159,338.05",Sold,C0509,159338.05,309.5926516019974,True
180233,18,2024-10-01,Apartment,29,578.36,"$161,600.76",Sold,C0844,161600.76,279.4120616916799,True
180241,18,2024-10-01,Apartment,30,1795.66,"$534,260.23",Sold,C1602,534260.23,297.52861343461456,True
180321,18,2024-10-01,Apartment,37,1092.32,"$316,603.14",Sold,C0732,316603.14,289.8446792148821,True
180342,18,2024-10-01,Apartment,39,662.88,"$191,623.18",Sold,C1477,191623.18,289.07672580255854,True
180371,18,2024-10-01,Apartment,41,852.83,"$275,046.94",Sold,C1460,275046.94,322.5108638298371,True
180399,18,2024-10-01,Office,45,1627.52,"$487,865.86",Sold,C1966,487865.86,299.7602855878883,True
180480,18,2024-10-01,Apartment,53,1806.7,"$537,806.31",Sold,C0413,537806.31,297.6732772458073,True
180515,18,2024-10-01,Apartment,58,955.23,"$283,186.34",Sold,C0088,283186.34,296.4588004983093,True
180517,18,2024-10-01,Apartment,58,955.23,"$324,852.10",Available,,324852.1,340.07736356688963,False
180588,18,2024-10-01,Apartment,68,1445.28,"$425,612.61",Available,,425612.61,294.4845358684822,False
180589,18,2024-10-01,Apartment,68,1445.28,"$476,578.58",Sold,C0368,476578.58,329.74827023137385,True
190024,19,2024-10-01,Apartment,5,1408.42,"$410,069.43",Sold,C1517,410069.43,291.1556424930063,True
190029,19,2024-10-01,Apartment,5,1408.42,"$395,263.80",Available,,395263.8,280.64341602646937,False
190032,19,2024-10-01,Apartment,6,1067.81,"$323,027.63",Available,,323027.63,302.5141457749974,False
190060,19,2024-10-01,Apartment,9,695.8,"$189,471.15",Sold,C0116,189471.15,272.3069129060075,True
190086,19,2024-10-01,Apartment,13,766.61,"$206,694.75",Sold,C1808,206694.75,269.6217763921681,True
190103,19,2024-10-01,Office,14,630.47,"$215,808.72",Sold,C1594,215808.72,342.29815851666217,True
190159,19,2024-10-01,Apartment,20,1772.03,"$577,980.13",Sold,C0893,577980.13,326.16836622404816,True
190170,19,2024-10-01,Apartment,21,477.75,"$142,429.29",Available,,142429.29,298.1251491365777,False
190173,19,2024-10-01,Apartment,21,477.75,"$150,401.04",Sold,C0045,150401.04,314.81117739403453,True
190194,19,2024-10-01,Apartment,23,1592.45,"$486,629.72",Sold,C0422,486629.72,305.5855568463688,True
190197,19,2024-10-01,Apartment,24,620.51,"$189,301.73",Available,,189301.73,305.0744226523344,False
190226,19,2024-10-01,Apartment,26,668.24,"$216,103.44",Sold,C0521,216103.44,323.39195498623246,True
190256,19,2024-10-01,Office,29,1657.84,"$515,588.06",Available,,515588.06,310.99989142498674,False
190272,19,2024-10-01,Apartment,31,1089.64,"$286,904.35",Sold,C0233,286904.35,263.3019621159282,True
190290,19,2024-10-01,Apartment,34,783.42,"$242,972.81",Sold,C0738,242972.81,310.14374154348883,True
190350,19,2024-10-01,Office,41,1657.19,"$520,346.45",Sold,C1848,520346.45,313.99323553726487,True
190366,19,2024-10-01,Apartment,42,1137.59,"$390,859.32",Sold,C1631,390859.32,343.5854042317531,True
190384,19,2024-10-01,Office,43,1697.72,"$512,301.15",Available,,512301.15,301.75832881747283,False
190391,19,2024-10-01,Apartment,44,982.8,"$234,480.31",Sold,C1996,234480.31,238.583954008954,True
190393,19,2024-10-01,Apartment,44,982.8,"$248,431.99",Sold,C0249,248431.99,252.7798026048026,True
190405,19,2024-10-01,Apartment,46,1926.19,"$557,463.33",Sold,C0827,557463.33,289.4124307570904,True
190414,19,2024-10-01,Apartment,47,1126.37,"$357,883.39",Sold,C1863,357883.39,317.7316423555315,True
190426,19,2024-10-01,Apartment,49,1004.26,"$304,945.99",Available,,304945.99,303.65243064545035,False
200037,20,2024-10-01,Apartment,3,1645.93,"$498,948.04",Sold,C0107,498948.04,303.14049807707494,True
200054,20,2024-10-01,Office,6,1401.0,"$445,987.20",Sold,C1075,445987.2,318.334903640257,True
200062,20,2024-10-01,Office,7,1757.4,"$543,241.56",Available,,543241.56,309.1166268350973,False
200090,20,2024-10-01,Apartment,13,1587.57,"$539,007.54",Sold,C0971,539007.54,339.517337818175,True
200105,20,2024-10-01,Apartment,14,837.37,"$237,866.80",Sold,C0374,237866.8,284.0641532416972,True
200158,20,2024-10-01,Office,18,1868.01,"$575,322.53",Sold,C1798,575322.53,307.98685767206814,True
200192,20,2024-10-01,Apartment,21,954.87,"$229,170.82",Sold,C1961,229170.82,240.00211547121597,True
200206,20,2024-10-01,Apartment,25,780.74,"$241,644.79",Sold,C1713,241644.79,309.5073776161078,True
200240,20,2024-10-01,Apartment,30,1703.94,"$471,871.72",Sold,C0361,471871.72,276.9297745225771,True
200244,20,2024-10-01,Apartment,30,1703.94,"$507,372.42",Available,,507372.42,297.7642522624036,False
200299,20,2024-10-01,Apartment,33,630.53,"$183,562.93",Sold,C0847,183562.93,291.1248156312943,True
200314,20,2024-10-01,Apartment,34,858.93,"$246,938.23",Sold,C1579,246938.23,287.49517422840046,True
200328,20,2024-10-01,Apartment,36,1484.99,"$423,292.04",Available,,423292.04,285.0470642899952,False
200352,20,2024-10-01,Apartment,38,1499.47,"$368,567.45",Sold,C1463,368567.45,245.79848213035274,True
200401,20,2024-10-01,Apartment,46,1227.49,"$360,930.49",Sold,C1337,360930.49,294.0394544965743,True
200438,20,2024-10-01,Office,49,880.76,"$319,009.74",Sold,C0303,319009.74,362.19826059312413,True
990020,5,2024-10-01,Apartment,25,618.16,"$199,730.73",Available,,199730.73,323.10523165523495,False
1024,1,2024-11-01,Apartment,24,782.25,"$235,762.34",Sold,C0050,235762.34,301.39001597954615,True
1039,1,2024-11-01,Apartment,39,782.25,"$196,220.05",Sold,C0137,196220.05,250.84058804729943,True
2003,2,2024-11-01,Apartment,3,927.08,"$289,727.99",Sold,C0149,289727.99,312.5167083746818,True
2031,2,2024-11-01,Apartment,31,1604.75,"$452,667.01",Sold,C0096,452667.01,282.0794578594797,True
2049,2,2024-11-01,Apartment,49,1288.62,"$323,915.81",Sold,C0124,323915.81,251.36643075538174,True
3008,3,2024-11-01,Apartment,8,697.89,"$219,865.76",Sold,C0088,219865.76,315.0435742022382,True
3013,3,2024-11-01,Apartment,13,781.07,"$253,025.78",Sold,C0053,253025.78,323.94763593531945,True
3033,3,2024-11-01,Apartment,33,670.89,"$200,300.63",Sold,C0042,200300.63,298.5595701232691,True
3038,3,2024-11-01,Apartment,38,1596.35,"$464,549.19",Sold,C0032,464549.19,291.0071037053278,True
3039,3,2024-11-01,Apartment,39,923.21,"$312,211.14",Sold,C0103,312211.14,338.1799807194463,True
3046,3,2024-11-01,Apartment,46,923.21,"$252,185.99",Sold,C0092,252185.99,273.162108296054,True
3056,3,2024-11-01,Apartment,56,1343.39,"$401,894.82",Available,,401894.82,299.16466551038786,False
3058,3,2024-11-01,Apartment,58,758.69,"$264,275.78",Available,,264275.78,348.33170333074116,False
4018,4,2024-11-01,Apartment,18,1121.95,"$310,832.59",Sold,C0020,310832.59,277.04674005080443,True
4029,4,2024-11-01,Apartment,29,794.52,"$200,148.89",Sold,C0120,200148.89,251.91170769772947,True
4030,4,2024-11-01,Apartment,30,1121.95,"$310,577.04",Sold,C0085,310577.04,276.81896697713796,True
4041,4,2024-11-01,Apartment,41,1305.62,"$402,081.80",Sold,C0061,402081.8,307.9623473905118,True
5026,5,2024-11-01,Apartment,26,1273.55,"$338,482.45",Available,,338482.45,265.7786894900083,False
5027,5,2024-11-01,Apartment,27,798.28,"$269,075.30",Sold,C0026,269075.3,337.0688229693842,True
10003,1,2024-11-01,Apartment,1,748.06,"$235,768.48",Available,,235768.48,315.17322139935305,False
10013,1,2024-11-01,Apartment,2,715.67,"$215,511.14",Sold,C0792,215511.14,301.1320021797756,True
10042,1,2024-11-01,Apartment,5,753.87,"$252,968.73",Available,,252968.73,335.56014962791994,False
10111,1,2024-11-01,Apartment,14,1181.69,"$337,234.57",Sold,C1351,337234.57,285.3832815713089,True
10118,1,2024-11-01,Apartment,14,1181.69,"$346,672.38",Sold,C0484,346672.38,293.36998705244184,True
10119,1,2024-11-01,Apartment,14,1181.69,"$374,355.36",Sold,C0916,374355.36,316.79658793761473,True
10127,1,2024-11-01,Office,15,765.0,"$207,359.10",Sold,C0282,207359.1,271.05764705882353,True
10128,1,2024-11-01,Apartment,15,765.0,"$198,960.72",Available,,198960.72,260.0793725490196,False
10136,1,2024-11-01,Apartment,17,608.25,"$167,875.27",Sold,C0203,167875.27,275.99715577476366,True
10167,1,2024-11-01,Apartment,21,1957.16,"$545,614.44",Sold,C0501,545614.44,278.7786588730609,True
10259,1,2024-11-01,Apartment,29,757.2,"$229,840.97",Sold,C0455,229840.97,303.5406365557316,True
10376,1,2024-11-01,Apartment,41,835.25,"$210,587.30",Sold,C0825,210587.3,252.12487279257707,True
10390,1,2024-11-01,Apartment,45,767.46,"$214,122.99",Sold,C1199,214122.99,279.002149949183,True
10391,1,2024-11-01,Apartment,46,1153.16,"$326,441.60",Sold,C1212,326441.6,283.0843941864095,True
10396,1,2024-11-01,Apartment,46,1153.16,"$380,928.08",Available,,380928.08,330.33410801623364,False
10409,1,2024-11-01,Apartment,47,771.08,"$230,895.04",Sold,C1428,230895.04,299.4436893707527,True
20003,2,2024-11-01,Apartment,1,706.3,"$202,389.15",Sold,C0280,202389.15,286.54842135070083,True
20037,2,2024-11-01,Apartment,4,1281.85,"$407,225.63",Sold,C1670,407225.63,317.6858680812888,True
20096,2,2024-11-01,Apartment,11,1625.05,"$401,094.64",Sold,C0855,401094.64,246.81987631149812,True
20106,2,2024-11-01,Apartment,12,1610.5,"$430,917.22",Sold,C1594,430917.22,267.5673517541136,True
20115,2,2024-11-01,Apartment,14,1296.39,"$352,637.60",Sold,C1502,352637.6,272.01505719729397,True
20140,2,2024-11-01,Apartment,17,1397.4,"$436,648.96",Available,,436648.96,312.4724202089595,False
20175,2,2024-11-01,Apartment,20,727.55,"$207,221.76",Sold,C0726,207221.76,284.82133186722564,True
20186,2,2024-11-01,Apartment,21,921.38,"$247,542.86",Available,,247542.86,268.6653280948143,False
20194,2,2024-11-01,Apartment,22,653.41,"$172,520.48",Sold,C0299,172520.48,264.03097595690303,True
20280,2,2024-11-01,Apartment,33,931.4,"$271,241.62",Sold,C1812,271241.62,291.2192613270346,True
20298,2,2024-11-01,Apartment,35,1391.68,"$414,228.09",Sold,C0418,414228.09,297.64607524718326,True
20331,2,2024-11-01,Apartment,40,1599.45,"$424,080.23",Sold,C0462,424080.23,265.14128606708556,True
20348,2,2024-11-01,Apartment,42,786.45,"$232,997.81",Sold,C1976,232997.81,296.2652552609829,True
20377,2,2024-11-01,Apartment,45,782.2,"$272,124.69",Available,,272124.69,347.89656098184605,False
20379,2,2024-11-01,Office,45,782.2,"$234,213.56",Sold,C0790,234213.56,299.4292508309895,True
20380,2,2024-11-01,Office,45,782.2,"$268,510.94",Sold,C1515,268510.94,343.2765788800818,True
20389,2,2024-11-01,Apartment,46,697.74,"$195,064.03",Sold,C1202,195064.03,279.56549717659874,True
20395,2,2024-11-01,Apartment,46,697.74,"$233,644.34",Sold,C1395,233644.34,334.85874394473586,True
20400,2,2024-11-01,Apartment,46,697.74,"$203,506.46",Sold,C0826,203506.46,291.6651761401095,True
20408,2,2024-11-01,Apartment,47,708.32,"$223,015.27",Available,,223015.27,314.8510136661396,False
20417,2,2024-11-01,Apartment,47,708.32,"$231,277.63",Sold,C1918,231277.63,326.51574147278063,True
20445,2,2024-11-01,Apartment,51,699.31,"$211,377.64",Sold,C1766,211377.64,302.2660050621327,True
20446,2,2024-11-01,Apartment,51,699.31,"$170,898.56",Sold,C1531,170898.56,244.38169052351606,True
20474,2,2024-11-01,Apartment,55,579.26,"$186,508.92",Sold,C1692,186508.92,321.9779028415565,True
20478,2,2024-11-01,Apartment,55,579.26,"$180,470.85",Sold,C1600,180470.85,311.5541380381867,True
20479,2,2024-11-01,Apartment,55,579.26,"$149,722.30",Sold,C0863,149722.3,258.47167075233915,True
20482,2,2024-11-01,Apartment,55,579.26,"$183,552.54",Sold,C0914,183552.54,316.87418430411213,True
20486,2,2024-11-01,Apartment,56,722.22,"$213,732.45",Sold,C1350,213732.45,295.9381490404586,True
30001,3,2024-11-01,Apartment,1,689.75,"$191,864.06",Sold,C0071,191864.06,278.1646393620877,True
30022,3,2024-11-01,Apartment,2,672.64,"$240,374.88",Sold,C0788,240374.88,357.36037107516654,True
30060,3,2024-11-01,Apartment,7,744.01,"$220,411.63",Sold,C0168,220411.63,296.24820902944856,True
30105,3,2024-11-01,Apartment,10,784.09,"$219,225.38",Sold,C1822,219225.38,279.59211315027613,True
30115,3,2024-11-01,Office,10,784.09,"$237,286.38",Sold,C1077,237286.38,302.6264586973434,True
30167,3,2024-11-01,Apartment,19,1602.22,"$482,466.49",Sold,C1422,482466.49,301.12374705096676,True
30193,3,2024-11-01,Apartment,21,1122.15,"$305,315.50",Sold,C1794,305315.5,272.0808269839148,True
30205,3,2024-11-01,Apartment,22,1165.89,"$383,302.73",Sold,C1172,383302.73,328.76406007427795,True
30260,3,2024-11-01,Apartment,28,679.93,"$198,426.44",Sold,C0243,198426.44,291.83362993249307,True
30276,3,2024-11-01,Apartment,31,915.38,"$301,015.09",Available,,301015.09,328.84167231095284,False
30299,3,2024-11-01,Apartment,36,733.45,"$207,396.58",Sold,C1166,207396.58,282.7685322789556,True
30306,3,2024-11-01,Apartment,37,659.12,"$185,073.47",Sold,C1873,185073.47,280.78873346279886,True
30347,3,2024-11-01,Apartment,42,1343.96,"$398,769.10",Sold,C0450,398769.1,296.712030119944,True
30359,3,2024-11-01,Apartment,44,673.86,"$220,677.17",Sold,C0144,220677.17,327.48222182649215,True
30363,3,2024-11-01,Apartment,45,1598.85,"$428,464.18",Available,,428464.18,267.98272508365386,False
30364,3,2024-11-01,Apartment,45,1598.85,"$485,278.06",Sold,C0880,485278.06,303.51694030084127,True
30368,3,2024-11-01,Apartment,46,1599.81,"$395,214.07",Sold,C0303,395214.07,247.03812952788144,True
30402,3,2024-11-01,Apartment,49,1174.48,"$399,369.84",Available,,399369.84,340.03971119133575,False
30438,3,2024-11-01,Apartment,50,713.67,"$259,597.98",Available,,259597.98,363.75072512505784,False
30473,3,2024-11-01,Office,56,1179.42,"$392,645.79",Sold,C0101,392645.79,332.9143053365213,True
30486,3,2024-11-01,Apartment,57,1607.94,"$493,269.39",Available,,493269.39,306.77101757528266,False
30496,3,2024-11-01,Apartment,58,1588.14,"$528,227.73",Sold,C0308,528227.73,332.607786467188,True
40010,4,2024-11-01,Apartment,1,1615.98,"$507,625.15",Sold,C0262,507625.15,314.1283617371502,True
40031,4,2024-11-01,Apartment,3,1630.82,"$419,373.26",Sold,C1704,419373.26,257.15484234924764,True
40087,4,2024-11-01,Apartment,11,802.79,"$248,706.16",Sold,C1562,248706.16,309.80226460219984,True
40096,4,2024-11-01,Office,12,789.38,"$262,483.04",Sold,C0816,262483.04,332.5179761331678,True
40110,4,2024-11-01,Apartment,14,1322.66,"$336,673.91",Sold,C0082,336673.91,254.54304961214518,True
40119,4,2024-11-01,Office,14,1322.66,"$443,646.85",Sold,C0449,443646.85,335.4201760089516,True
40123,4,2024-11-01,Apartment,14,1322.66,"$449,636.39",Available,,449636.39,339.94858089002463,False
40145,4,2024-11-01,Apartment,18,1294.91,"$339,650.50",Sold,C0170,339650.5,262.29660748623456,True
40149,4,2024-11-01,Office,18,1294.91,"$411,474.59",Sold,C1992,411474.59,317.76308005961806,True
40151,4,2024-11-01,Apartment,18,1294.91,"$432,835.22",Sold,C0030,432835.22,334.25892146944574,True
40185,4,2024-11-01,Apartment,23,1110.99,"$318,695.18",Sold,C1047,318695.18,286.85692940530515,True
40209,4,2024-11-01,Apartment,26,790.05,"$227,041.65",Sold,C1771,227041.65,287.3763052971331,True
40220,4,2024-11-01,Apartment,26,790.05,"$239,720.69",Sold,C0831,239720.69,303.42470729700653,True
40236,4,2024-11-01,Apartment,29,776.79,"$248,289.51",Sold,C1651,248289.51,319.63530683968645,True
40248,4,2024-11-01,Office,30,1307.35,"$415,366.42",Sold,C1560,415366.42,317.7163116227483,True
40256,4,2024-11-01,Apartment,31,793.1,"$267,974.26",Available,,267974.26,337.88205774807716,False
40259,4,2024-11-01,Apartment,31,793.1,"$232,921.37",Sold,C0270,232921.37,293.68474341192785,True
40267,4,2024-11-01,Apartment,31,793.1,"$246,750.84",Sold,C1085,246750.84,311.1219770520741,True
40284,4,2024-11-01,Apartment,33,734.73,"$240,169.93",Sold,C0470,240169.93,326.8818885849223,True
40287,4,2024-11-01,Office,33,734.73,"$228,208.94",Sold,C0928,228208.94,310.60245260163595,True
40291,4,2024-11-01,Office,34,795.1,"$304,292.56",Available,,304292.56,382.7097975097472,False
40330,4,2024-11-01,Apartment,39,743.73,"$229,285.01",Sold,C0700,229285.01,308.2906565554704,True
40351,4,2024-11-01,Apartment,42,738.34,"$222,155.47",Sold,C0342,222155.47,300.8850529566324,True
40354,4,2024-11-01,Office,43,1616.99,"$581,950.52",Sold,C1537,581950.52,359.89741433156667,True
40378,4,2024-11-01,Apartment,45,1160.48,"$358,031.05",Available,,358031.05,308.5197935337102,False
40380,4,2024-11-01,Apartment,45,1160.48,"$339,771.48",Sold,C0903,339771.48,292.7852957396939,True
40383,4,2024-11-01,Apartment,45,1160.48,"$419,164.55",Sold,C0641,419164.55,361.1992882255618,True
40387,4,2024-11-01,Office,45,1160.48,"$324,753.68",Sold,C0358,324753.68,279.8442713359989,True
40394,4,2024-11-01,Apartment,45,1160.48,"$348,785.34",Sold,C1734,348785.34,300.5526506273266,True
40418,4,2024-11-01,Apartment,49,739.7,"$243,338.41",Sold,C0324,243338.41,328.96905502230635,True
40421,4,2024-11-01,Office,49,739.7,"$263,102.72",Available,,263102.72,355.6884142219818,False
50004,5,2024-11-01,Office,1,790.55,"$257,071.38",Sold,C1933,257071.38,325.1804186958447,True
50015,5,2024-11-01,Apartment,4,799.1,"$222,889.34",Sold,C0157,222889.34,278.92546614941807,True
50030,5,2024-11-01,Apartment,6,775.85,"$231,930.65",Sold,C1840,231930.65,298.9374879164787,True
50068,5,2024-11-01,Office,10,629.27,"$208,569.64",Sold,C0553,208569.64,331.4469782446327,True
50083,5,2024-11-01,Apartment,11,1058.56,"$339,165.46",Sold,C0535,339165.46,320.4026791112455,True
50121,5,2024-11-01,Office,15,1050.95,"$296,079.64",Sold,C0804,296079.64,281.72571482944005,True
50122,5,2024-11-01,Apartment,15,1050.95,"$331,811.36",Sold,C1626,331811.36,315.7251629478091,True
50130,5,2024-11-01,Apartment,17,798.74,"$245,892.17",Sold,C0048,245892.17,307.8500763702832,True
50147,5,2024-11-01,Apartment,19,819.72,"$230,776.08",Sold,C1037,230776.08,281.53037622602835,True
50186,5,2024-11-01,Office,23,1006.65,"$311,141.43",Sold,C1002,311141.43,309.08600804649086,True
50208,5,2024-11-01,Apartment,27,1278.6,"$481,540.50",Sold,C0899,481540.5,376.615438761145,True
50237,5,2024-11-01,Apartment,32,1051.39,"$305,116.48",Sold,C0371,305116.48,290.2029503799731,True
50287,5,2024-11-01,Apartment,37,1790.7,"$575,737.82",Sold,C0184,575737.82,321.5155079019378,True
50290,5,2024-11-01,Apartment,38,1283.87,"$379,665.90",Sold,C1063,379665.9,295.7198937587139,True
50295,5,2024-11-01,Apartment,39,591.14,"$186,077.63",Sold,C1341,186077.63,314.77759921507595,True
50337,5,2024-11-01,Apartment,43,802.72,"$229,725.79",Available,,229725.79,286.18421118198125,False
50340,5,2024-11-01,Apartment,44,806.03,"$199,052.96",Sold,C1829,199052.96,246.95477835812562,True
50346,5,2024-11-01,Apartment,44,806.03,"$204,999.29",Sold,C0750,204999.29,254.3320844137315,True
50389,5,2024-11-01,Apartment,46,1272.95,"$343,500.43",Sold,C1374,343500.43,269.8459719549079,True
50425,5,2024-11-01,Apartment,49,795.75,"$203,817.34",Sold,C0098,203817.34,256.1323782595036,True
60021,6,2024-11-01,Apartment,1,1720.95,"$486,875.04",Available,,486875.04,282.91062494552426,False
60023,6,2024-11-01,Apartment,2,1338.63,"$330,762.51",Available,,330762.51,247.09031621882073,False
60044,6,2024-11-01,Apartment,4,1925.28,"$487,921.83",Sold,C0669,487921.83,253.42902331089505,True
60083,6,2024-11-01,Apartment,7,1075.42,"$327,614.46",Sold,C1609,327614.46,304.63861561064516,True
60103,6,2024-11-01,Apartment,8,986.97,"$334,482.01",Sold,C0704,334482.01,338.89784897210654,True
60104,6,2024-11-01,Apartment,8,986.97,"$329,294.11",Available,,329294.11,333.64145820035054,False
60125,6,2024-11-01,Apartment,10,942.08,"$257,759.96",Sold,C0162,257759.96,273.60729449728257,True
60134,6,2024-11-01,Apartment,11,1719.85,"$542,668.47",Sold,C0180,542668.47,315.5324417827136,True
60203,6,2024-11-01,Apartment,19,1542.71,"$418,659.41",Available,,418659.41,271.3792028313811,False
60210,6,2024-11-01,Apartment,20,1897.17,"$581,422.65",Available,,581422.65,306.46839766599726,False
60223,6,2024-11-01,Apartment,20,1897.17,"$495,367.08",Sold,C1014,495367.08,261.10842992457185,True
60226,6,2024-11-01,Apartment,21,833.23,"$304,037.29",Sold,C0795,304037.29,364.88999435930054,True
60284,6,2024-11-01,Apartment,31,1768.9,"$586,091.18",Sold,C1856,586091.18,331.33087229351577,True
60315,6,2024-11-01,Apartment,34,1353.81,"$432,277.14",Available,,432277.14,319.3041416446917,False
60340,6,2024-11-01,Apartment,37,1721.96,"$600,992.42",Sold,C0564,600992.42,349.01648121907596,True
60370,6,2024-11-01,Apartment,42,1766.89,"$574,929.03",Sold,C0064,574929.03,325.3903921579725,True
60387,6,2024-11-01,Apartment,44,842.69,"$222,108.32",Sold,C0457,222108.32,263.57061315549015,True
60393,6,2024-11-01,Office,46,1870.54,"$553,675.21",Sold,C1982,553675.21,295.99752477894083,True
60449,6,2024-11-01,Office,53,1170.96,"$410,695.68",Sold,C1435,410695.68,350.73416683746666,True
60474,6,2024-11-01,Apartment,55,562.37,"$173,084.07",Sold,C1462,173084.07,307.77614381990503,True
70012,7,2024-11-01,Apartment,3,888.5,"$292,195.46",Sold,C1305,292195.46,328.8637703995498,True
70013,7,2024-11-01,Apartment,3,888.5,"$254,393.27",Available,,254393.27,286.317692740574,False
70048,7,2024-11-01,Apartment,8,1561.28,"$470,603.40",Sold,C0509,470603.4,301.4215259274442,True
70124,7,2024-11-01,Apartment,15,602.92,"$149,595.29",Available,,149595.29,248.11797585085918,False
70128,7,2024-11-01,Apartment,15,602.92,"$143,567.50",Available,,143567.5,238.1203144695814,False
70160,7,2024-11-01,Apartment,19,751.07,"$245,886.58",Sold,C0760,245886.58,327.38170876216594,True
70173,7,2024-11-01,Apartment,20,1160.82,"$399,084.27",Sold,C0293,399084.27,343.79513619682643,True
70179,7,2024-11-01,Apartment,20,1160.82,"$304,852.58",Available,,304852.58,262.61830430213126,False
70180,7,2024-11-01,Apartment,20,1160.82,"$337,242.59",Sold,C1694,337242.59,290.52100239485884,True
70197,7,2024-11-01,Apartment,22,1914.21,"$541,890.18",Sold,C1243,541890.18,283.0881564718605,True
70222,7,2024-11-01,Apartment,25,573.8,"$194,575.52",Sold,C1160,194575.52,339.09989543394914,True
70223,7,2024-11-01,Apartment,25,573.8,"$199,102.71",Available,,199102.71,346.98973509933774,False
70240,7,2024-11-01,Apartment,27,768.05,"$266,565.70",Available,,266565.7,347.06815962502446,False
70297,7,2024-11-01,Apartment,35,613.21,"$187,821.39",Available,,187821.39,306.2921185238336,False
70345,7,2024-11-01,Apartment,41,1093.92,"$356,161.33",Sold,C1476,356161.33,325.58261115986545,True
70354,7,2024-11-01,Apartment,41,1093.92,"$377,039.12",Sold,C0601,377039.12,344.66790990200377,True
70468,7,2024-11-01,Apartment,55,601.23,"$212,513.83",Sold,C1134,212513.83,353.46511318463814,True
70487,7,2024-11-01,Apartment,57,1347.67,"$345,879.21",Available,,345879.21,256.64978073267196,False
70517,7,2024-11-01,Apartment,60,1219.54,"$362,889.52",Available,,362889.52,297.56262197221906,False
80032,8,2024-11-01,Apartment,4,1934.75,"$562,008.09",Sold,C0627,562008.09,290.48098720764955,True
80046,8,2024-11-01,Apartment,5,887.23,"$272,263.19",Available,,272263.19,306.86878261555626,False
80074,8,2024-11-01,Apartment,8,1552.34,"$518,735.40",Sold,C0473,518735.4,334.1635208781582,True
80101,8,2024-11-01,Apartment,12,1430.46,"$406,304.61",Available,,406304.61,284.0377291221006,False
80115,8,2024-11-01,Apartment,14,685.93,"$179,753.73",Available,,179753.73,262.05841703963966,False
80133,8,2024-11-01,Office,16,424.09,"$114,987.30",Sold,C1760,114987.3,271.1389091938032,True
80136,8,2024-11-01,Apartment,16,424.09,"$133,385.68",Sold,C0533,133385.68,314.522106156712,True
80177,8,2024-11-01,Office,23,1114.67,"$372,407.25",Available,,372407.25,334.09641418536427,False
80181,8,2024-11-01,Apartment,25,1833.58,"$486,921.52",Available,,486921.52,265.55782676512615,False
80186,8,2024-11-01,Office,26,1625.38,"$579,412.56",Sold,C1654,579412.56,356.47821432526547,True
80208,8,2024-11-01,Apartment,28,1431.61,"$429,778.33",Sold,C1728,429778.33,300.2062922164556,True
80209,8,2024-11-01,Apartment,28,1431.61,"$436,529.91",Sold,C0331,436529.91,304.9223671251249,True
80281,8,2024-11-01,Apartment,33,1809.87,"$629,276.73",Sold,C0790,629276.73,347.6916739876345,True
80284,8,2024-11-01,Apartment,33,1809.87,"$577,250.82",Available,,577250.82,318.9460126970445,False
80313,8,2024-11-01,Apartment,37,890.65,"$255,727.61",Available,,255727.61,287.1246954471453,False
80342,8,2024-11-01,Apartment,39,1290.89,"$446,169.39",Sold,C1000,446169.39,345.62928677114235,True
80363,8,2024-11-01,Office,43,1490.59,"$517,271.54",Sold,C1407,517271.54,347.0246949194614,True
80417,8,2024-11-01,Apartment,47,543.08,"$152,252.04",Sold,C1687,152252.04,280.3491934889887,True
80464,8,2024-11-01,Apartment,55,1300.05,"$293,754.17",Sold,C1371,293754.17,225.95605553632552,True
80466,8,2024-11-01,Apartment,55,1300.05,"$410,171.80",Sold,C1241,410171.8,315.50463443713704,True
80483,8,2024-11-01,Apartment,56,1874.7,"$535,453.26",Sold,C1934,535453.26,285.62077132341176,True
90012,9,2024-11-01,Apartment,1,832.35,"$232,726.96",Sold,C0292,232726.96,279.6022826935784,True
90027,9,2024-11-01,Office,6,1821.59,"$498,028.07",Sold,C1981,498028.07,273.402944680197,True
90040,9,2024-11-01,Office,7,697.68,"$242,154.43",Sold,C1590,242154.43,347.08523965141615,True
90041,9,2024-11-01,Apartment,8,1315.55,"$369,604.60",Sold,C1030,369604.6,280.9506290144806,True
90044,9,2024-11-01,Apartment,8,1315.55,"$413,870.18",Sold,C1095,413870.18,314.5985937440614,True
90045,9,2024-11-01,Apartment,8,1315.55,"$332,067.85",Sold,C0221,332067.85,252.41750598608945,True
90050,9,2024-11-01,Apartment,8,1315.55,"$317,799.98",Sold,C1595,317799.98,241.57195089506288,True
90112,9,2024-11-01,Apartment,17,1481.32,"$399,912.07",Sold,C1923,399912.07,269.9700739880647,True
90155,9,2024-11-01,Apartment,24,914.61,"$252,664.87",Sold,C0563,252664.87,276.25421764467916,True
90156,9,2024-11-01,Apartment,24,914.61,"$288,228.27",Sold,C1611,288228.27,315.1378948404238,True
90163,9,2024-11-01,Office,25,1904.38,"$580,258.17",Available,,580258.17,304.69663092450037,False
90176,9,2024-11-01,Apartment,26,1038.39,"$299,753.36",Sold,C0949,299753.36,288.6712699467444,True
90180,9,2024-11-01,Apartment,27,1207.33,"$318,135.46",Sold,C1251,318135.46,263.5033172372094,True
90203,9,2024-11-01,Apartment,30,1250.17,"$408,434.17",Sold,C1166,408434.17,326.7029044050009,True
90263,9,2024-11-01,Apartment,34,1577.36,"$564,424.34",Sold,C0144,564424.34,357.8284855708272,True
90270,9,2024-11-01,Apartment,35,1376.88,"$456,333.23",Sold,C1901,456333.23,331.4255635930509,True
90333,9,2024-11-01,Apartment,40,1090.32,"$273,525.85",Sold,C0798,273525.85,250.86749761537897,True
90384,9,2024-11-01,Office,45,786.13,"$255,671.55",Sold,C1628,255671.55,325.2280793253024,True
90422,9,2024-11-01,Apartment,53,599.72,"$170,472.55",Sold,C0435,170472.55,284.2535683318882,True
90436,9,2024-11-01,Apartment,56,1516.4,"$460,188.45",Available,,460188.45,303.4743141651279,False
90446,9,2024-11-01,Apartment,56,1516.4,"$418,981.24",Sold,C0165,418981.24,276.29994724347137,True
90470,9,2024-11-01,Apartment,57,1198.57,"$370,077.40",Sold,C1717,370077.4,308.7657792202375,True
90496,9,2024-11-01,Apartment,58,838.34,"$242,857.89",Available,,242857.89,289.6890163895317,False
90504,9,2024-11-01,Apartment,58,838.34,"$268,594.51",Sold,C0486,268594.51,320.38851778514686,True
90513,9,2024-11-01,Office,58,838.34,"$263,976.08",Sold,C1194,263976.08,314.87949996421503,True
100023,10,2024-11-01,Apartment,4,1765.37,"$469,177.34",Available,,469177.34,265.7671422987816,False
100028,10,2024-11-01,Office,4,1765.37,"$570,222.00",Sold,C0995,570222.0,323.00424273665016,True
100033,10,2024-11-01,Apartment,4,1765.37,"$542,510.83",Sold,C1069,542510.83,307.3071537411421,True
100038,10,2024-11-01,Apartment,5,1741.96,"$444,902.95",Sold,C0862,444902.95,255.4036545041218,True
100043,10,2024-11-01,Apartment,5,1741.96,"$559,209.89",Sold,C1817,559209.89,321.02338170796116,True
100076,10,2024-11-01,Apartment,9,1849.4,"$588,644.89",Sold,C0420,588644.89,318.2896561046826,True
100108,10,2024-11-01,Apartment,14,1318.01,"$384,006.83",Sold,C1504,384006.83,291.3535026289634,True
100115,10,2024-11-01,Apartment,15,1948.32,"$564,194.97",Sold,C0774,564194.97,289.58023835920176,True
100116,10,2024-11-01,Apartment,15,1948.32,"$564,388.00",Sold,C0051,564388.0,289.6793134598013,True
100121,10,2024-11-01,Apartment,15,1948.32,"$693,149.90",Available,,693149.9,355.76799499055596,False
100128,10,2024-11-01,Apartment,17,647.35,"$203,491.65",Sold,C0814,203491.65,314.34563991658297,True
100149,10,2024-11-01,Apartment,19,948.04,"$289,760.74",Available,,289760.74,305.64189274714147,False
100159,10,2024-11-01,Apartment,20,1264.43,"$334,152.70",Sold,C1549,334152.7,264.2714108333399,True
100163,10,2024-11-01,Apartment,20,1264.43,"$349,197.14",Sold,C0378,349197.14,276.1696100219071,True
100168,10,2024-11-01,Apartment,22,1116.68,"$394,144.56",Sold,C1119,394144.56,352.9610631514847,True
100196,10,2024-11-01,Apartment,26,1294.85,"$383,816.78",Sold,C0412,383816.78,296.41794802486777,True
100232,10,2024-11-01,Apartment,28,1606.58,"$426,208.52",Sold,C0446,426208.52,265.28932266055847,True
100245,10,2024-11-01,Apartment,30,1559.4,"$546,710.43",Sold,C1537,546710.43,350.59024624855715,True
100316,10,2024-11-01,Office,37,1177.85,"$366,995.11",Sold,C0941,366995.11,311.58051534575714,True
100329,10,2024-11-01,Apartment,39,1188.51,"$339,275.85",Sold,C0640,339275.85,285.4631849963399,True
100346,10,2024-11-01,Apartment,42,1757.51,"$522,599.89",Sold,C0454,522599.89,297.3524418068745,True
100390,10,2024-11-01,Apartment,45,1119.1,"$333,823.75",Sold,C1377,333823.75,298.29662228576535,True
100393,10,2024-11-01,Apartment,45,1119.1,"$366,955.61",Sold,C1622,366955.61,327.90243052452865,True
100394,10,2024-11-01,Apartment,45,1119.1,"$332,700.31",Sold,C0424,332700.31,297.2927441694219,True
100422,10,2024-11-01,Apartment,50,1138.32,"$369,834.68",Sold,C1320,369834.68,324.8951788600745,True
110016,11,2024-11-01,Apartment,2,938.0,"$312,873.77",Sold,C0354,312873.77,333.55412579957357,True
110031,11,2024-11-01,Apartment,4,1414.25,"$516,866.80",Sold,C1464,516866.8,365.47060279299984,True
110047,11,2024-11-01,Apartment,6,1724.08,"$504,984.93",Available,,504984.93,292.90110087698946,False
110068,11,2024-11-01,Apartment,8,1001.41,"$311,102.25",Available,,311102.25,310.6642134590228,False
110084,11,2024-11-01,Apartment,10,1519.64,"$361,461.89",Sold,C1179,361461.89,237.86021031296886,True
110092,11,2024-11-01,Office,10,1519.64,"$519,571.55",Sold,C0616,519571.55,341.9043655076202,True
110117,11,2024-11-01,Apartment,13,474.93,"$162,211.14",Sold,C0259,162211.14,341.5474701534963,True
110145,11,2024-11-01,Apartment,15,1385.68,"$507,714.49",Sold,C0555,507714.49,366.4009655909012,True
110165,11,2024-11-01,Apartment,17,1946.06,"$622,819.85",Available,,622819.85,320.0414427098856,False
110182,11,2024-11-01,Office,20,570.62,"$205,017.07",Sold,C0927,205017.07,359.28826539553467,True
110196,11,2024-11-01,Apartment,23,1098.83,"$258,369.14",Available,,258369.14,235.13113038413587,False
110266,11,2024-11-01,Apartment,32,1285.87,"$376,063.41",Sold,C0815,376063.41,292.4583433784131,True
110275,11,2024-11-01,Apartment,34,680.07,"$189,535.24",Sold,C0573,189535.24,278.6996044524828,True
110329,11,2024-11-01,Apartment,39,1816.63,"$609,045.19",Sold,C0192,609045.19,335.26099976329795,True
110336,11,2024-11-01,Apartment,41,1125.56,"$353,854.21",Sold,C1709,353854.21,314.38058388713176,True
110350,11,2024-11-01,Apartment,42,808.59,"$241,210.83",Sold,C0295,241210.83,298.3104292657589,True
110354,11,2024-11-01,Apartment,42,808.59,"$249,424.37",Sold,C0301,249424.37,308.4682842973571,True
110406,11,2024-11-01,Apartment,48,661.7,"$179,875.05",Sold,C1650,179875.05,271.8377663593773,True
110407,11,2024-11-01,Office,48,661.7,"$209,179.48",Available,,209179.48,316.124346380535,False
110411,11,2024-11-01,Apartment,49,1095.85,"$320,839.12",Available,,320839.12,292.7764931331843,False
110420,11,2024-11-01,Apartment,49,1095.85,"$292,610.53",Sold,C0061,292610.53,267.01695487521107,True
110428,11,2024-11-01,Apartment,50,948.72,"$331,896.95",Sold,C0921,331896.95,349.83656927228265,True
110462,11,2024-11-01,Apartment,54,802.65,"$223,780.85",Sold,C0578,223780.85,278.80252912228246,True
110490,11,2024-11-01,Apartment,58,1159.31,"$327,566.38",Sold,C0373,327566.38,282.5528805927664,True
110504,11,2024-11-01,Office,60,1295.04,"$403,011.66",Sold,C0500,403011.66,311.1963028169014,True
110542,11,2024-11-01,Apartment,62,1938.82,"$598,158.07",Sold,C0278,598158.07,308.516556462178,True
120025,12,2024-11-01,Apartment,3,1469.27,"$430,665.65",Sold,C1452,430665.65,293.1153906361663,True
120100,12,2024-11-01,Office,13,1394.03,"$458,362.92",Sold,C0523,458362.92,328.80420077042817,True
120131,12,2024-11-01,Apartment,15,1456.98,"$482,509.93",Sold,C1778,482509.93,331.1712789468627,True
120148,12,2024-11-01,Office,17,1428.55,"$512,659.60",Sold,C0143,512659.6,358.8671030065451,True
120156,12,2024-11-01,Apartment,17,1428.55,"$385,976.11",Available,,385976.11,270.18732980994713,False
120160,12,2024-11-01,Apartment,18,1702.66,"$576,725.19",Sold,C0915,576725.19,338.72011440921847,True
120161,12,2024-11-01,Apartment,18,1702.66,"$512,721.62",Sold,C1366,512721.62,301.12977341336494,True
120173,12,2024-11-01,Apartment,19,1381.22,"$496,924.72",Sold,C0064,496924.72,359.7723172267995,True
120188,12,2024-11-01,Apartment,21,1408.9,"$451,859.26",Sold,C1982,451859.26,320.71776563276313,True
120189,12,2024-11-01,Apartment,22,892.67,"$262,270.44",Sold,C1578,262270.44,293.80447421779604,True
120200,12,2024-11-01,Apartment,22,892.67,"$260,362.03",Available,,260362.03,291.66660692081064,False
120245,12,2024-11-01,Apartment,26,557.9,"$178,488.52",Sold,C0396,178488.52,319.929234629862,True
120248,12,2024-11-01,Apartment,27,871.52,"$244,246.04",Available,,244246.04,280.25293739673214,False
120285,12,2024-11-01,Apartment,32,1906.38,"$496,630.54",Sold,C1927,496630.54,260.50973048395383,True
120321,12,2024-11-01,Apartment,35,1690.62,"$532,684.51",Available,,532684.51,315.08234257254736,False
120325,12,2024-11-01,Apartment,35,1690.62,"$572,833.62",Available,,572833.62,338.8305000532349,False
120352,12,2024-11-01,Apartment,38,1157.23,"$409,994.99",Sold,C1988,409994.99,354.2899769276635,True
120353,12,2024-11-01,Apartment,38,1157.23,"$343,936.88",Sold,C1913,343936.88,297.2070202120581,True
120362,12,2024-11-01,Apartment,38,1157.23,"$386,654.16",Sold,C1759,386654.16,334.12040821617137,True
120372,12,2024-11-01,Apartment,39,1653.93,"$399,974.10",Sold,C0444,399974.1,241.83254430356783,True
120412,12,2024-11-01,Office,48,1919.31,"$591,264.92",Available,,591264.92,308.06118865634005,False
130077,13,2024-11-01,Apartment,9,1448.68,"$441,779.65",Available,,441779.65,304.9532332882348,False
130081,13,2024-11-01,Office,10,1314.38,"$465,277.30",Available,,465277.3,353.98994202589813,False
130121,13,2024-11-01,Office,14,777.75,"$227,143.34",Available,,227143.34,292.05186756669883,False
130136,13,2024-11-01,Apartment,16,1772.88,"$478,656.41",Sold,C0034,478656.41,269.98804769640356,True
130160,13,2024-11-01,Office,18,1820.34,"$724,345.49",Sold,C1161,724345.49,397.917691200545,True
130164,13,2024-11-01,Apartment,19,758.69,"$231,244.89",Sold,C0701,231244.89,304.79496236934716,True
130167,13,2024-11-01,Apartment,19,758.69,"$248,982.96",Sold,C1700,248982.96,328.1748276634725,True
130172,13,2024-11-01,Office,20,516.72,"$185,140.26",Sold,C0746,185140.26,358.2990013934045,True
130177,13,2024-11-01,Office,20,516.72,"$132,138.97",Sold,C0684,132138.97,255.72644759250656,True
130183,13,2024-11-01,Office,20,516.72,"$197,033.27",Sold,C0041,197033.27,381.315354544047,True
130207,13,2024-11-01,Apartment,24,1044.69,"$298,657.80",Sold,C0585,298657.8,285.8817448238233,True
130308,13,2024-11-01,Apartment,33,1445.84,"$460,172.30",Sold,C1725,460172.3,318.2733220826648,True
130378,13,2024-11-01,Office,42,1044.42,"$353,067.60",Available,,353067.6,338.0513586488194,False
130392,13,2024-11-01,Apartment,43,1875.83,"$650,500.68",Available,,650500.68,346.78018797012527,False
130410,13,2024-11-01,Apartment,46,1098.38,"$339,242.23",Sold,C1013,339242.23,308.8568892368761,True
130476,13,2024-11-01,Office,54,1029.15,"$343,339.00",Available,,343339.0,333.61414759753194,False
130478,13,2024-11-01,Office,55,710.41,"$241,240.19",Sold,C0865,241240.19,339.5788206810152,True
130504,13,2024-11-01,Apartment,59,1434.04,"$402,812.70",Sold,C1908,402812.7,280.89362918747037,True
130518,13,2024-11-01,Apartment,60,1401.81,"$427,505.73",Available,,427505.73,304.96695700558564,False
130537,13,2024-11-01,Apartment,61,1333.63,"$372,328.20",Sold,C1973,372328.2,279.18403155297943,True
130547,13,2024-11-01,Apartment,63,1623.8,"$470,140.59",Sold,C0399,470140.59,289.53109373075506,True
130581,13,2024-11-01,Apartment,67,524.97,"$150,051.67",Sold,C1016,150051.67,285.8290378497819,True
140031,14,2024-11-01,Apartment,5,424.34,"$132,481.59",Sold,C1723,132481.59,312.2062261394165,True
140060,14,2024-11-01,Apartment,8,618.89,"$157,537.50",Sold,C1996,157537.5,254.5484658016772,True
140064,14,2024-11-01,Apartment,8,618.89,"$160,534.76",Sold,C1864,160534.76,259.3914265863078,True
140073,14,2024-11-01,Apartment,9,803.5,"$228,990.94",Sold,C0080,228990.94,284.99183571873056,True
140095,14,2024-11-01,Apartment,12,459.44,"$127,809.54",Sold,C1500,127809.54,278.1854866794358,True
140101,14,2024-11-01,Apartment,12,459.44,"$134,739.12",Sold,C1940,134739.12,293.26815253351907,True
140109,14,2024-11-01,Apartment,12,459.44,"$146,274.65",Sold,C0315,146274.65,318.3759576876197,True
140116,14,2024-11-01,Office,13,442.74,"$149,389.92",Sold,C1531,149389.92,337.421330803632,True
140126,14,2024-11-01,Apartment,13,442.74,"$128,009.61",Sold,C0566,128009.61,289.1304377286895,True
140142,14,2024-11-01,Apartment,15,784.04,"$198,795.95",Sold,C1692,198795.95,253.55332636089997,True
140180,14,2024-11-01,Apartment,19,1554.83,"$452,869.84",Available,,452869.84,291.26646643041363,False
140184,14,2024-11-01,Apartment,20,1224.91,"$361,431.92",Available,,361431.92,295.0681437819921,False
140192,14,2024-11-01,Apartment,21,1560.87,"$403,540.53",Sold,C0638,403540.53,258.5356435833862,True
140230,14,2024-11-01,Apartment,25,586.85,"$165,634.39",Available,,165634.39,282.2431456079066,False
140234,14,2024-11-01,Apartment,25,586.85,"$180,342.16",Sold,C0612,180342.16,307.3053761608588,True
140245,14,2024-11-01,Office,28,486.35,"$180,048.26",Sold,C1758,180048.26,370.20306363729827,True
140258,14,2024-11-01,Apartment,29,1618.34,"$441,652.41",Sold,C1077,441652.41,272.90458741673564,True
140263,14,2024-11-01,Apartment,29,1618.34,"$485,471.20",Sold,C0304,485471.2,299.9809681525514,True
140302,14,2024-11-01,Apartment,35,1152.84,"$349,684.96",Sold,C0005,349684.96,303.32479789042713,True
140312,14,2024-11-01,Apartment,36,1034.47,"$322,414.06",Sold,C0361,322414.06,311.6707686061461,True
140318,14,2024-11-01,Office,37,1469.73,"$527,180.96",Sold,C0981,527180.96,358.69238567628065,True
140356,14,2024-11-01,Apartment,43,520.49,"$152,118.46",Sold,C0011,152118.46,292.2601010586178,True
140367,14,2024-11-01,Apartment,45,1388.61,"$383,650.52",Sold,C0692,383650.52,276.2838521975213,True
140400,14,2024-11-01,Apartment,48,1941.78,"$705,388.85",Sold,C1389,705388.85,363.2691911545077,True
140418,14,2024-11-01,Apartment,51,1346.3,"$424,933.22",Available,,424933.22,315.6304092698507,False
140428,14,2024-11-01,Apartment,51,1346.3,"$444,521.07",Sold,C1099,444521.07,330.1798039070044,True
140442,14,2024-11-01,Office,52,571.74,"$188,431.43",Sold,C1873,188431.43,329.5753839157659,True
140453,14,2024-11-01,Apartment,53,1493.72,"$387,618.51",Sold,C1512,387618.51,259.4987748707924,True
140457,14,2024-11-01,Apartment,54,1724.77,"$552,928.83",Sold,C0693,552928.83,320.58119633342415,True
140466,14,2024-11-01,Apartment,55,1415.9,"$427,830.22",Sold,C1957,427830.22,302.1613249523271,True
150047,15,2024-11-01,Apartment,7,1113.85,"$342,414.51",Sold,C0123,342414.51,307.4152803339768,True
150061,15,2024-11-01,Apartment,9,565.48,"$185,323.76",Sold,C1185,185323.76,327.7282308834972,True
150076,15,2024-11-01,Apartment,11,1437.62,"$369,075.29",Sold,C1885,369075.29,256.7265967362724,True
150082,15,2024-11-01,Apartment,13,653.54,"$235,328.67",Sold,C0326,235328.67,360.083040058757,True
150094,15,2024-11-01,Apartment,15,522.71,"$145,287.94",Available,,145287.94,277.95133056570563,False
150105,15,2024-11-01,Apartment,15,522.71,"$180,780.95",Sold,C1698,180780.95,345.85324558550633,True
150115,15,2024-11-01,Apartment,16,1692.61,"$461,119.91",Sold,C1742,461119.91,272.4312806848595,True
150121,15,2024-11-01,Apartment,16,1692.61,"$522,875.60",Sold,C1643,522875.6,308.9167616875713,True
150126,15,2024-11-01,Apartment,16,1692.61,"$490,209.93",Available,,490209.93,289.61776782602016,False
150141,15,2024-11-01,Office,17,562.64,"$166,805.88",Available,,166805.88,296.4699985781317,False
150175,15,2024-11-01,Office,22,1317.29,"$468,522.56",Sold,C1652,468522.56,355.6715377783176,True
150179,15,2024-11-01,Apartment,23,1279.23,"$356,062.49",Sold,C0435,356062.49,278.34125997670475,True
150195,15,2024-11-01,Apartment,23,1279.23,"$498,655.74",Sold,C0811,498655.74,389.80929152693415,True
150201,15,2024-11-01,Apartment,23,1279.23,"$381,526.41",Available,,381526.41,298.2469219765015,False
150238,15,2024-11-01,Office,28,1567.93,"$600,656.79",Available,,600656.79,383.08903458700325,False
150257,15,2024-11-01,Apartment,30,1523.22,"$463,318.62",Sold,C1806,463318.62,304.1705203450585,True
150292,15,2024-11-01,Apartment,35,745.49,"$210,487.89",Sold,C0816,210487.89,282.3483748943648,True
150356,15,2024-11-01,Apartment,43,1655.05,"$364,678.48",Sold,C0068,364678.48,220.34287785867497,True
150391,15,2024-11-01,Apartment,50,1841.5,"$627,817.81",Sold,C0236,627817.81,340.9274015748032,True
150432,15,2024-11-01,Apartment,54,1495.13,"$471,331.07",Sold,C1015,471331.07,315.2442061894283,True
150507,15,2024-11-01,Office,60,1033.2,"$310,009.56",Available,,310009.56,300.04796747967475,False
160011,16,2024-11-01,Apartment,2,1388.75,"$364,283.73",Available,,364283.73,262.3105166516651,False
160012,16,2024-11-01,Office,2,1388.75,"$508,371.29",Sold,C0087,508371.29,366.06393519351934,True
160025,16,2024-11-01,Apartment,4,1561.55,"$395,742.90",Sold,C1492,395742.9,253.42954116102592,True
160058,16,2024-11-01,Apartment,8,986.18,"$315,292.46",Sold,C1380,315292.46,319.71086414244866,True
160077,16,2024-11-01,Apartment,9,1524.04,"$459,850.51",Sold,C0777,459850.51,301.73126033437444,True
160093,16,2024-11-01,Apartment,10,1608.56,"$558,250.19",Sold,C1286,558250.19,347.0496531058835,True
160121,16,2024-11-01,Apartment,13,500.49,"$157,919.68",Available,,157919.68,315.5301404623469,False
160203,16,2024-11-01,Apartment,25,853.37,"$260,928.85",Sold,C0905,260928.85,305.76285784595194,True
160227,16,2024-11-01,Apartment,27,1164.55,"$369,105.44",Sold,C0929,369105.44,316.95113133828517,True
160247,16,2024-11-01,Apartment,29,489.49,"$174,809.50",Sold,C1730,174809.5,357.1257839792437,True
160285,16,2024-11-01,Office,34,743.19,"$252,948.01",Sold,C1159,252948.01,340.3544315720072,True
160326,16,2024-11-01,Apartment,38,431.83,"$127,936.41",Sold,C0899,127936.41,296.2656832549846,True
160338,16,2024-11-01,Apartment,41,1001.72,"$277,637.08",Available,,277637.08,277.16036417362136,False
160352,16,2024-11-01,Office,41,1001.72,"$303,985.03",Sold,C1215,303985.03,303.4630735135567,True
160378,16,2024-11-01,Apartment,43,1185.4,"$438,939.75",Sold,C0238,438939.75,370.2882993082504,True
170020,17,2024-11-01,Apartment,1,530.28,"$153,669.57",Available,,153669.57,289.7894885720752,False
170029,17,2024-11-01,Apartment,2,1738.5,"$472,362.72",Sold,C1440,472362.72,271.70705780845555,True
170039,17,2024-11-01,Office,4,448.67,"$149,645.32",Sold,C0750,149645.32,333.53092473310005,True
170046,17,2024-11-01,Office,6,1739.03,"$505,829.95",Sold,C0511,505829.95,290.86901893584354,True
170049,17,2024-11-01,Apartment,6,1739.03,"$486,833.55",Sold,C0919,486833.55,279.94545810020526,True
170079,17,2024-11-01,Apartment,10,1059.07,"$282,046.70",Sold,C0815,282046.7,266.3154465710482,True
170080,17,2024-11-01,Apartment,10,1059.07,"$363,238.99",Sold,C1889,363238.99,342.9792081732086,True
170091,17,2024-11-01,Apartment,11,596.22,"$186,406.84",Sold,C1939,186406.84,312.64774747576394,True
170105,17,2024-11-01,Apartment,13,916.9,"$250,569.40",Sold,C1248,250569.4,273.27887446831716,True
170130,17,2024-11-01,Apartment,15,1365.73,"$441,846.20",Available,,441846.2,323.52382974672884,False
170132,17,2024-11-01,Apartment,15,1365.73,"$445,150.57",Sold,C1810,445150.57,325.9433196898362,True
170151,17,2024-11-01,Apartment,16,1693.0,"$447,263.48",Sold,C0584,447263.48,264.1839810986415,True
170189,17,2024-11-01,Apartment,20,792.27,"$263,038.44",Sold,C1536,263038.44,332.006058540649,True
170256,17,2024-11-01,Apartment,30,1200.23,"$365,284.07",Sold,C0704,365284.07,304.3450588637178,True
170307,17,2024-11-01,Apartment,38,721.83,"$204,844.07",Sold,C1217,204844.07,283.7843675103556,True
170333,17,2024-11-01,Office,41,1422.93,"$472,361.05",Available,,472361.05,331.96365949133127,False
170336,17,2024-11-01,Office,41,1422.93,"$462,947.81",Sold,C1914,462947.81,325.34826730759767,True
170339,17,2024-11-01,Office,42,691.03,"$221,164.52",Sold,C0715,221164.52,320.0505332619423,True
170348,17,2024-11-01,Apartment,45,1574.3,"$480,390.25",Sold,C0725,480390.25,305.1453026742044,True
170424,17,2024-11-01,Apartment,49,1283.67,"$385,520.65",Sold,C0635,385520.65,300.326914238083,True
180022,18,2024-11-01,Apartment,3,524.48,"$158,224.66",Sold,C1729,158224.66,301.679110738255,True
180027,18,2024-11-01,Apartment,4,1096.58,"$290,759.45",Sold,C0355,290759.45,265.15115176275333,True
180034,18,2024-11-01,Apartment,4,1096.58,"$309,174.78",Available,,309174.78,281.94457312735966,False
180061,18,2024-11-01,Office,6,840.25,"$338,265.11",Available,,338265.11,402.57674501636416,False
180079,18,2024-11-01,Apartment,11,507.04,"$150,284.25",Sold,C0337,150284.25,296.3952548122436,True
180097,18,2024-11-01,Office,13,537.4,"$161,031.99",Available,,161031.99,299.6501488649051,False
180125,18,2024-11-01,Apartment,16,1360.96,"$346,882.78",Sold,C1265,346882.78,254.88095168116624,True
180159,18,2024-11-01,Apartment,21,1790.69,"$485,944.71",Sold,C0078,485944.71,271.37288419547775,True
180168,18,2024-11-01,Office,22,1108.09,"$303,789.51",Available,,303789.51,274.1559891344566,False
180222,18,2024-11-01,Apartment,28,514.67,"$135,283.13",Available,,135283.13,262.8541201158024,False
180255,18,2024-11-01,Apartment,30,1795.66,"$567,788.73",Sold,C1431,567788.73,316.20057806043457,True
180276,18,2024-11-01,Office,33,1191.96,"$468,524.95",Sold,C0363,468524.95,393.0710342628947,True
180278,18,2024-11-01,Apartment,34,684.02,"$220,432.21",Sold,C1825,220432.21,322.2598900616941,True
180280,18,2024-11-01,Apartment,35,799.05,"$235,947.23",Sold,C0282,235947.23,295.2846880670797,True
180296,18,2024-11-01,Apartment,36,1089.77,"$350,287.08",Available,,350287.08,321.43211870394674,False
180301,18,2024-11-01,Apartment,36,1089.77,"$308,545.24",Sold,C0625,308545.24,283.1287702909788,True
180325,18,2024-11-01,Apartment,38,1219.8,"$383,353.46",Available,,383353.46,314.27566814231847,False
180333,18,2024-11-01,Apartment,38,1219.8,"$405,186.38",Available,,405186.38,332.17443843252994,False
180343,18,2024-11-01,Apartment,39,662.88,"$193,455.41",Sold,C0200,193455.41,291.84077057687665,True
180347,18,2024-11-01,Apartment,40,990.46,"$330,669.52",Sold,C0973,330669.52,333.85449185227066,True
180354,18,2024-11-01,Apartment,40,990.46,"$295,905.81",Sold,C0516,295905.81,298.7559416836621,True
180387,18,2024-11-01,Office,44,1334.77,"$380,861.11",Available,,380861.11,285.33838039512426,False
180401,18,2024-11-01,Apartment,45,1627.52,"$485,373.77",Sold,C1459,485373.77,298.229066309477,True
180407,18,2024-11-01,Apartment,45,1627.52,"$588,706.93",Available,,588706.93,361.72024306920963,False
180439,18,2024-11-01,Apartment,49,1457.92,"$433,115.11",Sold,C0063,433115.11,297.0774185140474,True
180464,18,2024-11-01,Apartment,52,1424.54,"$407,789.69",Sold,C0668,407789.69,286.26061044266925,True
180475,18,2024-11-01,Apartment,53,1806.7,"$516,252.84",Sold,C0589,516252.84,285.7435324071512,True
180479,18,2024-11-01,Apartment,53,1806.7,"$555,330.51",Sold,C0883,555330.51,307.37283998450215,True
180489,18,2024-11-01,Apartment,54,1756.12,"$492,343.42",Sold,C0035,492343.42,280.3586429173405,True
180499,18,2024-11-01,Apartment,55,930.04,"$267,387.07",Sold,C1180,267387.07,287.50061287686555,True
180503,18,2024-11-01,Apartment,56,1311.59,"$368,548.96",Available,,368548.96,280.99403014661596,False
180522,18,2024-11-01,Apartment,58,955.23,"$260,867.71",Sold,C0223,260867.71,273.0941343969515,True
180563,18,2024-11-01,Apartment,66,1631.24,"$406,624.17",Available,,406624.17,249.27304994973147,False
190025,19,2024-11-01,Apartment,5,1408.42,"$411,233.36",Sold,C0161,411233.36,291.9820508087076,True
190034,19,2024-11-01,Apartment,6,1067.81,"$326,716.56",Sold,C0062,326716.56,305.9688146767684,True
190072,19,2024-11-01,Apartment,10,747.71,"$216,518.11",Sold,C1580,216518.11,289.5749822792259,True
190077,19,2024-11-01,Apartment,11,1869.93,"$619,787.84",Sold,C0112,619787.84,331.4497548036557,True
190096,19,2024-11-01,Apartment,14,630.47,"$168,270.43",Sold,C0962,168270.43,266.89680714387674,True
190106,19,2024-11-01,Apartment,14,630.47,"$195,542.61",Available,,195542.61,310.15371072374575,False
190136,19,2024-11-01,Office,18,1599.44,"$510,826.71",Available,,510826.71,319.37847621667584,False
190154,19,2024-11-01,Apartment,19,1697.73,"$550,990.78",Available,,550990.78,324.5455873430993,False
190179,19,2024-11-01,Apartment,22,935.25,"$256,486.59",Sold,C1491,256486.59,274.2438813151564,True
190190,19,2024-11-01,Apartment,23,1592.45,"$451,808.00",Available,,451808.0,283.7187980784326,False
190210,19,2024-11-01,Apartment,25,996.38,"$296,420.21",Sold,C0311,296420.21,297.4971496818483,True
190218,19,2024-11-01,Apartment,26,668.24,"$180,602.57",Available,,180602.57,270.26602717586496,False
190220,19,2024-11-01,Office,26,668.24,"$213,075.10",Sold,C1330,213075.1,318.8601400694361,True
190232,19,2024-11-01,Apartment,28,1599.78,"$516,197.37",Available,,516197.37,322.66772306192104,False
190239,19,2024-11-01,Office,28,1599.78,"$662,403.71",Sold,C1821,662403.71,414.0592518971358,True
190242,19,2024-11-01,Office,28,1599.78,"$463,547.14",Sold,C0502,463547.14,289.75680406055835,True
190249,19,2024-11-01,Office,29,1657.84,"$575,177.72",Sold,C1764,575177.72,346.94404767649473,True
190288,19,2024-11-01,Apartment,33,1454.84,"$418,163.55",Sold,C1120,418163.55,287.42923620466854,True
190298,19,2024-11-01,Office,35,1099.62,"$354,463.37",Sold,C0887,354463.37,322.350784816573,True
190300,19,2024-11-01,Apartment,36,855.94,"$244,636.06",Available,,244636.06,285.80982311844286,False
190311,19,2024-11-01,Apartment,37,1565.26,"$539,294.72",Sold,C0481,539294.72,344.54002529931125,True
190335,19,2024-11-01,Apartment,40,893.49,"$268,225.04",Sold,C0462,268225.04,300.1992635619872,True
190347,19,2024-11-01,Office,41,1657.19,"$520,340.47",Sold,C0487,520340.47,313.9896270192313,True
190359,19,2024-11-01,Apartment,42,1137.59,"$336,636.28",Sold,C0268,336636.28,295.9205689220194,True
190364,19,2024-11-01,Office,42,1137.59,"$361,288.82",Available,,361288.82,317.59141694283534,False
190383,19,2024-11-01,Apartment,43,1697.72,"$454,489.63",Available,,454489.63,267.70588200645574,False
190410,19,2024-11-01,Office,46,1926.19,"$578,726.68",Sold,C1326,578726.68,300.45150270741726,True
200036,20,2024-11-01,Office,3,1645.93,"$564,116.06",Sold,C1767,564116.06,342.73393157667704,True
200063,20,2024-11-01,Apartment,8,1268.45,"$430,028.88",Sold,C1600,430028.88,339.01918089006267,True
200079,20,2024-11-01,Apartment,11,1722.28,"$426,159.42",Available,,426159.42,247.43910397844718,False
200080,20,2024-11-01,Apartment,11,1722.28,"$420,273.62",Sold,C1687,420273.62,244.02165733794737,True
200082,20,2024-11-01,Apartment,11,1722.28,"$531,069.60",Sold,C1434,531069.6,308.35264881436234,True
200089,20,2024-11-01,Apartment,12,856.15,"$251,932.36",Available,,251932.36,294.2619400805933,False
200101,20,2024-11-01,Apartment,14,837.37,"$221,887.98",Sold,C1910,221887.98,264.9820031766125,True
200128,20,2024-11-01,Apartment,16,645.44,"$189,778.78",Sold,C1371,189778.78,294.03008800198313,True
200133,20,2024-11-01,Apartment,16,645.44,"$209,532.60",Available,,209532.6,324.6352875557759,False
200151,20,2024-11-01,Office,18,1868.01,"$556,002.13",Available,,556002.13,297.6440864877597,False
200167,20,2024-11-01,Apartment,18,1868.01,"$632,746.53",Available,,632746.53,338.72759246470844,False
200191,20,2024-11-01,Apartment,21,954.87,"$239,906.90",Available,,239906.9,251.24561458627875,False
200203,20,2024-11-01,Apartment,24,1188.07,"$359,309.12",Sold,C1983,359309.12,302.43093420421354,True
200225,20,2024-11-01,Office,28,463.13,"$150,726.44",Available,,150726.44,325.45168743117483,False
200232,20,2024-11-01,Apartment,29,1844.16,"$579,944.58",Sold,C1550,579944.58,314.47628188443514,True
200239,20,2024-11-01,Apartment,30,1703.94,"$477,371.12",Available,,477371.12,280.15723558341256,False
200248,20,2024-11-01,Office,30,1703.94,"$515,916.62",Sold,C1293,515916.62,302.778630702959,True
200266,20,2024-11-01,Office,30,1703.94,"$411,253.40",Sold,C0532,411253.4,241.35439041280796,True
200280,20,2024-11-01,Apartment,31,1414.44,"$441,780.05",Available,,441780.05,312.33565934221315,False
200308,20,2024-11-01,Apartment,33,630.53,"$159,563.73",Sold,C0781,159563.73,253.0628677461818,True
200319,20,2024-11-01,Office,34,858.93,"$297,822.29",Sold,C0191,297822.29,346.7363929540242,True
200324,20,2024-11-01,Apartment,36,1484.99,"$487,337.89",Sold,C0530,487337.89,328.1758732382036,True
200364,20,2024-11-01,Apartment,40,428.03,"$127,354.14",Available,,127354.14,297.5355465738383,False
200375,20,2024-11-01,Apartment,40,428.03,"$110,458.66",Sold,C1873,110458.66,258.0628927878887,True
200396,20,2024-11-01,Apartment,45,1532.67,"$465,402.48",Sold,C1866,465402.48,303.6547201941709,True
200398,20,2024-11-01,Apartment,45,1532.67,"$430,163.14",Sold,C1957,430163.14,280.662595340158,True
200422,20,2024-11-01,Apartment,48,860.8,"$260,547.09",Sold,C1142,260547.09,302.6801696096654,True
200428,20,2024-11-01,Apartment,48,860.8,"$287,022.15",Sold,C0144,287022.15,333.43651254646846,True
200448,20,2024-11-01,Apartment,50,493.06,"$163,085.03",Sold,C1851,163085.03,330.7610229992293,True
200458,20,2024-11-01,Apartment,51,1062.33,"$280,856.50",Available,,280856.5,264.37782986454306,False
200489,20,2024-11-01,Apartment,56,1333.01,"$344,381.29",Available,,344381.29,258.3486170396321,False
990018,4,2024-11-01,Apartment,49,1325.31,"$377,043.60",Available,,377043.6,284.4946465355275,False
990022,5,2024-11-01,Apartment,34,798.28,"$212,916.36",Available,,212916.36,266.718895625595,False
1020,1,2024-12-01,Apartment,20,1160.36,"$398,903.42",Sold,C0005,398903.42,343.77556965079805,True
1035,1,2024-12-01,Apartment,35,827.87,"$238,811.06",Sold,C0132,238811.06,288.4644449007694,True
2006,2,2024-12-01,Apartment,6,1307.45,"$396,973.83",Sold,C0009,396973.83,303.6244827718077,True
2011,2,2024-12-01,Apartment,11,649.69,"$225,401.62",Sold,C0091,225401.62,346.9371854268959,True
2035,2,2024-12-01,Apartment,35,785.48,"$192,092.24",Sold,C0028,192092.24,244.5539542700005,True
2048,2,2024-12-01,Apartment,48,785.48,"$220,865.00",Sold,C0043,220865.0,281.1847532718847,True
3053,3,2024-12-01,Apartment,53,670.24,"$190,119.50",Sold,C0122,190119.5,283.65883862497014,True
4021,4,2024-12-01,Apartment,21,789.25,"$256,376.28",Available,,256376.28,324.83532467532467,False
4027,4,2024-12-01,Apartment,27,789.25,"$233,172.49",Available,,233172.49,295.4355273994298,False
4051,4,2024-12-01,Apartment,51,1608.84,"$496,266.41",Sold,C0001,496266.41,308.4622523060093,True
5009,5,2024-12-01,Apartment,9,798.5,"$227,072.88",Available,,227072.88,284.3743018159048,False
10028,1,2024-12-01,Office,3,788.73,"$261,844.74",Available,,261844.74,331.9827317332927,False
10034,1,2024-12-01,Apartment,4,633.61,"$199,203.79",Available,,199203.79,314.394959044207,False
10039,1,2024-12-01,Apartment,5,753.87,"$189,843.68",Sold,C1897,189843.68,251.8254871529574,True
10044,1,2024-12-01,Office,5,753.87,"$232,407.25",Sold,C0209,232407.25,308.2855797418653,True
10049,1,2024-12-01,Apartment,6,740.75,"$200,107.88",Sold,C1008,200107.88,270.1422612217347,True
10077,1,2024-12-01,Apartment,10,1439.52,"$493,851.26",Sold,C1907,493851.26,343.06661942869846,True
10089,1,2024-12-01,Apartment,12,621.14,"$193,074.48",Sold,C0254,193074.48,310.8389091026178,True
10098,1,2024-12-01,Apartment,13,719.47,"$199,968.31",Available,,199968.31,277.9383574019764,False
10121,1,2024-12-01,Apartment,15,765.0,"$296,667.95",Sold,C1170,296667.95,387.80124183006535,True
10131,1,2024-12-01,Apartment,16,612.76,"$213,430.42",Sold,C1917,213430.42,348.3099745414192,True
10134,1,2024-12-01,Office,17,608.25,"$239,307.41",Available,,239307.41,393.4359391697493,False
10219,1,2024-12-01,Apartment,25,1154.92,"$354,701.55",Sold,C1243,354701.55,307.12218162296955,True
10225,1,2024-12-01,Apartment,26,828.98,"$263,940.60",Sold,C1649,263940.6,318.3919998069917,True
10231,1,2024-12-01,Apartment,26,828.98,"$268,587.60",Available,,268587.6,323.9976839006972,False
10240,1,2024-12-01,Apartment,28,1946.26,"$530,674.29",Sold,C1459,530674.29,272.66361637191335,True
10242,1,2024-12-01,Apartment,28,1946.26,"$605,564.38",Sold,C1446,605564.38,311.14259143177173,True
10258,1,2024-12-01,Apartment,29,757.2,"$230,266.96",Available,,230266.96,304.1032223983095,False
10260,1,2024-12-01,Apartment,29,757.2,"$243,084.29",Sold,C1919,243084.29,321.0304939249868,True
10267,1,2024-12-01,Apartment,29,757.2,"$261,721.60",Sold,C1333,261721.6,345.6439513998943,True
10295,1,2024-12-01,Apartment,31,619.78,"$181,475.71",Sold,C0611,181475.71,292.80665720094225,True
10319,1,2024-12-01,Apartment,34,1469.14,"$395,086.10",Sold,C0883,395086.1,268.9233837483153,True
10357,1,2024-12-01,Apartment,38,1355.85,"$405,898.92",Sold,C0041,405898.92,299.36860272154,True
10366,1,2024-12-01,Apartment,40,784.22,"$252,147.89",Sold,C0161,252147.89,321.52698222437584,True
10381,1,2024-12-01,Apartment,44,779.24,"$270,937.97",Available,,270937.97,347.6951516862584,False
10389,1,2024-12-01,Apartment,45,767.46,"$234,640.23",Sold,C1169,234640.23,305.73610351028066,True
20032,2,2024-12-01,Apartment,4,1281.85,"$393,085.72",Available,,393085.72,306.65500643601047,False
20038,2,2024-12-01,Apartment,4,1281.85,"$391,902.09",Sold,C0037,391902.09,305.7316300659204,True
20074,2,2024-12-01,Apartment,9,584.19,"$199,444.82",Sold,C1668,199444.82,341.40402951094677,True
20083,2,2024-12-01,Office,10,788.79,"$259,489.79",Sold,C0074,259489.79,328.971957048137,True
20090,2,2024-12-01,Apartment,10,788.79,"$204,957.28",Sold,C1808,204957.28,259.83757400575564,True
20133,2,2024-12-01,Apartment,16,1117.38,"$401,500.38",Sold,C0289,401500.38,359.3230414004188,True
20136,2,2024-12-01,Apartment,17,1397.4,"$427,677.52",Sold,C0561,427677.52,306.05232574781735,True
20139,2,2024-12-01,Apartment,17,1397.4,"$407,127.60",Available,,407127.6,291.3465006440532,False
20164,2,2024-12-01,Apartment,19,795.52,"$238,133.99",Sold,C1761,238133.99,299.34381285197105,True
20189,2,2024-12-01,Apartment,22,653.41,"$187,636.65",Available,,187636.65,287.16525611790456,False
20216,2,2024-12-01,Apartment,24,785.12,"$234,080.49",Sold,C1370,234080.49,298.1461305278174,True
20242,2,2024-12-01,Apartment,26,1577.79,"$527,169.72",Sold,C0341,527169.72,334.11906527484643,True
20251,2,2024-12-01,Apartment,28,650.67,"$201,418.27",Sold,C0067,201418.27,309.55518158206155,True
20254,2,2024-12-01,Apartment,28,650.67,"$203,858.66",Sold,C0407,203858.66,313.30576175326973,True
20297,2,2024-12-01,Office,35,1391.68,"$387,396.64",Sold,C0464,387396.64,278.36617613244425,True
20310,2,2024-12-01,Apartment,36,641.72,"$175,163.42",Sold,C1050,175163.42,272.95926572336845,True
20327,2,2024-12-01,Apartment,39,788.77,"$221,263.52",Available,,221263.52,280.517159628282,False
20341,2,2024-12-01,Apartment,41,654.93,"$174,694.61",Sold,C1848,174694.61,266.7378345777411,True
20356,2,2024-12-01,Apartment,42,786.45,"$272,856.66",Sold,C0605,272856.66,346.94724394430665,True
20378,2,2024-12-01,Apartment,45,782.2,"$244,301.69",Sold,C0338,244301.69,312.32637432881614,True
20416,2,2024-12-01,Apartment,47,708.32,"$210,817.61",Sold,C1774,210817.61,297.6304636322566,True
20419,2,2024-12-01,Office,47,708.32,"$232,550.78",Available,,232550.78,328.31316354190193,False
20434,2,2024-12-01,Apartment,50,1604.8,"$507,541.50",Sold,C1033,507541.5,316.2646435692921,True
20451,2,2024-12-01,Apartment,52,914.01,"$314,302.72",Sold,C0026,314302.72,343.8722989901642,True
20454,2,2024-12-01,Office,53,781.27,"$260,279.37",Sold,C0107,260279.37,333.1490649839364,True
20477,2,2024-12-01,Apartment,55,579.26,"$165,052.35",Sold,C0140,165052.35,284.9365569865,True
20481,2,2024-12-01,Apartment,55,579.26,"$173,779.21",Sold,C0648,173779.21,300.0020888720091,True
20483,2,2024-12-01,Apartment,56,722.22,"$219,431.86",Sold,C1556,219431.86,303.8296640912741,True
30079,3,2024-12-01,Apartment,7,744.01,"$204,992.11",Sold,C1958,204992.11,275.5233262993777,True
30083,3,2024-12-01,Apartment,8,1152.39,"$376,093.90",Available,,376093.9,326.3599128767171,False
30129,3,2024-12-01,Apartment,11,1283.1,"$361,971.44",Sold,C1590,361971.44,282.10695970695974,True
30137,3,2024-12-01,Apartment,13,754.84,"$220,531.20",Available,,220531.2,292.15621853637856,False
30175,3,2024-12-01,Apartment,19,1602.22,"$535,348.43",Sold,C1151,535348.43,334.1291645342088,True
30187,3,2024-12-01,Apartment,20,802.97,"$271,251.53",Sold,C1066,271251.53,337.8102917917233,True
30239,3,2024-12-01,Apartment,27,1117.14,"$266,757.35",Sold,C1579,266757.35,238.78596236819016,True
30246,3,2024-12-01,Apartment,28,679.93,"$195,873.81",Sold,C0191,195873.81,288.0793758180989,True
30261,3,2024-12-01,Apartment,29,666.0,"$215,208.07",Available,,215208.07,323.13524024024025,False
30317,3,2024-12-01,Office,39,1598.95,"$427,479.02",Sold,C0693,427479.02,267.34983582976326,True
30319,3,2024-12-01,Apartment,39,1598.95,"$473,117.57",Sold,C1340,473117.57,295.89266080865565,True
30329,3,2024-12-01,Office,40,678.71,"$213,999.90",Sold,C1337,213999.9,315.30388531184155,True
30334,3,2024-12-01,Apartment,41,965.5,"$304,008.75",Sold,C0541,304008.75,314.87182806835835,True
30352,3,2024-12-01,Apartment,43,928.43,"$290,577.04",Sold,C1142,290577.04,312.9767887724438,True
30361,3,2024-12-01,Apartment,44,673.86,"$190,741.67",Sold,C0504,190741.67,283.05830587955955,True
30362,3,2024-12-01,Apartment,44,673.86,"$209,364.49",Available,,209364.49,310.69434303861334,False
30366,3,2024-12-01,Apartment,45,1598.85,"$470,911.04",Sold,C1447,470911.04,294.53109422397347,True
30397,3,2024-12-01,Apartment,49,1174.48,"$316,007.47",Sold,C1185,316007.47,269.06160173012734,True
30462,3,2024-12-01,Apartment,55,688.14,"$177,394.92",Sold,C1548,177394.92,257.7889964251461,True
30502,3,2024-12-01,Apartment,58,1588.14,"$459,626.95",Available,,459626.95,289.4121110229577,False
30504,3,2024-12-01,Apartment,58,1588.14,"$519,834.80",Available,,519834.8,327.323031974511,False
40066,4,2024-12-01,Apartment,7,786.36,"$235,332.62",Sold,C1806,235332.62,299.2682995065873,True
40070,4,2024-12-01,Office,7,786.36,"$229,822.20",Sold,C1345,229822.2,292.2607965817183,True
40080,4,2024-12-01,Apartment,10,1614.62,"$557,392.74",Sold,C1719,557392.74,345.2160508354907,True
40121,4,2024-12-01,Apartment,14,1322.66,"$361,289.62",Available,,361289.62,273.1538112591293,False
40218,4,2024-12-01,Apartment,26,790.05,"$224,595.39",Sold,C0114,224595.39,284.2799696221758,True
40228,4,2024-12-01,Apartment,26,790.05,"$240,880.70",Sold,C0774,240880.7,304.89298145686985,True
40268,4,2024-12-01,Office,31,793.1,"$257,496.93",Sold,C0042,257496.93,324.6714537889295,True
40278,4,2024-12-01,Apartment,33,734.73,"$189,152.52",Sold,C0046,189152.52,257.4449389571679,True
40293,4,2024-12-01,Apartment,34,795.1,"$212,131.44",Sold,C0729,212131.44,266.7984404477424,True
40353,4,2024-12-01,Apartment,42,738.34,"$254,680.10",Available,,254680.1,344.93607281198365,False
40366,4,2024-12-01,Apartment,43,1616.99,"$506,566.27",Available,,506566.27,313.27730536366954,False
40374,4,2024-12-01,Apartment,44,799.67,"$226,191.71",Available,,226191.71,282.85631573023875,False
40384,4,2024-12-01,Apartment,45,1160.48,"$323,933.82",Available,,323933.82,279.1377878119399,False
40398,4,2024-12-01,Apartment,45,1160.48,"$336,264.83",Available,,336264.83,289.76357197021923,False
40404,4,2024-12-01,Apartment,46,800.23,"$216,829.01",Available,,216829.01,270.95836197093337,False
40432,4,2024-12-01,Apartment,50,791.37,"$273,481.02",Available,,273481.02,345.5792107358126,False
50010,5,2024-12-01,Apartment,2,795.91,"$211,632.57",Available,,211632.57,265.90012689877,False
50031,5,2024-12-01,Apartment,6,775.85,"$201,788.02",Sold,C0187,201788.02,260.08638267706385,True
50032,5,2024-12-01,Apartment,7,625.24,"$207,450.34",Available,,207450.34,331.79313543599255,False
50051,5,2024-12-01,Apartment,8,782.15,"$207,569.34",Sold,C1675,207569.34,265.3830339448955,True
50072,5,2024-12-01,Apartment,10,629.27,"$200,300.40",Sold,C0946,200300.4,318.30597358844375,True
50111,5,2024-12-01,Apartment,13,791.13,"$259,068.93",Sold,C0629,259068.93,327.4669523340033,True
50120,5,2024-12-01,Apartment,15,1050.95,"$306,423.34",Sold,C0991,306423.34,291.56795280460534,True
50139,5,2024-12-01,Apartment,18,1267.03,"$391,039.93",Available,,391039.93,308.62720693274827,False
50171,5,2024-12-01,Apartment,23,1006.65,"$309,187.49",Sold,C0188,309187.49,307.14497591019716,True
50174,5,2024-12-01,Apartment,23,1006.65,"$302,949.76",Sold,C0718,302949.76,300.9484527889535,True
50175,5,2024-12-01,Office,23,1006.65,"$271,409.35",Sold,C0137,271409.35,269.61640093379026,True
50184,5,2024-12-01,Apartment,23,1006.65,"$349,312.79",Available,,349312.79,347.0052053841951,False
50187,5,2024-12-01,Apartment,23,1006.65,"$290,605.38",Available,,290605.38,288.685620622858,False
50192,5,2024-12-01,Apartment,24,807.02,"$231,022.58",Available,,231022.58,286.2662387549255,False
50230,5,2024-12-01,Apartment,31,1008.52,"$278,817.56",Available,,278817.56,276.46210288343315,False
50252,5,2024-12-01,Office,33,1787.13,"$664,530.42",Sold,C1215,664530.42,371.8422386731799,True
50276,5,2024-12-01,Office,36,627.56,"$184,184.30",Sold,C0789,184184.3,293.49273376250875,True
50311,5,2024-12-01,Apartment,41,630.83,"$174,843.11",Sold,C1959,174843.11,277.16359399521264,True
50312,5,2024-12-01,Apartment,41,630.83,"$167,124.56",Sold,C0900,167124.56,264.92804717594277,True
50356,5,2024-12-01,Apartment,44,806.03,"$260,684.22",Available,,260684.22,323.41751547709146,False
50380,5,2024-12-01,Office,46,1272.95,"$433,722.55",Available,,433722.55,340.72237715542633,False
50422,5,2024-12-01,Office,48,788.04,"$300,501.51",Sold,C1277,300501.51,381.32773717070205,True
50443,5,2024-12-01,Office,52,1755.18,"$569,679.58",Sold,C1276,569679.58,324.57046000979955,True
60013,6,2024-12-01,Apartment,1,1720.95,"$582,011.89",Sold,C1026,582011.89,338.1922136029519,True
60016,6,2024-12-01,Office,1,1720.95,"$607,591.51",Available,,607591.51,353.0558761149365,False
60123,6,2024-12-01,Apartment,10,942.08,"$254,290.00",Available,,254290.0,269.9239979619565,False
60157,6,2024-12-01,Office,13,581.47,"$203,255.63",Available,,203255.63,349.55480076358197,False
60227,6,2024-12-01,Apartment,21,833.23,"$240,771.42",Sold,C1269,240771.42,288.96153523036855,True
60231,6,2024-12-01,Apartment,22,1656.54,"$493,038.86",Sold,C1922,493038.86,297.6317263694206,True
60236,6,2024-12-01,Apartment,23,1243.4,"$365,713.38",Sold,C0854,365713.38,294.1236770146373,True
60264,6,2024-12-01,Apartment,28,1723.12,"$545,741.02",Sold,C0565,545741.02,316.7167811876132,True
60306,6,2024-12-01,Apartment,33,1131.0,"$376,815.49",Sold,C0643,376815.49,333.1701945181255,True
60319,6,2024-12-01,Apartment,35,999.85,"$294,335.41",Sold,C0152,294335.41,294.3795669350402,True
60327,6,2024-12-01,Apartment,37,1721.96,"$499,912.08",Sold,C0779,499912.08,290.31573323422145,True
60366,6,2024-12-01,Apartment,41,940.72,"$281,317.87",Sold,C1082,281317.87,299.0452738328089,True
60372,6,2024-12-01,Apartment,42,1766.89,"$599,850.78",Sold,C0644,599850.78,339.4952600331656,True
60413,6,2024-12-01,Apartment,50,1579.99,"$416,694.88",Available,,416694.88,263.732605902569,False
60421,6,2024-12-01,Apartment,51,1476.63,"$381,644.71",Available,,381644.71,258.4565598694324,False
60425,6,2024-12-01,Apartment,51,1476.63,"$485,832.54",Sold,C1916,485832.54,329.0144044208772,True
60432,6,2024-12-01,Apartment,51,1476.63,"$476,404.88",Available,,476404.88,322.62982602276804,False
60444,6,2024-12-01,Apartment,53,1170.96,"$319,044.27",Sold,C1223,319044.27,272.463850174216,True
60446,6,2024-12-01,Apartment,53,1170.96,"$391,496.99",Sold,C0843,391496.99,334.33848295415726,True
60450,6,2024-12-01,Apartment,53,1170.96,"$286,069.52",Sold,C0459,286069.52,244.30340916854547,True
60457,6,2024-12-01,Apartment,53,1170.96,"$330,774.86",Sold,C1854,330774.86,282.48177563708407,True
60475,6,2024-12-01,Apartment,55,562.37,"$172,351.28",Available,,172351.28,306.4731048953536,False
70039,7,2024-12-01,Apartment,7,1071.02,"$328,219.18",Available,,328219.18,306.45476274952847,False
70057,7,2024-12-01,Apartment,9,926.11,"$231,116.53",Available,,231116.53,249.55624061936487,False
70083,7,2024-12-01,Apartment,12,804.65,"$225,540.10",Available,,225540.1,280.29590505188594,False
70091,7,2024-12-01,Apartment,13,604.6,"$157,057.02",Sold,C0799,157057.02,259.77012901091626,True
70184,7,2024-12-01,Apartment,21,1528.62,"$433,359.30",Available,,433359.3,283.4970757938533,False
70200,7,2024-12-01,Apartment,23,1222.69,"$406,088.62",Sold,C1904,406088.62,332.1272113127612,True
70214,7,2024-12-01,Apartment,24,852.99,"$264,681.72",Sold,C1284,264681.72,310.29873738261875,True
70236,7,2024-12-01,Apartment,26,717.0,"$173,398.40",Sold,C0428,173398.4,241.83877266387725,True
70257,7,2024-12-01,Apartment,28,694.55,"$197,254.69",Sold,C0063,197254.69,284.00358505507165,True
70262,7,2024-12-01,Apartment,29,441.65,"$159,881.50",Sold,C0094,159881.5,362.00950979282237,True
70266,7,2024-12-01,Office,30,1237.23,"$383,676.59",Sold,C0711,383676.59,310.109349110513,True
70267,7,2024-12-01,Office,30,1237.23,"$348,872.01",Sold,C1995,348872.01,281.9782982953857,True
70291,7,2024-12-01,Apartment,35,613.21,"$191,074.27",Sold,C0121,191074.27,311.5967939205166,True
70296,7,2024-12-01,Apartment,35,613.21,"$166,487.84",Sold,C0724,166487.84,271.5021607605877,True
70298,7,2024-12-01,Apartment,35,613.21,"$209,673.07",Available,,209673.07,341.92702336882957,False
70311,7,2024-12-01,Apartment,37,1171.04,"$386,845.88",Sold,C1196,386845.88,330.34386528214236,True
70322,7,2024-12-01,Apartment,38,1755.26,"$558,904.53",Sold,C1507,558904.53,318.41694677711564,True
70326,7,2024-12-01,Apartment,38,1755.26,"$592,648.66",Available,,592648.66,337.6415231931452,False
70328,7,2024-12-01,Apartment,38,1755.26,"$570,156.97",Sold,C1503,570156.97,324.8276437678748,True
70370,7,2024-12-01,Apartment,43,498.61,"$139,398.80",Sold,C1212,139398.8,279.57481799402336,True
70372,7,2024-12-01,Apartment,43,498.61,"$146,361.74",Sold,C0989,146361.74,293.5395198652253,True
70377,7,2024-12-01,Apartment,43,498.61,"$144,307.67",Sold,C1618,144307.67,289.4199273981669,True
70384,7,2024-12-01,Apartment,43,498.61,"$155,195.53",Sold,C1428,155195.53,311.25635266039586,True
70385,7,2024-12-01,Apartment,44,1859.83,"$575,207.87",Sold,C0698,575207.87,309.2798105203164,True
70404,7,2024-12-01,Apartment,47,1033.08,"$302,499.83",Sold,C0667,302499.83,292.81355751732684,True
70410,7,2024-12-01,Apartment,48,533.35,"$175,165.70",Sold,C1546,175165.7,328.4254242054936,True
70426,7,2024-12-01,Apartment,49,1383.05,"$396,729.97",Sold,C1571,396729.97,286.851502114891,True
70449,7,2024-12-01,Apartment,53,884.87,"$194,671.40",Sold,C0739,194671.4,220.0,True
70463,7,2024-12-01,Apartment,54,1940.69,"$629,574.18",Sold,C0116,629574.18,324.40739118560924,True
70482,7,2024-12-01,Office,56,1589.6,"$426,772.21",Available,,426772.21,268.47773653749374,False
70483,7,2024-12-01,Apartment,56,1589.6,"$517,811.18",Sold,C1046,517811.18,325.7493583291394,True
70485,7,2024-12-01,Apartment,57,1347.67,"$431,607.68",Sold,C1498,431607.68,320.2621413253986,True
70500,7,2024-12-01,Apartment,58,1629.83,"$485,419.29",Sold,C0040,485419.29,297.8343078726002,True
80014,8,2024-12-01,Apartment,2,1097.36,"$344,860.78",Available,,344860.78,314.2640336808341,False
80031,8,2024-12-01,Apartment,4,1934.75,"$474,239.63",Sold,C0679,474239.63,245.1167489339708,True
80085,8,2024-12-01,Apartment,9,1869.81,"$629,874.36",Available,,629874.36,336.8654355255347,False
80097,8,2024-12-01,Apartment,11,742.87,"$234,850.32",Sold,C1697,234850.32,316.1391898986364,True
80112,8,2024-12-01,Apartment,14,685.93,"$163,848.69",Available,,163848.69,238.8708614581663,False
80160,8,2024-12-01,Apartment,21,1501.64,"$446,866.23",Available,,446866.23,297.5854598971791,False
80189,8,2024-12-01,Apartment,26,1625.38,"$478,106.01",Sold,C1585,478106.01,294.1502971612792,True
80192,8,2024-12-01,Apartment,26,1625.38,"$462,200.84",Sold,C0464,462200.84,284.3647885417564,True
80218,8,2024-12-01,Apartment,29,1848.51,"$498,074.48",Sold,C1084,498074.48,269.446462285841,True
80226,8,2024-12-01,Apartment,29,1848.51,"$630,993.32",Sold,C0462,630993.32,341.3523973362329,True
80235,8,2024-12-01,Apartment,30,1070.46,"$374,039.09",Available,,374039.09,349.41902546568764,False
80240,8,2024-12-01,Apartment,30,1070.46,"$301,339.52",Sold,C1848,301339.52,281.50469891448535,True
80247,8,2024-12-01,Apartment,31,1253.18,"$406,291.57",Sold,C1021,406291.57,324.20846965320226,True
80255,8,2024-12-01,Office,31,1253.18,"$385,368.41",Available,,385368.41,307.5124164126462,False
80277,8,2024-12-01,Office,33,1809.87,"$540,572.80",Sold,C1035,540572.8,298.6804577124324,True
80298,8,2024-12-01,Apartment,34,1684.75,"$456,582.84",Available,,456582.84,271.0092535984568,False
80299,8,2024-12-01,Apartment,34,1684.75,"$537,968.77",Available,,537968.77,319.316676064698,False
80374,8,2024-12-01,Apartment,45,1185.72,"$313,503.99",Available,,313503.99,264.39968120635564,False
80384,8,2024-12-01,Office,46,1175.51,"$356,052.72",Available,,356052.72,302.8921234187714,False
80401,8,2024-12-01,Office,46,1175.51,"$317,963.00",Sold,C0914,317963.0,270.48940459885495,True
80412,8,2024-12-01,Apartment,47,543.08,"$131,564.73",Available,,131564.73,242.25662885762688,False
80422,8,2024-12-01,Apartment,48,480.99,"$163,987.28",Sold,C0720,163987.28,340.93698413688435,True
80490,8,2024-12-01,Apartment,57,1949.35,"$511,531.50",Sold,C0764,511531.5,262.4113165927104,True
80502,8,2024-12-01,Apartment,58,1448.59,"$444,560.41",Sold,C1765,444560.41,306.8918120379127,True
90029,9,2024-12-01,Apartment,6,1821.59,"$483,462.07",Sold,C0369,483462.07,265.4066337650075,True
90073,9,2024-12-01,Apartment,12,952.38,"$293,944.69",Sold,C1410,293944.69,308.6422331422331,True
90090,9,2024-12-01,Office,15,1732.33,"$586,460.03",Sold,C1334,586460.03,338.5382865851195,True
90106,9,2024-12-01,Apartment,16,924.6,"$284,298.65",Sold,C0532,284298.65,307.4828574518711,True
90109,9,2024-12-01,Apartment,17,1481.32,"$453,518.72",Sold,C0405,453518.72,306.1585072772932,True
90110,9,2024-12-01,Apartment,17,1481.32,"$401,749.61",Available,,401749.61,271.21054869980827,False
90115,9,2024-12-01,Apartment,17,1481.32,"$551,780.87",Sold,C1932,551780.87,372.4926889530959,True
90119,9,2024-12-01,Apartment,18,860.97,"$271,354.98",Sold,C0419,271354.98,315.17356005435727,True
90125,9,2024-12-01,Apartment,19,1866.15,"$537,563.89",Sold,C1868,537563.89,288.06038635693807,True
90131,9,2024-12-01,Apartment,21,1261.65,"$378,534.84",Available,,378534.84,300.03157769587443,False
90132,9,2024-12-01,Apartment,21,1261.65,"$384,401.32",Available,,384401.32,304.68142511790114,False
90189,9,2024-12-01,Office,28,1931.82,"$512,682.59",Sold,C0028,512682.59,265.38838504622584,True
90204,9,2024-12-01,Apartment,30,1250.17,"$363,862.74",Sold,C1400,363862.74,291.05060911716004,True
90214,9,2024-12-01,Apartment,31,1052.27,"$319,340.28",Sold,C0958,319340.28,303.4775105248653,True
90219,9,2024-12-01,Apartment,32,707.0,"$222,525.37",Sold,C1512,222525.37,314.7459264497878,True
90285,9,2024-12-01,Apartment,36,1582.79,"$505,127.63",Sold,C0002,505127.63,319.1374913917829,True
90310,9,2024-12-01,Apartment,38,1260.31,"$374,028.63",Available,,374028.63,296.7751029508613,False
90314,9,2024-12-01,Apartment,38,1260.31,"$368,901.23",Sold,C1404,368901.23,292.7067388182273,True
90377,9,2024-12-01,Apartment,44,1351.57,"$403,458.01",Sold,C0385,403458.01,298.51062838032806,True
90417,9,2024-12-01,Apartment,53,599.72,"$195,087.94",Sold,C0491,195087.94,325.29837257386777,True
90462,9,2024-12-01,Apartment,57,1198.57,"$324,849.30",Available,,324849.3,271.03072828453907,False
90477,9,2024-12-01,Office,58,838.34,"$270,283.97",Available,,270283.97,322.403762196722,False
90482,9,2024-12-01,Apartment,58,838.34,"$240,394.52",Sold,C1121,240394.52,286.7506262375647,True
90490,9,2024-12-01,Apartment,58,838.34,"$255,059.53",Sold,C0513,255059.53,304.2435408068325,True
90528,9,2024-12-01,Apartment,60,1919.77,"$530,119.92",Sold,C0816,530119.92,276.1372039358882,True
90536,9,2024-12-01,Apartment,62,1263.44,"$426,745.42",Sold,C0097,426745.42,337.7646900525549,True
100026,10,2024-12-01,Apartment,4,1765.37,"$446,138.39",Sold,C1314,446138.39,252.71664863456388,True
100079,10,2024-12-01,Apartment,9,1849.4,"$554,297.11",Sold,C1488,554297.11,299.71726505893804,True
100081,10,2024-12-01,Apartment,10,1196.84,"$357,028.07",Sold,C1231,357028.07,298.30893853815047,True
100085,10,2024-12-01,Office,10,1196.84,"$353,703.41",Sold,C0236,353703.41,295.531073493533,True
100109,10,2024-12-01,Apartment,14,1318.01,"$306,030.71",Sold,C1620,306030.71,232.1914932360149,True
100120,10,2024-12-01,Office,15,1948.32,"$705,817.01",Sold,C0910,705817.01,362.2695501765624,True
100127,10,2024-12-01,Apartment,17,647.35,"$193,463.80",Available,,193463.8,298.8550243299606,False
100132,10,2024-12-01,Apartment,17,647.35,"$152,799.46",Sold,C1621,152799.46,236.03840271877652,True
100164,10,2024-12-01,Office,21,1251.45,"$454,589.30",Sold,C1823,454589.3,363.25006991889404,True
100180,10,2024-12-01,Office,24,708.64,"$207,485.50",Available,,207485.5,292.79394332806504,False
100198,10,2024-12-01,Apartment,26,1294.85,"$456,412.46",Sold,C1688,456412.46,352.48288218712594,True
100203,10,2024-12-01,Apartment,26,1294.85,"$354,252.16",Sold,C0204,354252.16,273.5854809437387,True
100204,10,2024-12-01,Apartment,26,1294.85,"$324,190.87",Sold,C0600,324190.87,250.36944047573078,True
100276,10,2024-12-01,Office,32,1661.46,"$379,173.42",Available,,379173.42,228.21700191397926,False
100304,10,2024-12-01,Office,36,1920.65,"$580,992.98",Sold,C1059,580992.98,302.4981022049827,True
100314,10,2024-12-01,Apartment,37,1177.85,"$342,176.37",Sold,C1921,342176.37,290.5092923547141,True
100336,10,2024-12-01,Apartment,39,1188.51,"$311,878.98",Sold,C0440,311878.98,262.4117424338037,True
100351,10,2024-12-01,Apartment,42,1757.51,"$468,096.73",Available,,468096.73,266.34086292538876,False
100395,10,2024-12-01,Office,45,1119.1,"$346,660.08",Sold,C0575,346660.08,309.76684836028954,True
100415,10,2024-12-01,Apartment,50,1138.32,"$408,310.10",Sold,C0905,408310.1,358.69535807154404,True
100425,10,2024-12-01,Apartment,50,1138.32,"$354,595.01",Sold,C0388,354595.01,311.5073178016727,True
110024,11,2024-12-01,Office,3,1479.84,"$442,609.68",Sold,C1358,442609.68,299.09292896529354,True
110025,11,2024-12-01,Office,3,1479.84,"$366,569.28",Sold,C0266,366569.28,247.70872526759652,True
110157,11,2024-12-01,Apartment,16,1829.02,"$621,750.26",Available,,621750.26,339.9362828181212,False
110163,11,2024-12-01,Apartment,17,1946.06,"$578,341.45",Available,,578341.45,297.1858267473767,False
110164,11,2024-12-01,Apartment,17,1946.06,"$589,311.20",Sold,C1542,589311.2,302.8227290011613,True
110180,11,2024-12-01,Apartment,19,1083.98,"$293,740.15",Available,,293740.15,270.9829978412886,False
110276,11,2024-12-01,Apartment,34,680.07,"$195,416.64",Sold,C1835,195416.64,287.3478318408399,True
110297,11,2024-12-01,Apartment,36,1752.38,"$552,866.95",Sold,C1534,552866.95,315.49489836679254,True
110302,11,2024-12-01,Apartment,37,1368.16,"$318,619.68",Sold,C1145,318619.68,232.88188515963043,True
110317,11,2024-12-01,Apartment,38,788.47,"$245,885.21",Sold,C1242,245885.21,311.8510659885601,True
110320,11,2024-12-01,Apartment,38,788.47,"$216,600.53",Sold,C1313,216600.53,274.70991921062307,True
110375,11,2024-12-01,Apartment,44,434.38,"$111,035.88",Sold,C0336,111035.88,255.61922740457666,True
110394,11,2024-12-01,Office,46,1798.85,"$569,216.17",Available,,569216.17,316.433371320566,False
110408,11,2024-12-01,Office,48,661.7,"$177,247.30",Available,,177247.3,267.86655584101555,False
110413,11,2024-12-01,Apartment,49,1095.85,"$378,804.75",Sold,C0805,378804.75,345.6720810329881,True
110436,11,2024-12-01,Apartment,52,1397.58,"$427,331.65",Available,,427331.65,305.765430243707,False
110463,11,2024-12-01,Apartment,54,802.65,"$223,827.64",Sold,C0558,223827.64,278.86082352208314,True
110481,11,2024-12-01,Apartment,57,1008.58,"$281,566.76",Sold,C0317,281566.76,279.1714687977156,True
110482,11,2024-12-01,Apartment,57,1008.58,"$312,680.76",Available,,312680.76,310.02078169307345,False
110528,11,2024-12-01,Apartment,62,1938.82,"$537,168.96",Sold,C1048,537168.96,277.05973736602675,True
120008,12,2024-12-01,Office,1,839.95,"$230,696.30",Sold,C0708,230696.3,274.6548008810048,True
120038,12,2024-12-01,Apartment,4,1559.34,"$469,904.90",Available,,469904.9,301.34858337501765,False
120041,12,2024-12-01,Apartment,4,1559.34,"$543,417.09",Available,,543417.09,348.4917272692293,False
120092,12,2024-12-01,Apartment,12,959.05,"$256,455.73",Sold,C0783,256455.73,267.4060059433815,True
120117,12,2024-12-01,Apartment,14,1369.96,"$444,751.33",Available,,444751.33,324.64548599959124,False
120129,12,2024-12-01,Apartment,15,1456.98,"$477,431.41",Sold,C0610,477431.41,327.6856305508655,True
120133,12,2024-12-01,Apartment,16,1523.02,"$496,384.24",Sold,C0372,496384.24,325.9210253312498,True
120157,12,2024-12-01,Apartment,17,1428.55,"$427,099.27",Available,,427099.27,298.9739736096042,False
120265,12,2024-12-01,Apartment,28,1563.65,"$462,834.75",Available,,462834.75,295.99638665941865,False
120267,12,2024-12-01,Apartment,28,1563.65,"$524,949.43",Available,,524949.43,335.72054487896906,False
120283,12,2024-12-01,Office,31,1245.29,"$368,829.15",Sold,C1401,368829.15,296.1793236916702,True
120290,12,2024-12-01,Apartment,33,1232.2,"$392,338.13",Sold,C0050,392338.13,318.40458529459505,True
120310,12,2024-12-01,Office,34,1817.64,"$593,581.03",Sold,C0335,593581.03,326.5668834312625,True
120327,12,2024-12-01,Apartment,35,1690.62,"$526,901.70",Sold,C0765,526901.7,311.66181637505764,True
120360,12,2024-12-01,Office,38,1157.23,"$431,727.12",Sold,C1420,431727.12,373.0694157600477,True
120361,12,2024-12-01,Apartment,38,1157.23,"$359,484.97",Sold,C1825,359484.97,310.6426293822317,True
120364,12,2024-12-01,Apartment,38,1157.23,"$334,058.93",Available,,334058.93,288.6711630358701,False
120370,12,2024-12-01,Office,38,1157.23,"$364,356.74",Available,,364356.74,314.85248394873963,False
120375,12,2024-12-01,Apartment,39,1653.93,"$401,863.68",Sold,C1772,401863.68,242.9750231267345,True
120406,12,2024-12-01,Office,47,1528.05,"$565,288.74",Sold,C0334,565288.74,369.9412584666732,True
130006,13,2024-12-01,Apartment,1,1899.92,"$502,325.67",Sold,C1133,502325.67,264.3930639184808,True
130008,13,2024-12-01,Apartment,1,1899.92,"$607,483.38",Sold,C1403,607483.38,319.7415575392648,True
130023,13,2024-12-01,Apartment,2,1651.02,"$588,858.11",Available,,588858.11,356.6632203122918,False
130054,13,2024-12-01,Apartment,5,441.3,"$104,509.38",Sold,C0707,104509.38,236.82161794697484,True
130085,13,2024-12-01,Apartment,10,1314.38,"$416,004.34",Available,,416004.34,316.50233570200396,False
130162,13,2024-12-01,Apartment,19,758.69,"$207,387.45",Available,,207387.45,273.34939171466607,False
130185,13,2024-12-01,Apartment,20,516.72,"$183,522.61",Sold,C0088,183522.61,355.16838906951534,True
130190,13,2024-12-01,Apartment,20,516.72,"$148,388.65",Sold,C0161,148388.65,287.1741949218145,True
130194,13,2024-12-01,Apartment,21,1680.5,"$432,134.46",Sold,C0493,432134.46,257.14636120202323,True
130205,13,2024-12-01,Apartment,24,1044.69,"$279,992.40",Sold,C1784,279992.4,268.0148177928381,True
130219,13,2024-12-01,Apartment,25,633.86,"$168,610.91",Sold,C0989,168610.91,266.006547187076,True
130225,13,2024-12-01,Apartment,26,1867.78,"$567,758.66",Sold,C1618,567758.66,303.9751255501183,True
130238,13,2024-12-01,Office,28,1173.72,"$347,424.71",Available,,347424.71,296.00305865112637,False
130241,13,2024-12-01,Apartment,28,1173.72,"$346,821.16",Available,,346821.16,295.4888389053607,False
130264,13,2024-12-01,Apartment,31,627.57,"$203,411.23",Sold,C1546,203411.23,324.12516532020334,True
130305,13,2024-12-01,Apartment,33,1445.84,"$443,394.23",Sold,C0841,443394.23,306.668946771427,True
130391,13,2024-12-01,Apartment,43,1875.83,"$605,988.38",Available,,605988.38,323.05079884637735,False
130412,13,2024-12-01,Office,47,1874.35,"$604,278.58",Available,,604278.58,322.393672473124,False
130415,13,2024-12-01,Apartment,47,1874.35,"$627,385.67",Sold,C1227,627385.67,334.7217275322112,True
130432,13,2024-12-01,Apartment,47,1874.35,"$518,691.38",Sold,C0940,518691.38,276.73133619654817,True
130462,13,2024-12-01,Apartment,53,968.77,"$351,354.52",Sold,C1736,351354.52,362.6810491654366,True
130469,13,2024-12-01,Apartment,53,968.77,"$287,821.17",Sold,C0108,287821.17,297.0995902020087,True
130482,13,2024-12-01,Apartment,55,710.41,"$177,998.09",Sold,C0752,177998.09,250.55684745428698,True
130494,13,2024-12-01,Apartment,57,1717.49,"$445,580.19",Sold,C0837,445580.19,259.4368467938678,True
130533,13,2024-12-01,Apartment,61,1333.63,"$402,189.34",Sold,C1790,402189.34,301.57490458373013,True
130540,13,2024-12-01,Apartment,63,1623.8,"$523,216.37",Sold,C0574,523216.37,322.21724966128835,True
130546,13,2024-12-01,Apartment,63,1623.8,"$407,382.75",Sold,C1925,407382.75,250.88234388471489,True
130595,13,2024-12-01,Apartment,69,736.95,"$201,663.74",Sold,C1718,201663.74,273.646434629215,True
130603,13,2024-12-01,Office,70,750.41,"$191,764.78",Sold,C0881,191764.78,255.5466744846151,True
140044,14,2024-12-01,Apartment,7,641.37,"$200,311.05",Sold,C1310,200311.05,312.31746105991857,True
140048,14,2024-12-01,Apartment,8,618.89,"$201,373.78",Available,,201373.78,325.3789526410186,False
140056,14,2024-12-01,Apartment,8,618.89,"$159,063.45",Sold,C0790,159063.45,257.01408974131107,True
140068,14,2024-12-01,Apartment,9,803.5,"$255,711.66",Sold,C1202,255711.66,318.24724331051647,True
140090,14,2024-12-01,Apartment,11,1431.42,"$399,457.77",Sold,C1774,399457.77,279.0639854130863,True
140103,14,2024-12-01,Apartment,12,459.44,"$141,906.57",Sold,C0924,141906.57,308.86855737419467,True
140121,14,2024-12-01,Apartment,13,442.74,"$134,015.89",Sold,C0026,134015.89,302.6965939377513,True
140146,14,2024-12-01,Apartment,15,784.04,"$256,044.78",Sold,C1552,256044.78,326.57106780266315,True
140215,14,2024-12-01,Apartment,23,1610.37,"$583,905.11",Sold,C1397,583905.11,362.590653079727,True
140250,14,2024-12-01,Apartment,29,1618.34,"$488,803.45",Sold,C1822,488803.45,302.04002249218337,True
140257,14,2024-12-01,Office,29,1618.34,"$507,713.37",Available,,507713.37,313.72478589171624,False
140275,14,2024-12-01,Apartment,32,1120.81,"$361,235.70",Available,,361235.7,322.2987839152042,False
140296,14,2024-12-01,Apartment,34,513.06,"$151,459.02",Sold,C0272,151459.02,295.20722722488597,True
140301,14,2024-12-01,Apartment,35,1152.84,"$353,902.36",Sold,C1410,353902.36,306.9830679018771,True
140314,14,2024-12-01,Apartment,37,1469.73,"$507,209.24",Sold,C0387,507209.24,345.1036857109809,True
140320,14,2024-12-01,Apartment,38,1170.11,"$374,000.47",Available,,374000.47,319.62847082752904,False
140331,14,2024-12-01,Apartment,39,1811.84,"$542,239.24",Sold,C0952,542239.24,299.27545478629463,True
140339,14,2024-12-01,Apartment,40,532.44,"$161,368.51",Sold,C0488,161368.51,303.0736045376005,True
140341,14,2024-12-01,Apartment,40,532.44,"$152,258.24",Sold,C0532,152258.24,285.96318834047025,True
140350,14,2024-12-01,Office,42,1350.7,"$361,293.73",Sold,C1693,361293.73,267.4862885911009,True
140374,14,2024-12-01,Apartment,45,1388.61,"$382,289.82",Sold,C0694,382289.82,275.3039514334479,True
140417,14,2024-12-01,Apartment,51,1346.3,"$432,797.51",Sold,C0028,432797.51,321.471819059645,True
140427,14,2024-12-01,Apartment,51,1346.3,"$392,801.93",Sold,C1814,392801.93,291.7640421897051,True
140468,14,2024-12-01,Apartment,55,1415.9,"$428,653.51",Sold,C0834,428653.51,302.74278550745106,True
140471,14,2024-12-01,Apartment,55,1415.9,"$412,865.90",Sold,C0637,412865.9,291.59255597146694,True
140474,14,2024-12-01,Apartment,55,1415.9,"$446,560.50",Sold,C0541,446560.5,315.38985804082205,True
150014,15,2024-12-01,Apartment,2,1522.89,"$494,892.28",Sold,C1575,494892.28,324.9691573258738,True
150034,15,2024-12-01,Apartment,5,769.6,"$245,975.45",Available,,245975.45,319.61466995841994,False
150056,15,2024-12-01,Office,9,565.48,"$158,297.69",Sold,C1017,158297.69,279.9350817005022,True
150081,15,2024-12-01,Apartment,13,653.54,"$164,118.35",Available,,164118.35,251.12211953361694,False
150098,15,2024-12-01,Apartment,15,522.71,"$161,288.11",Available,,161288.11,308.5613628972087,False
150103,15,2024-12-01,Apartment,15,522.71,"$181,197.22",Sold,C1971,181197.22,346.64961450900114,True
150129,15,2024-12-01,Apartment,17,562.64,"$188,067.00",Sold,C1548,188067.0,334.2581401962178,True
150136,15,2024-12-01,Apartment,17,562.64,"$181,983.18",Available,,181983.18,323.4451514289777,False
150154,15,2024-12-01,Office,20,1662.01,"$527,912.18",Sold,C0039,527912.18,317.63477957413016,True
150190,15,2024-12-01,Apartment,23,1279.23,"$374,108.25",Sold,C1267,374108.25,292.4479960601299,True
150204,15,2024-12-01,Apartment,23,1279.23,"$373,202.64",Sold,C0925,373202.64,291.74006238127623,True
150208,15,2024-12-01,Apartment,24,924.36,"$241,356.60",Sold,C1568,241356.6,261.1067116707776,True
150212,15,2024-12-01,Office,24,924.36,"$283,751.00",Available,,283751.0,306.9702280496776,False
150226,15,2024-12-01,Apartment,26,961.01,"$276,181.48",Available,,276181.48,287.3866869231329,False
150236,15,2024-12-01,Apartment,27,1437.97,"$352,435.83",Available,,352435.83,245.09261667489588,False
150243,15,2024-12-01,Office,29,1748.18,"$568,008.79",Sold,C1121,568008.79,324.9143623654315,True
150259,15,2024-12-01,Apartment,30,1523.22,"$394,401.98",Sold,C1372,394401.98,258.9264715536823,True
150269,15,2024-12-01,Apartment,31,1901.65,"$483,089.44",Available,,483089.44,254.03698893066547,False
150404,15,2024-12-01,Apartment,51,1689.08,"$543,106.45",Sold,C0551,543106.45,321.5398027328486,True
150448,15,2024-12-01,Apartment,55,892.75,"$271,118.72",Sold,C0300,271118.72,303.68940912909545,True
150450,15,2024-12-01,Office,55,892.75,"$301,393.71",Sold,C0270,301393.71,337.60146737608517,True
150464,15,2024-12-01,Office,56,939.93,"$255,723.60",Sold,C0193,255723.6,272.06664326066834,True
150470,15,2024-12-01,Apartment,57,429.34,"$125,572.05",Sold,C1672,125572.05,292.4769413518424,True
150500,15,2024-12-01,Apartment,59,1286.47,"$381,719.77",Sold,C1329,381719.77,296.7187497570872,True
150514,15,2024-12-01,Apartment,60,1033.2,"$309,389.23",Sold,C1818,309389.23,299.44757065427797,True
160009,16,2024-12-01,Apartment,2,1388.75,"$400,540.86",Sold,C0749,400540.86,288.4182610261026,True
160010,16,2024-12-01,Apartment,2,1388.75,"$355,804.31",Sold,C0498,355804.31,256.2047236723672,True
160029,16,2024-12-01,Apartment,4,1561.55,"$463,587.51",Available,,463587.51,296.8765073164484,False
160137,16,2024-12-01,Apartment,16,1451.17,"$436,603.35",Sold,C0519,436603.35,300.8629933088473,True
160145,16,2024-12-01,Apartment,18,1432.77,"$419,555.74",Sold,C0402,419555.74,292.82839534607785,True
160151,16,2024-12-01,Apartment,19,1163.06,"$314,295.78",Sold,C0673,314295.78,270.23178511856656,True
160167,16,2024-12-01,Apartment,21,837.95,"$260,759.58",Sold,C0524,260759.58,311.1875171549615,True
160188,16,2024-12-01,Apartment,23,594.14,"$166,825.11",Available,,166825.11,280.78417544686437,False
160202,16,2024-12-01,Apartment,25,853.37,"$262,709.90",Available,,262709.9,307.8499361355567,False
160217,16,2024-12-01,Apartment,26,1458.08,"$471,348.92",Available,,471348.92,323.2668440689125,False
160267,16,2024-12-01,Office,32,431.76,"$131,562.21",Sold,C1146,131562.21,304.7114369093941,True
160271,16,2024-12-01,Apartment,33,881.17,"$263,447.22",Available,,263447.22,298.9743409330776,False
160302,16,2024-12-01,Apartment,35,629.97,"$219,338.00",Available,,219338.0,348.17213518104035,False
160305,16,2024-12-01,Apartment,35,629.97,"$182,607.12",Sold,C1002,182607.12,289.8663745892661,True
160312,16,2024-12-01,Apartment,37,922.03,"$285,332.67",Sold,C0576,285332.67,309.4613732741885,True
160318,16,2024-12-01,Apartment,38,431.83,"$130,514.41",Sold,C0616,130514.41,302.2356251302596,True
160335,16,2024-12-01,Apartment,40,688.81,"$233,630.18",Sold,C0988,233630.18,339.1794253858103,True
160379,16,2024-12-01,Apartment,44,1695.03,"$579,072.02",Sold,C0846,579072.02,341.6293634920916,True
170045,17,2024-12-01,Office,5,1829.38,"$423,868.45",Sold,C0884,423868.45,231.7006034831473,True
170073,17,2024-12-01,Apartment,9,1505.53,"$425,964.32",Sold,C0660,425964.32,282.9331331823345,True
170102,17,2024-12-01,Apartment,12,451.91,"$129,987.09",Available,,129987.09,287.6393308402115,False
170116,17,2024-12-01,Apartment,13,916.9,"$305,098.44",Sold,C0395,305098.44,332.74996182789835,True
170136,17,2024-12-01,Office,15,1365.73,"$417,096.92",Sold,C0314,417096.92,305.4021805188434,True
170170,17,2024-12-01,Apartment,17,1827.25,"$560,968.54",Sold,C1416,560968.54,307.0015268846628,True
170180,17,2024-12-01,Apartment,20,792.27,"$276,688.99",Sold,C1025,276688.99,349.2357277190857,True
170201,17,2024-12-01,Apartment,23,1025.52,"$330,602.94",Sold,C0918,330602.94,322.3759068570091,True
170212,17,2024-12-01,Office,24,894.72,"$262,975.64",Available,,262975.64,293.9194831902718,False
170244,17,2024-12-01,Apartment,27,677.24,"$187,719.53",Sold,C0448,187719.53,277.18316992498967,True
170277,17,2024-12-01,Office,33,1532.89,"$434,121.60",Sold,C0162,434121.6,283.204665696821,True
170296,17,2024-12-01,Apartment,37,644.06,"$227,389.86",Sold,C0241,227389.86,353.05695121572523,True
170303,17,2024-12-01,Apartment,38,721.83,"$244,736.09",Available,,244736.09,339.04948533588237,False
170318,17,2024-12-01,Apartment,39,1341.67,"$415,809.78",Sold,C0500,415809.78,309.9195629327629,True
170323,17,2024-12-01,Apartment,39,1341.67,"$399,182.83",Sold,C0986,399182.83,297.52683595817155,True
170335,17,2024-12-01,Apartment,41,1422.93,"$363,367.60",Sold,C0607,363367.6,255.36575938380662,True
170373,17,2024-12-01,Office,46,1582.61,"$495,697.84",Sold,C0861,495697.84,313.2154099872995,True
170410,17,2024-12-01,Apartment,48,1833.96,"$610,364.02",Sold,C0879,610364.02,332.8120678749809,True
170414,17,2024-12-01,Apartment,48,1833.96,"$561,574.14",Sold,C0305,561574.14,306.208499640123,True
170431,17,2024-12-01,Apartment,50,1392.01,"$413,894.32",Sold,C1081,413894.32,297.3357375306212,True
170448,17,2024-12-01,Apartment,52,1742.3,"$567,471.58",Sold,C0982,567471.58,325.7025655742409,True
180009,18,2024-12-01,Apartment,1,1379.64,"$377,504.51",Sold,C0858,377504.51,273.6253732857847,True
180010,18,2024-12-01,Apartment,1,1379.64,"$419,346.92",Sold,C0717,419346.92,303.9538720245861,True
180013,18,2024-12-01,Office,2,650.96,"$212,599.63",Available,,212599.63,326.59399963131375,False
180032,18,2024-12-01,Apartment,4,1096.58,"$400,375.74",Available,,400375.74,365.11311532218355,False
180058,18,2024-12-01,Apartment,6,840.25,"$299,889.06",Available,,299889.06,356.9045641178221,False
180117,18,2024-12-01,Apartment,16,1360.96,"$381,213.39",Sold,C0695,381213.39,280.1062411826946,True
180149,18,2024-12-01,Apartment,20,1631.48,"$536,689.03",Available,,536689.03,328.9583874764018,False
180155,18,2024-12-01,Apartment,21,1790.69,"$638,860.68",Available,,638860.68,356.76788277144567,False
180156,18,2024-12-01,Apartment,21,1790.69,"$504,632.86",Available,,504632.86,281.8091685328002,False
180291,18,2024-12-01,Apartment,36,1089.77,"$347,608.97",Sold,C1827,347608.97,318.9746184974811,True
180307,18,2024-12-01,Apartment,36,1089.77,"$323,499.11",Sold,C1101,323499.11,296.850812556778,True
180335,18,2024-12-01,Apartment,38,1219.8,"$356,599.56",Available,,356599.56,292.34264633546485,False
180361,18,2024-12-01,Apartment,40,990.46,"$311,777.53",Available,,311777.53,314.78053631645906,False
180364,18,2024-12-01,Apartment,41,852.83,"$267,144.13",Sold,C1694,267144.13,313.2442925319231,True
180380,18,2024-12-01,Office,42,1045.42,"$357,661.01",Sold,C1094,357661.01,342.1218361998049,True
180382,18,2024-12-01,Apartment,43,937.7,"$254,439.10",Sold,C0696,254439.1,271.34381998506984,True
180400,18,2024-12-01,Office,45,1627.52,"$575,967.88",Sold,C1284,575967.88,353.892965985057,True
180436,18,2024-12-01,Apartment,49,1457.92,"$444,915.47",Available,,444915.47,305.17138800482877,False
180451,18,2024-12-01,Apartment,51,1527.31,"$477,444.00",Sold,C1271,477444.0,312.6045138184128,True
180461,18,2024-12-01,Apartment,52,1424.54,"$412,200.04",Sold,C0069,412200.04,289.3565923034804,True
180486,18,2024-12-01,Apartment,54,1756.12,"$559,177.67",Sold,C1529,559177.67,318.41654898298526,True
180539,18,2024-12-01,Apartment,61,1019.7,"$312,674.39",Sold,C1684,312674.39,306.63370599195844,True
180552,18,2024-12-01,Apartment,64,893.66,"$227,339.25",Available,,227339.25,254.39121142268874,False
180553,18,2024-12-01,Apartment,64,893.66,"$208,140.68",Sold,C0198,208140.68,232.90813060895644,True
180559,18,2024-12-01,Apartment,66,1631.24,"$483,647.09",Sold,C1890,483647.09,296.4904551139011,True
180571,18,2024-12-01,Apartment,66,1631.24,"$501,575.25",Sold,C0247,501575.25,307.48096540055417,True
180577,18,2024-12-01,Apartment,66,1631.24,"$412,683.22",Sold,C1541,412683.22,252.9874328731517,True
180578,18,2024-12-01,Apartment,66,1631.24,"$452,777.15",Sold,C1484,452777.15,277.56623795394916,True
190016,19,2024-12-01,Apartment,4,1225.38,"$344,641.40",Sold,C0050,344641.4,281.2526726403238,True
190019,19,2024-12-01,Apartment,4,1225.38,"$327,077.64",Sold,C0853,327077.64,266.9193556284581,True
190075,19,2024-12-01,Apartment,11,1869.93,"$585,167.95",Sold,C0421,585167.95,312.935751605675,True
190092,19,2024-12-01,Apartment,13,766.61,"$255,608.63",Sold,C0960,255608.63,333.42720548910137,True
190104,19,2024-12-01,Apartment,14,630.47,"$205,486.74",Sold,C1316,205486.74,325.9262772217552,True
190124,19,2024-12-01,Apartment,17,574.75,"$175,749.34",Sold,C0951,175749.34,305.7839756415833,True
190129,19,2024-12-01,Apartment,18,1599.44,"$521,125.08",Sold,C0321,521125.08,325.81721102385836,True
190142,19,2024-12-01,Apartment,19,1697.73,"$491,253.25",Sold,C0261,491253.25,289.35887920929713,True
190143,19,2024-12-01,Apartment,19,1697.73,"$487,600.08",Sold,C1227,487600.08,287.2070823982612,True
190160,19,2024-12-01,Apartment,20,1772.03,"$459,381.05",Sold,C0840,459381.05,259.23999593686335,True
190172,19,2024-12-01,Apartment,21,477.75,"$151,362.59",Available,,151362.59,316.8238409209838,False
190177,19,2024-12-01,Apartment,22,935.25,"$298,017.54",Sold,C1168,298017.54,318.65013632718524,True
190200,19,2024-12-01,Apartment,24,620.51,"$206,458.43",Available,,206458.43,332.7237756039387,False
190201,19,2024-12-01,Apartment,25,996.38,"$289,350.19",Sold,C0473,289350.19,290.4014432244726,True
190217,19,2024-12-01,Office,26,668.24,"$199,931.08",Sold,C0008,199931.08,299.1905303483778,True
190221,19,2024-12-01,Apartment,26,668.24,"$199,853.80",Sold,C0090,199853.8,299.07488327546986,True
190235,19,2024-12-01,Apartment,28,1599.78,"$566,395.41",Sold,C1032,566395.41,354.04581254922556,True
190245,19,2024-12-01,Apartment,29,1657.84,"$473,439.56",Sold,C0539,473439.56,285.5761472759736,True
190258,19,2024-12-01,Apartment,29,1657.84,"$477,048.94",Sold,C1328,477048.94,287.7533055059596,True
190292,19,2024-12-01,Apartment,34,783.42,"$259,829.62",Sold,C0173,259829.62,331.6606928595134,True
190297,19,2024-12-01,Apartment,35,1099.62,"$435,759.96",Available,,435759.96,396.2823157090632,False
190305,19,2024-12-01,Apartment,37,1565.26,"$458,129.19",Sold,C0464,458129.19,292.68568161200056,True
190323,19,2024-12-01,Apartment,39,1237.04,"$363,695.77",Sold,C0891,363695.77,294.00485837159675,True
190329,19,2024-12-01,Apartment,39,1237.04,"$344,804.54",Available,,344804.54,278.73354135678716,False
190334,19,2024-12-01,Apartment,40,893.49,"$225,808.71",Sold,C0514,225808.71,252.72662256992243,True
190337,19,2024-12-01,Apartment,40,893.49,"$283,267.47",Sold,C1218,283267.47,317.03485209683373,True
190344,19,2024-12-01,Apartment,40,893.49,"$264,363.94",Sold,C0691,264363.94,295.87789454834416,True
190357,19,2024-12-01,Apartment,42,1137.59,"$340,542.60",Sold,C1991,340542.6,299.3544247048585,True
190365,19,2024-12-01,Apartment,42,1137.59,"$316,898.28",Sold,C0605,316898.28,278.5698538137642,True
190371,19,2024-12-01,Apartment,42,1137.59,"$354,756.38",Sold,C0284,354756.38,311.84906688701557,True
190399,19,2024-12-01,Apartment,46,1926.19,"$577,630.33",Sold,C1920,577630.33,299.88232209698936,True
200018,20,2024-12-01,Office,1,1898.39,"$699,865.87",Available,,699865.87,368.662851152819,False
200022,20,2024-12-01,Apartment,2,1669.84,"$594,550.99",Available,,594550.99,356.0526697168591,False
200028,20,2024-12-01,Office,3,1645.93,"$509,367.59",Sold,C1531,509367.59,309.47099208350295,True
200107,20,2024-12-01,Apartment,14,837.37,"$252,186.35",Sold,C1997,252186.35,301.16477781625804,True
200114,20,2024-12-01,Apartment,15,1805.12,"$470,809.32",Sold,C0966,470809.32,260.8188486084028,True
200140,20,2024-12-01,Apartment,17,1089.33,"$285,954.40",Sold,C1566,285954.4,262.5048424260784,True
200166,20,2024-12-01,Apartment,18,1868.01,"$541,416.84",Sold,C1260,541416.84,289.8361571940193,True
200173,20,2024-12-01,Apartment,19,759.72,"$232,129.93",Sold,C0939,232129.93,305.5466882535671,True
200176,20,2024-12-01,Apartment,19,759.72,"$225,648.44",Available,,225648.44,297.0152687832359,False
200193,20,2024-12-01,Apartment,22,460.81,"$146,612.19",Sold,C1173,146612.19,318.1619105488162,True
200202,20,2024-12-01,Apartment,24,1188.07,"$394,828.55",Sold,C1030,394828.55,332.3276827122981,True
200205,20,2024-12-01,Apartment,25,780.74,"$244,512.28",Sold,C0221,244512.28,313.18016241002124,True
200211,20,2024-12-01,Apartment,26,1941.62,"$532,651.76",Sold,C1423,532651.76,274.3336801227841,True
200213,20,2024-12-01,Apartment,26,1941.62,"$502,440.47",Sold,C0409,502440.47,258.77384349151737,True
200291,20,2024-12-01,Apartment,32,1630.81,"$462,356.44",Sold,C0866,462356.44,283.5133706562996,True
200295,20,2024-12-01,Apartment,33,630.53,"$218,348.87",Sold,C1855,218348.87,346.2941810857533,True
200312,20,2024-12-01,Office,34,858.93,"$312,624.46",Sold,C0754,312624.46,363.9696599257216,True
200320,20,2024-12-01,Apartment,34,858.93,"$244,324.93",Sold,C0406,244324.93,284.4526678541907,True
200323,20,2024-12-01,Apartment,36,1484.99,"$467,621.17",Sold,C0348,467621.17,314.8985313032411,True
200349,20,2024-12-01,Apartment,38,1499.47,"$387,376.74",Sold,C0028,387376.74,258.3424409958185,True
200402,20,2024-12-01,Apartment,46,1227.49,"$356,609.27",Sold,C1686,356609.27,290.5190836585227,True
200433,20,2024-12-01,Apartment,48,860.8,"$236,640.56",Available,,236640.56,274.90771375464686,False
200451,20,2024-12-01,Apartment,51,1062.33,"$334,718.74",Sold,C1096,334718.74,315.0798151233609,True
200482,20,2024-12-01,Apartment,54,589.61,"$148,198.24",Sold,C0379,148198.24,251.3496039755092,True
200485,20,2024-12-01,Apartment,56,1333.01,"$343,595.19",Sold,C1214,343595.19,257.7588990330155,True
200486,20,2024-12-01,Apartment,56,1333.01,"$373,874.21",Sold,C0370,373874.21,280.4736723655487,True
200500,20,2024-12-01,Office,58,1208.52,"$384,992.37",Sold,C0095,384992.37,318.5651623473339,True
990008,3,2024-12-01,Apartment,7,720.38,"$216,552.71",Available,,216552.71,300.6089980288181,False
990021,5,2024-12-01,Apartment,30,1057.92,"$351,304.58",Available,,351304.58,332.0710261645493,False
1002,1,2025-01-01,Office,2,1238.58,"$410,932.67",Sold,C0102,410932.67,331.77725298325504,True
1033,1,2025-01-01,Apartment,33,1434.09,"$412,856.56",Sold,C0025,412856.56,287.8874826545057,True
2001,2,2025-01-01,Apartment,1,587.28,"$169,158.29",Sold,C0014,169158.29,288.03686486854656,True
3019,3,2025-01-01,Apartment,19,680.57,"$230,154.53",Sold,C0118,230154.53,338.1790704850346,True
4020,4,2025-01-01,Apartment,20,1611.85,"$498,994.03",Available,,498994.03,309.57845333002456,False
4023,4,2025-01-01,Apartment,23,794.52,"$235,633.26",Sold,C0158,235633.26,296.5731007400695,True
4025,4,2025-01-01,Apartment,25,733.19,"$236,608.95",Sold,C0007,236608.95,322.7116436394386,True
10017,1,2025-01-01,Apartment,3,788.73,"$285,152.79",Available,,285152.79,361.5340991213723,False
10045,1,2025-01-01,Apartment,5,753.87,"$226,602.24",Sold,C1305,226602.24,300.58529985275976,True
10050,1,2025-01-01,Office,6,740.75,"$236,641.59",Available,,236641.59,319.4621532230847,False
10075,1,2025-01-01,Apartment,10,1439.52,"$421,479.88",Sold,C0509,421479.88,292.79195843058795,True
10097,1,2025-01-01,Apartment,13,719.47,"$205,329.68",Sold,C1080,205329.68,285.3901900009729,True
10142,1,2025-01-01,Apartment,18,716.85,"$187,240.43",Available,,187240.43,261.19889795633674,False
10154,1,2025-01-01,Apartment,20,1146.24,"$342,738.34",Available,,342738.34,299.0109750139587,False
10163,1,2025-01-01,Office,20,1146.24,"$286,502.53",Available,,286502.53,249.9498621580123,False
10196,1,2025-01-01,Apartment,23,1201.5,"$369,648.47",Available,,369648.47,307.655821889305,False
10205,1,2025-01-01,Apartment,24,1146.11,"$372,663.50",Available,,372663.5,325.15508982558396,False
10226,1,2025-01-01,Apartment,26,828.98,"$302,468.70",Sold,C0186,302468.7,364.8685131124997,True
10245,1,2025-01-01,Office,29,757.2,"$277,875.52",Sold,C1160,277875.52,366.97770734284205,True
10265,1,2025-01-01,Apartment,29,757.2,"$267,927.55",Available,,267927.55,353.83987057580555,False
10304,1,2025-01-01,Apartment,32,800.77,"$228,154.68",Sold,C0668,228154.68,284.9191153514742,True
10327,1,2025-01-01,Apartment,35,1168.59,"$310,562.19",Sold,C0120,310562.19,265.75804174261293,True
10348,1,2025-01-01,Apartment,37,758.3,"$240,860.60",Sold,C1503,240860.6,317.6323354872742,True
10350,1,2025-01-01,Apartment,38,1355.85,"$474,858.86",Sold,C0746,474858.86,350.22964192204154,True
10420,1,2025-01-01,Apartment,49,629.24,"$184,627.23",Available,,184627.23,293.4130538427309,False
20015,2,2025-01-01,Apartment,2,788.72,"$267,893.43",Sold,C1605,267893.43,339.65593620042597,True
20141,2,2025-01-01,Office,17,1397.4,"$474,237.35",Sold,C1013,474237.35,339.3712251323887,True
20165,2,2025-01-01,Office,19,795.52,"$254,773.64",Sold,C1951,254773.64,320.26050884955754,True
20177,2,2025-01-01,Apartment,20,727.55,"$218,055.03",Sold,C1392,218055.03,299.71140127826266,True
20214,2,2025-01-01,Apartment,24,785.12,"$237,035.97",Sold,C1330,237035.97,301.9104977583045,True
20372,2,2025-01-01,Apartment,44,580.26,"$188,055.47",Sold,C1850,188055.47,324.0882880088236,True
20415,2,2025-01-01,Apartment,47,708.32,"$214,449.87",Sold,C0047,214449.87,302.75845662977184,True
20456,2,2025-01-01,Apartment,54,924.4,"$268,881.64",Sold,C1843,268881.64,290.8715274772826,True
20460,2,2025-01-01,Apartment,54,924.4,"$282,193.58",Sold,C1989,282193.58,305.27215491129385,True
20476,2,2025-01-01,Office,55,579.26,"$136,944.18",Sold,C1552,136944.18,236.4122846390222,True
30086,3,2025-01-01,Apartment,8,1152.39,"$337,354.39",Available,,337354.39,292.7432466439313,False
30136,3,2025-01-01,Apartment,13,754.84,"$221,376.35",Sold,C0874,221376.35,293.2758597848551,True
30191,3,2025-01-01,Apartment,21,1122.15,"$378,433.14",Available,,378433.14,337.23935302767006,False
30198,3,2025-01-01,Apartment,21,1122.15,"$325,454.57",Sold,C1923,325454.57,290.0276879205097,True
30234,3,2025-01-01,Apartment,27,1117.14,"$395,854.74",Sold,C1445,395854.74,354.3465814490574,True
30244,3,2025-01-01,Apartment,28,679.93,"$207,951.17",Sold,C0563,207951.17,305.84202785580874,True
30247,3,2025-01-01,Apartment,28,679.93,"$214,175.32",Sold,C0406,214175.32,314.9961319547601,True
30252,3,2025-01-01,Apartment,28,679.93,"$225,228.02",Sold,C0197,225228.02,331.2517759181092,True
30281,3,2025-01-01,Apartment,32,777.85,"$244,977.74",Sold,C0084,244977.74,314.9421353731439,True
30348,3,2025-01-01,Apartment,42,1343.96,"$406,705.44",Sold,C0544,406705.44,302.61722075061755,True
30384,3,2025-01-01,Apartment,47,691.09,"$202,725.25",Sold,C1576,202725.25,293.3413158922861,True
30387,3,2025-01-01,Apartment,47,691.09,"$204,994.87",Sold,C0103,204994.87,296.62543228812456,True
30406,3,2025-01-01,Apartment,49,1174.48,"$325,999.89",Sold,C1404,325999.89,277.5695541856822,True
30407,3,2025-01-01,Apartment,49,1174.48,"$385,011.74",Sold,C0542,385011.74,327.8146413732035,True
30419,3,2025-01-01,Apartment,49,1174.48,"$338,313.48",Sold,C1820,338313.48,288.0538451059192,True
30458,3,2025-01-01,Apartment,54,787.64,"$247,736.87",Sold,C1140,247736.87,314.53058503885023,True
30465,3,2025-01-01,Apartment,56,1179.42,"$390,678.42",Sold,C1178,390678.42,331.2462227196418,True
30476,3,2025-01-01,Apartment,56,1179.42,"$352,620.85",Available,,352620.85,298.97818419223006,False
30478,3,2025-01-01,Apartment,56,1179.42,"$396,573.07",Sold,C1268,396573.07,336.24414542741346,True
30495,3,2025-01-01,Apartment,58,1588.14,"$468,351.84",Available,,468351.84,294.9058899089501,False
40041,4,2025-01-01,Apartment,4,783.03,"$280,086.40",Sold,C1717,280086.4,357.6956183032579,True
40045,4,2025-01-01,Apartment,5,786.98,"$239,134.14",Sold,C0397,239134.14,303.8630460748685,True
40055,4,2025-01-01,Apartment,5,786.98,"$251,404.16",Sold,C0349,251404.16,319.4543190424153,True
40077,4,2025-01-01,Apartment,10,1614.62,"$500,013.28",Sold,C1049,500013.28,309.67861168572176,True
40217,4,2025-01-01,Apartment,26,790.05,"$248,127.36",Sold,C1072,248127.36,314.06538826656544,True
40225,4,2025-01-01,Apartment,26,790.05,"$238,107.01",Sold,C0410,238107.01,301.38220365799634,True
40310,4,2025-01-01,Apartment,37,800.13,"$225,340.35",Available,,225340.35,281.6296726781898,False
40311,4,2025-01-01,Apartment,37,800.13,"$200,713.96",Available,,200713.96,250.85168660092734,False
40316,4,2025-01-01,Apartment,39,743.73,"$231,799.35",Sold,C1581,231799.35,311.67137267556774,True
40321,4,2025-01-01,Apartment,39,743.73,"$255,069.28",Sold,C0917,255069.28,342.959514877711,True
40364,4,2025-01-01,Apartment,43,1616.99,"$531,552.36",Available,,531552.36,328.72952832113987,False
50022,5,2025-01-01,Apartment,4,799.1,"$229,209.92",Sold,C1443,229209.92,286.83508947566014,True
50060,5,2025-01-01,Office,9,793.56,"$241,777.75",Sold,C0741,241777.75,304.6748197993851,True
50062,5,2025-01-01,Apartment,9,793.56,"$245,523.79",Sold,C1349,245523.79,309.3953702303544,True
50100,5,2025-01-01,Apartment,12,787.5,"$208,063.37",Sold,C1055,208063.37,264.20745396825396,True
50134,5,2025-01-01,Office,17,798.74,"$232,448.63",Sold,C1747,232448.63,291.01914264967326,True
50165,5,2025-01-01,Apartment,22,1059.78,"$344,895.35",Sold,C1373,344895.35,325.44051595614184,True
50166,5,2025-01-01,Apartment,22,1059.78,"$306,962.07",Sold,C1449,306962.07,289.64697390024344,True
50176,5,2025-01-01,Apartment,23,1006.65,"$324,753.38",Available,,324753.38,322.60803655689665,False
50188,5,2025-01-01,Apartment,24,807.02,"$260,912.82",Sold,C0652,260912.82,323.30403211816315,True
50222,5,2025-01-01,Apartment,29,786.28,"$231,969.34",Available,,231969.34,295.021290125655,False
50266,5,2025-01-01,Apartment,35,605.55,"$197,165.85",Sold,C1598,197165.85,325.5979687887045,True
50377,5,2025-01-01,Apartment,46,1272.95,"$327,517.83",Sold,C1206,327517.83,257.29041203503675,True
50388,5,2025-01-01,Apartment,46,1272.95,"$363,708.24",Sold,C0033,363708.24,285.72075886719824,True
50390,5,2025-01-01,Apartment,46,1272.95,"$359,443.76",Available,,359443.76,282.3706822734593,False
50414,5,2025-01-01,Office,47,1241.14,"$354,546.23",Sold,C0395,354546.23,285.6617545160094,True
60048,6,2025-01-01,Apartment,4,1925.28,"$521,054.42",Sold,C1356,521054.42,270.6382552148259,True
60056,6,2025-01-01,Apartment,5,1617.43,"$521,703.52",Sold,C0220,521703.52,322.5509110131505,True
60061,6,2025-01-01,Apartment,5,1617.43,"$573,660.29",Sold,C1650,573660.29,354.673951886635,True
60072,6,2025-01-01,Apartment,7,1075.42,"$317,822.29",Sold,C1797,317822.29,295.5331777352104,True
60098,6,2025-01-01,Apartment,7,1075.42,"$316,514.21",Sold,C0375,316514.21,294.31683435309,True
60136,6,2025-01-01,Apartment,11,1719.85,"$602,654.49",Sold,C1424,602654.49,350.41107654737334,True
60173,6,2025-01-01,Apartment,15,1392.45,"$482,685.96",Sold,C1914,482685.96,346.6450931810837,True
60189,6,2025-01-01,Apartment,19,1542.71,"$389,622.67",Sold,C1354,389622.67,252.5572985201366,True
60207,6,2025-01-01,Apartment,20,1897.17,"$530,773.97",Sold,C0861,530773.97,279.77143324003646,True
60250,6,2025-01-01,Apartment,25,1086.43,"$339,531.13",Sold,C0836,339531.13,312.5200242997708,True
60276,6,2025-01-01,Apartment,30,552.59,"$159,939.07",Sold,C0158,159939.07,289.4353318011546,True
60358,6,2025-01-01,Apartment,41,940.72,"$322,598.15",Sold,C1559,322598.15,342.9268538991411,True
60384,6,2025-01-01,Apartment,43,1492.81,"$475,627.51",Available,,475627.51,318.6122212471782,False
60424,6,2025-01-01,Apartment,51,1476.63,"$402,848.90",Sold,C1041,402848.9,272.816413048631,True
70030,7,2025-01-01,Apartment,5,1144.09,"$349,604.45",Available,,349604.45,305.57425552185583,False
70101,7,2025-01-01,Office,13,604.6,"$172,730.12",Sold,C1420,172730.12,285.69321865696327,True
70103,7,2025-01-01,Apartment,13,604.6,"$168,102.17",Sold,C1759,168102.17,278.0386536553093,True
70110,7,2025-01-01,Apartment,15,602.92,"$183,532.39",Available,,183532.39,304.40587474291783,False
70118,7,2025-01-01,Apartment,15,602.92,"$197,392.19",Sold,C1052,197392.19,327.3936674849068,True
70133,7,2025-01-01,Apartment,16,1239.87,"$392,998.19",Sold,C1238,392998.19,316.967254631534,True
70148,7,2025-01-01,Apartment,18,703.28,"$237,741.19",Sold,C1931,237741.19,338.04628313047436,True
70219,7,2025-01-01,Apartment,24,852.99,"$291,299.93",Sold,C1183,291299.93,341.5045076730091,True
70228,7,2025-01-01,Apartment,25,573.8,"$181,396.76",Sold,C0027,181396.76,316.1323806204253,True
70234,7,2025-01-01,Apartment,26,717.0,"$175,221.24",Sold,C1653,175221.24,244.38108786610877,True
70254,7,2025-01-01,Apartment,28,694.55,"$189,255.74",Available,,189255.74,272.48684759916495,False
70335,7,2025-01-01,Apartment,40,1138.18,"$349,106.37",Sold,C0587,349106.37,306.7233390149185,True
70341,7,2025-01-01,Apartment,41,1093.92,"$330,897.08",Sold,C1669,330897.08,302.487457949393,True
70342,7,2025-01-01,Apartment,41,1093.92,"$282,085.85",Sold,C0161,282085.85,257.8669829603627,True
70374,7,2025-01-01,Apartment,43,498.61,"$164,944.49",Sold,C0198,164944.49,330.8086279858005,True
70376,7,2025-01-01,Apartment,43,498.61,"$148,232.84",Available,,148232.84,297.29215218306894,False
70413,7,2025-01-01,Apartment,48,533.35,"$157,806.81",Sold,C1289,157806.81,295.8785225461704,True
70417,7,2025-01-01,Apartment,49,1383.05,"$434,807.71",Available,,434807.71,314.383218249521,False
70438,7,2025-01-01,Apartment,51,648.27,"$214,948.78",Sold,C1871,214948.78,331.5729248615546,True
70450,7,2025-01-01,Office,54,1940.69,"$550,949.39",Sold,C0136,550949.39,283.8935584766243,True
70501,7,2025-01-01,Office,58,1629.83,"$464,148.93",Sold,C1610,464148.93,284.78364614714417,True
70516,7,2025-01-01,Office,60,1219.54,"$334,261.40",Available,,334261.4,274.0880987913476,False
80015,8,2025-01-01,Apartment,2,1097.36,"$363,064.89",Sold,C0198,363064.89,330.8530382007728,True
80050,8,2025-01-01,Apartment,5,887.23,"$296,098.37",Sold,C0911,296098.37,333.7334963876334,True
80082,8,2025-01-01,Apartment,9,1869.81,"$567,459.84",Sold,C1275,567459.84,303.4852952973832,True
80149,8,2025-01-01,Apartment,19,865.63,"$244,406.00",Sold,C0574,244406.0,282.344650716819,True
80204,8,2025-01-01,Office,28,1431.61,"$389,141.48",Sold,C0163,389141.48,271.82087300312236,True
80233,8,2025-01-01,Apartment,30,1070.46,"$318,391.04",Available,,318391.04,297.43385086785116,False
80261,8,2025-01-01,Apartment,31,1253.18,"$375,272.42",Sold,C1319,375272.42,299.45611963165703,True
80278,8,2025-01-01,Apartment,33,1809.87,"$580,646.02",Available,,580646.02,320.8219485377403,False
80318,8,2025-01-01,Apartment,37,890.65,"$282,175.27",Sold,C0537,282175.27,316.81948015494305,True
90121,9,2025-01-01,Apartment,18,860.97,"$244,266.24",Sold,C0011,244266.24,283.7105125614133,True
90235,9,2025-01-01,Apartment,33,973.52,"$306,463.10",Available,,306463.1,314.79897690853807,False
90258,9,2025-01-01,Apartment,34,1577.36,"$437,298.41",Available,,437298.41,277.23437262260995,False
90287,9,2025-01-01,Apartment,36,1582.79,"$502,456.39",Sold,C0123,502456.39,317.44981330435496,True
90297,9,2025-01-01,Apartment,36,1582.79,"$434,288.76",Sold,C1639,434288.76,274.3817941735796,True
90306,9,2025-01-01,Apartment,38,1260.31,"$409,323.23",Sold,C1210,409323.23,324.7798002078854,True
90348,9,2025-01-01,Apartment,41,1488.32,"$433,230.74",Sold,C1540,433230.74,291.087091485702,True
90367,9,2025-01-01,Apartment,44,1351.57,"$370,487.95",Available,,370487.95,274.1167309129383,False
90368,9,2025-01-01,Apartment,44,1351.57,"$398,764.96",Available,,398764.96,295.03833319768864,False
90379,9,2025-01-01,Office,44,1351.57,"$463,860.46",Sold,C0508,463860.46,343.20121044415015,True
90394,9,2025-01-01,Apartment,47,1262.78,"$354,323.80",Sold,C1342,354323.8,280.5902849269073,True
90413,9,2025-01-01,Apartment,53,599.72,"$199,212.53",Available,,199212.53,332.17589875275127,False
90425,9,2025-01-01,Apartment,53,599.72,"$159,920.20",Sold,C0365,159920.2,266.65810711665443,True
90451,9,2025-01-01,Office,56,1516.4,"$570,859.46",Sold,C1568,570859.46,376.4570429965708,True
90476,9,2025-01-01,Apartment,58,838.34,"$242,986.14",Sold,C0645,242986.14,289.84199728033974,True
90517,9,2025-01-01,Apartment,59,1697.13,"$522,341.36",Available,,522341.36,307.77922728370834,False
100055,10,2025-01-01,Apartment,6,842.66,"$256,100.46",Sold,C0195,256100.46,303.9190895497591,True
100067,10,2025-01-01,Office,9,1849.4,"$561,351.99",Sold,C0832,561351.99,303.53195090299556,True
100095,10,2025-01-01,Apartment,11,1675.44,"$510,194.12",Sold,C0332,510194.12,304.51351286826144,True
100101,10,2025-01-01,Apartment,12,852.74,"$271,729.26",Sold,C0930,271729.26,318.65429087412343,True
100167,10,2025-01-01,Office,22,1116.68,"$285,833.85",Sold,C0193,285833.85,255.96755561127625,True
100222,10,2025-01-01,Apartment,27,777.35,"$213,904.67",Available,,213904.67,275.1716343989194,False
100301,10,2025-01-01,Apartment,35,1675.74,"$543,673.09",Sold,C1942,543673.09,324.43761562056164,True
100349,10,2025-01-01,Apartment,42,1757.51,"$535,002.72",Sold,C0187,535002.72,304.4094884239634,True
100356,10,2025-01-01,Apartment,43,1093.67,"$331,504.20",Sold,C1115,331504.2,303.1117247432955,True
100372,10,2025-01-01,Apartment,43,1093.67,"$282,078.89",Sold,C1738,282078.89,257.91956440242484,True
100396,10,2025-01-01,Apartment,46,1525.34,"$434,337.24",Sold,C1514,434337.24,284.74782015812866,True
110033,11,2025-01-01,Office,4,1414.25,"$381,879.40",Sold,C0313,381879.4,270.02255612515467,True
110036,11,2025-01-01,Office,4,1414.25,"$446,236.57",Sold,C0135,446236.57,315.5287749690649,True
110048,11,2025-01-01,Apartment,6,1724.08,"$585,004.16",Sold,C1186,585004.16,339.31381374414184,True
110050,11,2025-01-01,Apartment,6,1724.08,"$516,397.54",Sold,C0012,516397.54,299.5206370934063,True
110067,11,2025-01-01,Apartment,8,1001.41,"$279,379.41",Sold,C0577,279379.41,278.98603968404547,True
110073,11,2025-01-01,Apartment,8,1001.41,"$283,671.40",Sold,C0967,283671.4,283.2719864990364,True
110089,11,2025-01-01,Office,10,1519.64,"$527,746.08",Sold,C0768,527746.08,347.28361980469055,True
110120,11,2025-01-01,Office,13,474.93,"$161,687.29",Available,,161687.29,340.444465500179,False
110166,11,2025-01-01,Apartment,18,1562.55,"$449,725.17",Sold,C0789,449725.17,287.81489872324084,True
110221,11,2025-01-01,Apartment,27,1638.1,"$418,232.26",Available,,418232.26,255.31546303644467,False
110224,11,2025-01-01,Apartment,27,1638.1,"$529,761.19",Sold,C0472,529761.19,323.3997863378304,True
110242,11,2025-01-01,Apartment,29,993.51,"$307,831.28",Sold,C0181,307831.28,309.8421555897777,True
110284,11,2025-01-01,Office,34,680.07,"$191,273.75",Sold,C0582,191273.75,281.2559736497713,True
110306,11,2025-01-01,Apartment,37,1368.16,"$375,698.11",Sold,C0130,375698.11,274.6010042685066,True
110311,11,2025-01-01,Apartment,38,788.47,"$217,061.60",Available,,217061.6,275.2946846424087,False
110427,11,2025-01-01,Apartment,50,948.72,"$237,505.20",Sold,C1609,237505.2,250.34277763723756,True
110472,11,2025-01-01,Apartment,56,724.8,"$203,988.37",Available,,203988.37,281.4409078366446,False
110523,11,2025-01-01,Apartment,62,1938.82,"$611,138.02",Available,,611138.02,315.2113244138187,False
110524,11,2025-01-01,Apartment,62,1938.82,"$523,101.86",Sold,C0715,523101.86,269.80424175529447,True
110541,11,2025-01-01,Office,62,1938.82,"$693,830.82",Sold,C1354,693830.82,357.86242147285463,True
120032,12,2025-01-01,Apartment,3,1469.27,"$445,260.24",Sold,C0683,445260.24,303.0486159793639,True
120050,12,2025-01-01,Apartment,5,495.04,"$148,566.34",Sold,C0621,148566.34,300.109768907563,True
120052,12,2025-01-01,Apartment,5,495.04,"$164,106.72",Available,,164106.72,331.50193923723333,False
120064,12,2025-01-01,Apartment,8,1803.36,"$526,401.55",Sold,C1453,526401.55,291.9004247626653,True
120079,12,2025-01-01,Apartment,9,857.88,"$268,688.51",Sold,C1381,268688.51,313.20057583811257,True
120116,12,2025-01-01,Apartment,14,1369.96,"$381,173.34",Sold,C0152,381173.34,278.23683903179653,True
120127,12,2025-01-01,Apartment,15,1456.98,"$477,616.00",Available,,477616.0,327.81232412249994,False
120151,12,2025-01-01,Apartment,17,1428.55,"$450,975.70",Available,,450975.7,315.68772531587973,False
120165,12,2025-01-01,Apartment,18,1702.66,"$417,251.87",Sold,C0322,417251.87,245.05883147545603,True
120187,12,2025-01-01,Apartment,20,1802.21,"$450,541.60",Sold,C0670,450541.6,249.9939518702038,True
120190,12,2025-01-01,Apartment,22,892.67,"$286,110.52",Sold,C0695,286110.52,320.51096149752993,True
120195,12,2025-01-01,Apartment,22,892.67,"$304,758.75",Sold,C0483,304758.75,341.4013577245791,True
120221,12,2025-01-01,Apartment,24,1306.75,"$437,978.56",Sold,C0702,437978.56,335.1662980677253,True
120226,12,2025-01-01,Apartment,24,1306.75,"$421,012.83",Available,,421012.83,322.18314903386266,False
120262,12,2025-01-01,Apartment,27,871.52,"$281,637.63",Sold,C1782,281637.63,323.15681797319627,True
120277,12,2025-01-01,Apartment,30,622.2,"$216,541.46",Sold,C0209,216541.46,348.0254901960784,True
120282,12,2025-01-01,Apartment,30,622.2,"$234,791.28",Sold,C1008,234791.28,377.3566055930569,True
120293,12,2025-01-01,Apartment,33,1232.2,"$364,975.55",Sold,C0632,364975.55,296.1983038467781,True
120300,12,2025-01-01,Apartment,34,1817.64,"$600,821.21",Sold,C0394,600821.21,330.5501694504962,True
120332,12,2025-01-01,Apartment,35,1690.62,"$536,210.24",Sold,C0351,536210.24,317.16780825969175,True
120338,12,2025-01-01,Apartment,37,1681.78,"$463,430.97",Sold,C1431,463430.97,275.5598056820749,True
120344,12,2025-01-01,Apartment,38,1157.23,"$319,615.17",Sold,C1351,319615.17,276.1898412588681,True
120345,12,2025-01-01,Apartment,38,1157.23,"$334,438.68",Sold,C0194,334438.68,288.9993173353611,True
120389,12,2025-01-01,Apartment,45,1898.75,"$524,988.70",Sold,C1238,524988.7,276.49174456879524,True
120401,12,2025-01-01,Apartment,47,1528.05,"$483,527.37",Available,,483527.37,316.43425935015216,False
130057,13,2025-01-01,Office,5,441.3,"$135,427.72",Sold,C1259,135427.72,306.88357126671195,True
130062,13,2025-01-01,Apartment,6,1240.96,"$273,011.20",Sold,C1966,273011.2,220.0,True
130065,13,2025-01-01,Apartment,7,1115.82,"$307,845.19",Sold,C1446,307845.19,275.8914430642935,True
130072,13,2025-01-01,Office,8,1449.43,"$427,086.44",Sold,C0027,427086.44,294.65820356967913,True
130099,13,2025-01-01,Apartment,11,1678.3,"$465,116.85",Sold,C1249,465116.85,277.1357027944944,True
130117,13,2025-01-01,Apartment,14,777.75,"$262,108.83",Available,,262108.83,337.00910318225647,False
130143,13,2025-01-01,Apartment,16,1772.88,"$552,662.92",Sold,C0883,552662.92,311.7317133703353,True
130226,13,2025-01-01,Apartment,26,1867.78,"$541,536.26",Available,,541536.26,289.93578472839414,False
130273,13,2025-01-01,Apartment,32,1114.07,"$351,539.71",Available,,351539.71,315.545441489314,False
130315,13,2025-01-01,Apartment,35,1867.34,"$490,501.95",Sold,C0343,490501.95,262.67415146679235,True
130317,13,2025-01-01,Apartment,35,1867.34,"$538,677.47",Sold,C1152,538677.47,288.47315968168624,True
130329,13,2025-01-01,Apartment,37,1555.67,"$439,078.00",Sold,C1668,439078.0,282.2436635018995,True
130330,13,2025-01-01,Office,37,1555.67,"$555,297.43",Available,,555297.43,356.9506579158819,False
130337,13,2025-01-01,Apartment,37,1555.67,"$538,355.40",Available,,538355.4,346.06015414580213,False
130372,13,2025-01-01,Apartment,41,1168.7,"$301,991.77",Sold,C1316,301991.77,258.39973474801064,True
130379,13,2025-01-01,Apartment,42,1044.42,"$282,504.55",Sold,C1502,282504.55,270.48941039045593,True
130458,13,2025-01-01,Apartment,53,968.77,"$294,203.62",Sold,C0651,294203.62,303.687789671439,True
130485,13,2025-01-01,Apartment,56,606.9,"$164,608.18",Sold,C1370,164608.18,271.22784643269074,True
130536,13,2025-01-01,Apartment,61,1333.63,"$391,577.58",Available,,391577.58,293.61785502725644,False
130544,13,2025-01-01,Apartment,63,1623.8,"$474,039.53",Sold,C1676,474039.53,291.9322145584432,True
130556,13,2025-01-01,Office,64,792.66,"$205,474.20",Sold,C1583,205474.2,259.22110362576643,True
130565,13,2025-01-01,Apartment,66,1283.8,"$365,694.22",Sold,C1779,365694.22,284.8529521732357,True
140016,14,2025-01-01,Apartment,4,1797.81,"$542,265.03",Sold,C0487,542265.03,301.6253274817695,True
140041,14,2025-01-01,Apartment,7,641.37,"$192,882.89",Sold,C1565,192882.89,300.735753153406,True
140079,14,2025-01-01,Apartment,11,1431.42,"$387,972.92",Sold,C0848,387972.92,271.04058906540354,True
140089,14,2025-01-01,Apartment,11,1431.42,"$459,403.88",Sold,C0047,459403.88,320.94275614424834,True
140161,14,2025-01-01,Apartment,17,686.6,"$187,481.07",Sold,C0327,187481.07,273.05719487328867,True
140171,14,2025-01-01,Apartment,17,686.6,"$219,459.84",Sold,C1089,219459.84,319.6327410428197,True
140226,14,2025-01-01,Apartment,24,1205.25,"$390,537.99",Sold,C1061,390537.99,324.0306907280647,True
140270,14,2025-01-01,Apartment,29,1618.34,"$513,021.02",Sold,C0164,513021.02,317.00447371998473,True
140300,14,2025-01-01,Office,34,513.06,"$181,212.20",Sold,C1193,181212.2,353.19884613885324,True
140321,14,2025-01-01,Apartment,38,1170.11,"$350,292.46",Sold,C1334,350292.46,299.36711933066124,True
150008,15,2025-01-01,Apartment,2,1522.89,"$472,485.62",Sold,C0450,472485.62,310.2559081745891,True
150077,15,2025-01-01,Apartment,11,1437.62,"$491,966.69",Sold,C1214,491966.69,342.20913036824754,True
150282,15,2025-01-01,Apartment,34,1304.22,"$400,330.93",Sold,C1911,400330.93,306.9504608118262,True
150290,15,2025-01-01,Apartment,35,745.49,"$257,914.02",Sold,C1496,257914.02,345.96576748179046,True
150312,15,2025-01-01,Apartment,35,745.49,"$234,624.17",Sold,C1655,234624.17,314.7247716267153,True
150318,15,2025-01-01,Office,36,1424.81,"$484,693.93",Sold,C0620,484693.93,340.1814487545708,True
150342,15,2025-01-01,Office,39,1713.42,"$515,035.42",Available,,515035.42,300.58912584188346,False
150389,15,2025-01-01,Apartment,49,460.17,"$116,092.04",Sold,C1253,116092.04,252.280765803942,True
150440,15,2025-01-01,Apartment,55,892.75,"$284,965.13",Sold,C1390,284965.13,319.1992495099412,True
150465,15,2025-01-01,Apartment,56,939.93,"$288,907.22",Sold,C1119,288907.22,307.37099571244664,True
150488,15,2025-01-01,Apartment,58,1750.89,"$585,649.12",Available,,585649.12,334.4865297077486,False
150497,15,2025-01-01,Apartment,59,1286.47,"$392,351.64",Sold,C1881,392351.64,304.98312436356855,True
150515,15,2025-01-01,Apartment,60,1033.2,"$302,845.83",Sold,C0700,302845.83,293.11443089430895,True
160005,16,2025-01-01,Apartment,1,637.07,"$226,490.60",Available,,226490.6,355.51917371717394,False
160008,16,2025-01-01,Office,2,1388.75,"$372,421.45",Sold,C0446,372421.45,268.1702610261026,True
160054,16,2025-01-01,Apartment,7,941.57,"$248,945.18",Available,,248945.18,264.3937041324596,False
160107,16,2025-01-01,Apartment,11,1288.42,"$340,036.99",Available,,340036.99,263.9178140668415,False
160112,16,2025-01-01,Apartment,11,1288.42,"$379,602.60",Sold,C0931,379602.6,294.6264416882693,True
160125,16,2025-01-01,Apartment,14,660.84,"$181,790.56",Sold,C1557,181790.56,275.0901277162399,True
160156,16,2025-01-01,Apartment,19,1163.06,"$377,230.63",Sold,C0263,377230.63,324.3432239093426,True
160205,16,2025-01-01,Apartment,25,853.37,"$269,027.59",Sold,C1607,269027.59,315.2531609969884,True
160268,16,2025-01-01,Apartment,33,881.17,"$264,303.57",Sold,C1148,264303.57,299.9461738370576,True
160321,16,2025-01-01,Apartment,38,431.83,"$125,935.98",Sold,C0250,125935.98,291.6332353009286,True
160347,16,2025-01-01,Apartment,41,1001.72,"$308,315.97",Sold,C0770,308315.97,307.7865770874096,True
160365,16,2025-01-01,Apartment,42,1496.62,"$437,082.22",Sold,C0706,437082.22,292.04622415843704,True
160366,16,2025-01-01,Apartment,42,1496.62,"$479,711.66",Sold,C0362,479711.66,320.53003434405525,True
160371,16,2025-01-01,Office,42,1496.62,"$457,384.74",Sold,C0017,457384.74,305.6118052678703,True
160372,16,2025-01-01,Apartment,42,1496.62,"$479,358.58",Sold,C1542,479358.58,320.2941160748888,True
170032,17,2025-01-01,Office,2,1738.5,"$498,320.91",Sold,C0634,498320.91,286.63842968075926,True
170041,17,2025-01-01,Apartment,5,1829.38,"$519,866.77",Sold,C0044,519866.77,284.17648055625403,True
170061,17,2025-01-01,Apartment,8,1297.3,"$346,864.73",Sold,C1521,346864.73,267.3743390117937,True
170081,17,2025-01-01,Apartment,10,1059.07,"$306,057.52",Sold,C0287,306057.52,288.98705468004954,True
170137,17,2025-01-01,Apartment,16,1693.0,"$520,252.16",Available,,520252.16,307.29601890135854,False
170146,17,2025-01-01,Apartment,16,1693.0,"$536,802.30",Sold,C1690,536802.3,317.0716479621973,True
170159,17,2025-01-01,Apartment,17,1827.25,"$420,462.70",Available,,420462.7,230.1068271993433,False
170174,17,2025-01-01,Apartment,19,1712.06,"$466,184.49",Available,,466184.49,272.2944815018165,False
170238,17,2025-01-01,Apartment,27,677.24,"$219,537.26",Sold,C0703,219537.26,324.164638828185,True
170261,17,2025-01-01,Apartment,31,1806.06,"$556,733.50",Sold,C1270,556733.5,308.25858498610233,True
170317,17,2025-01-01,Apartment,39,1341.67,"$401,901.30",Available,,401901.3,299.5530197440503,False
170340,17,2025-01-01,Office,42,691.03,"$228,875.86",Sold,C1048,228875.86,331.20973040244274,True
170369,17,2025-01-01,Apartment,46,1582.61,"$483,164.81",Available,,483164.81,305.2961942613784,False
170371,17,2025-01-01,Apartment,46,1582.61,"$406,250.16",Sold,C0222,406250.16,256.69631810743016,True
170378,17,2025-01-01,Apartment,47,1106.83,"$314,114.79",Sold,C1208,314114.79,283.79677999331426,True
170436,17,2025-01-01,Apartment,51,1375.52,"$426,338.68",Sold,C0845,426338.68,309.9472781202745,True
180052,18,2025-01-01,Apartment,6,840.25,"$219,795.98",Sold,C1778,219795.98,261.5840285629277,True
180065,18,2025-01-01,Apartment,7,505.94,"$155,133.85",Sold,C0901,155133.85,306.6249950587026,True
180095,18,2025-01-01,Apartment,13,537.4,"$131,819.04",Sold,C0685,131819.04,245.29036099739488,True
180110,18,2025-01-01,Office,15,1728.6,"$513,299.69",Sold,C1250,513299.69,296.94532569709594,True
180111,18,2025-01-01,Apartment,15,1728.6,"$471,855.64",Sold,C1309,471855.64,272.969825292144,True
180144,18,2025-01-01,Apartment,19,1268.1,"$374,750.52",Sold,C1036,374750.52,295.5212680387982,True
180177,18,2025-01-01,Apartment,23,1659.02,"$483,905.55",Available,,483905.55,291.6815650203132,False
180213,18,2025-01-01,Apartment,27,650.82,"$199,115.19",Sold,C1597,199115.19,305.9451000276574,True
180230,18,2025-01-01,Apartment,29,578.36,"$180,205.66",Sold,C1058,180205.66,311.5804343315582,True
180252,18,2025-01-01,Apartment,30,1795.66,"$584,611.99",Sold,C0003,584611.99,325.56942294198234,True
180281,18,2025-01-01,Apartment,35,799.05,"$240,417.02",Available,,240417.02,300.87856829985606,False
180288,18,2025-01-01,Apartment,35,799.05,"$223,242.17",Sold,C0444,223242.17,279.3844815718666,True
180309,18,2025-01-01,Apartment,36,1089.77,"$308,720.40",Sold,C0753,308720.4,283.28950145443537,True
180324,18,2025-01-01,Apartment,38,1219.8,"$319,114.04",Sold,C0959,319114.04,261.61177242170845,True
180334,18,2025-01-01,Office,38,1219.8,"$410,772.92",Sold,C1573,410772.92,336.75432038039025,True
180346,18,2025-01-01,Apartment,39,662.88,"$199,623.02",Sold,C0760,199623.02,301.1450337919382,True
180349,18,2025-01-01,Apartment,40,990.46,"$238,075.26",Sold,C0687,238075.26,240.3683742907336,True
180444,18,2025-01-01,Apartment,50,854.74,"$261,667.93",Available,,261667.93,306.1374570044692,False
180476,18,2025-01-01,Apartment,53,1806.7,"$568,990.61",Available,,568990.61,314.9336414457298,False
180514,18,2025-01-01,Apartment,58,955.23,"$292,794.12",Available,,292794.12,306.5168807512327,False
180564,18,2025-01-01,Apartment,66,1631.24,"$494,656.28",Sold,C1953,494656.28,303.2394252225301,True
190001,19,2025-01-01,Apartment,1,1688.31,"$496,466.31",Sold,C0932,496466.31,294.06110844572385,True
190002,19,2025-01-01,Apartment,1,1688.31,"$558,730.59",Sold,C0518,558730.59,330.9407573253727,True
190088,19,2025-01-01,Office,13,766.61,"$241,468.69",Sold,C0367,241468.69,314.982442180509,True
190095,19,2025-01-01,Apartment,14,630.47,"$172,253.45",Sold,C0151,172253.45,273.2143480260758,True
190134,19,2025-01-01,Apartment,18,1599.44,"$503,687.91",Sold,C0561,503687.91,314.91516405742004,True
190181,19,2025-01-01,Apartment,22,935.25,"$278,958.96",Available,,278958.96,298.27207698476343,False
190185,19,2025-01-01,Apartment,22,935.25,"$353,029.52",Available,,353029.52,377.4707511360599,False
190204,19,2025-01-01,Office,25,996.38,"$297,272.73",Sold,C1022,297272.73,298.35276701660007,True
190264,19,2025-01-01,Apartment,30,673.27,"$191,782.03",Available,,191782.03,284.8515900010397,False
190268,19,2025-01-01,Apartment,31,1089.64,"$292,398.57",Sold,C1790,292398.57,268.3441962483022,True
190326,19,2025-01-01,Apartment,39,1237.04,"$431,971.97",Available,,431971.97,349.1980615016491,False
190369,19,2025-01-01,Apartment,42,1137.59,"$321,045.92",Sold,C1020,321045.92,282.21584226302974,True
190425,19,2025-01-01,Apartment,49,1004.26,"$292,433.99",Sold,C1774,292433.99,291.1935056658634,True
200012,20,2025-01-01,Apartment,1,1898.39,"$485,326.73",Sold,C0762,485326.73,255.65175227429557,True
200019,20,2025-01-01,Apartment,1,1898.39,"$611,749.24",Available,,611749.24,322.2463455875768,False
200052,20,2025-01-01,Apartment,6,1401.0,"$456,799.28",Sold,C1448,456799.28,326.05230549607427,True
200086,20,2025-01-01,Apartment,12,856.15,"$230,351.54",Available,,230351.54,269.0551188459966,False
200094,20,2025-01-01,Apartment,13,1587.57,"$448,959.32",Sold,C0392,448959.32,282.79655070327607,True
200117,20,2025-01-01,Apartment,16,645.44,"$208,927.52",Sold,C0638,208927.52,323.69781854238965,True
200119,20,2025-01-01,Apartment,16,645.44,"$184,932.22",Sold,C0211,184932.22,286.52116385721365,True
200139,20,2025-01-01,Apartment,17,1089.33,"$338,195.62",Sold,C0662,338195.62,310.46204547749534,True
200154,20,2025-01-01,Apartment,18,1868.01,"$513,250.83",Sold,C1958,513250.83,274.7580741002457,True
200187,20,2025-01-01,Apartment,20,1110.23,"$323,595.45",Sold,C0304,323595.45,291.46703836142063,True
200199,20,2025-01-01,Apartment,24,1188.07,"$377,107.87",Sold,C0572,377107.87,317.4121642664153,True
200259,20,2025-01-01,Apartment,30,1703.94,"$521,182.71",Sold,C0952,521182.71,305.8691679284482,True
200303,20,2025-01-01,Apartment,33,630.53,"$168,406.60",Sold,C1926,168406.6,267.08737094190604,True
200376,20,2025-01-01,Apartment,40,428.03,"$129,284.34",Available,,129284.34,302.04504357171226,False
200443,20,2025-01-01,Office,50,493.06,"$136,987.43",Sold,C1163,136987.43,277.8311564515475,True
200461,20,2025-01-01,Apartment,51,1062.33,"$365,691.35",Sold,C0103,365691.35,344.2351717451263,True
200465,20,2025-01-01,Apartment,52,1634.67,"$451,642.29",Sold,C1419,451642.29,276.28958138339846,True
990019,5,2025-01-01,Apartment,16,798.5,"$234,032.88",Available,,234032.88,293.0906449592987,False
1016,1,2025-02-01,Apartment,16,782.25,"$224,076.84",Sold,C0016,224076.84,286.4516970278044,True
1049,1,2025-02-01,Apartment,49,1375.45,"$467,083.31",Sold,C0087,467083.31,339.5858155512741,True
2046,2,2025-02-01,Apartment,46,928.16,"$253,831.02",Sold,C0018,253831.02,273.4776547147044,True
3029,3,2025-02-01,Apartment,29,1127.76,"$310,831.21",Sold,C0017,310831.21,275.6182255089736,True
3059,3,2025-02-01,Apartment,59,1171.55,"$367,976.46",Sold,C0093,367976.46,314.0936878494303,True
5020,5,2025-02-01,Apartment,20,1273.55,"$349,865.22",Available,,349865.22,274.71651682305367,False
10090,1,2025-02-01,Apartment,12,621.14,"$170,047.61",Sold,C1613,170047.61,273.76696074958943,True
10124,1,2025-02-01,Office,15,765.0,"$220,409.41",Sold,C1420,220409.41,288.11687581699346,True
10143,1,2025-02-01,Apartment,18,716.85,"$234,207.26",Sold,C1052,234207.26,326.7172490758178,True
10144,1,2025-02-01,Apartment,18,716.85,"$254,207.29",Available,,254207.29,354.6171305014996,False
10173,1,2025-02-01,Apartment,22,740.83,"$235,996.49",Sold,C1117,235996.49,318.55687539651467,True
10202,1,2025-02-01,Apartment,24,1146.11,"$330,642.27",Sold,C1694,330642.27,288.4908691137849,True
10223,1,2025-02-01,Apartment,26,828.98,"$257,018.21",Sold,C1004,257018.21,310.0415088421916,True
10227,1,2025-02-01,Apartment,26,828.98,"$253,333.84",Available,,253333.84,305.59704697338896,False
10250,1,2025-02-01,Office,29,757.2,"$212,438.42",Sold,C0294,212438.42,280.5578711040676,True
10282,1,2025-02-01,Office,30,753.29,"$213,710.41",Sold,C0094,213710.41,283.7027041378486,True
10290,1,2025-02-01,Apartment,31,619.78,"$185,249.68",Sold,C0173,185249.68,298.8958662751299,True
10317,1,2025-02-01,Apartment,34,1469.14,"$382,707.57",Sold,C1805,382707.57,260.49768572089795,True
10358,1,2025-02-01,Office,39,742.93,"$251,029.99",Sold,C0088,251029.99,337.8918471457607,True
10361,1,2025-02-01,Apartment,39,742.93,"$215,537.99",Available,,215537.99,290.1188402675891,False
10368,1,2025-02-01,Apartment,41,835.25,"$246,579.07",Sold,C1476,246579.07,295.2158874588447,True
20027,2,2025-02-01,Apartment,3,645.84,"$169,113.16",Sold,C0015,169113.16,261.849931871671,True
20111,2,2025-02-01,Apartment,13,782.33,"$239,666.38",Available,,239666.38,306.34946889420064,False
20135,2,2025-02-01,Apartment,16,1117.38,"$390,742.56",Available,,390742.56,349.6953229877033,False
20153,2,2025-02-01,Apartment,18,784.76,"$244,660.43",Sold,C0433,244660.43,311.76465416178195,True
20171,2,2025-02-01,Apartment,20,727.55,"$205,668.10",Available,,205668.1,282.68586351453513,False
20212,2,2025-02-01,Apartment,24,785.12,"$235,049.47",Sold,C0752,235049.47,299.38031128999387,True
20239,2,2025-02-01,Office,26,1577.79,"$487,791.17",Sold,C1764,487791.17,309.16102269630306,True
20268,2,2025-02-01,Apartment,32,925.63,"$240,269.82",Sold,C0399,240269.82,259.5743655672353,True
20279,2,2025-02-01,Apartment,33,931.4,"$305,773.57",Sold,C1120,305773.57,328.29457805454155,True
20296,2,2025-02-01,Apartment,35,1391.68,"$407,027.74",Sold,C1585,407027.74,292.47222062543113,True
20303,2,2025-02-01,Apartment,35,1391.68,"$454,375.43",Sold,C0682,454375.43,326.49418688204184,True
20305,2,2025-02-01,Office,36,641.72,"$178,222.98",Sold,C0481,178222.98,277.72701489746305,True
20347,2,2025-02-01,Apartment,41,654.93,"$197,579.07",Sold,C0208,197579.07,301.67967569053184,True
20357,2,2025-02-01,Apartment,42,786.45,"$273,717.69",Sold,C1631,273717.69,348.0420751478161,True
20404,2,2025-02-01,Apartment,47,708.32,"$232,033.87",Sold,C1326,232033.87,327.5833945109555,True
20410,2,2025-02-01,Apartment,47,708.32,"$169,534.41",Sold,C1863,169534.41,239.3472018296815,True
20411,2,2025-02-01,Apartment,47,708.32,"$220,615.20",Sold,C1034,220615.2,311.462615766885,True
20423,2,2025-02-01,Apartment,48,788.44,"$232,961.90",Sold,C1473,232961.9,295.4719445994622,True
30055,3,2025-02-01,Apartment,6,668.89,"$191,680.58",Available,,191680.58,286.56517514090507,False
30058,3,2025-02-01,Apartment,7,744.01,"$186,193.10",Available,,186193.1,250.25617935242806,False
30094,3,2025-02-01,Apartment,9,1125.84,"$354,725.76",Sold,C1471,354725.76,315.07652952462166,True
30113,3,2025-02-01,Apartment,10,784.09,"$239,494.90",Available,,239494.9,305.4431251514494,False
30141,3,2025-02-01,Apartment,14,788.59,"$232,882.70",Sold,C1423,232882.7,295.3153096032159,True
30154,3,2025-02-01,Office,17,937.24,"$360,341.50",Sold,C1193,360341.5,384.4708932610644,True
30200,3,2025-02-01,Office,21,1122.15,"$317,794.58",Available,,317794.58,283.20151494898187,False
30201,3,2025-02-01,Apartment,21,1122.15,"$388,570.89",Sold,C0139,388570.89,346.27357305173103,True
30218,3,2025-02-01,Office,25,765.56,"$249,123.19",Sold,C1071,249123.19,325.41301792152154,True
30266,3,2025-02-01,Apartment,29,666.0,"$232,418.01",Available,,232418.01,348.975990990991,False
30273,3,2025-02-01,Apartment,30,796.57,"$261,361.16",Sold,C1394,261361.16,328.10821396738515,True
30283,3,2025-02-01,Apartment,34,768.76,"$227,965.28",Sold,C0201,227965.28,296.53634424267653,True
30381,3,2025-02-01,Apartment,46,1599.81,"$526,063.15",Sold,C0451,526063.15,328.82851713640997,True
30399,3,2025-02-01,Apartment,49,1174.48,"$342,590.98",Sold,C0664,342590.98,291.69588243307675,True
30451,3,2025-02-01,Apartment,52,1361.9,"$489,316.52",Sold,C0997,489316.52,359.2896101035318,True
30477,3,2025-02-01,Apartment,56,1179.42,"$295,003.43",Sold,C0808,295003.43,250.12584999406485,True
30479,3,2025-02-01,Apartment,56,1179.42,"$324,029.03",Available,,324029.03,274.7359125671941,False
40074,4,2025-02-01,Apartment,9,792.66,"$215,782.79",Available,,215782.79,272.2261625413166,False
40100,4,2025-02-01,Apartment,13,809.06,"$199,578.85",Sold,C1181,199578.85,246.679912491039,True
40106,4,2025-02-01,Apartment,13,809.06,"$251,590.54",Available,,251590.54,310.9664796183225,False
40140,4,2025-02-01,Apartment,17,780.68,"$223,765.97",Sold,C1225,223765.97,286.6295665317416,True
40169,4,2025-02-01,Apartment,21,801.66,"$258,574.46",Sold,C0740,258574.46,322.5487862684929,True
40201,4,2025-02-01,Apartment,25,1310.16,"$438,877.49",Available,,438877.49,334.98007113634975,False
40229,4,2025-02-01,Apartment,26,790.05,"$261,614.90",Sold,C0051,261614.9,331.13714321878365,True
40272,4,2025-02-01,Apartment,31,793.1,"$281,815.97",Sold,C1743,281815.97,355.33472449880213,True
40349,4,2025-02-01,Apartment,42,738.34,"$256,968.41",Sold,C1353,256968.41,348.03533602405395,True
40355,4,2025-02-01,Apartment,43,1616.99,"$522,854.67",Sold,C0178,522854.67,323.35058967587923,True
40356,4,2025-02-01,Apartment,43,1616.99,"$441,147.68",Sold,C1492,441147.68,272.82028955033735,True
40386,4,2025-02-01,Apartment,45,1160.48,"$315,150.92",Available,,315150.92,271.5694540190266,False
50018,5,2025-02-01,Apartment,4,799.1,"$236,524.71",Sold,C0426,236524.71,295.9888749843574,True
50027,5,2025-02-01,Apartment,5,821.43,"$268,385.32",Available,,268385.32,326.7293865575886,False
50037,5,2025-02-01,Apartment,8,782.15,"$201,120.11",Available,,201120.11,257.13751837882756,False
50038,5,2025-02-01,Apartment,8,782.15,"$248,699.46",Sold,C0519,248699.46,317.96900850220544,True
50053,5,2025-02-01,Apartment,9,793.56,"$253,517.90",Sold,C1849,253517.9,319.46910126518475,True
50056,5,2025-02-01,Apartment,9,793.56,"$252,929.91",Available,,252929.91,318.7281491002571,False
50080,5,2025-02-01,Apartment,10,629.27,"$180,268.05",Sold,C0424,180268.05,286.4717053093267,True
50098,5,2025-02-01,Apartment,12,787.5,"$233,010.15",Sold,C0665,233010.15,295.8859047619048,True
50116,5,2025-02-01,Apartment,15,1050.95,"$330,647.39",Sold,C1409,330647.39,314.61762215138685,True
50123,5,2025-02-01,Apartment,15,1050.95,"$320,250.05",Sold,C1378,320250.05,304.7243446405633,True
50124,5,2025-02-01,Apartment,15,1050.95,"$338,565.22",Sold,C0809,338565.22,322.15159617488933,True
50168,5,2025-02-01,Apartment,22,1059.78,"$313,882.70",Sold,C0594,313882.7,296.1772254618883,True
50180,5,2025-02-01,Office,23,1006.65,"$286,546.53",Sold,C1116,286546.53,284.6535836686038,True
50193,5,2025-02-01,Apartment,24,807.02,"$281,449.31",Sold,C1478,281449.31,348.7513444524299,True
50201,5,2025-02-01,Apartment,26,1272.4,"$363,278.34",Sold,C0616,363278.34,285.50639735932094,True
50223,5,2025-02-01,Apartment,29,786.28,"$237,733.07",Available,,237733.07,302.3516686167778,False
50308,5,2025-02-01,Apartment,41,630.83,"$166,623.49",Sold,C1845,166623.49,264.13374443193885,True
50313,5,2025-02-01,Apartment,41,630.83,"$181,139.35",Available,,181139.35,287.1444763248419,False
50371,5,2025-02-01,Apartment,45,608.89,"$181,792.91",Sold,C0671,181792.91,298.5644533495377,True
50405,5,2025-02-01,Apartment,47,1241.14,"$371,938.81",Sold,C1248,371938.81,299.6751454308136,True
50444,5,2025-02-01,Office,52,1755.18,"$549,519.31",Available,,549519.31,313.08430474367304,False
60055,6,2025-02-01,Apartment,5,1617.43,"$543,286.73",Available,,543286.73,335.8950495539219,False
60119,6,2025-02-01,Apartment,10,942.08,"$216,531.18",Sold,C0578,216531.18,229.8437287703804,True
60138,6,2025-02-01,Apartment,12,1678.17,"$447,904.01",Sold,C0317,447904.01,266.90026040270055,True
60209,6,2025-02-01,Apartment,20,1897.17,"$634,070.07",Sold,C1564,634070.07,334.2188997295972,True
60254,6,2025-02-01,Apartment,26,1538.47,"$473,238.41",Sold,C0591,473238.41,307.6032746819892,True
60275,6,2025-02-01,Apartment,30,552.59,"$153,396.33",Sold,C1453,153396.33,277.59519716245313,True
60296,6,2025-02-01,Apartment,33,1131.0,"$325,206.04",Available,,325206.04,287.53849690539346,False
60332,6,2025-02-01,Apartment,37,1721.96,"$492,821.75",Sold,C1875,492821.75,286.19814049106833,True
60388,6,2025-02-01,Apartment,44,842.69,"$258,741.18",Available,,258741.18,307.04194899666544,False
60407,6,2025-02-01,Office,49,1167.52,"$322,088.43",Sold,C0926,322088.43,275.8740150061669,True
60410,6,2025-02-01,Apartment,49,1167.52,"$414,385.38",Available,,414385.38,354.92786419076333,False
60417,6,2025-02-01,Apartment,51,1476.63,"$427,031.50",Available,,427031.5,289.1932982534555,False
60445,6,2025-02-01,Apartment,53,1170.96,"$342,357.64",Sold,C0078,342357.64,292.37347133975544,True
60464,6,2025-02-01,Apartment,54,1633.19,"$474,954.11",Sold,C0142,474954.11,290.813751002639,True
70014,7,2025-02-01,Apartment,3,888.5,"$247,222.26",Sold,C0401,247222.26,278.2467754642656,True
70111,7,2025-02-01,Apartment,15,602.92,"$198,180.92",Sold,C0203,198180.92,328.70185099183976,True
70116,7,2025-02-01,Apartment,15,602.92,"$168,489.90",Available,,168489.9,279.456478471439,False
70120,7,2025-02-01,Office,15,602.92,"$170,552.15",Sold,C0625,170552.15,282.8769156770384,True
70125,7,2025-02-01,Apartment,15,602.92,"$165,907.49",Sold,C1101,165907.49,275.17330657466994,True
70175,7,2025-02-01,Apartment,20,1160.82,"$373,814.11",Available,,373814.11,322.02590410227253,False
70265,7,2025-02-01,Office,30,1237.23,"$384,080.49",Available,,384080.49,310.43580417545644,False
70292,7,2025-02-01,Apartment,35,613.21,"$171,388.38",Sold,C1635,171388.38,279.49377864027,True
70315,7,2025-02-01,Apartment,38,1755.26,"$520,127.02",Sold,C0442,520127.02,296.32477239839113,True
70389,7,2025-02-01,Apartment,44,1859.83,"$553,756.62",Sold,C0247,553756.62,297.74582623142976,True
70418,7,2025-02-01,Apartment,49,1383.05,"$415,154.19",Sold,C1744,415154.19,300.1729438559705,True
70425,7,2025-02-01,Office,49,1383.05,"$434,241.53",Available,,434241.53,313.9738476555439,False
70439,7,2025-02-01,Office,51,648.27,"$175,097.75",Sold,C1292,175097.75,270.1000354790442,True
70466,7,2025-02-01,Apartment,54,1940.69,"$507,423.55",Sold,C1861,507423.55,261.46553545388497,True
70467,7,2025-02-01,Apartment,55,601.23,"$189,501.07",Sold,C0782,189501.07,315.1889792591853,True
80055,8,2025-02-01,Apartment,5,887.23,"$272,174.29",Sold,C0045,272174.29,306.7685831182444,True
80062,8,2025-02-01,Apartment,6,1370.17,"$430,340.07",Available,,430340.07,314.0778662501733,False
80073,8,2025-02-01,Apartment,8,1552.34,"$495,541.93",Sold,C0299,495541.93,319.2225478954353,True
80102,8,2025-02-01,Office,12,1430.46,"$527,730.49",Sold,C0690,527730.49,368.9236259664723,True
80104,8,2025-02-01,Apartment,13,660.3,"$205,786.97",Sold,C0837,205786.97,311.65677722247466,True
80106,8,2025-02-01,Apartment,13,660.3,"$187,336.30",Available,,187336.3,283.71391791609875,False
80110,8,2025-02-01,Apartment,14,685.93,"$190,406.88",Available,,190406.88,277.58937500911173,False
80117,8,2025-02-01,Office,14,685.93,"$210,058.02",Sold,C1908,210058.02,306.23827504264284,True
80170,8,2025-02-01,Apartment,22,1495.57,"$406,648.60",Sold,C1812,406648.6,271.90208415520505,True
80174,8,2025-02-01,Apartment,23,1114.67,"$301,038.15",Available,,301038.15,270.0693030224192,False
80222,8,2025-02-01,Apartment,29,1848.51,"$591,360.76",Available,,591360.76,319.9121238186431,False
80248,8,2025-02-01,Apartment,31,1253.18,"$352,347.86",Sold,C0208,352347.86,281.16300930432976,True
80267,8,2025-02-01,Apartment,32,1410.88,"$448,837.59",Available,,448837.59,318.1259852007258,False
80287,8,2025-02-01,Apartment,33,1809.87,"$489,564.98",Sold,C0249,489564.98,270.49731748689135,True
80304,8,2025-02-01,Apartment,36,673.86,"$200,870.54",Available,,200870.54,298.08942510313716,False
80315,8,2025-02-01,Apartment,37,890.65,"$231,059.65",Sold,C1326,231059.65,259.428114298546,True
80316,8,2025-02-01,Apartment,37,890.65,"$284,422.16",Sold,C0400,284422.16,319.3422332004715,True
80380,8,2025-02-01,Apartment,45,1185.72,"$316,429.20",Sold,C1375,316429.2,266.86671389535474,True
80409,8,2025-02-01,Apartment,47,543.08,"$143,682.52",Sold,C0031,143682.52,264.56971348604253,True
80428,8,2025-02-01,Office,49,1081.0,"$362,667.03",Available,,362667.03,335.4921646623497,False
80451,8,2025-02-01,Apartment,53,1891.72,"$527,612.39",Sold,C0638,527612.39,278.9061753325016,True
80459,8,2025-02-01,Apartment,54,1699.02,"$536,046.25",Sold,C1466,536046.25,315.5032018457699,True
80473,8,2025-02-01,Apartment,55,1300.05,"$385,361.66",Sold,C1566,385361.66,296.42064535979387,True
80481,8,2025-02-01,Apartment,56,1874.7,"$561,295.70",Available,,561295.7,299.40561156451696,False
90053,9,2025-02-01,Apartment,9,1391.22,"$410,603.84",Available,,410603.84,295.13940282629636,False
90060,9,2025-02-01,Apartment,11,559.6,"$179,388.02",Available,,179388.02,320.564724803431,False
90066,9,2025-02-01,Apartment,12,952.38,"$277,070.00",Sold,C0812,277070.0,290.92379092379093,True
90075,9,2025-02-01,Apartment,12,952.38,"$280,193.32",Sold,C1781,280193.32,294.2032802032802,True
90080,9,2025-02-01,Apartment,12,952.38,"$287,245.48",Sold,C1532,287245.48,301.60805560805557,True
90133,9,2025-02-01,Apartment,21,1261.65,"$382,547.93",Available,,382547.93,303.21240439107515,False
90161,9,2025-02-01,Apartment,25,1904.38,"$729,836.68",Available,,729836.68,383.2410968399164,False
90167,9,2025-02-01,Apartment,26,1038.39,"$312,442.45",Sold,C1086,312442.45,300.8912354702953,True
90168,9,2025-02-01,Apartment,26,1038.39,"$335,383.02",Sold,C0766,335383.02,322.98367665328055,True
90242,9,2025-02-01,Apartment,34,1577.36,"$481,949.20",Sold,C1591,481949.2,305.5416645534311,True
90375,9,2025-02-01,Apartment,44,1351.57,"$362,893.07",Sold,C0097,362893.07,268.4974289160014,True
90402,9,2025-02-01,Apartment,48,1264.94,"$312,096.70",Sold,C1525,312096.7,246.7284614290006,True
90415,9,2025-02-01,Apartment,53,599.72,"$171,267.91",Sold,C0964,171267.91,285.57978723404256,True
90433,9,2025-02-01,Apartment,55,1182.51,"$295,744.88",Sold,C1964,295744.88,250.09926343117607,True
90434,9,2025-02-01,Apartment,55,1182.51,"$332,249.26",Sold,C0262,332249.26,280.9695139998816,True
90459,9,2025-02-01,Office,57,1198.57,"$441,154.94",Sold,C1704,441154.94,368.06773071243236,True
90497,9,2025-02-01,Apartment,58,838.34,"$301,410.90",Sold,C1705,301410.9,359.53300570174395,True
90529,9,2025-02-01,Apartment,62,1263.44,"$357,655.99",Sold,C1490,357655.99,283.0811039701133,True
90531,9,2025-02-01,Apartment,62,1263.44,"$380,051.12",Available,,380051.12,300.8066231874881,False
100017,10,2025-02-01,Apartment,4,1765.37,"$596,435.43",Sold,C1261,596435.43,337.85293168004443,True
100056,10,2025-02-01,Office,6,842.66,"$266,868.89",Sold,C0350,266868.89,316.698181947642,True
100062,10,2025-02-01,Apartment,8,1054.86,"$265,540.40",Sold,C1637,265540.4,251.7304666022032,True
100091,10,2025-02-01,Apartment,11,1675.44,"$516,067.93",Sold,C0747,516067.93,308.0193441722771,True
100093,10,2025-02-01,Office,11,1675.44,"$464,815.25",Sold,C0824,464815.25,277.4287649811393,True
100119,10,2025-02-01,Office,15,1948.32,"$594,434.15",Available,,594434.15,305.100881785333,False
100147,10,2025-02-01,Apartment,19,948.04,"$361,049.96",Sold,C0384,361049.96,380.83831905826764,True
100195,10,2025-02-01,Apartment,26,1294.85,"$326,351.74",Sold,C1949,326351.74,252.0382592578291,True
100221,10,2025-02-01,Apartment,27,777.35,"$242,708.74",Sold,C0499,242708.74,312.2258184858815,True
100223,10,2025-02-01,Apartment,27,777.35,"$247,387.97",Sold,C0089,247387.97,318.24528204798355,True
100233,10,2025-02-01,Apartment,28,1606.58,"$526,465.62",Sold,C0749,526465.62,327.6933735014752,True
100348,10,2025-02-01,Office,42,1757.51,"$490,529.51",Sold,C1840,490529.51,279.1048187492532,True
100383,10,2025-02-01,Apartment,44,1224.71,"$375,810.64",Sold,C0553,375810.64,306.85683957834914,True
110062,11,2025-02-01,Office,7,1734.79,"$406,298.92",Sold,C0718,406298.92,234.20639962185624,True
110099,11,2025-02-01,Apartment,10,1519.64,"$440,930.72",Sold,C0899,440930.72,290.1547208549393,True
110123,11,2025-02-01,Apartment,13,474.93,"$126,637.08",Available,,126637.08,266.64367380456065,False
110146,11,2025-02-01,Apartment,15,1385.68,"$395,511.02",Available,,395511.02,285.4273858322268,False
110194,11,2025-02-01,Apartment,23,1098.83,"$385,857.81",Sold,C0404,385857.81,351.1533267202388,True
110202,11,2025-02-01,Apartment,24,1481.82,"$498,779.18",Sold,C0126,498779.18,336.59903362081764,True
110241,11,2025-02-01,Office,29,993.51,"$267,233.83",Sold,C1606,267233.83,268.9795070004328,True
110258,11,2025-02-01,Apartment,31,1232.68,"$354,022.30",Available,,354022.3,287.1972450270954,False
110262,11,2025-02-01,Apartment,32,1285.87,"$337,448.81",Sold,C1938,337448.81,262.42840256013443,True
110287,11,2025-02-01,Apartment,34,680.07,"$190,843.28",Sold,C1867,190843.28,280.6229946917229,True
110303,11,2025-02-01,Office,37,1368.16,"$390,611.21",Sold,C1543,390611.21,285.50111829025843,True
110305,11,2025-02-01,Apartment,37,1368.16,"$451,310.88",Available,,451310.88,329.86703309554434,False
110330,11,2025-02-01,Office,39,1816.63,"$460,780.85",Sold,C1056,460780.85,253.6459543220138,True
110334,11,2025-02-01,Apartment,40,638.97,"$187,291.27",Sold,C0584,187291.27,293.1143402663661,True
110339,11,2025-02-01,Apartment,42,808.59,"$278,521.93",Sold,C1092,278521.93,344.4538393994484,True
110341,11,2025-02-01,Apartment,42,808.59,"$225,455.98",Sold,C0366,225455.98,278.8260799663612,True
110343,11,2025-02-01,Apartment,42,808.59,"$246,266.66",Sold,C1872,246266.66,304.563078939883,True
110347,11,2025-02-01,Apartment,42,808.59,"$180,903.98",Sold,C0425,180903.98,223.72769883377237,True
110349,11,2025-02-01,Apartment,42,808.59,"$234,941.79",Sold,C0624,234941.79,290.5573776574036,True
110403,11,2025-02-01,Apartment,48,661.7,"$201,779.65",Sold,C0220,201779.65,304.94128759256455,True
110422,11,2025-02-01,Apartment,50,948.72,"$268,278.37",Sold,C0177,268278.37,282.7792920988279,True
110446,11,2025-02-01,Apartment,52,1397.58,"$513,689.05",Available,,513689.05,367.5560969676155,False
110467,11,2025-02-01,Apartment,55,1713.32,"$495,437.61",Sold,C1090,495437.61,289.1681705694208,True
120007,12,2025-02-01,Apartment,1,839.95,"$296,060.71",Sold,C1014,296060.71,352.4742067980237,True
120158,12,2025-02-01,Office,18,1702.66,"$673,008.78",Sold,C0944,673008.78,395.2690378584098,True
120164,12,2025-02-01,Office,18,1702.66,"$634,835.96",Available,,634835.96,372.84951781330386,False
120179,12,2025-02-01,Apartment,20,1802.21,"$596,353.18",Sold,C1544,596353.18,330.9010492672885,True
120225,12,2025-02-01,Apartment,24,1306.75,"$363,577.18",Available,,363577.18,278.23009757030803,False
120253,12,2025-02-01,Apartment,27,871.52,"$256,747.85",Sold,C1854,256747.85,294.59777170919773,True
120256,12,2025-02-01,Apartment,27,871.52,"$291,656.08",Sold,C0792,291656.08,334.6521938681843,True
120346,12,2025-02-01,Apartment,38,1157.23,"$356,613.57",Available,,356613.57,308.161359453177,False
120354,12,2025-02-01,Office,38,1157.23,"$412,809.69",Sold,C0484,412809.69,356.72225054656377,True
130017,13,2025-02-01,Apartment,1,1899.92,"$552,644.49",Available,,552644.49,290.8777685376226,False
130091,13,2025-02-01,Apartment,11,1678.3,"$523,310.82",Available,,523310.82,311.8100577965799,False
130146,13,2025-02-01,Apartment,17,1278.95,"$407,835.54",Sold,C0413,407835.54,318.8830994174909,True
130189,13,2025-02-01,Office,20,516.72,"$162,335.17",Sold,C1669,162335.17,314.164673324044,True
130232,13,2025-02-01,Apartment,27,885.68,"$292,667.00",Sold,C1699,292667.0,330.44327522355707,True
130255,13,2025-02-01,Apartment,30,1777.51,"$533,306.66",Sold,C0554,533306.66,300.03018829711226,True
130291,13,2025-02-01,Apartment,33,1445.84,"$438,504.35",Sold,C0957,438504.35,303.28691279809664,True
130313,13,2025-02-01,Apartment,34,1557.0,"$377,174.02",Sold,C1057,377174.02,242.2440719332049,True
130314,13,2025-02-01,Apartment,35,1867.34,"$524,863.71",Sold,C1522,524863.71,281.0755995158889,True
130336,13,2025-02-01,Apartment,37,1555.67,"$503,083.73",Sold,C0421,503083.73,323.3871772291038,True
130338,13,2025-02-01,Apartment,38,656.42,"$214,023.32",Sold,C0856,214023.32,326.04631181255905,True
130349,13,2025-02-01,Apartment,38,656.42,"$180,340.51",Sold,C1498,180340.51,274.7334176289571,True
130351,13,2025-02-01,Apartment,38,656.42,"$211,245.25",Available,,211245.25,321.814158617958,False
130463,13,2025-02-01,Apartment,53,968.77,"$244,847.22",Sold,C1022,244847.22,252.74029955510596,True
130465,13,2025-02-01,Office,53,968.77,"$326,702.90",Sold,C0828,326702.9,337.2347409601867,True
130479,13,2025-02-01,Apartment,55,710.41,"$197,075.07",Sold,C0004,197075.07,277.4103264312158,True
130488,13,2025-02-01,Apartment,56,606.9,"$173,524.87",Sold,C0521,173524.87,285.92003624979407,True
130578,13,2025-02-01,Apartment,67,524.97,"$162,549.19",Sold,C1298,162549.19,309.635198201802,True
140005,14,2025-02-01,Apartment,2,922.7,"$297,571.83",Available,,297571.83,322.50117047794515,False
140019,14,2025-02-01,Apartment,4,1797.81,"$599,434.98",Available,,599434.98,333.4251005389891,False
140091,14,2025-02-01,Apartment,12,459.44,"$136,551.67",Sold,C1918,136551.67,297.2132813860352,True
140148,14,2025-02-01,Apartment,16,915.37,"$263,773.21",Sold,C1600,263773.21,288.1602084403028,True
140166,14,2025-02-01,Apartment,17,686.6,"$192,542.32",Sold,C0071,192542.32,280.42866297698805,True
140198,14,2025-02-01,Apartment,22,1148.66,"$425,275.93",Sold,C1466,425275.93,370.2365626033813,True
140240,14,2025-02-01,Apartment,27,1866.49,"$517,052.17",Available,,517052.17,277.018451746326,False
140249,14,2025-02-01,Apartment,29,1618.34,"$475,030.73",Sold,C1195,475030.73,293.52962294697033,True
140252,14,2025-02-01,Apartment,29,1618.34,"$476,326.35",Sold,C1011,476326.35,294.3302087324048,True
140255,14,2025-02-01,Apartment,29,1618.34,"$518,926.42",Sold,C0414,518926.42,320.6535215096951,True
140313,14,2025-02-01,Apartment,37,1469.73,"$436,673.97",Available,,436673.97,297.1116939846094,False
140366,14,2025-02-01,Apartment,44,840.77,"$257,084.92",Sold,C1071,257084.92,305.7731841050466,True
140387,14,2025-02-01,Apartment,47,917.53,"$265,736.45",Sold,C1611,265736.45,289.6215382603294,True
140398,14,2025-02-01,Office,48,1941.78,"$587,630.43",Sold,C0766,587630.43,302.6246176188858,True
140433,14,2025-02-01,Apartment,51,1346.3,"$426,811.39",Sold,C1400,426811.39,317.02546980613533,True
140469,14,2025-02-01,Apartment,55,1415.9,"$472,750.27",Sold,C1337,472750.27,333.8867646020199,True
150033,15,2025-02-01,Apartment,5,769.6,"$227,720.97",Sold,C1681,227720.97,295.8952312889813,True
150035,15,2025-02-01,Apartment,5,769.6,"$232,747.31",Available,,232747.31,302.42633835758835,False
150057,15,2025-02-01,Office,9,565.48,"$180,509.34",Sold,C1419,180509.34,319.21436655584637,True
150149,15,2025-02-01,Apartment,18,567.74,"$204,975.53",Sold,C0808,204975.53,361.0376756966217,True
150181,15,2025-02-01,Apartment,23,1279.23,"$358,223.33",Sold,C1262,358223.33,280.0304323694723,True
150186,15,2025-02-01,Apartment,23,1279.23,"$413,166.71",Sold,C0276,413166.71,322.98078531616676,True
150206,15,2025-02-01,Apartment,24,924.36,"$318,156.13",Sold,C0165,318156.13,344.1907157384569,True
150245,15,2025-02-01,Apartment,29,1748.18,"$508,674.80",Sold,C1228,508674.8,290.97392716997103,True
150310,15,2025-02-01,Apartment,35,745.49,"$202,307.22",Sold,C0579,202307.22,271.3748272947994,True
150329,15,2025-02-01,Apartment,38,585.57,"$163,782.67",Available,,163782.67,279.6978499581604,False
150333,15,2025-02-01,Office,38,585.57,"$207,212.83",Available,,207212.83,353.86517410386455,False
150344,15,2025-02-01,Apartment,40,982.37,"$292,030.79",Sold,C1225,292030.79,297.27168989281023,True
150351,15,2025-02-01,Apartment,42,1298.37,"$364,634.43",Available,,364634.43,280.84015342313825,False
150408,15,2025-02-01,Apartment,51,1689.08,"$461,101.00",Sold,C0118,461101.0,272.98943803727474,True
150419,15,2025-02-01,Apartment,52,829.2,"$259,423.47",Sold,C0410,259423.47,312.8599493487699,True
150467,15,2025-02-01,Apartment,56,939.93,"$281,265.09",Available,,281265.09,299.24046471545756,False
150506,15,2025-02-01,Apartment,60,1033.2,"$324,615.74",Sold,C1943,324615.74,314.184804490902,True
150513,15,2025-02-01,Office,60,1033.2,"$340,778.92",Sold,C1501,340778.92,329.82861014324425,True
160043,16,2025-02-01,Apartment,6,1062.34,"$401,252.51",Sold,C0490,401252.51,377.7062993015419,True
160062,16,2025-02-01,Apartment,8,986.18,"$271,891.69",Sold,C0546,271891.69,275.70189012147887,True
160066,16,2025-02-01,Apartment,8,986.18,"$302,579.35",Available,,302579.35,306.81959682816523,False
160078,16,2025-02-01,Apartment,9,1524.04,"$450,533.33",Sold,C1909,450533.33,295.6177856224246,True
160111,16,2025-02-01,Apartment,11,1288.42,"$375,916.09",Sold,C1347,375916.09,291.76517750423,True
160117,16,2025-02-01,Apartment,12,549.98,"$153,033.12",Sold,C0157,153033.12,278.2521546238045,True
160191,16,2025-02-01,Apartment,23,594.14,"$177,597.95",Available,,177597.95,298.91599622984484,False
160206,16,2025-02-01,Apartment,26,1458.08,"$386,781.39",Available,,386781.39,265.26760534401404,False
160251,16,2025-02-01,Apartment,29,489.49,"$139,220.68",Sold,C1358,139220.68,284.4198655743733,True
160265,16,2025-02-01,Apartment,32,431.76,"$122,072.19",Available,,122072.19,282.73158699277377,False
160282,16,2025-02-01,Apartment,33,881.17,"$246,388.55",Available,,246388.55,279.61522748164373,False
160288,16,2025-02-01,Apartment,34,743.19,"$228,152.13",Sold,C0188,228152.13,306.990312033262,True
160327,16,2025-02-01,Apartment,38,431.83,"$141,982.12",Sold,C1878,141982.12,328.79170043767226,True
160348,16,2025-02-01,Apartment,41,1001.72,"$301,088.09",Sold,C1588,301088.09,300.57110769476503,True
160351,16,2025-02-01,Apartment,41,1001.72,"$282,183.87",Available,,282183.87,281.6993471229485,False
160355,16,2025-02-01,Apartment,41,1001.72,"$343,497.51",Sold,C1240,343497.51,342.9077087409655,True
170062,17,2025-02-01,Apartment,8,1297.3,"$367,286.05",Sold,C0231,367286.05,283.1157403838742,True
170078,17,2025-02-01,Apartment,10,1059.07,"$331,410.45",Available,,331410.45,312.9259161339666,False
170086,17,2025-02-01,Apartment,10,1059.07,"$243,250.45",Available,,243250.45,229.68307099625144,False
170090,17,2025-02-01,Apartment,11,596.22,"$181,421.79",Sold,C1835,181421.79,304.28665593237395,True
170119,17,2025-02-01,Apartment,14,1646.02,"$545,914.63",Available,,545914.63,331.657349242415,False
170140,17,2025-02-01,Apartment,16,1693.0,"$504,379.44",Available,,504379.44,297.9205197873597,False
170226,17,2025-02-01,Apartment,26,929.59,"$317,758.61",Sold,C0597,317758.61,341.8266224894846,True
170231,17,2025-02-01,Apartment,27,677.24,"$213,538.13",Available,,213538.13,315.3064349418227,False
170250,17,2025-02-01,Apartment,28,1201.04,"$408,993.51",Sold,C0212,408993.51,340.53279657630054,True
170350,17,2025-02-01,Apartment,45,1574.3,"$441,706.47",Sold,C0723,441706.47,280.57325160388746,True
170357,17,2025-02-01,Office,46,1582.61,"$425,502.86",Sold,C1125,425502.86,268.861475663619,True
170375,17,2025-02-01,Apartment,46,1582.61,"$382,955.82",Available,,382955.82,241.9773791395227,False
180026,18,2025-02-01,Apartment,3,524.48,"$170,571.14",Sold,C0549,170571.14,325.21953172666264,True
180055,18,2025-02-01,Apartment,6,840.25,"$237,460.80",Sold,C1970,237460.8,282.60731925022316,True
180073,18,2025-02-01,Apartment,9,894.92,"$219,920.56",Sold,C0143,219920.56,245.74326196755018,True
180075,18,2025-02-01,Apartment,9,894.92,"$293,067.82",Sold,C0240,293067.82,327.47935010950704,True
180078,18,2025-02-01,Apartment,10,1111.43,"$273,871.34",Available,,273871.34,246.41348532971037,False
180129,18,2025-02-01,Apartment,17,1195.81,"$363,575.75",Sold,C0763,363575.75,304.0414028984538,True
180164,18,2025-02-01,Apartment,22,1108.09,"$366,169.68",Available,,366169.68,330.45120883682733,False
180197,18,2025-02-01,Apartment,25,911.94,"$297,415.23",Available,,297415.23,326.13464701625105,False
180240,18,2025-02-01,Apartment,30,1795.66,"$562,818.96",Sold,C0013,562818.96,313.4329215998574,True
180249,18,2025-02-01,Apartment,30,1795.66,"$499,251.91",Available,,499251.91,278.03253956762416,False
180251,18,2025-02-01,Apartment,30,1795.66,"$526,416.26",Sold,C0351,526416.26,293.1603198823831,True
180275,18,2025-02-01,Apartment,33,1191.96,"$334,939.30",Sold,C0181,334939.3,280.99877512668206,True
180279,18,2025-02-01,Apartment,35,799.05,"$242,910.33",Sold,C1759,242910.33,303.99891120705837,True
180340,18,2025-02-01,Apartment,38,1219.8,"$346,043.52",Available,,346043.52,283.68873585833745,False
180374,18,2025-02-01,Apartment,42,1045.42,"$344,722.40",Sold,C0515,344722.4,329.7453654990339,True
180420,18,2025-02-01,Apartment,48,564.59,"$200,099.00",Sold,C0428,200099.0,354.4147080182079,True
180496,18,2025-02-01,Apartment,55,930.04,"$263,674.47",Sold,C0701,263674.47,283.5087415595028,True
180502,18,2025-02-01,Apartment,55,930.04,"$278,811.89",Sold,C1344,278811.89,299.7848372113028,True
180512,18,2025-02-01,Apartment,57,636.39,"$203,193.41",Sold,C0587,203193.41,319.29070224233567,True
180541,18,2025-02-01,Apartment,61,1019.7,"$315,923.54",Sold,C0659,315923.54,309.82008433853093,True
180542,18,2025-02-01,Office,61,1019.7,"$261,651.11",Sold,C1169,261651.11,256.59616553888395,True
180573,18,2025-02-01,Office,66,1631.24,"$486,354.46",Sold,C0906,486354.46,298.1501557097668,True
190041,19,2025-02-01,Apartment,7,973.6,"$307,421.87",Sold,C0307,307421.87,315.757877978636,True
190051,19,2025-02-01,Office,8,974.77,"$315,031.62",Sold,C0136,315031.62,323.1855924987433,True
190089,19,2025-02-01,Apartment,13,766.61,"$196,028.29",Available,,196028.29,255.70797406764848,False
190100,19,2025-02-01,Apartment,14,630.47,"$215,726.19",Sold,C0128,215726.19,342.1672561739654,True
190102,19,2025-02-01,Apartment,14,630.47,"$213,497.85",Sold,C1451,213497.85,338.63284533760526,True
190120,19,2025-02-01,Apartment,16,1711.98,"$467,106.95",Available,,467106.95,272.846032079814,False
190123,19,2025-02-01,Apartment,17,574.75,"$209,680.44",Available,,209680.44,364.8202522836016,False
190131,19,2025-02-01,Apartment,18,1599.44,"$426,712.10",Available,,426712.1,266.7884384534587,False
190199,19,2025-02-01,Apartment,24,620.51,"$182,623.67",Available,,182623.67,294.3122109232728,False
190205,19,2025-02-01,Apartment,25,996.38,"$305,412.40",Sold,C1042,305412.4,306.5220096750236,True
190238,19,2025-02-01,Apartment,28,1599.78,"$436,128.05",Sold,C1174,436128.05,272.6175161584718,True
190265,19,2025-02-01,Office,30,673.27,"$197,900.76",Sold,C1836,197900.76,293.93966759249633,True
190281,19,2025-02-01,Office,32,1048.61,"$327,521.14",Sold,C0070,327521.14,312.3383717492681,True
190282,19,2025-02-01,Apartment,33,1454.84,"$503,290.73",Sold,C0339,503290.73,345.9423235544802,True
190299,19,2025-02-01,Apartment,35,1099.62,"$327,921.89",Sold,C1853,327921.89,298.21382841345195,True
190314,19,2025-02-01,Apartment,37,1565.26,"$533,438.18",Available,,533438.18,340.79844882000435,False
190388,19,2025-02-01,Apartment,44,982.8,"$310,988.41",Sold,C1393,310988.41,316.4310236060236,True
190404,19,2025-02-01,Apartment,46,1926.19,"$611,112.10",Sold,C1235,611112.1,317.264703897331,True
190420,19,2025-02-01,Apartment,48,851.11,"$266,270.58",Sold,C1034,266270.58,312.8509593354561,True
200020,20,2025-02-01,Apartment,2,1669.84,"$503,401.23",Sold,C0283,503401.23,301.4667453169166,True
200043,20,2025-02-01,Apartment,5,802.5,"$257,463.69",Available,,257463.69,320.8270280373832,False
200047,20,2025-02-01,Apartment,5,802.5,"$239,207.88",Available,,239207.88,298.07835514018694,False
200087,20,2025-02-01,Office,12,856.15,"$273,895.07",Sold,C1089,273895.07,319.91481632891436,True
200096,20,2025-02-01,Apartment,13,1587.57,"$406,942.26",Available,,406942.26,256.33027834993106,False
200138,20,2025-02-01,Apartment,17,1089.33,"$341,503.37",Sold,C1397,341503.37,313.4985449771878,True
200217,20,2025-02-01,Apartment,26,1941.62,"$619,157.65",Sold,C1399,619157.65,318.88714063513976,True
200310,20,2025-02-01,Apartment,33,630.53,"$187,899.97",Available,,187899.97,298.0032195137424,False
200412,20,2025-02-01,Apartment,47,590.12,"$164,834.69",Sold,C1567,164834.69,279.324018843625,True
200460,20,2025-02-01,Apartment,51,1062.33,"$315,514.31",Sold,C1323,315514.31,297.00216505229076,True
200474,20,2025-02-01,Apartment,54,589.61,"$189,747.29",Available,,189747.29,321.8183036244297,False
200495,20,2025-02-01,Apartment,57,445.15,"$140,335.17",Sold,C0598,140335.17,315.2536673031563,True
1022,1,2025-03-01,Apartment,22,743.09,"$210,745.17",Sold,C0005,210745.17,283.606521417325,True
1044,1,2025-03-01,Apartment,44,827.87,"$229,464.71",Sold,C0094,229464.71,277.1748100547187,True
2027,2,2025-03-01,Apartment,27,785.48,"$247,739.44",Sold,C0007,247739.44,315.3987880022407,True
2037,2,2025-03-01,Apartment,37,723.83,"$229,581.78",Sold,C0051,229581.78,317.17638119447935,True
4024,4,2025-03-01,Apartment,24,1121.95,"$372,001.70",Sold,C0139,372001.7,331.5670930077098,True
4034,4,2025-03-01,Apartment,34,794.52,"$243,052.59",Sold,C0114,243052.59,305.91122942153754,True
5022,5,2025-03-01,Apartment,22,798.28,"$287,466.41",Sold,C0072,287466.41,360.1072430726061,True
5030,5,2025-03-01,Apartment,30,1057.92,"$357,538.20",Sold,C0130,357538.2,337.9633620689655,True
10006,1,2025-03-01,Apartment,2,715.67,"$223,171.15",Sold,C0183,223171.15,311.83527324046,True
10010,1,2025-03-01,Apartment,2,715.67,"$215,269.12",Sold,C1854,215269.12,300.793829558316,True
10015,1,2025-03-01,Apartment,3,788.73,"$269,440.75",Sold,C0142,269440.75,341.61341650501436,True
10047,1,2025-03-01,Apartment,5,753.87,"$216,862.53",Sold,C0195,216862.53,287.6656850650643,True
10053,1,2025-03-01,Apartment,7,758.88,"$243,318.88",Sold,C1207,243318.88,320.62892683955306,True
10059,1,2025-03-01,Apartment,7,758.88,"$261,397.12",Sold,C0186,261397.12,344.4511912291798,True
10083,1,2025-03-01,Office,11,1429.46,"$510,261.37",Sold,C0844,510261.37,356.96092930197415,True
10096,1,2025-03-01,Apartment,13,719.47,"$226,445.32",Sold,C0185,226445.32,314.739071816754,True
10138,1,2025-03-01,Apartment,17,608.25,"$192,041.76",Available,,192041.76,315.7283353884094,False
10147,1,2025-03-01,Apartment,19,773.17,"$218,014.00",Available,,218014.0,281.97421007023036,False
10204,1,2025-03-01,Apartment,24,1146.11,"$411,828.28",Sold,C0956,411828.28,359.3270104963747,True
10246,1,2025-03-01,Apartment,29,757.2,"$256,617.65",Sold,C0445,256617.65,338.90339408346534,True
10302,1,2025-03-01,Apartment,32,800.77,"$237,300.35",Available,,237300.35,296.340210047829,False
10422,1,2025-03-01,Apartment,49,629.24,"$200,128.76",Available,,200128.76,318.04837581844765,False
20013,2,2025-03-01,Apartment,2,788.72,"$260,832.79",Sold,C0518,260832.79,330.70391266862765,True
20031,2,2025-03-01,Office,3,645.84,"$201,088.27",Available,,201088.27,311.35926854948593,False
20043,2,2025-03-01,Apartment,5,933.95,"$284,116.54",Sold,C0596,284116.54,304.2095829541196,True
20129,2,2025-03-01,Apartment,15,1603.33,"$529,448.55",Sold,C1660,529448.55,330.2180773764603,True
20134,2,2025-03-01,Apartment,16,1117.38,"$313,850.22",Sold,C0198,313850.22,280.8804703860817,True
20185,2,2025-03-01,Apartment,21,921.38,"$267,340.32",Sold,C1254,267340.32,290.1520762334759,True
20195,2,2025-03-01,Apartment,22,653.41,"$214,779.83",Sold,C0473,214779.83,328.70606510460505,True
20213,2,2025-03-01,Apartment,24,785.12,"$252,088.96",Available,,252088.96,321.0833503158753,False
20260,2,2025-03-01,Apartment,30,786.4,"$251,909.58",Sold,C0233,251909.58,320.33262970498475,True
20301,2,2025-03-01,Apartment,35,1391.68,"$425,215.43",Available,,425215.43,305.54109421706136,False
20315,2,2025-03-01,Apartment,37,780.46,"$199,200.35",Sold,C0891,199200.35,255.2345411680291,True
20355,2,2025-03-01,Apartment,42,786.45,"$218,343.57",Sold,C1319,218343.57,277.6318519931337,True
20360,2,2025-03-01,Apartment,42,786.45,"$272,617.43",Available,,272617.43,346.6430542310382,False
20364,2,2025-03-01,Apartment,42,786.45,"$213,633.08",Available,,213633.08,271.6422913090469,False
20387,2,2025-03-01,Apartment,46,697.74,"$207,424.44",Sold,C1308,207424.44,297.28041964055376,True
20399,2,2025-03-01,Office,46,697.74,"$213,454.35",Sold,C0827,213454.35,305.92247828704103,True
20418,2,2025-03-01,Office,47,708.32,"$218,276.55",Available,,218276.55,308.1609300880957,False
20430,2,2025-03-01,Apartment,49,1617.9,"$507,869.00",Sold,C1000,507869.0,313.90629828790406,True
20463,2,2025-03-01,Apartment,55,579.26,"$181,212.71",Sold,C1844,181212.71,312.8348410040396,True
30003,3,2025-03-01,Apartment,1,689.75,"$204,858.89",Sold,C1434,204858.89,297.0045523740486,True
30007,3,2025-03-01,Apartment,1,689.75,"$221,364.52",Sold,C0720,221364.52,320.93442551649144,True
30014,3,2025-03-01,Apartment,1,689.75,"$172,763.55",Sold,C1910,172763.55,250.47270750271835,True
30017,3,2025-03-01,Apartment,1,689.75,"$196,425.12",Sold,C1997,196425.12,284.7772671257702,True
30045,3,2025-03-01,Office,5,701.19,"$217,700.03",Sold,C1834,217700.03,310.47224004905945,True
30050,3,2025-03-01,Apartment,5,701.19,"$191,573.49",Sold,C0141,191573.49,273.2119539639755,True
30102,3,2025-03-01,Apartment,9,1125.84,"$337,104.83",Sold,C0939,337104.83,299.42516698642794,True
30160,3,2025-03-01,Apartment,18,706.68,"$232,965.64",Sold,C1524,232965.64,329.662138450218,True
30161,3,2025-03-01,Apartment,18,706.68,"$205,599.43",Sold,C1532,205599.43,290.9371002433916,True
30220,3,2025-03-01,Apartment,25,765.56,"$200,763.27",Available,,200763.27,262.2436778306077,False
30226,3,2025-03-01,Office,26,923.9,"$304,707.65",Sold,C1979,304707.65,329.8058772594437,True
30236,3,2025-03-01,Apartment,27,1117.14,"$304,737.66",Available,,304737.66,272.78376926795204,False
30270,3,2025-03-01,Apartment,29,666.0,"$222,047.97",Available,,222047.97,333.40536036036036,False
30286,3,2025-03-01,Apartment,34,768.76,"$259,647.03",Sold,C1463,259647.03,337.74784067849527,True
30301,3,2025-03-01,Apartment,36,733.45,"$204,902.86",Sold,C1083,204902.86,279.3685459131502,True
30339,3,2025-03-01,Apartment,41,965.5,"$334,240.70",Sold,C1780,334240.7,346.1840497151735,True
30372,3,2025-03-01,Apartment,46,1599.81,"$433,989.62",Sold,C0829,433989.62,271.275726492521,True
30376,3,2025-03-01,Office,46,1599.81,"$568,142.17",Sold,C1851,568142.17,355.1310280595821,True
30409,3,2025-03-01,Apartment,49,1174.48,"$311,720.22",Available,,311720.22,265.4112628567536,False
30452,3,2025-03-01,Apartment,52,1361.9,"$373,635.26",Sold,C1732,373635.26,274.3485277920552,True
30454,3,2025-03-01,Office,53,567.84,"$177,709.65",Sold,C0065,177709.65,312.95725908706675,True
40036,4,2025-03-01,Apartment,4,783.03,"$181,705.84",Sold,C0622,181705.84,232.0547616310997,True
40060,4,2025-03-01,Apartment,5,786.98,"$232,426.35",Available,,232426.35,295.3395893161198,False
40083,4,2025-03-01,Apartment,11,802.79,"$255,732.58",Sold,C1511,255732.58,318.5547652561691,True
40086,4,2025-03-01,Apartment,11,802.79,"$199,370.74",Sold,C1679,199370.74,248.34731374332017,True
40107,4,2025-03-01,Office,13,809.06,"$258,147.75",Available,,258147.75,319.07120609101923,False
40135,4,2025-03-01,Apartment,16,1128.21,"$353,988.11",Sold,C0787,353988.11,313.76083353276425,True
40164,4,2025-03-01,Apartment,20,1609.62,"$574,177.29",Sold,C0907,574177.29,356.71605099340223,True
40193,4,2025-03-01,Office,24,786.05,"$256,722.44",Available,,256722.44,326.5981044462821,False
40226,4,2025-03-01,Office,26,790.05,"$218,259.42",Sold,C0075,218259.42,276.26026200873366,True
40281,4,2025-03-01,Apartment,33,734.73,"$206,454.32",Available,,206454.32,280.9934533774312,False
40288,4,2025-03-01,Apartment,33,734.73,"$217,334.75",Sold,C1088,217334.75,295.80219944741606,True
40302,4,2025-03-01,Apartment,36,736.77,"$222,972.29",Sold,C0412,222972.29,302.63486569757185,True
40320,4,2025-03-01,Apartment,39,743.73,"$206,292.08",Available,,206292.08,277.3749613434983,False
40328,4,2025-03-01,Office,39,743.73,"$216,749.68",Available,,216749.68,291.4359781103357,False
40334,4,2025-03-01,Apartment,40,780.74,"$272,122.22",Sold,C1137,272122.22,348.5439711043369,True
40390,4,2025-03-01,Apartment,45,1160.48,"$354,717.69",Available,,354717.69,305.6646301530401,False
40416,4,2025-03-01,Apartment,49,739.7,"$212,434.99",Available,,212434.99,287.190739488982,False
40434,4,2025-03-01,Apartment,50,791.37,"$245,818.42",Sold,C1286,245818.42,310.6238801066505,True
50061,5,2025-03-01,Apartment,9,793.56,"$246,714.42",Sold,C1912,246714.42,310.8957356721609,True
50079,5,2025-03-01,Apartment,10,629.27,"$220,638.59",Sold,C1622,220638.59,350.626265355094,True
50113,5,2025-03-01,Office,14,624.96,"$211,905.97",Sold,C0388,211905.97,339.0712525601638,True
50115,5,2025-03-01,Apartment,15,1050.95,"$340,987.95",Sold,C0246,340987.95,324.45687235358486,True
50129,5,2025-03-01,Office,17,798.74,"$269,956.40",Available,,269956.4,337.9778150587175,False
50135,5,2025-03-01,Apartment,17,798.74,"$236,197.69",Sold,C1730,236197.69,295.71286025490144,True
50196,5,2025-03-01,Office,25,1049.99,"$279,852.10",Sold,C0768,279852.1,266.5283478890275,True
50238,5,2025-03-01,Office,32,1051.39,"$351,533.62",Available,,351533.62,334.3513063658585,False
50270,5,2025-03-01,Apartment,36,627.56,"$179,421.99",Available,,179421.99,285.90412072152463,False
60008,6,2025-03-01,Apartment,1,1720.95,"$564,815.29",Sold,C0477,564815.29,328.1997094627967,True
60012,6,2025-03-01,Apartment,1,1720.95,"$478,936.91",Available,,478936.91,278.2979807664371,False
60086,6,2025-03-01,Apartment,7,1075.42,"$359,309.30",Sold,C0719,359309.3,334.1106730393706,True
60115,6,2025-03-01,Apartment,10,942.08,"$277,376.95",Sold,C0286,277376.95,294.4303562330163,True
60147,6,2025-03-01,Office,12,1678.17,"$666,248.73",Sold,C1385,666248.73,397.0090813207243,True
60177,6,2025-03-01,Apartment,16,1687.92,"$500,551.32",Sold,C0245,500551.32,296.54919664439075,True
60186,6,2025-03-01,Apartment,17,1502.18,"$470,839.17",Sold,C0723,470839.17,313.43725119493,True
60206,6,2025-03-01,Apartment,20,1897.17,"$597,216.83",Sold,C0148,597216.83,314.79352403843615,True
60208,6,2025-03-01,Apartment,20,1897.17,"$686,530.85",Available,,686530.85,361.87102368264306,False
60258,6,2025-03-01,Office,26,1538.47,"$503,560.15",Sold,C0635,503560.15,327.31229728236497,True
60314,6,2025-03-01,Apartment,34,1353.81,"$465,516.42",Available,,465516.42,343.8565382143728,False
60373,6,2025-03-01,Apartment,43,1492.81,"$461,758.65",Sold,C1513,461758.65,309.32178241035365,True
60389,6,2025-03-01,Apartment,45,435.53,"$121,496.74",Available,,121496.74,278.96296466374304,False
60400,6,2025-03-01,Apartment,47,550.99,"$170,552.87",Available,,170552.87,309.53895714985754,False
60434,6,2025-03-01,Apartment,51,1476.63,"$410,957.65",Available,,410957.65,278.3078022253374,False
60463,6,2025-03-01,Apartment,54,1633.19,"$503,034.95",Sold,C1645,503034.95,308.00761087197446,True
60467,6,2025-03-01,Apartment,55,562.37,"$176,261.92",Available,,176261.92,313.42696089762967,False
60473,6,2025-03-01,Apartment,55,562.37,"$151,179.06",Sold,C1782,151179.06,268.8249017550723,True
70006,7,2025-03-01,Apartment,2,1478.43,"$453,645.31",Sold,C0758,453645.31,306.8426033021516,True
70019,7,2025-03-01,Apartment,4,1309.78,"$347,849.83",Sold,C1927,347849.83,265.57882239765456,True
70058,7,2025-03-01,Apartment,9,926.11,"$268,177.27",Sold,C0994,268177.27,289.57388431179885,True
70092,7,2025-03-01,Apartment,13,604.6,"$172,642.90",Sold,C0264,172642.9,285.5489579887529,True
70106,7,2025-03-01,Apartment,14,714.65,"$207,166.22",Sold,C1917,207166.22,289.88486671797386,True
70108,7,2025-03-01,Office,14,714.65,"$250,498.72",Sold,C0260,250498.72,350.51944308402716,True
70134,7,2025-03-01,Office,16,1239.87,"$387,314.45",Available,,387314.45,312.3831127456911,False
70190,7,2025-03-01,Apartment,21,1528.62,"$447,108.45",Sold,C0515,447108.45,292.4915610158182,True
70194,7,2025-03-01,Apartment,22,1914.21,"$693,731.35",Sold,C0961,693731.35,362.4113080591993,True
70198,7,2025-03-01,Apartment,22,1914.21,"$570,050.15",Available,,570050.15,297.79917041494923,False
70211,7,2025-03-01,Apartment,23,1222.69,"$412,118.88",Sold,C0077,412118.88,337.0591728074982,True
70301,7,2025-03-01,Apartment,36,1748.75,"$513,627.42",Available,,513627.42,293.7111765546819,False
70402,7,2025-03-01,Office,47,1033.08,"$356,614.79",Sold,C0554,356614.79,345.1957157238549,True
70515,7,2025-03-01,Apartment,60,1219.54,"$329,030.02",Sold,C1624,329030.02,269.79846499499814,True
80021,8,2025-03-01,Apartment,3,1736.05,"$502,610.03",Sold,C0261,502610.03,289.5135681575992,True
80025,8,2025-03-01,Office,3,1736.05,"$530,898.76",Sold,C1792,530898.76,305.80845021744767,True
80090,8,2025-03-01,Apartment,9,1869.81,"$537,291.01",Sold,C0008,537291.01,287.35059177135645,True
80116,8,2025-03-01,Apartment,14,685.93,"$175,256.09",Sold,C1821,175256.09,255.5014214278425,True
80118,8,2025-03-01,Apartment,14,685.93,"$201,911.89",Sold,C0502,201911.89,294.3622381292552,True
80224,8,2025-03-01,Office,29,1848.51,"$536,177.39",Sold,C1662,536177.39,290.0592314891453,True
80234,8,2025-03-01,Apartment,30,1070.46,"$307,826.14",Sold,C0691,307826.14,287.564355510715,True
80242,8,2025-03-01,Apartment,31,1253.18,"$415,476.82",Sold,C0188,415476.82,331.5380232688041,True
80272,8,2025-03-01,Apartment,33,1809.87,"$556,388.88",Sold,C0232,556388.88,307.4192511064331,True
80292,8,2025-03-01,Apartment,34,1684.75,"$547,341.89",Available,,547341.89,324.88018400356134,False
80331,8,2025-03-01,Apartment,37,890.65,"$297,513.05",Sold,C1258,297513.05,334.04036377926235,True
80338,8,2025-03-01,Office,37,890.65,"$286,051.39",Available,,286051.39,321.17149273002866,False
80416,8,2025-03-01,Apartment,47,543.08,"$141,656.98",Available,,141656.98,260.83998674228474,False
80423,8,2025-03-01,Apartment,48,480.99,"$138,782.37",Available,,138782.37,288.53483440404165,False
80439,8,2025-03-01,Office,51,803.06,"$255,042.44",Available,,255042.44,317.58827484870375,False
80442,8,2025-03-01,Apartment,52,559.73,"$182,831.05",Sold,C1799,182831.05,326.641505725975,True
80446,8,2025-03-01,Apartment,53,1891.72,"$599,896.96",Sold,C0788,599896.96,317.1172055061002,True
80471,8,2025-03-01,Apartment,55,1300.05,"$425,583.77",Sold,C0662,425583.77,327.35954001769164,True
90003,9,2025-03-01,Apartment,1,832.35,"$230,038.43",Available,,230038.43,276.37223523758036,False
90009,9,2025-03-01,Apartment,1,832.35,"$219,973.09",Available,,219973.09,264.2795578782964,False
90046,9,2025-03-01,Apartment,8,1315.55,"$388,878.86",Sold,C1713,388878.86,295.601733115427,True
90092,9,2025-03-01,Office,15,1732.33,"$586,679.08",Sold,C0913,586679.08,338.66473477917026,True
90126,9,2025-03-01,Apartment,19,1866.15,"$547,017.84",Available,,547017.84,293.12640462985286,False
90162,9,2025-03-01,Apartment,25,1904.38,"$562,194.46",Available,,562194.46,295.21128136191305,False
90210,9,2025-03-01,Office,30,1250.17,"$479,088.84",Sold,C1533,479088.84,383.21895422222576,True
90225,9,2025-03-01,Apartment,33,973.52,"$292,852.50",Sold,C1340,292852.5,300.81816500945024,True
90233,9,2025-03-01,Apartment,33,973.52,"$318,942.96",Available,,318942.96,327.6182923822829,False
90255,9,2025-03-01,Apartment,34,1577.36,"$449,790.86",Available,,449790.86,285.15421970888065,False
90292,9,2025-03-01,Apartment,36,1582.79,"$448,348.86",Sold,C1325,448348.86,283.26490564130427,True
90334,9,2025-03-01,Apartment,40,1090.32,"$310,903.56",Sold,C1820,310903.56,285.1489104116223,True
90356,9,2025-03-01,Apartment,41,1488.32,"$454,222.45",Available,,454222.45,305.19139029241023,False
90363,9,2025-03-01,Apartment,43,1908.91,"$558,618.92",Sold,C0512,558618.92,292.63764137649235,True
90370,9,2025-03-01,Apartment,44,1351.57,"$458,342.78",Sold,C0065,458342.78,339.1187877801372,True
90465,9,2025-03-01,Apartment,57,1198.57,"$382,528.88",Sold,C0776,382528.88,319.15439231751174,True
90471,9,2025-03-01,Office,57,1198.57,"$360,318.53",Sold,C1246,360318.53,300.623684891162,True
90472,9,2025-03-01,Apartment,57,1198.57,"$348,984.03",Sold,C0353,348984.03,291.16699900715025,True
90480,9,2025-03-01,Apartment,58,838.34,"$247,507.53",Sold,C1367,247507.53,295.2352625426438,True
90485,9,2025-03-01,Apartment,58,838.34,"$262,587.26",Available,,262587.26,313.2228690030298,False
90509,9,2025-03-01,Office,58,838.34,"$263,088.10",Sold,C1300,263088.1,313.82028771142967,True
90525,9,2025-03-01,Apartment,59,1697.13,"$478,022.04",Sold,C1972,478022.04,281.66495200721215,True
100054,10,2025-03-01,Office,5,1741.96,"$459,558.39",Sold,C0068,459558.39,263.8168442444143,True
100066,10,2025-03-01,Apartment,9,1849.4,"$527,522.52",Available,,527522.52,285.23981831945497,False
100074,10,2025-03-01,Apartment,9,1849.4,"$527,107.10",Sold,C0073,527107.1,285.0151941170109,True
100099,10,2025-03-01,Apartment,12,852.74,"$265,492.59",Sold,C0551,265492.59,311.3406079226963,True
100111,10,2025-03-01,Apartment,15,1948.32,"$524,175.54",Sold,C0410,524175.54,269.0397573293915,True
100144,10,2025-03-01,Apartment,18,1244.03,"$347,987.67",Sold,C1560,347987.67,279.7261078912888,True
100207,10,2025-03-01,Apartment,26,1294.85,"$413,491.65",Available,,413491.65,319.33556010348696,False
100209,10,2025-03-01,Office,26,1294.85,"$518,409.30",Sold,C1581,518409.3,400.3624358033749,True
100218,10,2025-03-01,Apartment,27,777.35,"$232,234.81",Sold,C1501,232234.81,298.751926416672,True
100269,10,2025-03-01,Apartment,31,1499.0,"$463,667.58",Sold,C0641,463667.58,309.31793195463644,True
100282,10,2025-03-01,Apartment,33,1010.7,"$300,235.90",Sold,C0894,300235.9,297.05738597011975,True
100293,10,2025-03-01,Apartment,34,1435.44,"$387,981.26",Sold,C1322,387981.26,270.2873404670345,True
100308,10,2025-03-01,Apartment,36,1920.65,"$531,282.16",Sold,C0184,531282.16,276.61581235519225,True
100335,10,2025-03-01,Office,39,1188.51,"$359,387.46",Available,,359387.46,302.3848852765227,False
100345,10,2025-03-01,Apartment,42,1757.51,"$618,238.68",Sold,C1443,618238.68,351.7696513817845,True
100347,10,2025-03-01,Apartment,42,1757.51,"$509,155.44",Sold,C1165,509155.44,289.7027271537573,True
100401,10,2025-03-01,Apartment,46,1525.34,"$375,800.81",Sold,C1614,375800.81,246.37183185388176,True
100413,10,2025-03-01,Apartment,50,1138.32,"$373,299.40",Sold,C1055,373299.4,327.9388924028393,True
110010,11,2025-03-01,Apartment,1,1902.88,"$555,202.09",Sold,C0821,555202.09,291.7693653829984,True
110011,11,2025-03-01,Apartment,2,938.0,"$235,785.16",Available,,235785.16,251.37010660980812,False
110034,11,2025-03-01,Apartment,4,1414.25,"$488,382.72",Sold,C0947,488382.72,345.3298356019091,True
110052,11,2025-03-01,Apartment,6,1724.08,"$609,943.05",Sold,C1373,609943.05,353.7788559695606,True
110090,11,2025-03-01,Apartment,10,1519.64,"$489,897.85",Available,,489897.85,322.3775696875575,False
110126,11,2025-03-01,Apartment,14,524.68,"$140,749.68",Sold,C0770,140749.68,268.2581382938172,True
110138,11,2025-03-01,Apartment,14,524.68,"$158,061.44",Sold,C0996,158061.44,301.25303041854085,True
110168,11,2025-03-01,Apartment,18,1562.55,"$467,446.40",Sold,C0713,467446.4,299.1561230040639,True
110177,11,2025-03-01,Apartment,19,1083.98,"$289,695.75",Sold,C0184,289695.75,267.25193269248507,True
110185,11,2025-03-01,Apartment,20,570.62,"$206,179.46",Sold,C1187,206179.46,361.32533034243454,True
110212,11,2025-03-01,Apartment,25,1802.24,"$534,988.59",Available,,534988.59,296.84647438742894,False
110225,11,2025-03-01,Apartment,27,1638.1,"$497,575.53",Sold,C0820,497575.53,303.7516207801722,True
110289,11,2025-03-01,Apartment,35,540.82,"$156,638.87",Sold,C0983,156638.87,289.63216966828145,True
110333,11,2025-03-01,Apartment,40,638.97,"$211,286.34",Available,,211286.34,330.66707357152916,False
110344,11,2025-03-01,Apartment,42,808.59,"$226,783.93",Sold,C0545,226783.93,280.468383235014,True
110387,11,2025-03-01,Apartment,45,1651.09,"$528,153.88",Available,,528153.88,319.8819446547432,False
110443,11,2025-03-01,Apartment,52,1397.58,"$450,319.99",Available,,450319.99,322.21410581147416,False
110466,11,2025-03-01,Apartment,55,1713.32,"$450,951.38",Available,,450951.38,263.20324282679246,False
110491,11,2025-03-01,Apartment,58,1159.31,"$376,729.35",Available,,376729.35,324.9599761927353,False
110530,11,2025-03-01,Apartment,62,1938.82,"$574,413.17",Available,,574413.17,296.26946802694425,False
120013,12,2025-03-01,Office,2,1285.87,"$384,219.60",Sold,C0079,384219.6,298.8012785118247,True
120036,12,2025-03-01,Office,4,1559.34,"$442,139.42",Sold,C0305,442139.42,283.5426654866803,True
120037,12,2025-03-01,Office,4,1559.34,"$441,228.83",Sold,C0836,441228.83,282.95870688881195,True
120039,12,2025-03-01,Apartment,4,1559.34,"$392,122.42",Sold,C1433,392122.42,251.46691548988676,True
120045,12,2025-03-01,Apartment,4,1559.34,"$508,239.14",Sold,C1317,508239.14,325.9322149114369,True
120137,12,2025-03-01,Apartment,16,1523.02,"$508,184.49",Available,,508184.49,333.668953789182,False
120142,12,2025-03-01,Apartment,16,1523.02,"$461,655.95",Sold,C0018,461655.95,303.1187706005174,True
120166,12,2025-03-01,Apartment,18,1702.66,"$447,987.25",Sold,C1280,447987.25,263.110221653178,True
120170,12,2025-03-01,Apartment,19,1381.22,"$365,814.85",Sold,C0685,365814.85,264.84908269500875,True
120171,12,2025-03-01,Apartment,19,1381.22,"$393,216.26",Available,,393216.26,284.68763846454584,False
120211,12,2025-03-01,Apartment,23,1094.46,"$341,221.59",Sold,C1574,341221.59,311.7716408091662,True
120281,12,2025-03-01,Apartment,30,622.2,"$156,634.64",Available,,156634.64,251.7432336869174,False
120335,12,2025-03-01,Apartment,36,813.16,"$227,280.56",Available,,227280.56,279.50287766245265,False
120378,12,2025-03-01,Apartment,41,938.23,"$279,698.29",Sold,C1052,279698.29,298.11271223473983,True
130018,13,2025-03-01,Apartment,1,1899.92,"$652,896.45",Available,,652896.45,343.644179754937,False
130095,13,2025-03-01,Apartment,11,1678.3,"$455,545.83",Available,,455545.83,271.43289638324495,False
130111,13,2025-03-01,Apartment,14,777.75,"$241,168.73",Available,,241168.73,310.08515589842494,False
130246,13,2025-03-01,Apartment,28,1173.72,"$296,226.57",Available,,296226.57,252.3826551477354,False
130248,13,2025-03-01,Apartment,29,568.7,"$164,991.39",Sold,C1541,164991.39,290.120256725866,True
130272,13,2025-03-01,Apartment,32,1114.07,"$337,590.23",Available,,337590.23,303.02425341316075,False
130279,13,2025-03-01,Apartment,32,1114.07,"$357,213.90",Sold,C0015,357213.9,320.63864927697546,True
130370,13,2025-03-01,Apartment,41,1168.7,"$356,090.10",Sold,C1451,356090.1,304.6890562163087,True
130376,13,2025-03-01,Apartment,42,1044.42,"$262,496.75",Available,,262496.75,251.33255778326725,False
130394,13,2025-03-01,Apartment,43,1875.83,"$530,003.66",Available,,530003.66,282.5435460569455,False
130430,13,2025-03-01,Apartment,47,1874.35,"$614,304.54",Sold,C1437,614304.54,327.74270547123007,True
130446,13,2025-03-01,Apartment,49,572.01,"$180,013.62",Sold,C1491,180013.62,314.7036240625164,True
130450,13,2025-03-01,Apartment,50,1469.09,"$480,172.84",Sold,C0830,480172.84,326.85052651641496,True
130480,13,2025-03-01,Apartment,55,710.41,"$189,589.64",Sold,C0974,189589.64,266.87355189256914,True
130516,13,2025-03-01,Apartment,60,1401.81,"$341,221.35",Available,,341221.35,243.41483510604147,False
130585,13,2025-03-01,Apartment,67,524.97,"$179,942.16",Sold,C1124,179942.16,342.76655808903365,True
130592,13,2025-03-01,Apartment,68,1590.69,"$492,001.45",Sold,C0851,492001.45,309.3006494037179,True
130599,13,2025-03-01,Apartment,70,750.41,"$252,362.11",Available,,252362.11,336.2989698964566,False
140035,14,2025-03-01,Apartment,6,1733.36,"$458,349.81",Sold,C0631,458349.81,264.42851456131444,True
140077,14,2025-03-01,Apartment,10,686.98,"$198,869.37",Sold,C0189,198869.37,289.4834929692276,True
140086,14,2025-03-01,Apartment,11,1431.42,"$358,234.23",Sold,C0179,358234.23,250.26493272414803,True
140113,14,2025-03-01,Apartment,12,459.44,"$132,687.06",Available,,132687.06,288.8017151314644,False
140141,14,2025-03-01,Apartment,15,784.04,"$205,905.46",Available,,205905.46,262.62111626957807,False
140157,14,2025-03-01,Apartment,16,915.37,"$295,485.71",Sold,C0046,295485.71,322.80466915017973,True
140201,14,2025-03-01,Apartment,22,1148.66,"$382,113.57",Sold,C1149,382113.57,332.6602911218289,True
140224,14,2025-03-01,Apartment,24,1205.25,"$337,423.76",Sold,C1673,337423.76,279.96163451566065,True
140237,14,2025-03-01,Office,27,1866.49,"$608,264.77",Sold,C1977,608264.77,325.8869696596285,True
140280,14,2025-03-01,Apartment,33,1894.96,"$538,973.07",Sold,C0221,538973.07,284.42451027990035,True
140377,14,2025-03-01,Apartment,46,1258.99,"$404,402.26",Sold,C1445,404402.26,321.2116537859713,True
140437,14,2025-03-01,Apartment,51,1346.3,"$413,330.24",Sold,C0517,413330.24,307.0119884126866,True
140455,14,2025-03-01,Apartment,53,1493.72,"$507,394.76",Sold,C1129,507394.76,339.68532255041106,True
150031,15,2025-03-01,Apartment,4,1110.88,"$340,794.83",Sold,C0303,340794.83,306.77915706466945,True
150062,15,2025-03-01,Apartment,9,565.48,"$183,064.12",Sold,C1210,183064.12,323.73226285633444,True
150086,15,2025-03-01,Apartment,14,1832.17,"$444,156.91",Available,,444156.91,242.42123274586962,False
150151,15,2025-03-01,Apartment,19,1550.36,"$467,492.04",Sold,C1128,467492.04,301.5377331716505,True
150162,15,2025-03-01,Apartment,21,1271.25,"$393,044.79",Available,,393044.79,309.1797758112094,False
150163,15,2025-03-01,Apartment,21,1271.25,"$408,366.16",Available,,408366.16,321.2319842674533,False
150172,15,2025-03-01,Apartment,22,1317.29,"$398,333.55",Available,,398333.55,302.38865397900236,False
150182,15,2025-03-01,Apartment,23,1279.23,"$380,799.02",Available,,380799.02,297.67830648124266,False
150240,15,2025-03-01,Office,28,1567.93,"$416,427.59",Available,,416427.59,265.59067687970764,False
150241,15,2025-03-01,Apartment,28,1567.93,"$470,015.42",Available,,470015.42,299.7681146479753,False
150349,15,2025-03-01,Apartment,41,1586.79,"$391,450.82",Available,,391450.82,246.69352592340513,False
150383,15,2025-03-01,Apartment,48,1403.33,"$436,176.31",Sold,C0224,436176.31,310.81521096249634,True
150407,15,2025-03-01,Apartment,51,1689.08,"$485,561.11",Sold,C0060,485561.11,287.47075922987665,True
150426,15,2025-03-01,Apartment,53,696.04,"$233,058.54",Sold,C0910,233058.54,334.8349807482329,True
150443,15,2025-03-01,Office,55,892.75,"$298,596.43",Sold,C0202,298596.43,334.4681377765332,True
150472,15,2025-03-01,Apartment,57,429.34,"$145,693.65",Sold,C0046,145693.65,339.3432943587833,True
150477,15,2025-03-01,Apartment,57,429.34,"$125,457.43",Available,,125457.43,292.2099734476173,False
150486,15,2025-03-01,Apartment,58,1750.89,"$603,910.96",Sold,C1204,603910.96,344.9165624339621,True
160081,16,2025-03-01,Apartment,9,1524.04,"$506,404.29",Available,,506404.29,332.2775583318023,False
160082,16,2025-03-01,Office,9,1524.04,"$482,645.67",Available,,482645.67,316.6883218288234,False
160096,16,2025-03-01,Office,10,1608.56,"$546,573.79",Sold,C0552,546573.79,339.7907383000945,True
160190,16,2025-03-01,Apartment,23,594.14,"$182,540.03",Available,,182540.03,307.23403574915005,False
160228,16,2025-03-01,Apartment,28,1440.71,"$440,954.34",Available,,440954.34,306.0673834428858,False
160250,16,2025-03-01,Apartment,29,489.49,"$152,218.98",Available,,152218.98,310.9746470816564,False
160275,16,2025-03-01,Apartment,33,881.17,"$246,824.34",Sold,C0012,246824.34,280.10978585290013,True
160304,16,2025-03-01,Office,35,629.97,"$190,181.08",Sold,C1007,190181.08,301.88910583043634,True
170016,17,2025-03-01,Apartment,1,530.28,"$158,604.20",Sold,C0595,158604.2,299.0951949913254,True
170093,17,2025-03-01,Apartment,11,596.22,"$175,259.38",Sold,C1617,175259.38,293.95085706618363,True
170095,17,2025-03-01,Apartment,11,596.22,"$176,104.69",Available,,176104.69,295.36863909295226,False
170112,17,2025-03-01,Apartment,13,916.9,"$253,453.37",Sold,C1990,253453.37,276.4242229250736,True
170145,17,2025-03-01,Office,16,1693.0,"$523,881.71",Sold,C1276,523881.71,309.43987595983464,True
170152,17,2025-03-01,Office,16,1693.0,"$598,240.70",Sold,C1244,598240.7,353.3613112817483,True
170175,17,2025-03-01,Apartment,19,1712.06,"$480,709.27",Sold,C0295,480709.27,280.77828463955706,True
170183,17,2025-03-01,Office,20,792.27,"$289,102.68",Sold,C0117,289102.68,364.9042371918664,True
170197,17,2025-03-01,Apartment,22,1221.66,"$347,335.46",Sold,C0226,347335.46,284.31434277949677,True
170300,17,2025-03-01,Apartment,37,644.06,"$207,576.51",Sold,C0373,207576.51,322.2937459242928,True
170376,17,2025-03-01,Apartment,46,1582.61,"$490,828.61",Sold,C1352,490828.61,310.13870125931214,True
180089,18,2025-03-01,Apartment,12,1692.5,"$451,978.85",Sold,C1664,451978.85,267.04806499261446,True
180180,18,2025-03-01,Apartment,23,1659.02,"$498,617.70",Sold,C1645,498617.7,300.5495412954636,True
180221,18,2025-03-01,Office,28,514.67,"$169,373.25",Available,,169373.25,329.09097091340084,False
180339,18,2025-03-01,Apartment,38,1219.8,"$388,297.11",Available,,388297.11,318.3285046728972,False
180356,18,2025-03-01,Apartment,40,990.46,"$299,605.04",Sold,C0661,299605.04,302.4908022534983,True
180389,18,2025-03-01,Apartment,44,1334.77,"$399,778.78",Sold,C1004,399778.78,299.5113615079752,True
180412,18,2025-03-01,Office,46,1410.38,"$398,235.67",Sold,C0027,398235.67,282.36054822104677,True
180582,18,2025-03-01,Apartment,67,1664.17,"$527,806.89",Sold,C0554,527806.89,317.1592385393319,True
190017,19,2025-03-01,Apartment,4,1225.38,"$348,262.50",Available,,348262.5,284.207755961416,False
190021,19,2025-03-01,Apartment,4,1225.38,"$305,943.58",Sold,C1571,305943.58,249.67241182327115,True
190055,19,2025-03-01,Office,8,974.77,"$260,831.80",Sold,C0429,260831.8,267.5829169958041,True
190059,19,2025-03-01,Apartment,9,695.8,"$216,366.01",Sold,C0538,216366.01,310.96006036217307,True
190068,19,2025-03-01,Apartment,10,747.71,"$196,219.32",Sold,C1739,196219.32,262.4270372203127,True
190161,19,2025-03-01,Apartment,20,1772.03,"$498,959.88",Sold,C0803,498959.88,281.5753006438943,True
190253,19,2025-03-01,Apartment,29,1657.84,"$414,744.38",Available,,414744.38,250.17153645707668,False
190255,19,2025-03-01,Office,29,1657.84,"$522,401.95",Available,,522401.95,315.109992520388,False
190358,19,2025-03-01,Apartment,42,1137.59,"$334,977.57",Sold,C0775,334977.57,294.46247769407256,True
190367,19,2025-03-01,Apartment,42,1137.59,"$331,618.34",Available,,331618.34,291.5095421021634,False
190407,19,2025-03-01,Apartment,46,1926.19,"$631,227.87",Sold,C0189,631227.87,327.7079986917178,True
190412,19,2025-03-01,Office,46,1926.19,"$595,842.66",Sold,C0537,595842.66,309.3374277719228,True
200004,20,2025-03-01,Apartment,1,1898.39,"$558,878.17",Sold,C0709,558878.17,294.3958670241626,True
200030,20,2025-03-01,Apartment,3,1645.93,"$387,777.74",Sold,C1209,387777.74,235.59795374043853,True
200038,20,2025-03-01,Apartment,3,1645.93,"$567,155.53",Available,,567155.53,344.5805896970102,False
200065,20,2025-03-01,Apartment,8,1268.45,"$342,407.94",Sold,C1773,342407.94,269.9420079624739,True
200085,20,2025-03-01,Office,12,856.15,"$257,796.80",Sold,C0720,257796.8,301.1117210769141,True
200099,20,2025-03-01,Apartment,13,1587.57,"$424,941.45",Available,,424941.45,267.6678508664185,False
200102,20,2025-03-01,Apartment,14,837.37,"$236,063.06",Available,,236063.06,281.91009947812796,False
200120,20,2025-03-01,Apartment,16,645.44,"$208,186.37",Sold,C1880,208186.37,322.5495321021318,True
200134,20,2025-03-01,Apartment,16,645.44,"$207,492.13",Sold,C0436,207492.13,321.4739247645017,True
200136,20,2025-03-01,Apartment,17,1089.33,"$329,276.52",Available,,329276.52,302.27435212470056,False
200188,20,2025-03-01,Apartment,20,1110.23,"$325,628.04",Sold,C0369,325628.04,293.2978211721895,True
200207,20,2025-03-01,Apartment,25,780.74,"$229,143.41",Sold,C0874,229143.41,293.49515843942925,True
200243,20,2025-03-01,Apartment,30,1703.94,"$565,105.27",Available,,565105.27,331.646225806073,False
200316,20,2025-03-01,Office,34,858.93,"$250,793.60",Sold,C0563,250793.6,291.98374722037886,True
200359,20,2025-03-01,Apartment,39,1106.36,"$315,013.84",Available,,315013.84,284.7299613145812,False
200370,20,2025-03-01,Apartment,40,428.03,"$121,120.05",Available,,121120.05,282.9709366165923,False
200374,20,2025-03-01,Office,40,428.03,"$157,369.37",Sold,C1533,157369.37,367.6596733873794,True
200388,20,2025-03-01,Apartment,42,811.56,"$264,162.30",Available,,264162.3,325.49940854650305,False
200399,20,2025-03-01,Apartment,45,1532.67,"$509,429.47",Sold,C1750,509429.47,332.38040152152774,True
1034,1,2025-04-01,Apartment,34,625.8,"$204,434.68",Sold,C0005,204434.68,326.6773410035155,True
1036,1,2025-04-01,Apartment,36,1160.36,"$317,473.86",Sold,C0151,317473.86,273.59945189423973,True
1041,1,2025-04-01,Apartment,41,1434.09,"$480,545.81",Sold,C0150,480545.81,335.08762351037944,True
2024,2,2025-04-01,Apartment,24,1604.75,"$456,919.46",Sold,C0143,456919.46,284.7293721763515,True
2057,2,2025-04-01,Apartment,57,1396.86,"$382,277.15",Sold,C0144,382277.15,273.668907406612,True
3027,3,2025-04-01,Apartment,27,781.07,"$245,572.79",Sold,C0136,245572.79,314.4056102526022,True
3030,3,2025-04-01,Apartment,30,720.81,"$215,774.28",Sold,C0076,215774.28,299.349731552004,True
5014,5,2025-04-01,Apartment,14,1273.55,"$372,016.56",Available,,372016.56,292.1098975305249,False
5039,5,2025-04-01,Apartment,39,798.28,"$195,874.94",Sold,C0006,195874.94,245.37122312972892,True
5052,5,2025-04-01,Apartment,52,1769.48,"$532,877.38",Available,,532877.38,301.14913986029796,False
10016,1,2025-04-01,Apartment,3,788.73,"$258,432.34",Sold,C0870,258432.34,327.65628288514444,True
10046,1,2025-04-01,Apartment,5,753.87,"$227,495.05",Sold,C0401,227495.05,301.7696021860533,True
10085,1,2025-04-01,Apartment,11,1429.46,"$345,603.17",Sold,C0994,345603.17,241.77183691743733,True
10116,1,2025-04-01,Apartment,14,1181.69,"$400,855.51",Sold,C1988,400855.51,339.22222410276805,True
10156,1,2025-04-01,Apartment,20,1146.24,"$314,853.73",Available,,314853.73,274.6839492601898,False
10175,1,2025-04-01,Apartment,22,740.83,"$221,183.29",Available,,221183.29,298.56146484348636,False
10178,1,2025-04-01,Apartment,22,740.83,"$223,568.77",Sold,C0344,223568.77,301.7814748322827,True
10251,1,2025-04-01,Apartment,29,757.2,"$189,273.09",Available,,189273.09,249.96446117274166,False
10256,1,2025-04-01,Apartment,29,757.2,"$203,308.36",Available,,203308.36,268.5002113048071,False
10332,1,2025-04-01,Apartment,35,1168.59,"$365,818.56",Sold,C1247,365818.56,313.0426924755475,True
10347,1,2025-04-01,Office,37,758.3,"$189,015.42",Sold,C1700,189015.42,249.26205987076358,True
10369,1,2025-04-01,Apartment,41,835.25,"$251,376.49",Sold,C0493,251376.49,300.9595809637833,True
10406,1,2025-04-01,Office,47,771.08,"$238,409.16",Sold,C1953,238409.16,309.1886185609794,True
20131,2,2025-04-01,Apartment,15,1603.33,"$541,634.06",Sold,C0321,541634.06,337.81820336424823,True
20169,2,2025-04-01,Apartment,20,727.55,"$249,065.14",Sold,C0045,249065.14,342.3340526424301,True
20202,2,2025-04-01,Apartment,23,1416.33,"$411,480.90",Sold,C1482,411480.9,290.5261485670713,True
20227,2,2025-04-01,Apartment,25,943.48,"$299,860.84",Sold,C1032,299860.84,317.8242676050367,True
20308,2,2025-04-01,Apartment,36,641.72,"$188,705.75",Sold,C0163,188705.75,294.06244156329865,True
20370,2,2025-04-01,Apartment,44,580.26,"$148,713.22",Available,,148713.22,256.28721607555235,False
20413,2,2025-04-01,Apartment,47,708.32,"$212,683.17",Sold,C0492,212683.17,300.26424497402303,True
20455,2,2025-04-01,Apartment,53,781.27,"$238,017.83",Available,,238017.83,304.65502323140527,False
20465,2,2025-04-01,Apartment,55,579.26,"$189,638.47",Available,,189638.47,327.38057176397473,False
20473,2,2025-04-01,Apartment,55,579.26,"$182,930.76",Available,,182930.76,315.80078030590755,False
30037,3,2025-04-01,Office,4,719.96,"$220,289.68",Available,,220289.68,305.97488749374963,False
30053,3,2025-04-01,Apartment,5,701.19,"$248,159.95",Sold,C1566,248159.95,353.91256292873544,True
30100,3,2025-04-01,Apartment,9,1125.84,"$294,905.73",Available,,294905.73,261.94284267746747,False
30150,3,2025-04-01,Apartment,16,1587.26,"$446,778.13",Sold,C0272,446778.13,281.47759661303127,True
30169,3,2025-04-01,Apartment,19,1602.22,"$477,744.58",Sold,C0981,477744.58,298.176642408658,True
30221,3,2025-04-01,Apartment,25,765.56,"$232,747.53",Available,,232747.53,304.02258477454416,False
30300,3,2025-04-01,Apartment,36,733.45,"$224,405.33",Sold,C1400,224405.33,305.9585929511214,True
30310,3,2025-04-01,Apartment,38,1173.4,"$377,838.86",Sold,C1768,377838.86,322.00346003068006,True
30315,3,2025-04-01,Apartment,39,1598.95,"$494,864.22",Sold,C1129,494864.22,309.4932424403515,True
30355,3,2025-04-01,Apartment,44,673.86,"$200,567.03",Available,,200567.03,297.6390199744754,False
30370,3,2025-04-01,Office,46,1599.81,"$484,626.56",Sold,C1681,484626.56,302.9275726492521,True
30423,3,2025-04-01,Apartment,49,1174.48,"$344,231.92",Sold,C0598,344231.92,293.09304543287243,True
30450,3,2025-04-01,Apartment,52,1361.9,"$418,410.07",Available,,418410.07,307.2252514868933,False
30455,3,2025-04-01,Office,54,787.64,"$251,578.52",Sold,C0097,251578.52,319.4080036564928,True
30464,3,2025-04-01,Apartment,56,1179.42,"$369,992.93",Sold,C1628,369992.93,313.7075257329874,True
40026,4,2025-04-01,Apartment,3,1630.82,"$483,098.81",Sold,C1256,483098.81,296.2306140469212,True
40040,4,2025-04-01,Apartment,4,783.03,"$234,324.70",Sold,C1846,234324.7,299.25379615084995,True
40048,4,2025-04-01,Apartment,5,786.98,"$240,730.31",Available,,240730.31,305.89126788482554,False
40049,4,2025-04-01,Apartment,5,786.98,"$258,340.90",Sold,C1667,258340.9,328.2686980609418,True
40064,4,2025-04-01,Apartment,6,1602.95,"$476,692.43",Available,,476692.43,297.38446614055334,False
40089,4,2025-04-01,Apartment,12,789.38,"$212,764.22",Sold,C1065,212764.22,269.53332995515467,True
40099,4,2025-04-01,Apartment,13,809.06,"$293,294.07",Sold,C0744,293294.07,362.5121375423331,True
40117,4,2025-04-01,Apartment,14,1322.66,"$398,376.72",Sold,C0257,398376.72,301.1935947257798,True
40128,4,2025-04-01,Apartment,15,760.39,"$262,156.81",Sold,C0995,262156.81,344.76625152882076,True
40141,4,2025-04-01,Apartment,17,780.68,"$216,907.86",Sold,C0024,216907.86,277.8447763488241,True
40156,4,2025-04-01,Office,18,1294.91,"$366,379.21",Available,,366379.21,282.93797252318694,False
40203,4,2025-04-01,Apartment,25,1310.16,"$384,261.45",Available,,384261.45,293.2935290346217,False
40205,4,2025-04-01,Apartment,26,790.05,"$213,545.23",Sold,C0882,213545.23,270.2933105499652,True
40234,4,2025-04-01,Apartment,28,1070.72,"$349,761.45",Sold,C1108,349761.45,326.6600511805141,True
40240,4,2025-04-01,Apartment,29,776.79,"$206,436.34",Sold,C0234,206436.34,265.75566111819154,True
40251,4,2025-04-01,Apartment,30,1307.35,"$390,539.15",Sold,C0868,390539.15,298.7257811603626,True
40271,4,2025-04-01,Apartment,31,793.1,"$263,291.82",Sold,C0096,263291.82,331.9780859916782,True
40275,4,2025-04-01,Apartment,32,1328.09,"$361,228.37",Sold,C1672,361228.37,271.9908816420574,True
40299,4,2025-04-01,Apartment,35,777.82,"$222,493.85",Sold,C1685,222493.85,286.0479931089455,True
40346,4,2025-04-01,Apartment,41,779.87,"$238,498.46",Available,,238498.46,305.8182261146088,False
40359,4,2025-04-01,Apartment,43,1616.99,"$453,748.83",Sold,C0794,453748.83,280.6132567300973,True
50036,5,2025-04-01,Apartment,8,782.15,"$250,548.46",Sold,C1115,250548.46,320.3330051780349,True
50059,5,2025-04-01,Apartment,9,793.56,"$264,566.37",Available,,264566.37,333.39176621805535,False
50074,5,2025-04-01,Apartment,10,629.27,"$225,125.36",Sold,C0965,225125.36,357.7563843819028,True
50082,5,2025-04-01,Office,11,1058.56,"$319,262.64",Sold,C1514,319262.64,301.6008917775091,True
50096,5,2025-04-01,Apartment,11,1058.56,"$353,207.20",Sold,C1946,353207.2,333.66762394195894,True
50107,5,2025-04-01,Apartment,13,791.13,"$210,611.20",Sold,C0735,210611.2,266.21566619898124,True
50141,5,2025-04-01,Apartment,18,1267.03,"$423,535.41",Sold,C0266,423535.41,334.2741766177596,True
50195,5,2025-04-01,Apartment,24,807.02,"$177,544.40",Available,,177544.4,220.0,False
50205,5,2025-04-01,Apartment,27,1278.6,"$393,641.91",Sold,C1915,393641.91,307.86947442515253,True
50233,5,2025-04-01,Apartment,31,1008.52,"$317,877.17",Sold,C1006,317877.17,315.1917364058224,True
50289,5,2025-04-01,Apartment,38,1283.87,"$362,406.24",Available,,362406.24,282.27642985660543,False
50368,5,2025-04-01,Apartment,45,608.89,"$218,883.32",Available,,218883.32,359.47924912545784,False
50438,5,2025-04-01,Apartment,51,1029.59,"$300,788.15",Sold,C1153,300788.15,292.14362027603227,True
60005,6,2025-04-01,Apartment,1,1720.95,"$492,551.34",Sold,C1092,492551.34,286.20897759958166,True
60045,6,2025-04-01,Apartment,4,1925.28,"$549,773.40",Sold,C1023,549773.4,285.5550361505859,True
60046,6,2025-04-01,Apartment,4,1925.28,"$538,254.22",Available,,538254.22,279.5719168121,False
60078,6,2025-04-01,Apartment,7,1075.42,"$341,503.87",Sold,C1777,341503.87,317.5539510144873,True
60096,6,2025-04-01,Apartment,7,1075.42,"$330,158.13",Sold,C1586,330158.13,307.003896152201,True
60122,6,2025-04-01,Apartment,10,942.08,"$250,769.15",Sold,C1090,250769.15,266.18668265964675,True
60228,6,2025-04-01,Apartment,21,833.23,"$261,951.73",Sold,C1338,261951.73,314.38105925134715,True
60239,6,2025-04-01,Apartment,23,1243.4,"$359,341.40",Sold,C1994,359341.4,288.99903490429466,True
60240,6,2025-04-01,Office,23,1243.4,"$492,557.23",Sold,C1993,492557.23,396.13738941611706,True
60252,6,2025-04-01,Apartment,25,1086.43,"$271,652.39",Sold,C1198,271652.39,250.04131881483391,True
60274,6,2025-04-01,Apartment,29,1691.02,"$502,693.56",Sold,C0833,502693.56,297.27239181085974,True
60341,6,2025-04-01,Apartment,38,698.21,"$175,143.52",Sold,C0018,175143.52,250.8464788530671,True
60350,6,2025-04-01,Apartment,39,744.54,"$203,285.70",Sold,C0337,203285.7,273.0352969618825,True
60374,6,2025-04-01,Apartment,43,1492.81,"$477,598.19",Sold,C1469,477598.19,319.9323356622745,True
60409,6,2025-04-01,Apartment,49,1167.52,"$394,871.49",Sold,C0763,394871.49,338.2138978347266,True
60442,6,2025-04-01,Apartment,53,1170.96,"$374,820.34",Available,,374820.34,320.09662157545944,False
60468,6,2025-04-01,Apartment,55,562.37,"$161,026.68",Available,,161026.68,286.33582872486085,False
70026,7,2025-04-01,Apartment,5,1144.09,"$358,801.76",Sold,C0050,358801.76,313.6132297284305,True
70075,7,2025-04-01,Apartment,11,834.5,"$217,019.16",Available,,217019.16,260.05890952666266,False
70076,7,2025-04-01,Office,11,834.5,"$232,221.73",Sold,C0351,232221.73,278.2764889155183,True
70137,7,2025-04-01,Office,16,1239.87,"$413,475.24",Sold,C0154,413475.24,333.4827360933001,True
70142,7,2025-04-01,Apartment,17,1586.15,"$451,507.70",Sold,C0172,451507.7,284.6563691958516,True
70154,7,2025-04-01,Apartment,19,751.07,"$247,162.69",Available,,247162.69,329.08076477558683,False
70155,7,2025-04-01,Apartment,19,751.07,"$207,641.48",Sold,C1956,207641.48,276.4608891315057,True
70186,7,2025-04-01,Apartment,21,1528.62,"$441,373.04",Sold,C1813,441373.04,288.7395428556476,True
70252,7,2025-04-01,Apartment,28,694.55,"$209,114.19",Sold,C1893,209114.19,301.0786696422144,True
70293,7,2025-04-01,Apartment,35,613.21,"$187,384.47",Sold,C0034,187384.47,305.5796056815773,True
70309,7,2025-04-01,Apartment,37,1171.04,"$361,700.25",Sold,C0413,361700.25,308.8709608553081,True
70368,7,2025-04-01,Apartment,43,498.61,"$137,339.47",Sold,C1199,137339.47,275.44467619983556,True
70381,7,2025-04-01,Apartment,43,498.61,"$149,860.49",Sold,C1100,149860.49,300.5565271454644,True
70400,7,2025-04-01,Apartment,46,1677.84,"$473,146.44",Sold,C0280,473146.44,281.9973537405235,True
70454,7,2025-04-01,Apartment,54,1940.69,"$626,989.80",Sold,C0343,626989.8,323.07571018555257,True
70494,7,2025-04-01,Apartment,58,1629.83,"$499,350.81",Sold,C0960,499350.81,306.3821441500034,True
70507,7,2025-04-01,Apartment,58,1629.83,"$512,486.22",Available,,512486.22,314.44151844057353,False
70510,7,2025-04-01,Apartment,58,1629.83,"$437,806.03",Sold,C1929,437806.03,268.62067209463567,True
70520,7,2025-04-01,Apartment,60,1219.54,"$364,036.93",Available,,364036.93,298.50347672073076,False
80005,8,2025-04-01,Apartment,1,1109.29,"$359,079.71",Sold,C0951,359079.71,323.7022870484725,True
80068,8,2025-04-01,Apartment,7,1352.74,"$455,070.84",Sold,C1254,455070.84,336.4067300442066,True
80145,8,2025-04-01,Apartment,17,1109.27,"$363,016.75",Available,,363016.75,327.25734041306447,False
80153,8,2025-04-01,Apartment,20,774.16,"$249,418.11",Sold,C1676,249418.11,322.1790198408598,True
80172,8,2025-04-01,Apartment,22,1495.57,"$426,507.47",Available,,426507.47,285.1805465474702,False
80175,8,2025-04-01,Apartment,23,1114.67,"$389,259.62",Available,,389259.62,349.21512196434816,False
80207,8,2025-04-01,Apartment,28,1431.61,"$341,892.98",Sold,C1050,341892.98,238.81712198154526,True
80211,8,2025-04-01,Office,28,1431.61,"$550,825.37",Available,,550825.37,384.75937580765714,False
80214,8,2025-04-01,Apartment,29,1848.51,"$544,032.25",Sold,C0891,544032.25,294.30852416270403,True
80268,8,2025-04-01,Apartment,32,1410.88,"$452,041.67",Sold,C0284,452041.67,320.39696501474253,True
80289,8,2025-04-01,Apartment,33,1809.87,"$494,313.18",Sold,C1864,494313.18,273.12082083243547,True
80293,8,2025-04-01,Apartment,34,1684.75,"$518,174.75",Sold,C0025,518174.75,307.5677400207746,True
80295,8,2025-04-01,Apartment,34,1684.75,"$478,604.33",Sold,C1920,478604.33,284.08032645793145,True
80335,8,2025-04-01,Office,37,890.65,"$268,851.49",Sold,C1130,268851.49,301.85986638971536,True
80392,8,2025-04-01,Apartment,46,1175.51,"$316,632.64",Available,,316632.64,269.35767454126295,False
80411,8,2025-04-01,Office,47,543.08,"$141,410.93",Available,,141410.93,260.3869227369816,False
80414,8,2025-04-01,Apartment,47,543.08,"$170,974.32",Available,,170974.32,314.8234514252044,False
80430,8,2025-04-01,Apartment,50,913.15,"$308,556.94",Sold,C0890,308556.94,337.9038931172316,True
80485,8,2025-04-01,Apartment,56,1874.7,"$635,580.39",Sold,C1200,635580.39,339.0304528724596,True
90099,9,2025-04-01,Apartment,16,924.6,"$268,708.07",Sold,C0092,268708.07,290.62088470690026,True
90139,9,2025-04-01,Apartment,21,1261.65,"$380,843.87",Sold,C1802,380843.87,301.861744540879,True
90149,9,2025-04-01,Apartment,23,901.21,"$273,914.04",Available,,273914.04,303.9403024822183,False
90165,9,2025-04-01,Apartment,26,1038.39,"$250,841.37",Sold,C0197,250841.37,241.56759021177012,True
90329,9,2025-04-01,Apartment,39,1839.34,"$552,125.64",Sold,C0370,552125.64,300.1759544184327,True
90390,9,2025-04-01,Apartment,46,662.32,"$224,375.63",Sold,C1312,224375.63,338.7722400048315,True
90395,9,2025-04-01,Apartment,47,1262.78,"$385,179.19",Sold,C0808,385179.19,305.02477866295,True
90405,9,2025-04-01,Apartment,51,1816.78,"$525,344.23",Sold,C0310,525344.23,289.1622706106408,True
90424,9,2025-04-01,Apartment,53,599.72,"$180,754.72",Available,,180754.72,301.39851930901085,False
90456,9,2025-04-01,Apartment,56,1516.4,"$528,928.11",Available,,528928.11,348.80513716697436,False
90506,9,2025-04-01,Apartment,58,838.34,"$255,802.61",Sold,C0461,255802.61,305.12991149175747,True
90518,9,2025-04-01,Office,59,1697.13,"$587,797.99",Sold,C1679,587797.99,346.3482408536765,True
100012,10,2025-04-01,Apartment,3,1197.61,"$405,117.95",Available,,405117.95,338.2720167667271,False
100046,10,2025-04-01,Apartment,5,1741.96,"$525,251.32",Sold,C0170,525251.32,301.52892144480927,True
100069,10,2025-04-01,Apartment,9,1849.4,"$557,229.76",Sold,C1079,557229.76,301.30299556612954,True
100075,10,2025-04-01,Apartment,9,1849.4,"$535,865.96",Sold,C0113,535865.96,289.75124905374713,True
100088,10,2025-04-01,Apartment,11,1675.44,"$564,226.60",Sold,C0733,564226.6,336.7632383135176,True
100096,10,2025-04-01,Apartment,11,1675.44,"$520,562.02",Sold,C0801,520562.02,310.7016783650862,True
100153,10,2025-04-01,Apartment,19,948.04,"$301,000.32",Sold,C1304,301000.32,317.4974895574027,True
100185,10,2025-04-01,Apartment,25,1487.17,"$460,665.54",Sold,C1088,460665.54,309.75983915759457,True
100201,10,2025-04-01,Apartment,26,1294.85,"$378,742.91",Available,,378742.91,292.4994478124879,False
100211,10,2025-04-01,Apartment,27,777.35,"$207,013.27",Sold,C0592,207013.27,266.3063870843249,True
100212,10,2025-04-01,Apartment,27,777.35,"$248,150.99",Available,,248150.99,319.2268476233357,False
100266,10,2025-04-01,Apartment,31,1499.0,"$493,844.01",Sold,C1291,493844.01,329.4489726484323,True
100279,10,2025-04-01,Apartment,33,1010.7,"$354,490.38",Sold,C1450,354490.38,350.7374888691006,True
100296,10,2025-04-01,Apartment,34,1435.44,"$471,813.07",Sold,C0978,471813.07,328.6888131862007,True
100300,10,2025-04-01,Apartment,35,1675.74,"$476,510.16",Sold,C0819,476510.16,284.3580507715994,True
100380,10,2025-04-01,Apartment,44,1224.71,"$406,156.68",Available,,406156.68,331.63498297556157,False
100387,10,2025-04-01,Apartment,44,1224.71,"$378,567.66",Sold,C0946,378567.66,309.10800107780614,True
100397,10,2025-04-01,Apartment,46,1525.34,"$464,919.18",Sold,C0535,464919.18,304.7970813064628,True
100408,10,2025-04-01,Apartment,48,1421.82,"$398,340.41",Sold,C1348,398340.41,280.1623341913885,True
110059,11,2025-04-01,Office,7,1734.79,"$615,305.89",Sold,C0188,615305.89,354.6860945705244,True
110103,11,2025-04-01,Apartment,11,1581.88,"$457,152.28",Sold,C0646,457152.28,288.99302096239916,True
110108,11,2025-04-01,Apartment,13,474.93,"$143,450.98",Available,,143450.98,302.04657528477884,False
110132,11,2025-04-01,Apartment,14,524.68,"$174,422.08",Sold,C1357,174422.08,332.435160478768,True
110154,11,2025-04-01,Apartment,16,1829.02,"$476,184.87",Available,,476184.87,260.3497337371926,False
110201,11,2025-04-01,Apartment,23,1098.83,"$365,015.60",Sold,C0185,365015.6,332.1856884140404,True
110204,11,2025-04-01,Apartment,24,1481.82,"$491,381.22",Sold,C0595,491381.22,331.6065514030044,True
110218,11,2025-04-01,Office,26,490.37,"$166,438.51",Sold,C1440,166438.51,339.41413626445336,True
110244,11,2025-04-01,Apartment,29,993.51,"$279,311.68",Sold,C1018,279311.68,281.1362542903443,True
110254,11,2025-04-01,Apartment,30,642.72,"$202,392.01",Sold,C1999,202392.01,314.89919405028627,True
110291,11,2025-04-01,Apartment,35,540.82,"$159,899.33",Sold,C1272,159899.33,295.66090381272875,True
110385,11,2025-04-01,Apartment,45,1651.09,"$490,981.35",Sold,C1661,490981.35,297.3680114348703,True
120029,12,2025-04-01,Apartment,3,1469.27,"$405,947.93",Sold,C0879,405947.93,276.2922607825655,True
120060,12,2025-04-01,Apartment,7,1179.99,"$309,402.26",Sold,C0022,309402.26,262.20752718243375,True
120107,12,2025-04-01,Apartment,13,1394.03,"$393,863.57",Sold,C1729,393863.57,282.5359353815915,True
120153,12,2025-04-01,Apartment,17,1428.55,"$426,047.28",Available,,426047.28,298.2375695635435,False
120259,12,2025-04-01,Office,27,871.52,"$280,596.77",Sold,C0870,280596.77,321.96251376904723,True
120278,12,2025-04-01,Apartment,30,622.2,"$161,146.12",Sold,C1305,161146.12,258.99408550305367,True
120289,12,2025-04-01,Apartment,33,1232.2,"$359,785.64",Sold,C0186,359785.64,291.9863983119623,True
120301,12,2025-04-01,Apartment,34,1817.64,"$523,732.73",Sold,C1837,523732.73,288.1388668823309,True
120319,12,2025-04-01,Apartment,35,1690.62,"$512,688.27",Sold,C0013,512688.27,303.25458707456437,True
120366,12,2025-04-01,Apartment,38,1157.23,"$357,999.55",Available,,357999.55,309.3590297520804,False
120374,12,2025-04-01,Apartment,39,1653.93,"$483,612.33",Sold,C1827,483612.33,292.4019335763908,True
120398,12,2025-04-01,Apartment,47,1528.05,"$403,107.84",Sold,C0172,403107.84,263.8053990379896,True
120415,12,2025-04-01,Apartment,48,1919.31,"$612,698.53",Sold,C1479,612698.53,319.22854046506296,True
130029,13,2025-04-01,Apartment,2,1651.02,"$535,653.54",Available,,535653.54,324.4379474506669,False
130051,13,2025-04-01,Apartment,4,1629.74,"$520,697.90",Available,,520697.9,319.4975272129297,False
130088,13,2025-04-01,Apartment,11,1678.3,"$549,102.55",Sold,C1815,549102.55,327.17782875528815,True
130089,13,2025-04-01,Office,11,1678.3,"$468,875.36",Sold,C1363,468875.36,279.3751772627063,True
130126,13,2025-04-01,Apartment,15,458.29,"$142,219.93",Sold,C1547,142219.93,310.3273691330816,True
130195,13,2025-04-01,Apartment,22,1811.36,"$543,700.18",Available,,543700.18,300.16130421340876,False
130203,13,2025-04-01,Apartment,23,882.35,"$246,940.65",Sold,C0825,246940.65,279.86700289000964,True
130204,13,2025-04-01,Apartment,23,882.35,"$242,668.27",Available,,242668.27,275.0249560831869,False
130284,13,2025-04-01,Office,32,1114.07,"$435,998.52",Available,,435998.52,391.35648567863785,False
130286,13,2025-04-01,Apartment,32,1114.07,"$299,263.58",Sold,C1517,299263.58,268.6218819284246,True
130312,13,2025-04-01,Apartment,34,1557.0,"$517,123.58",Sold,C0136,517123.58,332.12818240205524,True
130348,13,2025-04-01,Apartment,38,656.42,"$210,320.24",Sold,C1189,210320.24,320.40498461350967,True
130367,13,2025-04-01,Apartment,40,571.5,"$172,816.68",Sold,C1610,172816.68,302.3913910761155,True
130501,13,2025-04-01,Office,58,1115.72,"$345,154.56",Sold,C1174,345154.56,309.355895744452,True
130542,13,2025-04-01,Apartment,63,1623.8,"$522,057.75",Available,,522057.75,321.50372582830397,False
130577,13,2025-04-01,Apartment,67,524.97,"$158,612.64",Sold,C0418,158612.64,302.13657923309904,True
130580,13,2025-04-01,Apartment,67,524.97,"$168,464.51",Available,,168464.51,320.90311827342515,False
130604,13,2025-04-01,Office,70,750.41,"$238,812.89",Sold,C0649,238812.89,318.24321370983864,True
140025,14,2025-04-01,Apartment,5,424.34,"$104,911.93",Sold,C1976,104911.93,247.23554225385303,True
140088,14,2025-04-01,Apartment,11,1431.42,"$500,962.79",Sold,C0942,500962.79,349.9761006552933,True
140092,14,2025-04-01,Office,12,459.44,"$134,549.97",Sold,C1258,134549.97,292.85645568518197,True
140232,14,2025-04-01,Apartment,25,586.85,"$161,280.03",Sold,C1475,161280.03,274.8232597767743,True
140271,14,2025-04-01,Apartment,30,1746.48,"$588,343.01",Sold,C1980,588343.01,336.87360290412715,True
140272,14,2025-04-01,Apartment,30,1746.48,"$450,012.44",Sold,C0572,450012.44,257.66824698822774,True
140277,14,2025-04-01,Apartment,32,1120.81,"$367,127.00",Sold,C1983,367127.0,327.55507177844595,True
140294,14,2025-04-01,Apartment,34,513.06,"$157,775.85",Sold,C1399,157775.85,307.5192959887733,True
140311,14,2025-04-01,Apartment,36,1034.47,"$274,000.72",Available,,274000.72,264.8706294044293,False
140322,14,2025-04-01,Apartment,38,1170.11,"$359,308.65",Sold,C1293,359308.65,307.07254018852933,True
140326,14,2025-04-01,Apartment,38,1170.11,"$396,445.50",Available,,396445.5,338.81045371802657,False
140337,14,2025-04-01,Apartment,40,532.44,"$164,423.48",Available,,164423.48,308.8112839005334,False
140390,14,2025-04-01,Apartment,47,917.53,"$244,186.44",Sold,C0348,244186.44,266.134556908221,True
140451,14,2025-04-01,Apartment,53,1493.72,"$429,874.58",Sold,C0007,429874.58,287.7879254478751,True
150009,15,2025-04-01,Apartment,2,1522.89,"$504,689.77",Sold,C0544,504689.77,331.4026423444897,True
150050,15,2025-04-01,Apartment,8,1056.46,"$360,765.64",Sold,C1325,360765.64,341.4853756886205,True
150064,15,2025-04-01,Office,9,565.48,"$139,782.57",Sold,C0664,139782.57,247.19277428025748,True
150118,15,2025-04-01,Apartment,16,1692.61,"$597,681.88",Sold,C1732,597681.88,353.1125776168167,True
150225,15,2025-04-01,Apartment,26,961.01,"$270,078.98",Available,,270078.98,281.03659691366374,False
150233,15,2025-04-01,Apartment,26,961.01,"$267,093.52",Sold,C0016,267093.52,277.93001113411935,True
150242,15,2025-04-01,Apartment,29,1748.18,"$511,596.53",Sold,C1367,511596.53,292.64522532004713,True
150271,15,2025-04-01,Office,31,1901.65,"$575,463.20",Sold,C1952,575463.2,302.61257329161515,True
150297,15,2025-04-01,Apartment,35,745.49,"$191,419.30",Sold,C1181,191419.3,256.76977558384414,True
150352,15,2025-04-01,Office,42,1298.37,"$471,352.97",Sold,C1992,471352.97,363.03439697466825,True
150381,15,2025-04-01,Office,48,1403.33,"$434,894.10",Sold,C0420,434894.1,309.9015199561044,True
150425,15,2025-04-01,Apartment,53,696.04,"$213,043.96",Sold,C1569,213043.96,306.0800528705247,True
150447,15,2025-04-01,Apartment,55,892.75,"$264,804.47",Sold,C1304,264804.47,296.616600392047,True
150508,15,2025-04-01,Office,60,1033.2,"$373,155.57",Sold,C1581,373155.57,361.16489547038327,True
160014,16,2025-04-01,Apartment,2,1388.75,"$400,575.75",Sold,C0626,400575.75,288.4433843384338,True
160015,16,2025-04-01,Office,2,1388.75,"$424,874.50",Available,,424874.5,305.94023402340235,False
160026,16,2025-04-01,Apartment,4,1561.55,"$551,751.96",Available,,551751.96,353.33608273830487,False
160028,16,2025-04-01,Apartment,4,1561.55,"$490,807.65",Available,,490807.65,314.3079952611188,False
160071,16,2025-04-01,Apartment,9,1524.04,"$461,651.60",Sold,C1322,461651.6,302.9130469016561,True
160101,16,2025-04-01,Apartment,11,1288.42,"$448,751.61",Sold,C0938,448751.61,348.2960602908989,True
160108,16,2025-04-01,Apartment,11,1288.42,"$403,463.16",Sold,C0132,403463.16,313.14568230856395,True
160138,16,2025-04-01,Apartment,17,836.32,"$265,976.26",Sold,C1067,265976.26,318.03168643581404,True
160192,16,2025-04-01,Apartment,23,594.14,"$185,581.94",Sold,C1383,185581.94,312.35388965563675,True
160213,16,2025-04-01,Apartment,26,1458.08,"$417,431.61",Available,,417431.61,286.28855069680674,False
160214,16,2025-04-01,Office,26,1458.08,"$423,191.37",Available,,423191.37,290.2387866235049,False
160225,16,2025-04-01,Apartment,27,1164.55,"$361,991.73",Sold,C0029,361991.73,310.8425829719634,True
160231,16,2025-04-01,Apartment,28,1440.71,"$416,298.42",Sold,C0991,416298.42,288.9536547952051,True
160237,16,2025-04-01,Office,28,1440.71,"$464,047.92",Sold,C0821,464047.92,322.0966884383394,True
160246,16,2025-04-01,Apartment,29,489.49,"$127,065.41",Available,,127065.41,259.5873460131974,False
160269,16,2025-04-01,Apartment,33,881.17,"$240,781.62",Sold,C1899,240781.62,273.2521760840701,True
160322,16,2025-04-01,Office,38,431.83,"$123,213.47",Sold,C1915,123213.47,285.3286478475326,True
160361,16,2025-04-01,Apartment,42,1496.62,"$480,842.09",Sold,C0085,480842.09,321.2853563362778,True
160374,16,2025-04-01,Apartment,43,1185.4,"$361,775.45",Sold,C1528,361775.45,305.192719757044,True
170058,17,2025-04-01,Apartment,7,1300.91,"$428,259.32",Sold,C0722,428259.32,329.19980628944353,True
170106,17,2025-04-01,Apartment,13,916.9,"$297,966.85",Available,,297966.85,324.9720253026502,False
170156,17,2025-04-01,Apartment,17,1827.25,"$442,174.78",Sold,C1092,442174.78,241.989207825968,True
170157,17,2025-04-01,Apartment,17,1827.25,"$460,504.52",Available,,460504.52,252.02053358872624,False
170215,17,2025-04-01,Apartment,25,939.46,"$286,880.36",Available,,286880.36,305.3672961062738,False
170315,17,2025-04-01,Apartment,39,1341.67,"$413,675.04",Sold,C0497,413675.04,308.32845632681654,True
170347,17,2025-04-01,Office,45,1574.3,"$511,954.11",Sold,C1852,511954.11,325.19475957568443,True
170362,17,2025-04-01,Office,46,1582.61,"$504,560.47",Available,,504560.47,318.815418833446,False
170382,17,2025-04-01,Office,47,1106.83,"$327,842.55",Available,,327842.55,296.1995518733681,False
170404,17,2025-04-01,Apartment,48,1833.96,"$549,422.32",Sold,C1993,549422.32,299.58249907304406,True
170411,17,2025-04-01,Apartment,48,1833.96,"$484,751.08",Sold,C0683,484751.08,264.31933084691053,True
170413,17,2025-04-01,Office,48,1833.96,"$540,188.44",Sold,C1376,540188.44,294.5475582891666,True
170429,17,2025-04-01,Apartment,49,1283.67,"$372,530.49",Sold,C0621,372530.49,290.2073663792096,True
170432,17,2025-04-01,Apartment,50,1392.01,"$444,764.89",Sold,C0333,444764.89,319.5127118339667,True
170434,17,2025-04-01,Apartment,50,1392.01,"$339,080.79",Sold,C1648,339080.79,243.59077161801997,True
170438,17,2025-04-01,Apartment,51,1375.52,"$467,548.41",Available,,467548.41,339.9066607537513,False
170447,17,2025-04-01,Apartment,51,1375.52,"$381,360.21",Sold,C0716,381360.21,277.2480298359893,True
180002,18,2025-04-01,Apartment,1,1379.64,"$354,219.71",Sold,C0658,354219.71,256.7479269954481,True
180003,18,2025-04-01,Office,1,1379.64,"$346,780.22",Sold,C0755,346780.22,251.35558551506188,True
180015,18,2025-04-01,Apartment,2,650.96,"$203,374.52",Sold,C0523,203374.52,312.42245299250334,True
180068,18,2025-04-01,Apartment,8,1196.23,"$366,299.04",Sold,C1896,366299.04,306.2112135626092,True
180083,18,2025-04-01,Apartment,11,507.04,"$143,851.79",Sold,C0915,143851.79,283.7089578731461,True
180113,18,2025-04-01,Apartment,15,1728.6,"$596,228.96",Sold,C0457,596228.96,344.920143468703,True
180151,18,2025-04-01,Apartment,20,1631.48,"$574,927.34",Sold,C1132,574927.34,352.39619241424964,True
180214,18,2025-04-01,Apartment,27,650.82,"$171,733.24",Sold,C0632,171733.24,263.87209981254415,True
180215,18,2025-04-01,Office,27,650.82,"$179,263.23",Sold,C0138,179263.23,275.4421038075044,True
180244,18,2025-04-01,Apartment,30,1795.66,"$559,547.45",Sold,C0185,559547.45,311.611023244935,True
180245,18,2025-04-01,Apartment,30,1795.66,"$437,201.32",Sold,C1080,437201.32,243.47667153024514,True
180248,18,2025-04-01,Apartment,30,1795.66,"$549,656.89",Sold,C1365,549656.89,306.1029872024771,True
180266,18,2025-04-01,Apartment,31,945.46,"$350,745.37",Sold,C0799,350745.37,370.9785395468872,True
180285,18,2025-04-01,Apartment,35,799.05,"$265,499.47",Sold,C1888,265499.47,332.2689068268569,True
180312,18,2025-04-01,Apartment,36,1089.77,"$316,098.65",Sold,C1894,316098.65,290.05996678198153,True
180384,18,2025-04-01,Apartment,43,937.7,"$301,088.15",Sold,C0431,301088.15,321.0921936653514,True
180421,18,2025-04-01,Apartment,48,564.59,"$202,636.75",Sold,C0455,202636.75,358.90956269151064,True
180447,18,2025-04-01,Apartment,50,854.74,"$263,784.17",Sold,C1824,263784.17,308.61334440882604,True
180452,18,2025-04-01,Apartment,51,1527.31,"$412,010.61",Available,,412010.61,269.76226830178547,False
180471,18,2025-04-01,Apartment,53,1806.7,"$539,078.45",Sold,C0609,539078.45,298.37740078596335,True
180521,18,2025-04-01,Apartment,58,955.23,"$306,670.78",Sold,C0161,306670.78,321.04391612491236,True
180528,18,2025-04-01,Apartment,59,1900.58,"$497,893.62",Sold,C0086,497893.62,261.9693041071673,True
180543,18,2025-04-01,Apartment,62,1330.41,"$367,400.47",Sold,C1199,367400.47,276.1558241444366,True
190020,19,2025-04-01,Apartment,4,1225.38,"$346,500.14",Sold,C1696,346500.14,282.7695408771157,True
190026,19,2025-04-01,Apartment,5,1408.42,"$441,253.62",Sold,C1670,441253.62,313.2969000724216,True
190043,19,2025-04-01,Apartment,7,973.6,"$329,064.09",Available,,329064.09,337.98694535743635,False
190067,19,2025-04-01,Apartment,10,747.71,"$220,548.69",Sold,C1668,220548.69,294.96554814032174,True
190167,19,2025-04-01,Apartment,21,477.75,"$150,133.36",Available,,150133.36,314.25088435374147,False
190176,19,2025-04-01,Apartment,22,935.25,"$277,608.69",Sold,C1481,277608.69,296.8283239775461,True
190180,19,2025-04-01,Apartment,22,935.25,"$273,831.37",Available,,273831.37,292.7894894413258,False
190189,19,2025-04-01,Apartment,22,935.25,"$289,023.56",Sold,C1318,289023.56,309.03347767976476,True
190227,19,2025-04-01,Apartment,26,668.24,"$221,518.38",Sold,C1162,221518.38,331.49524123069557,True
190241,19,2025-04-01,Apartment,28,1599.78,"$466,641.00",Available,,466641.0,291.69073247571544,False
190315,19,2025-04-01,Apartment,37,1565.26,"$472,632.31",Sold,C0163,472632.31,301.95131160318414,True
190319,19,2025-04-01,Apartment,39,1237.04,"$418,320.77",Sold,C0331,418320.77,338.1626867360797,True
190331,19,2025-04-01,Office,39,1237.04,"$393,996.50",Sold,C0649,393996.5,318.49940179784,True
190355,19,2025-04-01,Apartment,41,1657.19,"$503,445.63",Sold,C1976,503445.63,303.79475497679806,True
190377,19,2025-04-01,Apartment,43,1697.72,"$495,491.79",Sold,C1850,495491.79,291.85719082063,True
190423,19,2025-04-01,Apartment,49,1004.26,"$395,405.61",Sold,C0942,395405.61,393.72832732559294,True
200002,20,2025-04-01,Office,1,1898.39,"$678,504.41",Sold,C1130,678504.41,357.4104425328831,True
200025,20,2025-04-01,Apartment,2,1669.84,"$562,229.33",Sold,C1766,562229.33,336.69652781104776,True
200035,20,2025-04-01,Apartment,3,1645.93,"$383,399.62",Sold,C0026,383399.62,232.9379864271263,True
200066,20,2025-04-01,Apartment,8,1268.45,"$404,330.66",Sold,C0648,404330.66,318.759635775947,True
200069,20,2025-04-01,Apartment,8,1268.45,"$367,661.21",Sold,C0046,367661.21,289.85077062556667,True
200093,20,2025-04-01,Apartment,13,1587.57,"$555,052.72",Available,,555052.72,349.62409216601475,False
200137,20,2025-04-01,Apartment,17,1089.33,"$333,422.42",Available,,333422.42,306.0802695234686,False
200153,20,2025-04-01,Apartment,18,1868.01,"$596,267.69",Sold,C0764,596267.69,319.1994100673979,True
200159,20,2025-04-01,Apartment,18,1868.01,"$555,615.27",Available,,555615.27,297.4369890953475,False
200251,20,2025-04-01,Apartment,30,1703.94,"$497,713.05",Available,,497713.05,292.09540828902425,False
200298,20,2025-04-01,Apartment,33,630.53,"$178,721.82",Sold,C0692,178721.82,283.446973181292,True
200345,20,2025-04-01,Office,38,1499.47,"$517,695.89",Sold,C0084,517695.89,345.25258257917795,True
200356,20,2025-04-01,Apartment,38,1499.47,"$447,756.59",Available,,447756.59,298.6099021654318,False
200390,20,2025-04-01,Apartment,43,1697.49,"$443,038.02",Available,,443038.02,260.9959528480286,False
200411,20,2025-04-01,Office,47,590.12,"$151,178.64",Sold,C1656,151178.64,256.18287805869994,True
200418,20,2025-04-01,Apartment,48,860.8,"$245,942.10",Available,,245942.1,285.71340613382904,False
200466,20,2025-04-01,Office,52,1634.67,"$507,216.30",Sold,C0842,507216.3,310.2866633632476,True
200477,20,2025-04-01,Apartment,54,589.61,"$179,336.56",Sold,C1382,179336.56,304.1613269788504,True
1005,1,2025-05-01,Office,5,410.71,"$117,564.07",Sold,C0155,117564.07,286.2459399576344,True
1013,1,2025-05-01,Apartment,13,756.21,"$206,958.71",Sold,C0005,206958.71,273.67888549476993,True
2004,2,2025-05-01,Apartment,4,649.69,"$168,834.04",Sold,C0009,168834.04,259.86861426218655,True
2015,2,2025-05-01,Apartment,15,723.93,"$228,170.03",Sold,C0108,228170.03,315.18244857928255,True
2033,2,2025-05-01,Apartment,33,649.8,"$205,085.40",Sold,C0108,205085.4,315.61311172668513,True
2036,2,2025-05-01,Apartment,36,1109.25,"$460,001.26",Sold,C0067,460001.26,414.69574938021185,True
3017,3,2025-05-01,Apartment,17,743.41,"$205,098.21",Sold,C0022,205098.21,275.8884195800433,True
5006,5,2025-05-01,Apartment,6,1058.25,"$264,011.70",Available,,264011.7,249.47951807228918,False
5048,5,2025-05-01,Apartment,48,1013.27,"$287,996.53",Available,,287996.53,284.224866027811,False
10043,1,2025-05-01,Apartment,5,753.87,"$192,382.99",Available,,192382.99,255.19385305158713,False
10065,1,2025-05-01,Apartment,8,763.88,"$224,101.03",Sold,C0632,224101.03,293.37203487458765,True
10086,1,2025-05-01,Apartment,11,1429.46,"$425,847.12",Sold,C1520,425847.12,297.90768541966895,True
10099,1,2025-05-01,Apartment,13,719.47,"$213,970.00",Sold,C0145,213970.0,297.399474613257,True
10123,1,2025-05-01,Apartment,15,765.0,"$227,057.19",Sold,C0363,227057.19,296.8067843137255,True
10141,1,2025-05-01,Apartment,18,716.85,"$197,556.99",Sold,C0104,197556.99,275.59041640510566,True
10150,1,2025-05-01,Apartment,19,773.17,"$213,333.34",Sold,C0083,213333.34,275.9203538678428,True
10177,1,2025-05-01,Apartment,22,740.83,"$208,869.86",Sold,C1573,208869.86,281.9403371893686,True
10188,1,2025-05-01,Apartment,23,1201.5,"$333,805.80",Available,,333805.8,277.8242197253433,False
10190,1,2025-05-01,Apartment,23,1201.5,"$354,052.01",Sold,C0687,354052.01,294.6749979192676,True
10237,1,2025-05-01,Apartment,27,725.12,"$239,200.56",Sold,C0032,239200.56,329.8772065313327,True
10296,1,2025-05-01,Apartment,31,619.78,"$166,744.56",Available,,166744.56,269.03830391429216,False
10303,1,2025-05-01,Apartment,32,800.77,"$227,545.66",Sold,C1368,227545.66,284.15857237408994,True
10322,1,2025-05-01,Office,34,1469.14,"$528,013.52",Available,,528013.52,359.4031338061723,False
10405,1,2025-05-01,Apartment,47,771.08,"$287,674.64",Available,,287674.64,373.0801473258287,False
10414,1,2025-05-01,Apartment,48,1170.93,"$333,101.77",Sold,C0247,333101.77,284.47624537760584,True
20019,2,2025-05-01,Apartment,2,788.72,"$263,962.33",Sold,C1603,263962.33,334.671784663759,True
20042,2,2025-05-01,Apartment,5,933.95,"$253,388.70",Available,,253388.7,271.308635365919,False
20045,2,2025-05-01,Apartment,5,933.95,"$312,262.95",Sold,C1657,312262.95,334.3465388939451,True
20047,2,2025-05-01,Apartment,5,933.95,"$265,780.53",Sold,C1292,265780.53,284.5768295947321,True
20051,2,2025-05-01,Apartment,6,967.84,"$275,527.07",Sold,C0841,275527.07,284.68245784427177,True
20057,2,2025-05-01,Office,6,967.84,"$263,877.34",Sold,C0136,263877.34,272.64562324351135,True
20065,2,2025-05-01,Apartment,8,715.54,"$252,468.08",Sold,C0538,252468.08,352.8357324538111,True
20088,2,2025-05-01,Apartment,10,788.79,"$277,290.50",Sold,C1498,277290.5,351.53906616463195,True
20098,2,2025-05-01,Office,11,1625.05,"$395,093.69",Sold,C1828,395093.69,243.1270976277653,True
20104,2,2025-05-01,Apartment,12,1610.5,"$481,672.65",Sold,C0128,481672.65,299.08267618751944,True
20163,2,2025-05-01,Office,19,795.52,"$278,522.00",Sold,C0193,278522.0,350.1131335478681,True
20173,2,2025-05-01,Office,20,727.55,"$218,325.78",Sold,C1481,218325.78,300.08354065012713,True
20176,2,2025-05-01,Apartment,20,727.55,"$204,717.20",Sold,C1491,204717.2,281.3788743041716,True
20223,2,2025-05-01,Apartment,25,943.48,"$339,365.18",Sold,C0255,339365.18,359.69514987069147,True
20230,2,2025-05-01,Apartment,26,1577.79,"$559,717.96",Sold,C1821,559717.96,354.74807166986733,True
20349,2,2025-05-01,Apartment,42,786.45,"$257,788.12",Sold,C1715,257788.12,327.78704304151563,True
20354,2,2025-05-01,Apartment,42,786.45,"$293,846.83",Sold,C0631,293846.83,373.637014431941,True
20369,2,2025-05-01,Apartment,44,580.26,"$178,180.61",Sold,C0232,178180.61,307.07029607417365,True
20466,2,2025-05-01,Apartment,55,579.26,"$149,623.91",Sold,C1375,149623.91,258.3018161102096,True
30018,3,2025-05-01,Apartment,1,689.75,"$257,295.13",Available,,257295.13,373.0266473359913,False
30051,3,2025-05-01,Apartment,5,701.19,"$203,257.42",Sold,C1397,203257.42,289.8749554329069,True
30106,3,2025-05-01,Apartment,10,784.09,"$217,542.01",Sold,C0630,217542.01,277.4452039944394,True
30114,3,2025-05-01,Apartment,10,784.09,"$227,403.28",Available,,227403.28,290.02191075004146,False
30162,3,2025-05-01,Apartment,18,706.68,"$204,218.36",Sold,C1619,204218.36,288.98279277749475,True
30181,3,2025-05-01,Apartment,20,802.97,"$248,953.74",Available,,248953.74,310.04114724086827,False
30195,3,2025-05-01,Apartment,21,1122.15,"$363,901.47",Sold,C0405,363901.47,324.2895067504344,True
30215,3,2025-05-01,Apartment,24,776.04,"$239,388.89",Sold,C0860,239388.89,308.4749368589248,True
30279,3,2025-05-01,Apartment,32,777.85,"$219,257.86",Sold,C0312,219257.86,281.8767885839172,True
30284,3,2025-05-01,Apartment,34,768.76,"$251,749.52",Sold,C0992,251749.52,327.47479057182994,True
30291,3,2025-05-01,Apartment,35,925.48,"$271,586.15",Sold,C0476,271586.15,293.45436962441113,True
30296,3,2025-05-01,Office,36,733.45,"$251,482.95",Sold,C0026,251482.95,342.876746881178,True
30308,3,2025-05-01,Apartment,37,659.12,"$196,469.40",Sold,C0898,196469.4,298.0783468867581,True
30349,3,2025-05-01,Apartment,42,1343.96,"$395,199.65",Available,,395199.65,294.0561103009018,False
30350,3,2025-05-01,Apartment,42,1343.96,"$378,986.47",Sold,C0872,378986.47,281.99237328491915,True
30428,3,2025-05-01,Apartment,50,713.67,"$207,652.43",Available,,207652.43,290.96421315173683,False
30430,3,2025-05-01,Apartment,50,713.67,"$221,898.05",Sold,C0095,221898.05,310.9252875979094,True
30433,3,2025-05-01,Apartment,50,713.67,"$182,601.13",Available,,182601.13,255.8621351605084,False
30435,3,2025-05-01,Office,50,713.67,"$216,692.83",Sold,C1237,216692.83,303.63169251895135,True
30460,3,2025-05-01,Apartment,54,787.64,"$234,267.90",Available,,234267.9,297.43017114417756,False
40009,4,2025-05-01,Office,1,1615.98,"$501,520.52",Sold,C1964,501520.52,310.35069740962143,True
40033,4,2025-05-01,Office,4,783.03,"$246,720.63",Sold,C0543,246720.63,315.08451783456576,True
40062,4,2025-05-01,Apartment,6,1602.95,"$445,333.44",Sold,C1438,445333.44,277.82116722293273,True
40072,4,2025-05-01,Apartment,7,786.36,"$222,912.15",Sold,C0486,222912.15,283.47340912559133,True
40139,4,2025-05-01,Apartment,17,780.68,"$234,107.29",Sold,C1817,234107.29,299.87612081774864,True
40157,4,2025-05-01,Apartment,19,1063.07,"$297,965.35",Sold,C0350,297965.35,280.2876104113558,True
40243,4,2025-05-01,Apartment,29,776.79,"$247,342.01",Sold,C0876,247342.01,318.4155434544729,True
40252,4,2025-05-01,Apartment,30,1307.35,"$409,647.06",Sold,C1029,409647.06,313.34153822618276,True
40253,4,2025-05-01,Office,30,1307.35,"$403,369.61",Available,,403369.61,308.5398783799289,False
40279,4,2025-05-01,Apartment,33,734.73,"$246,127.73",Available,,246127.73,334.990717678603,False
40319,4,2025-05-01,Apartment,39,743.73,"$227,607.98",Available,,227607.98,306.0357656676482,False
40342,4,2025-05-01,Apartment,40,780.74,"$243,877.45",Sold,C0749,243877.45,312.36704920972414,True
40373,4,2025-05-01,Apartment,44,799.67,"$236,051.30",Sold,C0058,236051.3,295.18588917928645,True
50043,5,2025-05-01,Apartment,8,782.15,"$213,915.00",Sold,C0945,213915.0,273.4961324554114,True
50065,5,2025-05-01,Apartment,9,793.56,"$265,768.77",Available,,265768.77,334.9069635566309,False
50078,5,2025-05-01,Apartment,10,629.27,"$220,388.67",Sold,C1530,220388.67,350.2291067427337,True
50101,5,2025-05-01,Apartment,12,787.5,"$261,463.31",Available,,261463.31,332.01690158730156,False
50143,5,2025-05-01,Apartment,18,1267.03,"$374,103.56",Sold,C1233,374103.56,295.26022272558663,True
50179,5,2025-05-01,Apartment,23,1006.65,"$248,569.02",Sold,C0577,248569.02,246.9269557443004,True
50210,5,2025-05-01,Apartment,27,1278.6,"$408,109.75",Available,,408109.75,319.18485061786333,False
50215,5,2025-05-01,Apartment,28,1247.24,"$329,008.00",Sold,C1425,329008.0,263.7888457714634,True
50228,5,2025-05-01,Apartment,31,1008.52,"$337,197.82",Available,,337197.82,334.34916511323524,False
50267,5,2025-05-01,Office,35,605.55,"$176,582.96",Available,,176582.96,291.60756337214104,False
50269,5,2025-05-01,Apartment,36,627.56,"$189,545.13",Sold,C0052,189545.13,302.0350723436803,True
50298,5,2025-05-01,Apartment,39,591.14,"$153,072.85",Available,,153072.85,258.94517373211085,False
50306,5,2025-05-01,Office,41,630.83,"$236,306.88",Available,,236306.88,374.59676933563713,False
50329,5,2025-05-01,Apartment,42,791.2,"$251,971.56",Sold,C0984,251971.56,318.46759352881696,True
50338,5,2025-05-01,Apartment,43,802.72,"$229,942.63",Sold,C1147,229942.63,286.454342734702,True
50429,5,2025-05-01,Apartment,50,1261.07,"$340,608.67",Sold,C0655,340608.67,270.09497490226556,True
50442,5,2025-05-01,Apartment,52,1755.18,"$448,811.40",Available,,448811.4,255.70676511810754,False
60067,6,2025-05-01,Apartment,6,951.22,"$311,096.80",Sold,C1040,311096.8,327.05031433317214,True
60181,6,2025-05-01,Apartment,16,1687.92,"$510,808.24",Sold,C1526,510808.24,302.6258590454524,True
60218,6,2025-05-01,Office,20,1897.17,"$468,592.51",Sold,C0009,468592.51,246.9955301844326,True
60220,6,2025-05-01,Apartment,20,1897.17,"$565,996.94",Sold,C1355,565996.94,298.33749215937416,True
60238,6,2025-05-01,Apartment,23,1243.4,"$349,749.68",Available,,349749.68,281.2849284220685,False
60253,6,2025-05-01,Apartment,25,1086.43,"$359,202.38",Sold,C0877,359202.38,330.6263450015187,True
60290,6,2025-05-01,Apartment,32,793.11,"$241,805.57",Sold,C0346,241805.57,304.8827653162865,True
60307,6,2025-05-01,Office,34,1353.81,"$448,817.69",Sold,C1306,448817.69,331.5219196194444,True
60326,6,2025-05-01,Office,36,463.91,"$149,767.48",Sold,C1633,149767.48,322.8373606949624,True
60357,6,2025-05-01,Office,41,940.72,"$259,855.15",Available,,259855.15,276.2300684582022,False
60360,6,2025-05-01,Apartment,41,940.72,"$279,865.70",Available,,279865.7,297.50159452334384,False
60439,6,2025-05-01,Apartment,52,1408.23,"$427,534.07",Sold,C0817,427534.07,303.5967633128111,True
60448,6,2025-05-01,Apartment,53,1170.96,"$306,183.74",Sold,C0258,306183.74,261.4809557969529,True
70001,7,2025-05-01,Apartment,1,759.04,"$260,441.29",Sold,C0192,260441.29,343.1193217748735,True
70015,7,2025-05-01,Office,3,888.5,"$266,544.05",Sold,C0195,266544.05,299.9933033202026,True
70127,7,2025-05-01,Apartment,15,602.92,"$190,314.12",Sold,C0753,190314.12,315.65401711669875,True
70146,7,2025-05-01,Office,18,703.28,"$231,837.71",Available,,231837.71,329.65207314298715,False
70147,7,2025-05-01,Apartment,18,703.28,"$204,864.62",Available,,204864.62,291.29879990899786,False
70152,7,2025-05-01,Office,19,751.07,"$195,740.81",Sold,C1573,195740.81,260.61593459997067,True
70153,7,2025-05-01,Apartment,19,751.07,"$230,306.24",Sold,C0344,230306.24,306.6375171422104,True
70195,7,2025-05-01,Apartment,22,1914.21,"$606,086.60",Sold,C1094,606086.6,316.624926209768,True
70260,7,2025-05-01,Apartment,29,441.65,"$126,200.04",Sold,C0383,126200.04,285.74672251783085,True
70268,7,2025-05-01,Office,30,1237.23,"$368,764.14",Available,,368764.14,298.05625469799475,False
70282,7,2025-05-01,Apartment,34,1487.05,"$455,404.07",Sold,C1547,455404.07,306.2466426818197,True
70295,7,2025-05-01,Apartment,35,613.21,"$187,620.95",Available,,187620.95,305.9652484466985,False
70312,7,2025-05-01,Apartment,37,1171.04,"$370,830.27",Sold,C0177,370830.27,316.66746652548164,True
70339,7,2025-05-01,Office,41,1093.92,"$334,197.72",Sold,C1795,334197.72,305.50471698113205,True
70405,7,2025-05-01,Apartment,47,1033.08,"$256,543.63",Sold,C0076,256543.63,248.32890966817675,True
70469,7,2025-05-01,Apartment,55,601.23,"$187,791.70",Sold,C1668,187791.7,312.3458576584668,True
70504,7,2025-05-01,Apartment,58,1629.83,"$524,785.88",Sold,C1594,524785.88,321.98810918930195,True
80017,8,2025-05-01,Apartment,2,1097.36,"$340,541.60",Sold,C0393,340541.6,310.3280600714442,True
80030,8,2025-05-01,Apartment,4,1934.75,"$595,656.86",Available,,595656.86,307.87277942886675,False
80038,8,2025-05-01,Apartment,5,887.23,"$243,883.40",Sold,C0893,243883.4,274.88182320255174,True
80071,8,2025-05-01,Apartment,8,1552.34,"$407,657.44",Sold,C1283,407657.44,262.608346109744,True
80137,8,2025-05-01,Apartment,16,424.09,"$152,382.95",Available,,152382.95,359.3174797802354,False
80167,8,2025-05-01,Apartment,21,1501.64,"$409,979.77",Sold,C1583,409979.77,273.0213433312911,True
80212,8,2025-05-01,Apartment,29,1848.51,"$577,483.25",Sold,C1718,577483.25,312.40472055872027,True
80241,8,2025-05-01,Apartment,30,1070.46,"$299,341.47",Available,,299341.47,279.6381649010705,False
80345,8,2025-05-01,Office,39,1290.89,"$381,192.56",Sold,C1033,381192.56,295.2943782971438,True
80352,8,2025-05-01,Apartment,41,610.26,"$159,707.09",Available,,159707.09,261.7033559466457,False
80357,8,2025-05-01,Office,42,1473.68,"$439,227.72",Sold,C0389,439227.72,298.0482329949514,True
80366,8,2025-05-01,Office,43,1490.59,"$488,108.91",Sold,C1767,488108.91,327.4602070321148,True
80383,8,2025-05-01,Apartment,46,1175.51,"$379,740.64",Sold,C1075,379740.64,323.0433088616856,True
80470,8,2025-05-01,Apartment,55,1300.05,"$422,703.93",Sold,C1397,422703.93,325.1443636783201,True
80477,8,2025-05-01,Apartment,56,1874.7,"$491,384.80",Available,,491384.8,262.11383154638077,False
80489,8,2025-05-01,Apartment,57,1949.35,"$529,541.23",Available,,529541.23,271.6501551799318,False
90021,9,2025-05-01,Apartment,4,1139.87,"$408,511.51",Sold,C0306,408511.51,358.384298209445,True
90025,9,2025-05-01,Office,5,1416.81,"$423,694.55",Sold,C1683,423694.55,299.04824923595964,True
90051,9,2025-05-01,Apartment,9,1391.22,"$417,103.42",Sold,C1804,417103.42,299.81125918258795,True
90077,9,2025-05-01,Apartment,12,952.38,"$244,096.92",Sold,C1550,244096.92,256.3020223020223,True
90137,9,2025-05-01,Apartment,21,1261.65,"$395,284.05",Sold,C0692,395284.05,313.30721673998335,True
90193,9,2025-05-01,Apartment,28,1931.82,"$675,285.62",Sold,C0727,675285.62,349.5592860618484,True
90232,9,2025-05-01,Apartment,33,973.52,"$309,061.29",Available,,309061.29,317.46783835976663,False
90246,9,2025-05-01,Apartment,34,1577.36,"$507,504.36",Sold,C1567,507504.36,321.7428868489121,True
90281,9,2025-05-01,Apartment,35,1376.88,"$364,329.06",Available,,364329.06,264.6048021614084,False
90341,9,2025-05-01,Office,40,1090.32,"$326,851.69",Sold,C0095,326851.69,299.77592816787734,True
90345,9,2025-05-01,Apartment,40,1090.32,"$340,807.81",Sold,C1237,340807.81,312.57595017976377,True
90366,9,2025-05-01,Apartment,43,1908.91,"$576,858.24",Available,,576858.24,302.19247633466216,False
90374,9,2025-05-01,Apartment,44,1351.57,"$358,419.01",Available,,358419.01,265.187160117493,False
90450,9,2025-05-01,Apartment,56,1516.4,"$397,503.10",Sold,C1043,397503.1,262.1360458981799,True
90507,9,2025-05-01,Apartment,58,838.34,"$218,992.09",Sold,C0759,218992.09,261.2210916811795,True
90523,9,2025-05-01,Apartment,59,1697.13,"$437,506.24",Sold,C0340,437506.24,257.7918250222434,True
100005,10,2025-05-01,Apartment,1,1006.89,"$289,076.11",Sold,C1104,289076.11,287.09800474729116,True
100027,10,2025-05-01,Apartment,4,1765.37,"$515,578.93",Available,,515578.93,292.05148495782754,False
100098,10,2025-05-01,Apartment,12,852.74,"$250,926.91",Available,,250926.91,294.259575017004,False
100106,10,2025-05-01,Apartment,14,1318.01,"$417,201.93",Sold,C1701,417201.93,316.5392751193086,True
100122,10,2025-05-01,Apartment,15,1948.32,"$516,476.18",Sold,C1108,516476.18,265.087962962963,True
100141,10,2025-05-01,Apartment,18,1244.03,"$382,842.94",Available,,382842.94,307.7441380031028,False
100158,10,2025-05-01,Apartment,20,1264.43,"$410,347.16",Available,,410347.16,324.53133823145606,False
100214,10,2025-05-01,Apartment,27,777.35,"$201,415.36",Sold,C0917,201415.36,259.1051135267254,True
100219,10,2025-05-01,Apartment,27,777.35,"$262,420.84",Sold,C1818,262420.84,337.58389399884226,True
100317,10,2025-05-01,Apartment,37,1177.85,"$340,374.80",Available,,340374.8,288.97975124166913,False
100337,10,2025-05-01,Apartment,40,1322.98,"$389,328.46",Sold,C1746,389328.46,294.28144038458635,True
100341,10,2025-05-01,Apartment,41,1750.64,"$565,457.28",Sold,C1335,565457.28,323.0003198830142,True
100359,10,2025-05-01,Apartment,43,1093.67,"$383,263.24",Available,,383263.24,350.4377371602037,False
100421,10,2025-05-01,Apartment,50,1138.32,"$342,174.93",Sold,C0943,342174.93,300.59643158338605,True
110038,11,2025-05-01,Apartment,4,1414.25,"$398,416.60",Sold,C0430,398416.6,281.7158211065936,True
110041,11,2025-05-01,Apartment,5,1723.2,"$494,410.43",Available,,494410.43,286.91413068709375,False
110058,11,2025-05-01,Apartment,6,1724.08,"$487,075.17",Sold,C1638,487075.17,282.5130910398589,True
110093,11,2025-05-01,Apartment,10,1519.64,"$430,666.39",Sold,C1219,430666.39,283.40027243294463,True
110106,11,2025-05-01,Apartment,13,474.93,"$140,213.02",Sold,C0244,140213.02,295.2288126671299,True
110134,11,2025-05-01,Apartment,14,524.68,"$172,200.35",Sold,C0536,172200.35,328.2007128154304,True
110193,11,2025-05-01,Apartment,22,1755.05,"$596,516.36",Sold,C1158,596516.36,339.88567847069885,True
110234,11,2025-05-01,Apartment,29,993.51,"$336,177.61",Sold,C0884,336177.61,338.37365502108685,True
110237,11,2025-05-01,Office,29,993.51,"$313,924.14",Sold,C0511,313924.14,315.974816559471,True
110239,11,2025-05-01,Apartment,29,993.51,"$310,876.37",Sold,C0919,310876.37,312.9071373212147,True
110263,11,2025-05-01,Apartment,32,1285.87,"$391,255.01",Available,,391255.01,304.27260142938246,False
110373,11,2025-05-01,Apartment,44,434.38,"$131,519.77",Sold,C0228,131519.77,302.7758414291634,True
110378,11,2025-05-01,Apartment,44,434.38,"$137,674.50",Available,,137674.5,316.9448409226944,False
110386,11,2025-05-01,Apartment,45,1651.09,"$548,150.16",Sold,C0226,548150.16,331.99290165890415,True
110432,11,2025-05-01,Office,51,1318.98,"$454,364.35",Sold,C1975,454364.35,344.48160699934795,True
110438,11,2025-05-01,Apartment,52,1397.58,"$427,948.68",Available,,427948.68,306.2069291203366,False
110469,11,2025-05-01,Apartment,56,724.8,"$195,152.94",Sold,C1417,195152.94,269.2507450331126,True
120002,12,2025-05-01,Apartment,1,839.95,"$205,528.92",Sold,C0009,205528.92,244.69185070539913,True
120004,12,2025-05-01,Apartment,1,839.95,"$252,295.18",Sold,C1355,252295.18,300.36928388594555,True
120009,12,2025-05-01,Apartment,1,839.95,"$265,630.46",Sold,C0795,265630.46,316.2455622358474,True
120014,12,2025-05-01,Apartment,2,1285.87,"$380,015.64",Available,,380015.64,295.5319277998554,False
120072,12,2025-05-01,Apartment,8,1803.36,"$466,253.04",Available,,466253.04,258.54684588767634,False
120073,12,2025-05-01,Apartment,8,1803.36,"$634,188.62",Sold,C1596,634188.62,351.6705594002307,True
120085,12,2025-05-01,Apartment,11,1348.81,"$348,797.92",Sold,C0755,348797.92,258.5967779005197,True
120103,12,2025-05-01,Apartment,13,1394.03,"$520,101.47",Sold,C1737,520101.47,373.09202097515833,True
120113,12,2025-05-01,Apartment,14,1369.96,"$367,617.71",Sold,C0355,367617.71,268.34192969137786,True
120146,12,2025-05-01,Apartment,16,1523.02,"$505,829.79",Sold,C1553,505829.79,332.1228808551431,True
120198,12,2025-05-01,Apartment,22,892.67,"$290,299.07",Sold,C0756,290299.07,325.2031209741562,True
120235,12,2025-05-01,Apartment,24,1306.75,"$349,839.43",Sold,C1223,349839.43,267.7171838530706,True
120359,12,2025-05-01,Apartment,38,1157.23,"$367,496.03",Sold,C0363,367496.03,317.5652463209561,True
120377,12,2025-05-01,Apartment,41,938.23,"$282,768.90",Available,,282768.9,301.3854811719941,False
120395,12,2025-05-01,Apartment,47,1528.05,"$509,148.56",Sold,C0501,509148.56,333.20150518634864,True
120407,12,2025-05-01,Apartment,47,1528.05,"$360,456.35",Sold,C1573,360456.35,235.8930336049213,True
130024,13,2025-05-01,Office,2,1651.02,"$475,718.50",Sold,C0956,475718.5,288.1361219125147,True
130028,13,2025-05-01,Apartment,2,1651.02,"$538,246.86",Sold,C1461,538246.86,326.0086855398481,True
130056,13,2025-05-01,Office,5,441.3,"$117,558.15",Sold,C0325,117558.15,266.39055064581913,True
130075,13,2025-05-01,Apartment,9,1448.68,"$431,877.48",Sold,C0785,431877.48,298.11792804484077,True
130082,13,2025-05-01,Apartment,10,1314.38,"$396,126.59",Available,,396126.59,301.3790456336828,False
130086,13,2025-05-01,Apartment,11,1678.3,"$498,317.73",Sold,C1919,498317.73,296.918149317762,True
130087,13,2025-05-01,Apartment,11,1678.3,"$469,476.95",Sold,C1255,469476.95,279.73362926771136,True
130102,13,2025-05-01,Apartment,12,1858.65,"$538,375.93",Sold,C0063,538375.93,289.6596615823313,True
130173,13,2025-05-01,Apartment,20,516.72,"$184,957.97",Available,,184957.97,357.94621845486915,False
130181,13,2025-05-01,Apartment,20,516.72,"$154,757.84",Sold,C0587,154757.84,299.50038705681993,True
130258,13,2025-05-01,Apartment,30,1777.51,"$534,630.42",Sold,C0076,534630.42,300.77491547164294,True
130274,13,2025-05-01,Apartment,32,1114.07,"$298,538.23",Available,,298538.23,267.97080075758254,False
130277,13,2025-05-01,Apartment,32,1114.07,"$307,504.71",Sold,C0235,307504.71,276.0191998707442,True
130301,13,2025-05-01,Apartment,33,1445.84,"$424,439.28",Available,,424439.28,293.55895534775635,False
130350,13,2025-05-01,Apartment,38,656.42,"$182,096.35",Available,,182096.35,277.40829042381404,False
130362,13,2025-05-01,Apartment,40,571.5,"$138,257.97",Sold,C1828,138257.97,241.92120734908136,True
130368,13,2025-05-01,Apartment,40,571.5,"$183,248.76",Sold,C0128,183248.76,320.64524934383206,True
130389,13,2025-05-01,Apartment,43,1875.83,"$535,236.81",Sold,C0167,535236.81,285.33332444837754,True
130404,13,2025-05-01,Apartment,45,986.91,"$302,325.29",Sold,C0990,302325.29,306.335218003668,True
130429,13,2025-05-01,Apartment,47,1874.35,"$595,397.77",Sold,C0803,595397.77,317.65559794061943,True
130493,13,2025-05-01,Apartment,57,1717.49,"$539,317.69",Available,,539317.69,314.0150393888756,False
130511,13,2025-05-01,Apartment,59,1434.04,"$353,752.57",Sold,C1369,353752.57,246.68249839613958,True
130529,13,2025-05-01,Apartment,60,1401.81,"$438,895.96",Sold,C0533,438895.96,313.09233062968593,True
130564,13,2025-05-01,Apartment,66,1283.8,"$367,765.98",Sold,C0173,367765.98,286.4667237887521,True
140008,14,2025-05-01,Office,2,922.7,"$231,951.22",Available,,231951.22,251.38313644738267,False
140083,14,2025-05-01,Office,11,1431.42,"$492,509.45",Sold,C0302,492509.45,344.070538346537,True
140118,14,2025-05-01,Apartment,13,442.74,"$141,101.65",Sold,C1209,141101.65,318.70093056873105,True
140128,14,2025-05-01,Apartment,14,1628.68,"$517,610.73",Sold,C0438,517610.73,317.80996266915537,True
140150,14,2025-05-01,Apartment,16,915.37,"$268,606.11",Available,,268606.11,293.4399313938626,False
140156,14,2025-05-01,Apartment,16,915.37,"$302,441.81",Sold,C1556,302441.81,330.40389132263454,True
140170,14,2025-05-01,Office,17,686.6,"$299,967.93",Available,,299967.93,436.88891639965044,False
140267,14,2025-05-01,Apartment,29,1618.34,"$501,471.56",Sold,C1961,501471.56,309.8678646019996,True
140286,14,2025-05-01,Apartment,33,1894.96,"$616,501.26",Available,,616501.26,325.33734749018447,False
140324,14,2025-05-01,Apartment,38,1170.11,"$372,305.86",Available,,372305.86,318.1802223722556,False
140347,14,2025-05-01,Apartment,41,543.61,"$162,818.91",Sold,C1923,162818.91,299.5141921598205,True
140353,14,2025-05-01,Apartment,43,520.49,"$155,210.56",Sold,C1172,155210.56,298.2008491997925,True
140375,14,2025-05-01,Apartment,45,1388.61,"$392,569.11",Sold,C0216,392569.11,282.70652667055543,True
140379,14,2025-05-01,Apartment,46,1258.99,"$379,081.98",Sold,C1721,379081.98,301.10007228016104,True
140429,14,2025-05-01,Apartment,51,1346.3,"$372,457.73",Sold,C0773,372457.73,276.65284854787194,True
140435,14,2025-05-01,Apartment,51,1346.3,"$422,800.28",Available,,422800.28,314.0461115650301,False
140467,14,2025-05-01,Apartment,55,1415.9,"$502,780.15",Sold,C1750,502780.15,355.09580478847374,True
150070,15,2025-05-01,Apartment,10,1072.95,"$317,628.80",Sold,C1404,317628.8,296.0331795517032,True
150099,15,2025-05-01,Apartment,15,522.71,"$175,599.90",Sold,C0001,175599.9,335.94134414876316,True
150106,15,2025-05-01,Office,15,522.71,"$155,535.10",Sold,C1287,155535.1,297.5552409557881,True
150133,15,2025-05-01,Apartment,17,562.64,"$177,349.05",Available,,177349.05,315.20874804493104,False
150140,15,2025-05-01,Apartment,17,562.64,"$187,358.70",Sold,C1312,187358.7,332.9992535191242,True
150143,15,2025-05-01,Apartment,17,562.64,"$167,897.44",Sold,C0101,167897.44,298.41006682781176,True
150165,15,2025-05-01,Apartment,21,1271.25,"$376,814.30",Sold,C0310,376814.3,296.41242871189775,True
150183,15,2025-05-01,Apartment,23,1279.23,"$435,723.27",Sold,C0365,435723.27,340.6137051194859,True
150189,15,2025-05-01,Apartment,23,1279.23,"$434,858.74",Available,,434858.74,339.93788450864974,False
150194,15,2025-05-01,Apartment,23,1279.23,"$401,460.83",Sold,C1647,401460.83,313.83006183407207,True
150250,15,2025-05-01,Apartment,30,1523.22,"$425,190.67",Available,,425190.67,279.1393692309712,False
150261,15,2025-05-01,Apartment,30,1523.22,"$432,917.50",Available,,432917.5,284.21206391722797,False
150268,15,2025-05-01,Apartment,31,1901.65,"$557,626.79",Sold,C1300,557626.79,293.2331343832987,True
150280,15,2025-05-01,Apartment,34,1304.22,"$407,450.17",Sold,C1679,407450.17,312.4090797564828,True
150314,15,2025-05-01,Office,35,745.49,"$212,947.87",Sold,C0257,212947.87,285.64819112261733,True
150341,15,2025-05-01,Apartment,39,1713.42,"$476,819.19",Sold,C1627,476819.19,278.2850614560353,True
150483,15,2025-05-01,Apartment,57,429.34,"$125,064.35",Available,,125064.35,291.2944286579401,False
160024,16,2025-05-01,Office,4,1561.55,"$548,503.64",Sold,C0178,548503.64,351.2558931830553,True
160196,16,2025-05-01,Office,24,1077.77,"$264,146.36",Sold,C0689,264146.36,245.08602020839325,True
160223,16,2025-05-01,Apartment,27,1164.55,"$369,524.95",Sold,C0246,369524.95,317.31136490489894,True
160242,16,2025-05-01,Apartment,28,1440.71,"$493,044.25",Sold,C0048,493044.25,342.2231052744827,True
160301,16,2025-05-01,Office,35,629.97,"$205,003.87",Sold,C1054,205003.87,325.41846437131926,True
170010,17,2025-05-01,Apartment,1,530.28,"$171,074.17",Sold,C0999,171074.17,322.611016821302,True
170011,17,2025-05-01,Apartment,1,530.28,"$155,277.30",Sold,C0769,155277.3,292.8213396696085,True
170018,17,2025-05-01,Office,1,530.28,"$170,733.90",Sold,C0985,170733.9,321.969336954062,True
170024,17,2025-05-01,Office,2,1738.5,"$618,068.19",Sold,C0290,618068.19,355.5180845556514,True
170048,17,2025-05-01,Apartment,6,1739.03,"$495,814.92",Available,,495814.92,285.11004410504705,False
170082,17,2025-05-01,Office,10,1059.07,"$328,477.73",Sold,C0033,328477.73,310.15676961862766,True
170100,17,2025-05-01,Apartment,12,451.91,"$137,774.09",Sold,C1278,137774.09,304.8706379588856,True
170209,17,2025-05-01,Office,23,1025.52,"$281,260.70",Sold,C1769,281260.7,274.26154536235276,True
170236,17,2025-05-01,Apartment,27,677.24,"$236,838.98",Sold,C1136,236838.98,349.7120370917252,True
170246,17,2025-05-01,Apartment,28,1201.04,"$375,578.61",Available,,375578.61,312.7111586624925,False
170262,17,2025-05-01,Apartment,32,954.54,"$302,112.82",Sold,C1398,302112.82,316.500953338781,True
170271,17,2025-05-01,Apartment,33,1532.89,"$392,498.69",Available,,392498.69,256.0514387855619,False
170286,17,2025-05-01,Apartment,35,1667.01,"$490,050.27",Sold,C1360,490050.27,293.96960426152214,True
170313,17,2025-05-01,Apartment,39,1341.67,"$479,425.55",Available,,479425.55,357.33492587596055,False
170338,17,2025-05-01,Apartment,42,691.03,"$222,293.76",Available,,222293.76,321.6846736031721,False
170344,17,2025-05-01,Apartment,43,1602.46,"$483,360.49",Available,,483360.49,301.63654006964293,False
170358,17,2025-05-01,Apartment,46,1582.61,"$444,006.51",Sold,C0748,444006.51,280.55333278571476,True
170384,17,2025-05-01,Apartment,48,1833.96,"$580,903.05",Sold,C0009,580903.05,316.74793888634434,True
170426,17,2025-05-01,Apartment,49,1283.67,"$390,972.72",Sold,C0122,390972.72,304.57416625768303,True
180036,18,2025-05-01,Apartment,4,1096.58,"$312,109.48",Sold,C0482,312109.48,284.62080285980045,True
180038,18,2025-05-01,Apartment,4,1096.58,"$288,304.74",Sold,C1076,288304.74,262.9126374728702,True
180044,18,2025-05-01,Apartment,5,883.32,"$278,963.92",Available,,278963.92,315.81297830910654,False
180054,18,2025-05-01,Apartment,6,840.25,"$266,282.79",Sold,C1584,266282.79,316.90900327283543,True
180109,18,2025-05-01,Apartment,14,1742.3,"$514,682.27",Sold,C0176,514682.27,295.4039315846869,True
180128,18,2025-05-01,Apartment,17,1195.81,"$306,003.32",Sold,C1752,306003.32,255.8962711467541,True
180190,18,2025-05-01,Apartment,25,911.94,"$284,177.91",Sold,C1572,284177.91,311.6190867820251,True
180195,18,2025-05-01,Apartment,25,911.94,"$253,775.13",Sold,C0835,253775.13,278.2805118757813,True
180210,18,2025-05-01,Apartment,27,650.82,"$174,212.21",Sold,C0186,174212.21,267.68109461909586,True
180217,18,2025-05-01,Apartment,27,650.82,"$173,179.78",Sold,C0496,173179.78,266.0947420177622,True
180225,18,2025-05-01,Apartment,28,514.67,"$142,843.57",Sold,C1837,142843.57,277.5439990673636,True
180260,18,2025-05-01,Apartment,30,1795.66,"$477,379.71",Available,,477379.71,265.851948587149,False
180263,18,2025-05-01,Office,30,1795.66,"$610,038.08",Sold,C0194,610038.08,339.7291692191172,True
180317,18,2025-05-01,Apartment,37,1092.32,"$340,086.33",Available,,340086.33,311.34313204921636,False
180322,18,2025-05-01,Apartment,37,1092.32,"$270,158.79",Available,,270158.79,247.32568295005126,False
180326,18,2025-05-01,Apartment,38,1219.8,"$381,620.77",Sold,C1674,381620.77,312.8551975733727,True
180359,18,2025-05-01,Apartment,40,990.46,"$278,073.35",Available,,278073.35,280.75172142236937,False
180456,18,2025-05-01,Apartment,51,1527.31,"$496,847.34",Sold,C1775,496847.34,325.30877163116855,True
180477,18,2025-05-01,Apartment,53,1806.7,"$510,663.36",Available,,510663.36,282.6497813693474,False
180493,18,2025-05-01,Apartment,54,1756.12,"$480,611.69",Available,,480611.69,273.6781598068469,False
180494,18,2025-05-01,Apartment,54,1756.12,"$485,852.20",Sold,C1682,485852.2,276.6623009817097,True
180526,18,2025-05-01,Apartment,58,955.23,"$309,544.73",Sold,C0134,309544.73,324.05256325701663,True
190030,19,2025-05-01,Apartment,5,1408.42,"$358,445.19",Sold,C1826,358445.19,254.50163303560015,True
190056,19,2025-05-01,Apartment,8,974.77,"$298,003.07",Sold,C1152,298003.07,305.71629204838064,True
190063,19,2025-05-01,Apartment,10,747.71,"$239,035.92",Sold,C1861,239035.92,319.6906822163673,True
190078,19,2025-05-01,Apartment,11,1869.93,"$613,288.15",Available,,613288.15,327.97385463626983,False
190165,19,2025-05-01,Apartment,21,477.75,"$149,634.66",Sold,C1761,149634.66,313.207032967033,True
190230,19,2025-05-01,Apartment,27,1691.96,"$484,359.77",Sold,C0837,484359.77,286.27140712546395,True
190284,19,2025-05-01,Apartment,33,1454.84,"$474,802.39",Available,,474802.39,326.36055511258974,False
190286,19,2025-05-01,Apartment,33,1454.84,"$464,979.69",Available,,464979.69,319.6088160897418,False
190339,19,2025-05-01,Office,40,893.49,"$302,160.55",Sold,C1902,302160.55,338.1801139352427,True
190352,19,2025-05-01,Apartment,41,1657.19,"$385,563.10",Sold,C0099,385563.1,232.66076913329186,True
190362,19,2025-05-01,Office,42,1137.59,"$348,718.59",Sold,C0631,348718.59,306.54153957049556,True
190413,19,2025-05-01,Apartment,46,1926.19,"$712,128.48",Sold,C0302,712128.48,369.70832576225604,True
190422,19,2025-05-01,Apartment,49,1004.26,"$258,687.05",Sold,C0492,258687.05,257.5897178021628,True
200016,20,2025-05-01,Apartment,1,1898.39,"$560,474.88",Sold,C0315,560474.88,295.23695341842296,True
200023,20,2025-05-01,Apartment,2,1669.84,"$539,787.73",Sold,C1847,539787.73,323.2571563742634,True
200031,20,2025-05-01,Apartment,3,1645.93,"$450,173.43",Available,,450173.43,273.50703249834436,False
200071,20,2025-05-01,Apartment,8,1268.45,"$317,764.63",Available,,317764.63,250.51411565296226,False
200091,20,2025-05-01,Apartment,13,1587.57,"$538,931.69",Sold,C0131,538931.69,339.4695603973368,True
200147,20,2025-05-01,Office,18,1868.01,"$516,360.61",Sold,C1673,516360.61,276.4228296422396,True
200168,20,2025-05-01,Office,19,759.72,"$229,230.27",Available,,229230.27,301.72993997788654,False
200333,20,2025-05-01,Office,36,1484.99,"$511,551.83",Sold,C1389,511551.83,344.48166654320903,True
200379,20,2025-05-01,Apartment,41,541.22,"$159,669.21",Sold,C0958,159669.21,295.01720187724027,True
200403,20,2025-05-01,Apartment,46,1227.49,"$404,547.78",Sold,C0637,404547.78,329.57317778556245,True
200410,20,2025-05-01,Apartment,47,590.12,"$175,837.18",Sold,C1336,175837.18,297.9685148783298,True
200432,20,2025-05-01,Apartment,48,860.8,"$245,338.37",Available,,245338.37,285.0120469330855,False
200450,20,2025-05-01,Apartment,51,1062.33,"$336,892.39",Sold,C0002,336892.39,317.1259307371533,True
200488,20,2025-05-01,Apartment,56,1333.01,"$443,597.74",Sold,C1523,443597.74,332.7790039084478,True
200491,20,2025-05-01,Apartment,57,445.15,"$161,786.97",Sold,C0798,161786.97,363.44371560148267,True
200498,20,2025-05-01,Apartment,58,1208.52,"$387,163.37",Sold,C1001,387163.37,320.36157448780324,True
200502,20,2025-05-01,Apartment,58,1208.52,"$362,699.48",Available,,362699.48,300.11872372819647,False
990001,1,2025-05-01,Apartment,2,1238.58,"$400,865.92",Available,,400865.92,323.64959873403416,False
990003,1,2025-05-01,Apartment,8,763.21,"$219,630.90",Available,,219630.9,287.77256587308864,False
1025,1,2025-06-01,Apartment,25,1434.09,"$382,041.13",Sold,C0065,382041.13,266.3996890013877,True
1040,1,2025-06-01,Apartment,40,782.25,"$234,172.39",Sold,C0030,234172.39,299.3574816235219,True
1047,1,2025-06-01,Apartment,47,1479.72,"$448,134.27",Sold,C0104,448134.27,302.8507217581705,True
3002,3,2025-06-01,Apartment,2,923.21,"$261,871.70",Sold,C0083,261871.7,283.65344829453755,True
5003,5,2025-06-01,Apartment,3,798.5,"$212,644.39",Available,,212644.39,266.30480901690675,False
10026,1,2025-06-01,Apartment,3,788.73,"$225,196.58",Available,,225196.58,285.5179592509477,False
10027,1,2025-06-01,Apartment,3,788.73,"$219,973.45",Sold,C1462,219973.45,278.89575646926073,True
10054,1,2025-06-01,Apartment,7,758.88,"$203,777.68",Sold,C1927,203777.68,268.52424625764286,True
10088,1,2025-06-01,Apartment,12,621.14,"$198,416.21",Sold,C1616,198416.21,319.43878996683515,True
10102,1,2025-06-01,Apartment,13,719.47,"$191,700.01",Sold,C1365,191700.01,266.44614785884056,True
10122,1,2025-06-01,Office,15,765.0,"$274,098.77",Sold,C0181,274098.77,358.299045751634,True
10162,1,2025-06-01,Apartment,20,1146.24,"$368,811.30",Sold,C1238,368811.3,321.75748534338356,True
10216,1,2025-06-01,Apartment,25,1154.92,"$339,799.90",Sold,C1094,339799.9,294.21942645378033,True
10233,1,2025-06-01,Apartment,27,725.12,"$219,325.04",Sold,C1259,219325.04,302.46723300970876,True
10277,1,2025-06-01,Apartment,30,753.29,"$204,682.12",Sold,C0063,204682.12,271.7175589746313,True
10331,1,2025-06-01,Apartment,35,1168.59,"$374,662.04",Available,,374662.04,320.6103423784219,False
10346,1,2025-06-01,Apartment,37,758.3,"$197,514.96",Sold,C1180,197514.96,260.47073717526047,True
10413,1,2025-06-01,Apartment,48,1170.93,"$375,305.68",Available,,375305.68,320.5193137079074,False
20030,2,2025-06-01,Apartment,3,645.84,"$233,677.77",Sold,C1571,233677.77,361.8199089557785,True
20077,2,2025-06-01,Office,9,584.19,"$180,025.94",Sold,C1580,180025.94,308.1633372704086,True
20082,2,2025-06-01,Apartment,10,788.79,"$266,730.80",Sold,C0112,266730.8,338.15185283789094,True
20093,2,2025-06-01,Apartment,11,1625.05,"$526,987.75",Available,,526987.75,324.29017568690193,False
20154,2,2025-06-01,Apartment,18,784.76,"$250,182.28",Sold,C1535,250182.28,318.80100922575053,True
20261,2,2025-06-01,Apartment,31,629.92,"$183,932.23",Sold,C0574,183932.23,291.99299911099826,True
20314,2,2025-06-01,Apartment,37,780.46,"$241,560.55",Sold,C1718,241560.55,309.51048099838556,True
20361,2,2025-06-01,Apartment,42,786.45,"$227,817.72",Available,,227817.72,289.67858096509633,False
20382,2,2025-06-01,Apartment,45,782.2,"$236,688.40",Sold,C0793,236688.4,302.59319867041677,True
20426,2,2025-06-01,Apartment,49,1617.9,"$444,828.73",Available,,444828.73,274.9420421534087,False
30011,3,2025-06-01,Apartment,1,689.75,"$211,623.61",Sold,C0131,211623.61,306.8120478434215,True
30026,3,2025-06-01,Apartment,3,783.65,"$248,612.76",Available,,248612.76,317.2497415938238,False
30030,3,2025-06-01,Apartment,4,719.96,"$216,233.33",Available,,216233.33,300.34075504194675,False
30040,3,2025-06-01,Apartment,4,719.96,"$178,170.39",Sold,C0653,178170.39,247.4726234790822,True
30047,3,2025-06-01,Apartment,5,701.19,"$234,957.50",Sold,C0178,234957.5,335.0839287496969,True
30069,3,2025-06-01,Apartment,7,744.01,"$258,599.68",Available,,258599.68,347.57554333947127,False
30098,3,2025-06-01,Apartment,9,1125.84,"$298,173.59",Available,,298173.59,264.845439849357,False
30158,3,2025-06-01,Apartment,18,706.68,"$195,341.00",Sold,C1550,195341.0,276.42072791079414,True
30209,3,2025-06-01,Office,23,924.21,"$248,050.00",Sold,C0011,248050.0,268.3913829108103,True
30210,3,2025-06-01,Apartment,23,924.21,"$286,172.72",Sold,C1028,286172.72,309.64036312093566,True
30295,3,2025-06-01,Apartment,36,733.45,"$222,919.30",Sold,C0773,222919.3,303.9325107369282,True
30311,3,2025-06-01,Office,38,1173.4,"$341,826.64",Sold,C1869,341826.64,291.31297085392873,True
30340,3,2025-06-01,Apartment,41,965.5,"$314,641.73",Sold,C1336,314641.73,325.8847540134645,True
30356,3,2025-06-01,Apartment,44,673.86,"$202,812.57",Sold,C1575,202812.57,300.9713738758793,True
30380,3,2025-06-01,Apartment,46,1599.81,"$522,366.69",Available,,522366.69,326.5179552571868,False
30405,3,2025-06-01,Apartment,49,1174.48,"$296,753.67",Available,,296753.67,252.66813398269872,False
30414,3,2025-06-01,Apartment,49,1174.48,"$366,989.11",Sold,C0370,366989.11,312.469441795518,True
30429,3,2025-06-01,Apartment,50,713.67,"$238,169.16",Sold,C1783,238169.16,333.7244945142713,True
30434,3,2025-06-01,Apartment,50,713.67,"$191,594.66",Sold,C1327,191594.66,268.4639399162078,True
30437,3,2025-06-01,Apartment,50,713.67,"$249,497.22",Sold,C1540,249497.22,349.59746101139183,True
40014,4,2025-06-01,Apartment,2,1620.07,"$503,513.09",Available,,503513.09,310.7971198775362,False
40023,4,2025-06-01,Apartment,3,1630.82,"$561,592.03",Sold,C1568,561592.03,344.3617505304081,True
40067,4,2025-06-01,Apartment,7,786.36,"$248,235.55",Sold,C1705,248235.55,315.67672567271984,True
40104,4,2025-06-01,Apartment,13,809.06,"$214,784.29",Available,,214784.29,265.4738709119225,False
40108,4,2025-06-01,Apartment,14,1322.66,"$409,829.82",Available,,409829.82,309.85273615290396,False
40222,4,2025-06-01,Apartment,26,790.05,"$255,135.92",Sold,C1504,255135.92,322.9364217454592,True
40238,4,2025-06-01,Apartment,29,776.79,"$245,279.18",Sold,C0814,245279.18,315.7599608645837,True
40250,4,2025-06-01,Apartment,30,1307.35,"$446,358.88",Sold,C0202,446358.88,341.4226335717291,True
40262,4,2025-06-01,Apartment,31,793.1,"$269,484.63",Sold,C1455,269484.63,339.7864455932417,True
40292,4,2025-06-01,Apartment,34,795.1,"$264,746.45",Available,,264746.45,332.9725191799774,False
40312,4,2025-06-01,Apartment,37,800.13,"$237,481.19",Sold,C0204,237481.19,296.80325697074227,True
40350,4,2025-06-01,Apartment,42,738.34,"$211,507.17",Sold,C0251,211507.17,286.4631064279329,True
40391,4,2025-06-01,Apartment,45,1160.48,"$332,875.80",Sold,C1527,332875.8,286.8432028126292,True
50040,5,2025-06-01,Apartment,8,782.15,"$246,908.49",Sold,C0377,246908.49,315.67920475612095,True
50048,5,2025-06-01,Apartment,8,782.15,"$245,895.64",Sold,C1307,245895.64,314.3842485456754,True
50105,5,2025-06-01,Apartment,13,791.13,"$246,755.89",Available,,246755.89,311.90308798806774,False
50150,5,2025-06-01,Apartment,19,819.72,"$229,878.61",Available,,229878.61,280.4355267652369,False
50160,5,2025-06-01,Apartment,22,1059.78,"$300,950.66",Sold,C0507,300950.66,283.97465511709976,True
50235,5,2025-06-01,Apartment,32,1051.39,"$295,517.69",Sold,C1870,295517.69,281.0733314944977,True
50291,5,2025-06-01,Apartment,38,1283.87,"$441,600.42",Available,,441600.42,343.96038539727545,False
50378,5,2025-06-01,Apartment,46,1272.95,"$373,991.51",Sold,C0660,373991.51,293.79905730782826,True
50406,5,2025-06-01,Apartment,47,1241.14,"$354,787.43",Sold,C0983,354787.43,285.8560919799539,True
60001,6,2025-06-01,Apartment,1,1720.95,"$501,136.87",Sold,C0584,501136.87,291.1978093494872,True
60003,6,2025-06-01,Apartment,1,1720.95,"$480,292.70",Sold,C1709,480292.7,279.0857956361312,True
60020,6,2025-06-01,Apartment,1,1720.95,"$628,455.63",Sold,C0295,628455.63,365.17948226270374,True
60035,6,2025-06-01,Office,4,1925.28,"$687,894.92",Sold,C1536,687894.92,357.2960400565113,True
60073,6,2025-06-01,Apartment,7,1075.42,"$346,651.01",Available,,346651.01,322.3401182793699,False
60111,6,2025-06-01,Apartment,9,1194.12,"$388,454.83",Sold,C1757,388454.83,325.30635949485816,True
60121,6,2025-06-01,Office,10,942.08,"$305,183.98",Sold,C1074,305183.98,323.9469896399456,True
60166,6,2025-06-01,Apartment,14,1890.0,"$594,789.16",Available,,594789.16,314.70325925925926,False
60249,6,2025-06-01,Apartment,25,1086.43,"$324,022.67",Sold,C0305,324022.67,298.24532643612565,True
60256,6,2025-06-01,Apartment,26,1538.47,"$481,603.96",Available,,481603.96,313.0408522753125,False
60312,6,2025-06-01,Apartment,34,1353.81,"$367,911.80",Sold,C1963,367911.8,271.76029132596153,True
60346,6,2025-06-01,Office,39,744.54,"$253,458.89",Available,,253458.89,340.4234695248073,False
60359,6,2025-06-01,Office,41,940.72,"$378,059.82",Sold,C1664,378059.82,401.8834722340335,True
60363,6,2025-06-01,Apartment,41,940.72,"$325,187.70",Sold,C1280,325187.7,345.67958584913686,True
60403,6,2025-06-01,Apartment,48,1521.71,"$469,567.78",Available,,469567.78,308.5790196555191,False
60440,6,2025-06-01,Apartment,52,1408.23,"$415,927.28",Sold,C1132,415927.28,295.3546508737919,True
60458,6,2025-06-01,Apartment,53,1170.96,"$371,616.82",Sold,C0230,371616.82,317.3608150577304,True
60472,6,2025-06-01,Apartment,55,562.37,"$156,014.92",Sold,C1508,156014.92,277.42397354055163,True
70024,7,2025-06-01,Office,5,1144.09,"$339,779.92",Available,,339779.92,296.9870552141877,False
70051,7,2025-06-01,Office,8,1561.28,"$528,764.40",Sold,C1907,528764.4,338.6736523877844,True
70074,7,2025-06-01,Apartment,11,834.5,"$275,248.14",Sold,C1365,275248.14,329.83599760335534,True
70114,7,2025-06-01,Apartment,15,602.92,"$162,365.24",Sold,C1772,162365.24,269.2981490081603,True
70189,7,2025-06-01,Office,21,1528.62,"$497,159.94",Available,,497159.94,325.23448600698674,False
70192,7,2025-06-01,Apartment,22,1914.21,"$603,087.62",Available,,603087.62,315.0582329002565,False
70193,7,2025-06-01,Apartment,22,1914.21,"$529,783.19",Sold,C0588,529783.19,276.7633592970468,True
70220,7,2025-06-01,Apartment,24,852.99,"$270,019.71",Available,,270019.71,316.5567122709528,False
70251,7,2025-06-01,Apartment,28,694.55,"$221,149.90",Sold,C0330,221149.9,318.4074580663739,True
70264,7,2025-06-01,Office,30,1237.23,"$301,253.43",Sold,C1824,301253.43,243.4902402948522,True
70269,7,2025-06-01,Office,30,1237.23,"$405,353.74",Sold,C0225,405353.74,327.6300607001123,True
70270,7,2025-06-01,Apartment,30,1237.23,"$427,828.94",Sold,C1271,427828.94,345.7958019123364,True
70343,7,2025-06-01,Apartment,41,1093.92,"$304,478.01",Sold,C0223,304478.01,278.3366333918385,True
70411,7,2025-06-01,Apartment,48,533.35,"$149,462.76",Sold,C1605,149462.76,280.2339176900722,True
70475,7,2025-06-01,Apartment,55,601.23,"$189,238.02",Sold,C0021,189238.02,314.75145950800857,True
70489,7,2025-06-01,Office,58,1629.83,"$593,682.12",Sold,C0367,593682.12,364.26014983157756,True
70518,7,2025-06-01,Apartment,60,1219.54,"$345,685.38",Sold,C1263,345685.38,283.45554881348704,True
80013,8,2025-06-01,Apartment,2,1097.36,"$359,043.67",Available,,359043.67,327.1885889771816,False
80049,8,2025-06-01,Apartment,5,887.23,"$284,075.06",Sold,C1951,284075.06,320.18198212413915,True
80075,8,2025-06-01,Apartment,9,1869.81,"$659,880.36",Sold,C1720,659880.36,352.9130553371733,True
80134,8,2025-06-01,Apartment,16,424.09,"$121,543.19",Sold,C1328,121543.19,286.59763257799057,True
80178,8,2025-06-01,Office,23,1114.67,"$377,525.28",Available,,377525.28,338.6879345456503,False
80180,8,2025-06-01,Apartment,25,1833.58,"$595,227.23",Sold,C1779,595227.23,324.62572126659325,True
80253,8,2025-06-01,Office,31,1253.18,"$300,033.75",Sold,C1715,300033.75,239.41792080946072,True
80260,8,2025-06-01,Apartment,31,1253.18,"$326,975.92",Available,,326975.92,260.91696324550344,False
80382,8,2025-06-01,Apartment,46,1175.51,"$387,502.88",Sold,C0495,387502.88,329.6466044525355,True
80386,8,2025-06-01,Apartment,46,1175.51,"$374,700.13",Sold,C0191,374700.13,318.7553742630858,True
80420,8,2025-06-01,Office,48,480.99,"$128,184.80",Available,,128184.8,266.5020062787168,False
80429,8,2025-06-01,Apartment,49,1081.0,"$317,172.33",Sold,C0131,317172.33,293.40641073080485,True
80441,8,2025-06-01,Apartment,52,559.73,"$180,837.56",Sold,C1714,180837.56,323.07998499276437,True
80487,8,2025-06-01,Apartment,56,1874.7,"$575,615.86",Sold,C1061,575615.86,307.0442524137195,True
90026,9,2025-06-01,Apartment,6,1821.59,"$537,661.98",Sold,C1077,537661.98,295.1608100615396,True
90055,9,2025-06-01,Office,9,1391.22,"$469,019.71",Sold,C1423,469019.71,337.12835496902,True
90063,9,2025-06-01,Apartment,11,559.6,"$161,393.35",Available,,161393.35,288.40841672623304,False
90076,9,2025-06-01,Apartment,12,952.38,"$302,601.70",Available,,302601.7,317.73210273210276,False
90089,9,2025-06-01,Apartment,14,1445.3,"$529,558.26",Sold,C0981,529558.26,366.4002352452778,True
90207,9,2025-06-01,Apartment,30,1250.17,"$402,938.44",Available,,402938.44,322.30691825911674,False
90290,9,2025-06-01,Apartment,36,1582.79,"$420,874.11",Sold,C0529,420874.11,265.9064752746732,True
90335,9,2025-06-01,Office,40,1090.32,"$342,005.17",Sold,C0503,342005.17,313.674123193191,True
90357,9,2025-06-01,Apartment,42,605.78,"$201,976.86",Sold,C0796,201976.86,333.4161906962924,True
90378,9,2025-06-01,Office,44,1351.57,"$476,244.30",Sold,C1140,476244.3,352.3637695420881,True
90449,9,2025-06-01,Apartment,56,1516.4,"$446,034.38",Available,,446034.38,294.14031917699816,False
90467,9,2025-06-01,Apartment,57,1198.57,"$334,651.44",Available,,334651.44,279.20892396772825,False
90468,9,2025-06-01,Apartment,57,1198.57,"$293,185.45",Available,,293185.45,244.6127051402922,False
90475,9,2025-06-01,Apartment,58,838.34,"$260,948.75",Sold,C1667,260948.75,311.2683994560679,True
90492,9,2025-06-01,Apartment,58,838.34,"$234,943.46",Sold,C1438,234943.46,280.24841949567,True
90524,9,2025-06-01,Office,59,1697.13,"$455,010.72",Sold,C0734,455010.72,268.10599070194974,True
90535,9,2025-06-01,Apartment,62,1263.44,"$352,725.16",Sold,C1181,352725.16,279.1784018235927,True
100001,10,2025-06-01,Apartment,1,1006.89,"$299,720.12",Available,,299720.12,297.6691793542492,False
100006,10,2025-06-01,Apartment,1,1006.89,"$308,354.10",Sold,C0082,308354.1,306.24407830050944,True
100019,10,2025-06-01,Apartment,4,1765.37,"$510,485.02",Available,,510485.02,289.1660218537757,False
100048,10,2025-06-01,Office,5,1741.96,"$591,501.86",Available,,591501.86,339.56110358446807,False
100065,10,2025-06-01,Apartment,9,1849.4,"$630,342.50",Sold,C1053,630342.5,340.8362171515086,True
100087,10,2025-06-01,Office,11,1675.44,"$599,245.34",Sold,C0019,599245.34,357.6644582915532,True
100105,10,2025-06-01,Apartment,14,1318.01,"$382,143.98",Sold,C0114,382143.98,289.9401218503653,True
100131,10,2025-06-01,Apartment,17,647.35,"$194,001.10",Sold,C0234,194001.1,299.6850235575809,True
100134,10,2025-06-01,Apartment,17,647.35,"$177,906.20",Available,,177906.2,274.8222754306017,False
100183,10,2025-06-01,Apartment,25,1487.17,"$348,131.23",Sold,C1064,348131.23,234.0897341931319,True
100247,10,2025-06-01,Apartment,30,1559.4,"$412,386.95",Sold,C0178,412386.95,264.45232140566884,True
100283,10,2025-06-01,Apartment,33,1010.7,"$306,339.37",Sold,C0546,306339.37,303.09624022954387,True
100290,10,2025-06-01,Apartment,34,1435.44,"$451,863.00",Available,,451863.0,314.79058685838487,False
100291,10,2025-06-01,Apartment,34,1435.44,"$512,350.32",Available,,512350.32,356.9291088446748,False
100292,10,2025-06-01,Apartment,34,1435.44,"$437,900.49",Sold,C0036,437900.49,305.06359722454437,True
100299,10,2025-06-01,Office,35,1675.74,"$517,353.17",Sold,C0324,517353.17,308.7311695131703,True
110027,11,2025-06-01,Apartment,3,1479.84,"$432,050.16",Available,,432050.16,291.95734674018814,False
110060,11,2025-06-01,Apartment,7,1734.79,"$503,297.17",Sold,C1343,503297.17,290.11993958922983,True
110063,11,2025-06-01,Apartment,7,1734.79,"$510,276.95",Available,,510276.95,294.1433545270609,False
110071,11,2025-06-01,Apartment,8,1001.41,"$338,725.23",Available,,338725.23,338.24829989714505,False
110075,11,2025-06-01,Apartment,8,1001.41,"$316,130.95",Available,,316130.95,315.6858329755046,False
110140,11,2025-06-01,Apartment,14,524.68,"$175,679.27",Sold,C1887,175679.27,334.83126858275523,True
110181,11,2025-06-01,Apartment,19,1083.98,"$284,027.76",Sold,C1905,284027.76,262.0230631561468,True
110296,11,2025-06-01,Apartment,36,1752.38,"$502,462.73",Available,,502462.73,286.7316050171766,False
110325,11,2025-06-01,Apartment,38,788.47,"$259,197.21",Sold,C0309,259197.21,328.73439699671513,True
110352,11,2025-06-01,Apartment,42,808.59,"$261,446.94",Available,,261446.94,323.3368456201536,False
110365,11,2025-06-01,Apartment,43,810.65,"$221,674.47",Sold,C0117,221674.47,273.45274779497936,True
110412,11,2025-06-01,Apartment,49,1095.85,"$281,239.32",Sold,C1539,281239.32,256.6403431126523,True
110426,11,2025-06-01,Apartment,50,948.72,"$268,667.27",Sold,C1093,268667.27,283.1892128341344,True
110471,11,2025-06-01,Office,56,724.8,"$219,128.51",Sold,C1331,219128.51,302.3296219646799,True
110507,11,2025-06-01,Apartment,60,1295.04,"$365,083.08",Sold,C1968,365083.08,281.908728687917,True
110527,11,2025-06-01,Apartment,62,1938.82,"$520,333.67",Available,,520333.67,268.37647125571226,False
110538,11,2025-06-01,Apartment,62,1938.82,"$566,513.00",Sold,C0725,566513.0,292.1947370049824,True
120031,12,2025-06-01,Apartment,3,1469.27,"$459,646.71",Available,,459646.71,312.84019274878,False
120035,12,2025-06-01,Apartment,4,1559.34,"$424,519.13",Sold,C1376,424519.13,272.24282709351394,True
120067,12,2025-06-01,Apartment,8,1803.36,"$539,529.66",Sold,C1604,539529.66,299.1802302368912,True
120090,12,2025-06-01,Apartment,12,959.05,"$278,140.73",Available,,278140.73,290.0169229967155,False
120095,12,2025-06-01,Apartment,12,959.05,"$263,898.13",Sold,C0717,263898.13,275.1661852875241,True
120272,12,2025-06-01,Apartment,29,688.73,"$209,618.11",Available,,209618.11,304.35455113034135,False
120328,12,2025-06-01,Apartment,35,1690.62,"$509,568.06",Available,,509568.06,301.40898605245417,False
120329,12,2025-06-01,Apartment,35,1690.62,"$427,288.98",Sold,C1365,427288.98,252.74099442807963,True
120333,12,2025-06-01,Apartment,35,1690.62,"$380,710.05",Available,,380710.05,225.18960499698338,False
120365,12,2025-06-01,Apartment,38,1157.23,"$323,890.25",Sold,C0614,323890.25,279.88407663126605,True
120392,12,2025-06-01,Apartment,45,1898.75,"$585,605.94",Available,,585605.94,308.41655826201446,False
120402,12,2025-06-01,Apartment,47,1528.05,"$433,439.63",Sold,C1674,433439.63,283.65539740191747,True
130003,13,2025-06-01,Apartment,1,1899.92,"$617,314.75",Sold,C0973,617314.75,324.91618068129185,True
130040,13,2025-06-01,Apartment,3,979.64,"$269,821.05",Sold,C1243,269821.05,275.4287799599853,True
130100,13,2025-06-01,Apartment,11,1678.3,"$529,820.54",Sold,C1756,529820.54,315.6888160638742,True
130103,13,2025-06-01,Apartment,12,1858.65,"$533,800.16",Available,,533800.16,287.19778333736855,False
130201,13,2025-06-01,Apartment,22,1811.36,"$608,461.19",Sold,C0601,608461.19,335.9140038424167,True
130210,13,2025-06-01,Apartment,24,1044.69,"$280,586.67",Sold,C1518,280586.67,268.5836659678948,True
130270,13,2025-06-01,Office,32,1114.07,"$281,918.15",Sold,C1603,281918.15,253.05245630884957,True
130280,13,2025-06-01,Office,32,1114.07,"$327,413.48",Available,,327413.48,293.88950425018174,False
130442,13,2025-06-01,Apartment,49,572.01,"$187,502.33",Sold,C0559,187502.33,327.79554553242076,True
130551,13,2025-06-01,Apartment,64,792.66,"$208,129.31",Sold,C0070,208129.31,262.5707238917064,True
130561,13,2025-06-01,Apartment,65,612.66,"$164,483.02",Sold,C1812,164483.02,268.4735742499918,True
130587,13,2025-06-01,Apartment,68,1590.69,"$445,779.37",Sold,C1903,445779.37,280.24276886131173,True
130591,13,2025-06-01,Office,68,1590.69,"$486,548.28",Sold,C0331,486548.28,305.8724704373574,True
130596,13,2025-06-01,Office,70,750.41,"$233,444.71",Sold,C0891,233444.71,311.0895510454285,True
140007,14,2025-06-01,Apartment,2,922.7,"$283,369.09",Sold,C0462,283369.09,307.1085835049312,True
140081,14,2025-06-01,Apartment,11,1431.42,"$399,102.88",Sold,C0400,399102.88,278.81605678277515,True
140100,14,2025-06-01,Apartment,12,459.44,"$147,901.85",Sold,C0427,147901.85,321.9176606303326,True
140117,14,2025-06-01,Office,13,442.74,"$146,344.44",Sold,C0389,146344.44,330.5426209513484,True
140123,14,2025-06-01,Apartment,13,442.74,"$148,553.54",Sold,C0107,148553.54,335.53223110629267,True
140130,14,2025-06-01,Apartment,14,1628.68,"$439,508.52",Available,,439508.52,269.85566225409536,False
140158,14,2025-06-01,Office,16,915.37,"$304,366.20",Sold,C1859,304366.2,332.5061996788184,True
140189,14,2025-06-01,Apartment,21,1560.87,"$421,652.43",Sold,C0966,421652.43,270.13936458513524,True
140199,14,2025-06-01,Office,22,1148.66,"$421,423.20",Sold,C0653,421423.2,366.8824543380983,True
140241,14,2025-06-01,Apartment,27,1866.49,"$534,655.53",Sold,C0285,534655.53,286.4497157766717,True
140284,14,2025-06-01,Apartment,33,1894.96,"$498,141.99",Sold,C1804,498141.99,262.87731139443576,True
140290,14,2025-06-01,Apartment,33,1894.96,"$656,769.01",Available,,656769.01,346.5872683328408,False
140295,14,2025-06-01,Apartment,34,513.06,"$118,609.39",Sold,C0812,118609.39,231.1803492768877,True
140307,14,2025-06-01,Apartment,35,1152.84,"$298,653.58",Sold,C1524,298653.58,259.0590021165123,True
140360,14,2025-06-01,Apartment,43,520.49,"$156,017.83",Sold,C0288,156017.83,299.7518300063401,True
140365,14,2025-06-01,Apartment,44,840.77,"$221,308.04",Available,,221308.04,263.2206667697468,False
140408,14,2025-06-01,Office,49,1231.75,"$409,766.60",Available,,409766.6,332.67026588187537,False
140419,14,2025-06-01,Apartment,51,1346.3,"$450,664.17",Sold,C1463,450664.17,334.74275421525664,True
140426,14,2025-06-01,Apartment,51,1346.3,"$352,048.99",Available,,352048.99,261.4937161108223,False
140465,14,2025-06-01,Apartment,55,1415.9,"$425,020.07",Sold,C1955,425020.07,300.1766155801963,True
140476,14,2025-06-01,Apartment,55,1415.9,"$463,272.35",Available,,463272.35,327.19284553993924,False
150011,15,2025-06-01,Apartment,2,1522.89,"$484,383.73",Available,,484383.73,318.0687574283106,False
150022,15,2025-06-01,Apartment,2,1522.89,"$477,879.61",Available,,477879.61,313.79785145348643,False
150024,15,2025-06-01,Apartment,3,748.99,"$241,539.23",Available,,241539.23,322.4865886059894,False
150038,15,2025-06-01,Apartment,6,938.57,"$251,516.25",Sold,C0829,251516.25,267.9781476075306,True
150048,15,2025-06-01,Office,7,1113.85,"$320,227.29",Sold,C0451,320227.29,287.4958836468106,True
150085,15,2025-06-01,Apartment,13,653.54,"$189,687.33",Sold,C1820,189687.33,290.2459375095633,True
150108,15,2025-06-01,Apartment,15,522.71,"$139,016.06",Available,,139016.06,265.95255495398976,False
150120,15,2025-06-01,Apartment,16,1692.61,"$466,273.99",Available,,466273.99,275.4763294556927,False
150122,15,2025-06-01,Apartment,16,1692.61,"$539,032.17",Sold,C0065,539032.17,318.4621206302693,True
150164,15,2025-06-01,Apartment,21,1271.25,"$363,412.93",Sold,C1221,363412.93,285.8705447394297,True
150192,15,2025-06-01,Apartment,23,1279.23,"$393,385.99",Sold,C0262,393385.99,307.51779586157295,True
150199,15,2025-06-01,Apartment,23,1279.23,"$350,514.30",Available,,350514.3,274.00412748293894,False
150210,15,2025-06-01,Office,24,924.36,"$307,624.42",Sold,C1256,307624.42,332.79720022502056,True
150220,15,2025-06-01,Apartment,25,607.01,"$155,769.09",Sold,C0543,155769.09,256.6170079570353,True
150272,15,2025-06-01,Office,32,1338.63,"$374,901.66",Sold,C1719,374901.66,280.0636919835951,True
150324,15,2025-06-01,Apartment,38,585.57,"$182,143.79",Available,,182143.79,311.05382789418854,False
150335,15,2025-06-01,Apartment,39,1713.42,"$580,190.12",Sold,C1069,580190.12,338.61523736153424,True
150339,15,2025-06-01,Apartment,39,1713.42,"$576,585.04",Sold,C1948,576585.04,336.5112114951384,True
150363,15,2025-06-01,Apartment,44,1713.09,"$522,943.88",Sold,C0281,522943.88,305.26351797045106,True
150367,15,2025-06-01,Apartment,45,1911.06,"$606,387.35",Available,,606387.35,317.3041924377047,False
150385,15,2025-06-01,Apartment,48,1403.33,"$464,868.56",Available,,464868.56,331.26104337539994,False
150409,15,2025-06-01,Apartment,52,829.2,"$241,850.84",Available,,241850.84,291.6676796912687,False
150423,15,2025-06-01,Apartment,53,696.04,"$200,400.68",Available,,200400.68,287.91546462846964,False
150502,15,2025-06-01,Office,60,1033.2,"$342,699.63",Sold,C0204,342699.63,331.68760162601626,True
150512,15,2025-06-01,Apartment,60,1033.2,"$378,709.68",Sold,C0206,378709.68,366.54053426248544,True
160023,16,2025-06-01,Apartment,4,1561.55,"$508,639.46",Sold,C1537,508639.46,325.7272965963306,True
160030,16,2025-06-01,Apartment,5,749.15,"$196,645.59",Sold,C0839,196645.59,262.4916104918908,True
160106,16,2025-06-01,Apartment,11,1288.42,"$356,627.20",Sold,C1091,356627.2,276.7942130671675,True
160136,16,2025-06-01,Apartment,16,1451.17,"$472,546.53",Sold,C1115,472546.53,325.63140776063454,True
160176,16,2025-06-01,Apartment,22,1575.06,"$506,418.40",Sold,C1530,506418.4,321.52324355897554,True
160287,16,2025-06-01,Office,34,743.19,"$227,673.39",Sold,C1638,227673.39,306.3461429782424,True
160293,16,2025-06-01,Apartment,35,629.97,"$187,384.20",Sold,C0936,187384.2,297.449402352493,True
160308,16,2025-06-01,Office,35,629.97,"$232,152.68",Available,,232152.68,368.5138657396384,False
160320,16,2025-06-01,Apartment,38,431.83,"$159,890.05",Sold,C1862,159890.05,370.26156126253386,True
160337,16,2025-06-01,Apartment,41,1001.72,"$286,678.70",Sold,C1006,286678.7,286.18645929002116,True
160345,16,2025-06-01,Apartment,41,1001.72,"$317,660.44",Sold,C1886,317660.44,317.11500219622246,True
160354,16,2025-06-01,Office,41,1001.72,"$323,080.86",Available,,323080.86,322.5261150820588,False
170025,17,2025-06-01,Apartment,2,1738.5,"$443,928.19",Available,,443928.19,255.35127408685648,False
170038,17,2025-06-01,Apartment,4,448.67,"$131,993.66",Available,,131993.66,294.188735596318,False
170047,17,2025-06-01,Apartment,6,1739.03,"$481,085.34",Sold,C0214,481085.34,276.64004646268324,True
170050,17,2025-06-01,Apartment,6,1739.03,"$570,977.51",Available,,570977.51,328.3310293669459,False
170179,17,2025-06-01,Apartment,19,1712.06,"$510,899.59",Sold,C0277,510899.59,298.41219933880825,True
170191,17,2025-06-01,Office,21,1320.97,"$367,790.56",Available,,367790.56,278.4246122167801,False
170192,17,2025-06-01,Apartment,22,1221.66,"$356,216.19",Sold,C1167,356216.19,291.5837385197191,True
170194,17,2025-06-01,Apartment,22,1221.66,"$332,860.12",Sold,C1726,332860.12,272.46543228066724,True
170195,17,2025-06-01,Apartment,22,1221.66,"$360,442.20",Sold,C1561,360442.2,295.0429743136388,True
170200,17,2025-06-01,Apartment,22,1221.66,"$353,628.52",Sold,C1356,353628.52,289.4655796211712,True
170308,17,2025-06-01,Office,38,721.83,"$172,785.50",Available,,172785.5,239.37145865369962,False
170325,17,2025-06-01,Office,39,1341.67,"$496,970.28",Available,,496970.28,370.4117107783583,False
170403,17,2025-06-01,Apartment,48,1833.96,"$498,128.56",Sold,C1994,498128.56,271.613644790508,True
170440,17,2025-06-01,Apartment,51,1375.52,"$465,247.02",Sold,C1453,465247.02,338.23355530999186,True
180004,18,2025-06-01,Apartment,1,1379.64,"$425,005.86",Sold,C1796,425005.86,308.0556232060537,True
180023,18,2025-06-01,Apartment,3,524.48,"$180,093.56",Sold,C1963,180093.56,343.37545759609515,True
180040,18,2025-06-01,Apartment,4,1096.58,"$388,944.05",Available,,388944.05,354.6882580386292,False
180047,18,2025-06-01,Apartment,5,883.32,"$222,979.69",Sold,C0599,222979.69,252.43364805506496,True
180066,18,2025-06-01,Apartment,7,505.94,"$162,183.43",Available,,162183.43,320.55862355219983,False
180088,18,2025-06-01,Office,12,1692.5,"$534,226.05",Available,,534226.05,315.64316100443136,False
180127,18,2025-06-01,Apartment,16,1360.96,"$416,303.05",Sold,C0926,416303.05,305.88926199153536,True
180138,18,2025-06-01,Apartment,18,1127.95,"$374,318.33",Sold,C1041,374318.33,331.8572011170708,True
180203,18,2025-06-01,Apartment,26,1147.71,"$361,077.20",Sold,C1008,361077.2,314.60665150604245,True
180235,18,2025-06-01,Apartment,29,578.36,"$161,894.87",Available,,161894.87,279.92058579431495,False
180290,18,2025-06-01,Apartment,36,1089.77,"$313,421.23",Available,,313421.23,287.60309973664164,False
180306,18,2025-06-01,Apartment,36,1089.77,"$402,516.04",Sold,C0909,402516.04,369.3587087183534,True
180336,18,2025-06-01,Apartment,38,1219.8,"$340,757.71",Available,,340757.71,279.3553943269389,False
180377,18,2025-06-01,Apartment,42,1045.42,"$310,262.34",Available,,310262.34,296.78247976889674,False
180391,18,2025-06-01,Apartment,44,1334.77,"$382,917.49",Available,,382917.49,286.87900537171197,False
180419,18,2025-06-01,Apartment,47,520.85,"$148,669.83",Sold,C0636,148669.83,285.4369396179322,True
180506,18,2025-06-01,Apartment,56,1311.59,"$393,273.93",Available,,393273.93,299.84517265303947,False
180568,18,2025-06-01,Apartment,66,1631.24,"$455,880.06",Sold,C0698,455880.06,279.46841666462325,True
180581,18,2025-06-01,Apartment,67,1664.17,"$516,162.59",Sold,C1102,516162.59,310.1621769410577,True
190011,19,2025-06-01,Apartment,3,1468.68,"$457,379.31",Sold,C0745,457379.31,311.4220320287605,True
190018,19,2025-06-01,Apartment,4,1225.38,"$396,498.32",Sold,C0015,396498.32,323.57172468948403,True
190047,19,2025-06-01,Apartment,8,974.77,"$214,449.40",Sold,C1290,214449.4,220.0,True
190049,19,2025-06-01,Apartment,8,974.77,"$306,437.45",Sold,C0267,306437.45,314.3689793489746,True
190062,19,2025-06-01,Apartment,10,747.71,"$229,661.72",Available,,229661.72,307.1534685907638,False
190073,19,2025-06-01,Apartment,11,1869.93,"$555,614.35",Sold,C0021,555614.35,297.1310958164209,True
190094,19,2025-06-01,Apartment,14,630.47,"$165,386.34",Sold,C1828,165386.34,262.32229923707706,True
190126,19,2025-06-01,Apartment,17,574.75,"$188,384.96",Sold,C1660,188384.96,327.768525445846,True
190151,19,2025-06-01,Office,19,1697.73,"$542,183.91",Sold,C0679,542183.91,319.3581488222509,True
190164,19,2025-06-01,Apartment,21,477.75,"$142,903.22",Sold,C0193,142903.22,299.11715332286764,True
190224,19,2025-06-01,Apartment,26,668.24,"$226,669.36",Sold,C1751,226669.36,339.2035196935233,True
190237,19,2025-06-01,Apartment,28,1599.78,"$499,977.49",Available,,499977.49,312.52890397429644,False
190313,19,2025-06-01,Apartment,37,1565.26,"$502,880.78",Available,,502880.78,321.27619692575036,False
190325,19,2025-06-01,Apartment,39,1237.04,"$355,741.84",Sold,C0562,355741.84,287.5750501196405,True
190378,19,2025-06-01,Apartment,43,1697.72,"$550,601.55",Sold,C1035,550601.55,324.318232688547,True
190382,19,2025-06-01,Apartment,43,1697.72,"$493,580.85",Available,,493580.85,290.7315988502226,False
190394,19,2025-06-01,Office,44,982.8,"$295,245.81",Sold,C1864,295245.81,300.4129120879121,True
190403,19,2025-06-01,Apartment,46,1926.19,"$502,978.74",Sold,C0080,502978.74,261.1262336529626,True
190408,19,2025-06-01,Apartment,46,1926.19,"$487,252.76",Sold,C1427,487252.76,252.9619404108629,True
200007,20,2025-06-01,Apartment,1,1898.39,"$574,257.04",Sold,C1000,574257.04,302.4968736666333,True
200014,20,2025-06-01,Apartment,1,1898.39,"$530,876.41",Available,,530876.41,279.6455996923709,False
200050,20,2025-06-01,Apartment,5,802.5,"$242,313.52",Available,,242313.52,301.94831152647976,False
200059,20,2025-06-01,Apartment,7,1757.4,"$484,961.34",Available,,484961.34,275.95387504267666,False
200061,20,2025-06-01,Apartment,7,1757.4,"$523,923.26",Sold,C0140,523923.26,298.12408102879255,True
200073,20,2025-06-01,Apartment,9,576.96,"$181,667.23",Sold,C1350,181667.23,314.86971367165836,True
200097,20,2025-06-01,Apartment,13,1587.57,"$446,886.08",Available,,446886.08,281.49063033441047,False
200104,20,2025-06-01,Office,14,837.37,"$256,581.18",Sold,C1592,256581.18,306.4131506980188,True
200141,20,2025-06-01,Apartment,17,1089.33,"$251,758.14",Sold,C1642,251758.14,231.11283082261576,True
200170,20,2025-06-01,Apartment,19,759.72,"$230,258.99",Sold,C1758,230258.99,303.0840177960301,True
200196,20,2025-06-01,Apartment,24,1188.07,"$340,066.82",Sold,C0164,340066.82,286.2346663075408,True
200223,20,2025-06-01,Office,27,993.62,"$338,397.47",Available,,338397.47,340.57030856866805,False
200235,20,2025-06-01,Apartment,29,1844.16,"$553,937.20",Sold,C1532,553937.2,300.37372028457395,True
200353,20,2025-06-01,Apartment,38,1499.47,"$342,484.01",Sold,C1413,342484.01,228.40337585947034,True
200436,20,2025-06-01,Apartment,49,880.76,"$279,388.09",Sold,C1447,279388.09,317.2125096507562,True
200447,20,2025-06-01,Apartment,50,493.06,"$160,247.33",Sold,C1986,160247.33,325.00573966657197,True
200457,20,2025-06-01,Apartment,51,1062.33,"$336,243.13",Sold,C1325,336243.13,316.51476471529566,True
200471,20,2025-06-01,Apartment,53,1119.38,"$328,626.21",Sold,C1185,328626.21,293.57877575086206,True
990017,4,2025-06-01,Apartment,34,794.52,"$208,655.67",Available,,208655.67,262.6185243920858,False
990023,5,2025-06-01,Apartment,36,1057.92,"$308,660.80",Available,,308660.8,291.7619479733817,False
1032,1,2025-07-01,Apartment,32,782.25,"$215,410.28",Sold,C0034,215410.28,275.37268136784917,True
1046,1,2025-07-01,Apartment,46,1942.5,"$503,790.23",Sold,C0077,503790.23,259.35146975546974,True
2009,2,2025-07-01,Apartment,9,747.5,"$237,060.15",Sold,C0148,237060.15,317.1373244147157,True
2051,2,2025-07-01,Apartment,51,1383.84,"$376,964.62",Sold,C0033,376964.62,272.40477222800325,True
3011,3,2025-07-01,Apartment,11,675.19,"$203,491.85",Sold,C0082,203491.85,301.3845732312386,True
3014,3,2025-07-01,Apartment,14,1132.06,"$346,906.89",Sold,C0086,346906.89,306.43860749430246,True
4009,4,2025-07-01,Apartment,9,789.25,"$264,238.95",Available,,264238.95,334.79752929996835,False
4028,4,2025-07-01,Apartment,28,794.52,"$248,422.66",Sold,C0116,248422.66,312.67011528973467,True
4031,4,2025-07-01,Apartment,31,733.19,"$200,678.75",Sold,C0106,200678.75,273.70633805698384,True
5002,5,2025-07-01,Apartment,2,1273.88,"$413,761.71",Available,,413761.71,324.8043065280874,False
5008,5,2025-07-01,Apartment,8,1273.88,"$396,330.29",Available,,396330.29,311.12058435645423,False
10078,1,2025-07-01,Office,10,1439.52,"$422,158.38",Sold,C1188,422158.38,293.2632960986996,True
10153,1,2025-07-01,Apartment,19,773.17,"$238,222.07",Sold,C0102,238222.07,308.11085530995774,True
10191,1,2025-07-01,Apartment,23,1201.5,"$373,627.99",Sold,C1133,373627.99,310.96794839783604,True
10209,1,2025-07-01,Apartment,24,1146.11,"$278,050.57",Sold,C1460,278050.57,242.60373786111285,True
10213,1,2025-07-01,Apartment,24,1146.11,"$344,932.28",Sold,C0588,344932.28,300.95914004763944,True
10288,1,2025-07-01,Apartment,30,753.29,"$220,486.36",Sold,C0225,220486.36,292.69784545128704,True
10293,1,2025-07-01,Apartment,31,619.78,"$218,721.31",Sold,C1775,218721.31,352.9015295750105,True
10299,1,2025-07-01,Apartment,31,619.78,"$186,449.51",Sold,C0069,186449.51,300.8317628836039,True
10321,1,2025-07-01,Apartment,34,1469.14,"$480,389.44",Available,,480389.44,326.98683583593123,False
10367,1,2025-07-01,Apartment,40,784.22,"$239,410.52",Sold,C0223,239410.52,305.28489454489807,True
10370,1,2025-07-01,Apartment,41,835.25,"$259,177.50",Sold,C0134,259177.5,310.2993115833583,True
10375,1,2025-07-01,Apartment,41,835.25,"$260,615.44",Sold,C0601,260615.44,312.0208799760551,True
10386,1,2025-07-01,Apartment,45,767.46,"$231,141.19",Sold,C1684,231141.19,301.1768561227947,True
10388,1,2025-07-01,Apartment,45,767.46,"$214,768.44",Sold,C0659,214768.44,279.843170979595,True
10401,1,2025-07-01,Apartment,46,1153.16,"$318,364.63",Available,,318364.63,276.08018835200664,False
20011,2,2025-07-01,Office,2,788.72,"$256,341.62",Sold,C0368,256341.62,325.0096612232478,True
20044,2,2025-07-01,Apartment,5,933.95,"$262,038.58",Sold,C0062,262038.58,280.5702446597783,True
20053,2,2025-07-01,Apartment,6,967.84,"$251,007.77",Sold,C1725,251007.77,259.3484150272772,True
20054,2,2025-07-01,Apartment,6,967.84,"$230,388.82",Sold,C1290,230388.82,238.0443255083485,True
20094,2,2025-07-01,Apartment,11,1625.05,"$458,130.82",Sold,C1182,458130.82,281.9179840620289,True
20112,2,2025-07-01,Apartment,13,782.33,"$189,716.04",Sold,C1811,189716.04,242.5012974064653,True
20138,2,2025-07-01,Apartment,17,1397.4,"$400,642.98",Available,,400642.98,286.7060111635895,False
20150,2,2025-07-01,Apartment,17,1397.4,"$379,274.31",Sold,C0319,379274.31,271.4142765135251,True
20190,2,2025-07-01,Apartment,22,653.41,"$202,732.69",Available,,202732.69,310.2687286695949,False
20252,2,2025-07-01,Apartment,28,650.67,"$203,274.98",Available,,203274.98,312.40871716845714,False
20293,2,2025-07-01,Apartment,34,800.26,"$242,793.49",Sold,C1654,242793.49,303.39325969060053,True
20317,2,2025-07-01,Apartment,37,780.46,"$234,043.78",Sold,C0562,234043.78,299.87927632421906,True
20325,2,2025-07-01,Apartment,39,788.77,"$238,068.88",Sold,C1662,238068.88,301.82293951341967,True
20330,2,2025-07-01,Office,40,1599.45,"$598,032.14",Sold,C0514,598032.14,373.89861514895745,True
20339,2,2025-07-01,Apartment,41,654.93,"$181,240.83",Sold,C0487,181240.83,276.7331317850763,True
20365,2,2025-07-01,Apartment,43,1118.94,"$315,555.56",Available,,315555.56,282.01294081898936,False
20373,2,2025-07-01,Apartment,45,782.2,"$190,749.87",Available,,190749.87,243.86329583226794,False
20396,2,2025-07-01,Apartment,46,697.74,"$212,432.38",Sold,C0166,212432.38,304.4577923008571,True
20432,2,2025-07-01,Apartment,50,1604.8,"$519,379.11",Sold,C0970,519379.11,323.6410206879362,True
30048,3,2025-07-01,Apartment,5,701.19,"$222,244.84",Available,,222244.84,316.9538070993596,False
30073,3,2025-07-01,Apartment,7,744.01,"$202,450.21",Sold,C1061,202450.21,272.1068399618285,True
30116,3,2025-07-01,Apartment,10,784.09,"$237,485.87",Sold,C1981,237485.87,302.8808810213113,True
30163,3,2025-07-01,Apartment,18,706.68,"$193,159.98",Sold,C0761,193159.98,273.33443708609275,True
30172,3,2025-07-01,Apartment,19,1602.22,"$500,837.84",Sold,C0913,500837.84,312.5899314700853,True
30217,3,2025-07-01,Apartment,25,765.56,"$242,747.00",Sold,C1855,242747.0,317.0842259261195,True
30237,3,2025-07-01,Apartment,27,1117.14,"$370,723.42",Sold,C0754,370723.42,331.85045741804964,True
30305,3,2025-07-01,Apartment,37,659.12,"$189,994.54",Sold,C1533,189994.54,288.254854958126,True
30371,3,2025-07-01,Office,46,1599.81,"$498,755.52",Sold,C1163,498755.52,311.75922140754216,True
30374,3,2025-07-01,Office,46,1599.81,"$465,704.47",Sold,C1712,465704.47,291.0998618585957,True
30385,3,2025-07-01,Apartment,47,691.09,"$213,289.95",Sold,C1323,213289.95,308.6283262672011,True
30394,3,2025-07-01,Apartment,48,783.39,"$260,404.56",Sold,C1505,260404.56,332.40730670547237,True
30417,3,2025-07-01,Apartment,49,1174.48,"$371,062.38",Sold,C0326,371062.38,315.93758940126696,True
30440,3,2025-07-01,Office,51,693.85,"$214,979.96",Sold,C1287,214979.96,309.8363623261512,True
30481,3,2025-07-01,Apartment,56,1179.42,"$334,406.06",Sold,C1128,334406.06,283.5343304336029,True
30489,3,2025-07-01,Apartment,57,1607.94,"$506,860.65",Sold,C1221,506860.65,315.2236090898914,True
40024,4,2025-07-01,Apartment,3,1630.82,"$454,723.50",Sold,C1833,454723.5,278.8312014814633,True
40078,4,2025-07-01,Apartment,10,1614.62,"$468,158.00",Sold,C1952,468158.0,289.94933792471295,True
40134,4,2025-07-01,Apartment,16,1128.21,"$304,246.71",Sold,C0862,304246.71,269.6720557343048,True
40136,4,2025-07-01,Apartment,16,1128.21,"$361,816.43",Sold,C1948,361816.43,320.69954175197876,True
40155,4,2025-07-01,Apartment,18,1294.91,"$439,697.13",Available,,439697.13,339.55806195025133,False
40177,4,2025-07-01,Apartment,21,801.66,"$228,320.41",Available,,228320.41,284.8095327196068,False
40179,4,2025-07-01,Apartment,22,737.92,"$214,029.65",Available,,214029.65,290.04451702081525,False
40221,4,2025-07-01,Apartment,26,790.05,"$201,749.58",Available,,201749.58,255.36305297133092,False
40224,4,2025-07-01,Office,26,790.05,"$289,745.77",Sold,C1458,289745.77,366.74358584899693,True
40230,4,2025-07-01,Office,26,790.05,"$287,489.21",Available,,287489.21,363.887361559395,False
40233,4,2025-07-01,Apartment,28,1070.72,"$354,722.93",Sold,C0910,354722.93,331.2938303197848,True
40263,4,2025-07-01,Apartment,31,793.1,"$215,852.80",Sold,C0378,215852.8,272.1634094061278,True
40309,4,2025-07-01,Apartment,37,800.13,"$221,577.59",Available,,221577.59,276.9269868646345,False
40363,4,2025-07-01,Office,43,1616.99,"$545,057.23",Sold,C0323,545057.23,337.08138578469874,True
40428,4,2025-07-01,Apartment,49,739.7,"$240,010.80",Available,,240010.8,324.4704609977017,False
50014,5,2025-07-01,Apartment,4,799.1,"$217,221.31",Sold,C0169,217221.31,271.83244900513074,True
50073,5,2025-07-01,Apartment,10,629.27,"$208,186.63",Sold,C1708,208186.63,330.8383205937038,True
50086,5,2025-07-01,Apartment,11,1058.56,"$334,865.34",Sold,C0357,334865.34,316.3404436215236,True
50087,5,2025-07-01,Apartment,11,1058.56,"$273,851.27",Sold,C1614,273851.27,258.7016985338573,True
50090,5,2025-07-01,Apartment,11,1058.56,"$334,529.95",Sold,C1954,334529.95,316.02360754232166,True
50097,5,2025-07-01,Apartment,12,787.5,"$249,069.17",Available,,249069.17,316.2783111111111,False
50099,5,2025-07-01,Apartment,12,787.5,"$236,624.58",Available,,236624.58,300.47565714285713,False
50106,5,2025-07-01,Apartment,13,791.13,"$214,742.35",Sold,C1607,214742.35,271.4375007900092,True
50112,5,2025-07-01,Apartment,14,624.96,"$196,161.06",Sold,C1112,196161.06,313.87778417818737,True
50144,5,2025-07-01,Apartment,19,819.72,"$235,001.37",Available,,235001.37,286.6849290001464,False
50146,5,2025-07-01,Apartment,19,819.72,"$253,448.35",Sold,C1464,253448.35,309.1889303664666,True
50212,5,2025-07-01,Apartment,28,1247.24,"$405,286.92",Available,,405286.92,324.9470190179917,False
50262,5,2025-07-01,Apartment,35,605.55,"$162,856.39",Sold,C0555,162856.39,268.93962513417557,True
50265,5,2025-07-01,Apartment,35,605.55,"$182,294.98",Sold,C0362,182294.98,301.04034348938984,True
50283,5,2025-07-01,Apartment,36,627.56,"$194,329.57",Available,,194329.57,309.6589489451208,False
50294,5,2025-07-01,Apartment,39,591.14,"$157,392.65",Sold,C0927,157392.65,266.2527489258044,True
50300,5,2025-07-01,Apartment,40,1053.41,"$350,764.21",Sold,C1303,350764.21,332.97976096676507,True
50304,5,2025-07-01,Apartment,41,630.83,"$171,964.59",Available,,171964.59,272.6005262907598,False
50327,5,2025-07-01,Apartment,42,791.2,"$250,414.38",Available,,250414.38,316.49946916076846,False
50374,5,2025-07-01,Apartment,45,608.89,"$180,409.23",Sold,C1999,180409.23,296.29199034308334,True
50375,5,2025-07-01,Apartment,45,608.89,"$185,170.24",Sold,C0604,185170.24,304.1111530818374,True
50382,5,2025-07-01,Office,46,1272.95,"$461,757.33",Available,,461757.33,362.7458501905024,False
50426,5,2025-07-01,Apartment,49,795.75,"$270,228.82",Sold,C0066,270228.82,339.5900973923971,True
50437,5,2025-07-01,Apartment,51,1029.59,"$274,272.39",Available,,274272.39,266.38991248943756,False
50446,5,2025-07-01,Apartment,52,1755.18,"$598,512.98",Sold,C1690,598512.98,340.998062876742,True
60029,6,2025-07-01,Apartment,3,605.21,"$189,133.40",Sold,C1666,189133.4,312.50871598288194,True
60042,6,2025-07-01,Office,4,1925.28,"$626,977.89",Sold,C1661,626977.89,325.6554319371728,True
60063,6,2025-07-01,Apartment,5,1617.43,"$494,631.27",Sold,C0802,494631.27,305.8130923749405,True
60081,6,2025-07-01,Apartment,7,1075.42,"$355,384.51",Sold,C0229,355384.51,330.46113146491604,True
60090,6,2025-07-01,Apartment,7,1075.42,"$295,490.61",Available,,295490.61,274.7676349705231,False
60120,6,2025-07-01,Apartment,10,942.08,"$317,171.03",Sold,C0558,317171.03,336.6710152004076,True
60146,6,2025-07-01,Office,12,1678.17,"$635,034.32",Sold,C0969,635034.32,378.4088143632647,True
60149,6,2025-07-01,Apartment,12,1678.17,"$461,132.81",Sold,C1217,461132.81,274.78313281729504,True
60212,6,2025-07-01,Apartment,20,1897.17,"$629,513.20",Sold,C1352,629513.2,331.8169694861293,True
60213,6,2025-07-01,Office,20,1897.17,"$561,711.27",Sold,C1208,561711.27,296.0785116779203,True
60217,6,2025-07-01,Apartment,20,1897.17,"$577,465.19",Available,,577465.19,304.38241696843187,False
60242,6,2025-07-01,Apartment,24,1159.75,"$330,327.79",Sold,C1745,330327.79,284.8267212761371,True
60259,6,2025-07-01,Apartment,27,830.65,"$281,288.26",Sold,C0122,281288.26,338.6363209534702,True
60273,6,2025-07-01,Apartment,29,1691.02,"$453,294.55",Sold,C0022,453294.55,268.05983962342253,True
60310,6,2025-07-01,Apartment,34,1353.81,"$392,854.20",Sold,C1563,392854.2,290.1841469630155,True
60335,6,2025-07-01,Apartment,37,1721.96,"$514,358.91",Sold,C1778,514358.91,298.7054925782248,True
60383,6,2025-07-01,Apartment,43,1492.81,"$447,127.24",Sold,C1309,447127.24,299.5205283994614,True
60385,6,2025-07-01,Apartment,44,842.69,"$256,117.85",Sold,C1465,256117.85,303.9289062407291,True
60396,6,2025-07-01,Apartment,47,550.99,"$169,044.97",Sold,C0111,169044.97,306.8022468647344,True
60426,6,2025-07-01,Apartment,51,1476.63,"$457,718.07",Sold,C0133,457718.07,309.9747871843319,True
60455,6,2025-07-01,Apartment,53,1170.96,"$377,185.21",Available,,377185.21,322.11622087859536,False
60476,6,2025-07-01,Apartment,55,562.37,"$181,449.20",Sold,C0479,181449.2,322.65092376904886,True
70008,7,2025-07-01,Apartment,2,1478.43,"$403,256.60",Available,,403256.6,272.76002245625426,False
70027,7,2025-07-01,Apartment,5,1144.09,"$325,853.23",Sold,C1597,325853.23,284.81433278850443,True
70033,7,2025-07-01,Apartment,5,1144.09,"$330,337.76",Sold,C0976,330337.76,288.73406812401123,True
70068,7,2025-07-01,Apartment,10,1495.37,"$399,356.53",Available,,399356.53,267.06201809585593,False
70078,7,2025-07-01,Apartment,12,804.65,"$270,004.76",Sold,C0628,270004.76,335.55553346175356,True
70095,7,2025-07-01,Apartment,13,604.6,"$162,649.73",Sold,C0484,162649.73,269.02039364869336,True
70115,7,2025-07-01,Apartment,15,602.92,"$155,871.73",Available,,155871.73,258.5280468387183,False
70122,7,2025-07-01,Apartment,15,602.92,"$186,300.71",Sold,C0102,186300.71,308.99739600610366,True
70178,7,2025-07-01,Apartment,20,1160.82,"$389,909.94",Sold,C1472,389909.94,335.89181785289713,True
70226,7,2025-07-01,Apartment,25,573.8,"$176,345.04",Sold,C0445,176345.04,307.3284071104915,True
70235,7,2025-07-01,Apartment,26,717.0,"$230,694.26",Sold,C0636,230694.26,321.7493165969317,True
70237,7,2025-07-01,Apartment,26,717.0,"$215,991.95",Sold,C0455,215991.95,301.24400278940027,True
70275,7,2025-07-01,Apartment,31,839.7,"$184,734.00",Sold,C1192,184734.0,220.0,True
70281,7,2025-07-01,Apartment,34,1487.05,"$417,696.06",Sold,C0611,417696.06,280.8890487878686,True
70289,7,2025-07-01,Apartment,35,613.21,"$233,206.03",Sold,C0668,233206.03,380.3036969390584,True
70350,7,2025-07-01,Apartment,41,1093.92,"$322,434.46",Sold,C1659,322434.46,294.7514077811906,True
70375,7,2025-07-01,Apartment,43,498.61,"$167,795.76",Sold,C0453,167795.76,336.527065241371,True
70415,7,2025-07-01,Apartment,48,533.35,"$145,614.58",Sold,C0745,145614.58,273.018805662323,True
70423,7,2025-07-01,Office,49,1383.05,"$431,452.51",Sold,C0853,431452.51,311.9572755865659,True
70464,7,2025-07-01,Apartment,54,1940.69,"$582,747.93",Sold,C1832,582747.93,300.2787307607088,True
70481,7,2025-07-01,Apartment,56,1589.6,"$474,045.23",Sold,C0074,474045.23,298.21667715148465,True
70491,7,2025-07-01,Apartment,58,1629.83,"$487,000.40",Available,,487000.4,298.80441518440574,False
70496,7,2025-07-01,Apartment,58,1629.83,"$500,475.25",Sold,C1828,500475.25,307.0720565948596,True
70513,7,2025-07-01,Office,59,765.3,"$221,107.63",Sold,C0807,221107.63,288.91628119691626,True
80042,8,2025-07-01,Apartment,5,887.23,"$269,136.39",Sold,C1437,269136.39,303.34455552675183,True
80052,8,2025-07-01,Apartment,5,887.23,"$257,981.51",Sold,C1414,257981.51,290.7718517182692,True
80096,8,2025-07-01,Apartment,11,742.87,"$205,370.02",Sold,C1751,205370.02,276.4548575120815,True
80114,8,2025-07-01,Apartment,14,685.93,"$187,417.14",Sold,C1174,187417.14,273.2307086728967,True
80120,8,2025-07-01,Office,14,685.93,"$222,588.56",Sold,C1339,222588.56,324.5062324143863,True
80187,8,2025-07-01,Apartment,26,1625.38,"$461,367.86",Sold,C1411,461367.86,283.8523053070666,True
80243,8,2025-07-01,Apartment,31,1253.18,"$391,625.27",Available,,391625.27,312.50520276416796,False
80330,8,2025-07-01,Office,37,890.65,"$345,383.67",Sold,C1918,345383.67,387.7883231347892,True
80350,8,2025-07-01,Office,40,861.57,"$261,882.02",Sold,C0283,261882.02,303.9590747124435,True
80377,8,2025-07-01,Apartment,45,1185.72,"$369,160.20",Sold,C0190,369160.2,311.3384272846878,True
80400,8,2025-07-01,Apartment,46,1175.51,"$377,547.74",Available,,377547.74,321.1778206905939,False
80410,8,2025-07-01,Apartment,47,543.08,"$170,653.24",Sold,C0327,170653.24,314.23223097886125,True
80458,8,2025-07-01,Apartment,54,1699.02,"$566,678.96",Sold,C0757,566678.96,333.5328365763793,True
80474,8,2025-07-01,Office,55,1300.05,"$419,469.06",Sold,C1642,419469.06,322.6560978423907,True
80501,8,2025-07-01,Apartment,58,1448.59,"$501,367.77",Sold,C1977,501367.77,346.10743550625097,True
90018,9,2025-07-01,Apartment,4,1139.87,"$344,936.43",Sold,C0630,344936.43,302.61032398431405,True
90024,9,2025-07-01,Office,5,1416.81,"$463,942.66",Sold,C0414,463942.66,327.4558056478991,True
90037,9,2025-07-01,Apartment,7,697.68,"$220,267.94",Available,,220267.94,315.7148549478271,False
90171,9,2025-07-01,Apartment,26,1038.39,"$307,532.45",Sold,C1389,307532.45,296.16276158283495,True
90179,9,2025-07-01,Apartment,27,1207.33,"$424,440.43",Sold,C1394,424440.43,351.5529556956259,True
90228,9,2025-07-01,Apartment,33,973.52,"$373,575.86",Sold,C1955,373575.86,383.7372216287287,True
90231,9,2025-07-01,Office,33,973.52,"$337,626.66",Available,,337626.66,346.81019393540964,False
90247,9,2025-07-01,Apartment,34,1577.36,"$503,187.79",Available,,503187.79,319.0063080083177,False
90293,9,2025-07-01,Apartment,36,1582.79,"$516,417.01",Sold,C1576,516417.01,326.2700737305644,True
90294,9,2025-07-01,Office,36,1582.79,"$588,774.57",Available,,588774.57,371.98527284099595,False
90318,9,2025-07-01,Office,38,1260.31,"$357,939.72",Sold,C0379,357939.72,284.0092675611556,True
90328,9,2025-07-01,Apartment,39,1839.34,"$562,959.47",Available,,562959.47,306.0660182456751,False
90331,9,2025-07-01,Apartment,39,1839.34,"$563,972.46",Sold,C1523,563972.46,306.61675383561493,True
90339,9,2025-07-01,Apartment,40,1090.32,"$312,165.81",Sold,C1001,312165.81,286.30659806295404,True
90346,9,2025-07-01,Apartment,40,1090.32,"$274,917.87",Sold,C1971,274917.87,252.1442053709003,True
90369,9,2025-07-01,Apartment,44,1351.57,"$348,631.72",Sold,C1643,348631.72,257.9457371797243,True
90443,9,2025-07-01,Apartment,56,1516.4,"$452,998.59",Available,,452998.59,298.7329134792931,False
90445,9,2025-07-01,Office,56,1516.4,"$410,865.42",Sold,C0925,410865.42,270.94791611711946,True
90460,9,2025-07-01,Apartment,57,1198.57,"$338,713.65",Sold,C0743,338713.65,282.59813778085555,True
90473,9,2025-07-01,Apartment,58,838.34,"$254,835.58",Sold,C0397,254835.58,303.97640575422855,True
100051,10,2025-07-01,Apartment,5,1741.96,"$383,231.20",Sold,C1992,383231.2,220.0,True
100166,10,2025-07-01,Apartment,21,1251.45,"$364,280.42",Sold,C0042,364280.42,291.08667545647046,True
100189,10,2025-07-01,Apartment,26,1294.85,"$398,568.84",Sold,C0729,398568.84,307.8108197860756,True
100244,10,2025-07-01,Apartment,30,1559.4,"$490,098.29",Sold,C0196,490098.29,314.2864499166346,True
100255,10,2025-07-01,Apartment,30,1559.4,"$447,157.69",Available,,447157.69,286.7498332692061,False
100263,10,2025-07-01,Apartment,31,1499.0,"$434,156.50",Available,,434156.5,289.6307538358906,False
100357,10,2025-07-01,Apartment,43,1093.67,"$296,416.45",Sold,C0519,296416.45,271.0291495606536,True
100424,10,2025-07-01,Office,50,1138.32,"$388,182.22",Sold,C1112,388182.22,341.0132651626959,True
100427,10,2025-07-01,Office,50,1138.32,"$313,972.36",Sold,C0246,313972.36,275.8208236699698,True
110002,11,2025-07-01,Apartment,1,1902.88,"$500,394.39",Sold,C0991,500394.39,262.9668660136214,True
110007,11,2025-07-01,Apartment,1,1902.88,"$657,622.51",Sold,C1378,657622.51,345.59326389472795,True
110022,11,2025-07-01,Apartment,3,1479.84,"$484,806.07",Sold,C0460,484806.07,327.60708590117855,True
110184,11,2025-07-01,Apartment,20,570.62,"$167,625.61",Sold,C1303,167625.61,293.76048859135676,True
110191,11,2025-07-01,Apartment,22,1755.05,"$501,753.97",Available,,501753.97,285.89155294720945,False
110282,11,2025-07-01,Apartment,34,680.07,"$192,370.45",Available,,192370.45,282.86860176158336,False
110345,11,2025-07-01,Apartment,42,808.59,"$281,759.38",Sold,C1026,281759.38,348.45766086644653,True
110355,11,2025-07-01,Apartment,42,808.59,"$235,144.76",Available,,235144.76,290.80839486018874,False
110364,11,2025-07-01,Apartment,43,810.65,"$262,417.84",Available,,262417.84,323.71287238635665,False
110388,11,2025-07-01,Office,45,1651.09,"$540,922.90",Sold,C0669,540922.9,327.61563573154706,True
110389,11,2025-07-01,Apartment,45,1651.09,"$481,857.40",Sold,C1023,481857.4,291.8419952879613,True
110397,11,2025-07-01,Apartment,47,1456.74,"$446,685.14",Sold,C1279,446685.14,306.63340060683447,True
110449,11,2025-07-01,Apartment,52,1397.58,"$325,562.57",Sold,C1005,325562.57,232.9473590062823,True
110455,11,2025-07-01,Apartment,52,1397.58,"$434,697.28",Available,,434697.28,311.03570457505117,False
110485,11,2025-07-01,Apartment,57,1008.58,"$266,688.48",Sold,C0152,266688.48,264.4197584723076,True
110508,11,2025-07-01,Apartment,61,1299.46,"$370,132.95",Sold,C1024,370132.95,284.83597032613545,True
110533,11,2025-07-01,Apartment,62,1938.82,"$568,773.25",Sold,C1139,568773.25,293.36052341114697,True
120001,12,2025-07-01,Apartment,1,839.95,"$242,722.44",Sold,C0256,242722.44,288.9724864575272,True
120042,12,2025-07-01,Apartment,4,1559.34,"$475,181.99",Sold,C0877,475181.99,304.7327651442277,True
120051,12,2025-07-01,Apartment,5,495.04,"$163,205.77",Sold,C0565,163205.77,329.6819852941176,True
120077,12,2025-07-01,Apartment,9,857.88,"$343,645.42",Sold,C0982,343645.42,400.57516202732313,True
120093,12,2025-07-01,Apartment,12,959.05,"$278,391.46",Sold,C1785,278391.46,290.2783587925552,True
120134,12,2025-07-01,Apartment,16,1523.02,"$441,676.48",Sold,C1584,441676.48,290.00044648133314,True
120180,12,2025-07-01,Apartment,20,1802.21,"$509,189.13",Available,,509189.13,282.5359586285727,False
120185,12,2025-07-01,Apartment,20,1802.21,"$561,841.89",Sold,C1465,561841.89,311.75162162012197,True
120206,12,2025-07-01,Apartment,23,1094.46,"$392,440.08",Sold,C1752,392440.08,358.5695959651335,True
120213,12,2025-07-01,Apartment,24,1306.75,"$350,796.84",Sold,C1003,350796.84,268.44984886167975,True
120228,12,2025-07-01,Apartment,24,1306.75,"$409,681.61",Sold,C1324,409681.61,313.5118500095657,True
120239,12,2025-07-01,Apartment,25,1540.51,"$477,017.14",Sold,C0560,477017.14,309.6488435647935,True
120241,12,2025-07-01,Apartment,26,557.9,"$140,289.60",Sold,C1435,140289.6,251.46011830077077,True
120246,12,2025-07-01,Apartment,26,557.9,"$191,930.42",Sold,C0183,191930.42,344.0229790284998,True
120275,12,2025-07-01,Apartment,30,622.2,"$202,208.48",Sold,C1897,202208.48,324.98952105432335,True
120313,12,2025-07-01,Apartment,34,1817.64,"$578,315.70",Sold,C0994,578315.7,318.1684491978609,True
120363,12,2025-07-01,Apartment,38,1157.23,"$315,993.38",Sold,C0282,315993.38,273.0601349774893,True
120409,12,2025-07-01,Office,47,1528.05,"$608,146.84",Sold,C1956,608146.84,397.9888354438664,True
130002,13,2025-07-01,Apartment,1,1899.92,"$519,344.48",Available,,519344.48,273.35070950355805,False
130005,13,2025-07-01,Office,1,1899.92,"$720,425.67",Sold,C0687,720425.67,379.187371047202,True
130036,13,2025-07-01,Apartment,3,979.64,"$349,012.84",Sold,C0588,349012.84,356.2664244008003,True
130048,13,2025-07-01,Apartment,4,1629.74,"$440,680.26",Sold,C1649,440680.26,270.3991188778578,True
130104,13,2025-07-01,Office,12,1858.65,"$436,579.35",Sold,C0242,436579.35,234.89056573319343,True
130113,13,2025-07-01,Apartment,14,777.75,"$218,454.43",Sold,C1995,218454.43,280.880012857602,True
130122,13,2025-07-01,Apartment,14,777.75,"$253,385.21",Sold,C1775,253385.21,325.79261973641917,True
130161,13,2025-07-01,Apartment,19,758.69,"$193,003.33",Sold,C1507,193003.33,254.39023843730638,True
130168,13,2025-07-01,Office,19,758.69,"$226,014.90",Sold,C1503,226014.9,297.90151445254315,True
130179,13,2025-07-01,Office,20,516.72,"$126,443.98",Sold,C1671,126443.98,244.70502399752283,True
130186,13,2025-07-01,Apartment,20,516.72,"$155,923.76",Sold,C0480,155923.76,301.756773494349,True
130208,13,2025-07-01,Apartment,24,1044.69,"$328,347.26",Sold,C0179,328347.26,314.30114196555917,True
130213,13,2025-07-01,Office,24,1044.69,"$327,589.46",Sold,C0105,327589.46,313.57575931616077,True
130224,13,2025-07-01,Apartment,26,1867.78,"$587,960.16",Sold,C0453,587960.16,314.79090685198474,True
130230,13,2025-07-01,Apartment,27,885.68,"$265,285.70",Sold,C1100,265285.7,299.5277075241623,True
130240,13,2025-07-01,Apartment,28,1173.72,"$308,106.88",Sold,C0247,308106.88,262.5045837167297,True
130247,13,2025-07-01,Apartment,29,568.7,"$153,351.40",Sold,C0849,153351.4,269.65254088271496,True
130263,13,2025-07-01,Apartment,30,1777.51,"$657,039.24",Sold,C0518,657039.24,369.6402495625904,True
130328,13,2025-07-01,Apartment,37,1555.67,"$453,416.10",Sold,C1134,453416.1,291.4603354181799,True
130419,13,2025-07-01,Apartment,47,1874.35,"$620,192.42",Sold,C0580,620192.42,330.88399711900126,True
130477,13,2025-07-01,Apartment,54,1029.15,"$272,285.59",Available,,272285.59,264.57327891949666,False
130499,13,2025-07-01,Apartment,58,1115.72,"$389,307.28",Sold,C1032,389307.28,348.9291937045137,True
130538,13,2025-07-01,Apartment,61,1333.63,"$379,627.10",Available,,379627.1,284.65698881998753,False
140028,14,2025-07-01,Apartment,5,424.34,"$127,025.78",Sold,C0775,127025.78,299.3490597162653,True
140030,14,2025-07-01,Apartment,5,424.34,"$140,813.74",Available,,140813.74,331.8417778196729,False
140034,14,2025-07-01,Apartment,6,1733.36,"$434,353.16",Available,,434353.16,250.58450639220936,False
140057,14,2025-07-01,Apartment,8,618.89,"$183,787.02",Sold,C1515,183787.02,296.96233579472926,True
140058,14,2025-07-01,Apartment,8,618.89,"$169,982.66",Sold,C0793,169982.66,274.65730582171307,True
140078,14,2025-07-01,Apartment,11,1431.42,"$437,447.15",Sold,C1427,437447.15,305.60363135907,True
140175,14,2025-07-01,Apartment,18,500.17,"$135,718.84",Sold,C0392,135718.84,271.34542255633085,True
140247,14,2025-07-01,Apartment,29,1618.34,"$562,572.19",Sold,C0292,562572.19,347.6229902245511,True
140269,14,2025-07-01,Apartment,29,1618.34,"$500,722.63",Sold,C0432,500722.63,309.4050879296069,True
140283,14,2025-07-01,Apartment,33,1894.96,"$583,134.02",Sold,C1595,583134.02,307.7289335922658,True
140351,14,2025-07-01,Apartment,42,1350.7,"$385,371.27",Sold,C1932,385371.27,285.3122603094692,True
140363,14,2025-07-01,Apartment,44,840.77,"$285,984.27",Sold,C0937,285984.27,340.1456640936285,True
140386,14,2025-07-01,Apartment,47,917.53,"$301,398.29",Sold,C0563,301398.29,328.4887578607784,True
140392,14,2025-07-01,Apartment,47,917.53,"$273,689.39",Sold,C0530,273689.39,298.28930934138396,True
140401,14,2025-07-01,Apartment,48,1941.78,"$509,124.24",Sold,C0147,509124.24,262.19460495009736,True
140407,14,2025-07-01,Office,49,1231.75,"$448,815.67",Sold,C1251,448815.67,364.37237264055204,True
140414,14,2025-07-01,Apartment,49,1231.75,"$366,107.61",Available,,366107.61,297.22558148975037,False
140430,14,2025-07-01,Apartment,51,1346.3,"$381,543.59",Sold,C0026,381543.59,283.4016118250019,True
140446,14,2025-07-01,Office,52,571.74,"$158,787.99",Sold,C0898,158787.99,277.72762094658407,True
140448,14,2025-07-01,Apartment,52,571.74,"$166,516.67",Sold,C1768,166516.67,291.2454437331654,True
140472,14,2025-07-01,Apartment,55,1415.9,"$371,992.71",Available,,371992.71,262.72527014619675,False
150003,15,2025-07-01,Office,1,1596.51,"$411,781.07",Sold,C1336,411781.07,257.92576933436055,True
150017,15,2025-07-01,Apartment,2,1522.89,"$468,941.17",Available,,468941.17,307.92845839161066,False
150117,15,2025-07-01,Apartment,16,1692.61,"$540,022.29",Sold,C0997,540022.29,319.04708704308734,True
150142,15,2025-07-01,Apartment,17,562.64,"$169,922.25",Sold,C0273,169922.25,302.00883335703116,True
150184,15,2025-07-01,Office,23,1279.23,"$391,678.22",Available,,391678.22,306.18279746409945,False
150223,15,2025-07-01,Office,26,961.01,"$296,351.94",Sold,C0776,296351.94,308.37550077522604,True
150235,15,2025-07-01,Apartment,26,961.01,"$268,604.55",Sold,C0645,268604.55,279.50234648963067,True
150316,15,2025-07-01,Apartment,36,1424.81,"$475,881.66",Sold,C1261,475881.66,333.99657498192744,True
150434,15,2025-07-01,Apartment,54,1495.13,"$439,529.60",Sold,C0234,439529.6,293.97416947021327,True
150444,15,2025-07-01,Apartment,55,892.75,"$308,888.38",Available,,308888.38,345.9965051806217,False
160006,16,2025-07-01,Apartment,1,637.07,"$193,069.04",Sold,C0878,193069.04,303.05781154347244,True
160041,16,2025-07-01,Apartment,5,749.15,"$214,745.32",Sold,C0058,214745.32,286.65196556096913,True
160061,16,2025-07-01,Apartment,8,986.18,"$301,693.78",Sold,C0894,301693.78,305.92161674339377,True
160110,16,2025-07-01,Apartment,11,1288.42,"$400,174.08",Available,,400174.08,310.5928812033343,False
160114,16,2025-07-01,Apartment,12,549.98,"$158,974.32",Sold,C0640,158974.32,289.0547292628823,True
160115,16,2025-07-01,Apartment,12,549.98,"$177,362.74",Sold,C0810,177362.74,322.4894359794901,True
160128,16,2025-07-01,Apartment,14,660.84,"$188,928.74",Sold,C1165,188928.74,285.8918043701955,True
160142,16,2025-07-01,Office,17,836.32,"$243,144.00",Available,,243144.0,290.7308207384733,False
160160,16,2025-07-01,Apartment,21,837.95,"$248,256.07",Sold,C0741,248256.07,296.2659705233009,True
160172,16,2025-07-01,Apartment,21,837.95,"$246,839.66",Sold,C1708,246839.66,294.57564293812277,True
160186,16,2025-07-01,Apartment,23,594.14,"$184,707.19",Sold,C1213,184707.19,310.8815935638065,True
160195,16,2025-07-01,Apartment,24,1077.77,"$324,556.46",Sold,C1348,324556.46,301.1370329476605,True
160209,16,2025-07-01,Apartment,26,1458.08,"$509,234.25",Available,,509234.25,349.24986969164934,False
160220,16,2025-07-01,Apartment,27,1164.55,"$351,319.42",Sold,C1677,351319.42,301.6782619896097,True
160257,16,2025-07-01,Apartment,30,1024.75,"$318,694.09",Sold,C1962,318694.09,310.99691632105396,True
160261,16,2025-07-01,Apartment,31,1336.97,"$377,269.07",Sold,C0947,377269.07,282.18215068400934,True
160298,16,2025-07-01,Apartment,35,629.97,"$161,300.27",Sold,C1415,161300.27,256.0443671920885,True
160364,16,2025-07-01,Apartment,42,1496.62,"$387,052.70",Sold,C1097,387052.7,258.6178856356323,True
170005,17,2025-07-01,Apartment,1,530.28,"$161,195.85",Sold,C1845,161195.85,303.9825186693822,True
170104,17,2025-07-01,Apartment,12,451.91,"$147,264.94",Sold,C1867,147264.94,325.87227545307695,True
170133,17,2025-07-01,Apartment,15,1365.73,"$414,990.91",Sold,C1439,414990.91,303.8601407305983,True
170166,17,2025-07-01,Apartment,17,1827.25,"$577,003.83",Sold,C1026,577003.83,315.7771678752223,True
170168,17,2025-07-01,Apartment,17,1827.25,"$535,756.29",Sold,C0672,535756.29,293.20360651251883,True
170178,17,2025-07-01,Apartment,19,1712.06,"$553,899.49",Sold,C0586,553899.49,323.52808312792774,True
170227,17,2025-07-01,Apartment,26,929.59,"$282,131.87",Sold,C0061,282131.87,303.5014038447057,True
170228,17,2025-07-01,Office,27,677.24,"$172,612.98",Sold,C0177,172612.98,254.87711889433584,True
170251,17,2025-07-01,Apartment,28,1201.04,"$329,311.13",Available,,329311.13,274.1883117964431,False
170263,17,2025-07-01,Apartment,32,954.54,"$293,871.30",Available,,293871.3,307.86693066817526,False
170279,17,2025-07-01,Apartment,33,1532.89,"$445,511.76",Available,,445511.76,290.6351793018416,False
170328,17,2025-07-01,Apartment,40,1583.13,"$387,637.86",Sold,C0056,387637.86,244.85535616152808,True
170372,17,2025-07-01,Apartment,46,1582.61,"$479,666.77",Sold,C0148,479666.77,303.0858960830527,True
170408,17,2025-07-01,Apartment,48,1833.96,"$545,747.26",Sold,C1452,545747.26,297.57860585836113,True
170433,17,2025-07-01,Apartment,50,1392.01,"$384,988.52",Available,,384988.52,276.57022578860784,False
170443,17,2025-07-01,Apartment,51,1375.52,"$431,210.50",Sold,C0510,431210.5,313.48908049319533,True
180060,18,2025-07-01,Apartment,6,840.25,"$255,157.38",Available,,255157.38,303.6684082118417,False
180090,18,2025-07-01,Office,12,1692.5,"$591,179.27",Sold,C0322,591179.27,349.29351255539143,True
180118,18,2025-07-01,Apartment,16,1360.96,"$476,038.28",Sold,C0111,476038.28,349.7812426522455,True
180124,18,2025-07-01,Apartment,16,1360.96,"$349,788.42",Sold,C0756,349788.42,257.01594462732186,True
180126,18,2025-07-01,Office,16,1360.96,"$409,183.72",Sold,C0156,409183.72,300.6581530684223,True
180132,18,2025-07-01,Office,17,1195.81,"$414,448.26",Sold,C1098,414448.26,346.5837047691523,True
180133,18,2025-07-01,Apartment,17,1195.81,"$360,530.43",Sold,C1978,360530.43,301.49474414831786,True
180134,18,2025-07-01,Apartment,17,1195.81,"$328,597.34",Available,,328597.34,274.79059382343354,False
180181,18,2025-07-01,Apartment,23,1659.02,"$526,965.08",Available,,526965.08,317.6363636363636,False
180194,18,2025-07-01,Apartment,25,911.94,"$271,952.94",Sold,C1897,271952.94,298.21363247582076,True
180209,18,2025-07-01,Apartment,26,1147.71,"$359,968.76",Sold,C0171,359968.76,313.64086746652026,True
180220,18,2025-07-01,Apartment,28,514.67,"$151,439.51",Sold,C0590,151439.51,294.24584685332354,True
180224,18,2025-07-01,Apartment,28,514.67,"$156,565.93",Available,,156565.93,304.20644296345233,False
180268,18,2025-07-01,Apartment,31,945.46,"$300,055.48",Sold,C1988,300055.48,317.3645421276415,True
180292,18,2025-07-01,Apartment,36,1089.77,"$321,544.55",Sold,C1772,321544.55,295.05725978876274,True
180318,18,2025-07-01,Apartment,37,1092.32,"$273,778.55",Sold,C0154,273778.55,250.63951039988282,True
180370,18,2025-07-01,Apartment,41,852.83,"$237,789.86",Available,,237789.86,278.8244550496582,False
180425,18,2025-07-01,Office,48,564.59,"$171,154.65",Sold,C1815,171154.65,303.1485679873891,True
180437,18,2025-07-01,Apartment,49,1457.92,"$353,163.26",Sold,C1249,353163.26,242.23774967076383,True
180442,18,2025-07-01,Apartment,49,1457.92,"$431,287.44",Sold,C1974,431287.44,295.8238037752414,True
180465,18,2025-07-01,Office,52,1424.54,"$413,387.67",Sold,C0474,413387.67,290.19028598705546,True
180531,18,2025-07-01,Apartment,60,1488.67,"$482,626.46",Sold,C1474,482626.46,324.1997622038464,True
180569,18,2025-07-01,Apartment,66,1631.24,"$570,262.07",Sold,C1724,570262.07,349.5880863637478,True
190009,19,2025-07-01,Apartment,3,1468.68,"$501,437.39",Sold,C1289,501437.39,341.420452379007,True
190117,19,2025-07-01,Apartment,16,1711.98,"$546,186.98",Sold,C1944,546186.98,319.0381780160983,True
190168,19,2025-07-01,Apartment,21,477.75,"$166,270.85",Sold,C0911,166270.85,348.0289900575615,True
190178,19,2025-07-01,Office,22,935.25,"$307,314.02",Sold,C0726,307314.02,328.5902379043037,True
190231,19,2025-07-01,Apartment,27,1691.96,"$473,832.01",Sold,C1924,473832.01,280.0491796496371,True
190401,19,2025-07-01,Apartment,46,1926.19,"$548,965.53",Sold,C1395,548965.53,285.00071644022654,True
200009,20,2025-07-01,Office,1,1898.39,"$594,737.23",Sold,C0970,594737.23,313.2850626056816,True
200026,20,2025-07-01,Apartment,2,1669.84,"$520,222.17",Available,,520222.17,311.54012959325445,False
200045,20,2025-07-01,Office,5,802.5,"$259,576.23",Sold,C1989,259576.23,323.459476635514,True
200051,20,2025-07-01,Apartment,6,1401.0,"$385,581.71",Sold,C1375,385581.71,275.2189221984297,True
200081,20,2025-07-01,Apartment,11,1722.28,"$415,775.90",Sold,C0071,415775.9,241.41016559444458,True
200084,20,2025-07-01,Apartment,11,1722.28,"$443,196.31",Sold,C1362,443196.31,257.3311598578628,True
200149,20,2025-07-01,Apartment,18,1868.01,"$564,689.47",Available,,564689.47,302.2946718700649,False
200172,20,2025-07-01,Apartment,19,759.72,"$294,375.06",Sold,C0292,294375.06,387.47836044858633,True
200174,20,2025-07-01,Apartment,19,759.72,"$226,160.18",Sold,C1195,226160.18,297.6888590533354,True
200184,20,2025-07-01,Apartment,19,759.72,"$250,848.47",Sold,C1077,250848.47,330.1854235771074,True
200194,20,2025-07-01,Office,22,460.81,"$125,265.20",Available,,125265.2,271.8369827043684,False
200201,20,2025-07-01,Apartment,24,1188.07,"$369,160.77",Sold,C1590,369160.77,310.7230802898819,True
200215,20,2025-07-01,Apartment,26,1941.62,"$675,388.05",Sold,C1175,675388.05,347.84769934384695,True
200219,20,2025-07-01,Apartment,26,1941.62,"$535,120.87",Sold,C0272,535120.87,275.6053553218447,True
200273,20,2025-07-01,Apartment,31,1414.44,"$468,923.36",Available,,468923.36,331.5258052656882,False
200275,20,2025-07-01,Apartment,31,1414.44,"$422,212.06",Sold,C0139,422212.06,298.5012160289584,True
200289,20,2025-07-01,Office,32,1630.81,"$513,272.97",Sold,C1868,513272.97,314.73499058749945,True
200305,20,2025-07-01,Apartment,33,630.53,"$177,735.84",Available,,177735.84,281.8832410828985,False
200315,20,2025-07-01,Apartment,34,858.93,"$284,307.13",Sold,C1073,284307.13,331.0015135109963,True
200332,20,2025-07-01,Apartment,36,1484.99,"$389,325.25",Sold,C0243,389325.25,262.1736510010168,True
200337,20,2025-07-01,Office,37,632.35,"$172,701.30",Sold,C1786,172701.3,273.1103028386178,True
200377,20,2025-07-01,Apartment,40,428.03,"$133,227.57",Sold,C0818,133227.57,311.2575520407448,True
200394,20,2025-07-01,Apartment,43,1697.49,"$528,059.78",Available,,528059.78,311.0827044636493,False
200400,20,2025-07-01,Apartment,46,1227.49,"$373,068.75",Sold,C0834,373068.75,303.92813790743713,True
200419,20,2025-07-01,Apartment,48,860.8,"$278,311.59",Sold,C0544,278311.59,323.3173675650558,True
3036,3,2025-08-01,Apartment,36,1127.76,"$358,525.59",Sold,C0003,358525.59,317.9094754203022,True
5050,5,2025-08-01,Apartment,50,1093.0,"$390,494.27",Sold,C0101,390494.27,357.2683165599268,True
10009,1,2025-08-01,Apartment,2,715.67,"$219,564.15",Sold,C1731,219564.15,306.7952408232845,True
10014,1,2025-08-01,Apartment,3,788.73,"$248,108.79",Sold,C1645,248108.79,314.5674565440645,True
10067,1,2025-08-01,Apartment,8,763.88,"$243,486.26",Sold,C0976,243486.26,318.74935853799025,True
10069,1,2025-08-01,Apartment,8,763.88,"$208,582.28",Sold,C0896,208582.28,273.0563439283657,True
10072,1,2025-08-01,Apartment,8,763.88,"$191,375.94",Sold,C0394,191375.94,250.53141854741583,True
10095,1,2025-08-01,Apartment,13,719.47,"$196,031.15",Sold,C1602,196031.15,272.46605139894643,True
10194,1,2025-08-01,Apartment,23,1201.5,"$355,666.94",Sold,C1039,355666.94,296.0190928006658,True
10198,1,2025-08-01,Apartment,24,1146.11,"$330,938.46",Sold,C0293,330938.46,288.74929980542885,True
10211,1,2025-08-01,Apartment,24,1146.11,"$283,492.47",Sold,C0515,283492.47,247.35188594463008,True
10230,1,2025-08-01,Office,26,828.98,"$219,837.17",Available,,219837.17,265.18995633187774,False
10243,1,2025-08-01,Apartment,28,1946.26,"$626,533.06",Available,,626533.06,321.91642432151923,False
10278,1,2025-08-01,Apartment,30,753.29,"$190,943.31",Available,,190943.31,253.47915145561473,False
10307,1,2025-08-01,Apartment,32,800.77,"$224,383.09",Sold,C0121,224383.09,280.209161182362,True
10315,1,2025-08-01,Office,34,1469.14,"$468,352.78",Available,,468352.78,318.7938385722259,False
10323,1,2025-08-01,Apartment,34,1469.14,"$471,468.04",Available,,471468.04,320.91430360619137,False
10354,1,2025-08-01,Apartment,38,1355.85,"$403,626.01",Sold,C1898,403626.01,297.69222996644174,True
10424,1,2025-08-01,Apartment,49,629.24,"$165,204.11",Sold,C1484,165204.11,262.5454675481533,True
20002,2,2025-08-01,Office,1,706.3,"$198,527.41",Available,,198527.41,281.08085799235454,False
20050,2,2025-08-01,Apartment,6,967.84,"$288,968.78",Sold,C0307,288968.78,298.57081749049433,True
20060,2,2025-08-01,Apartment,8,715.54,"$203,521.40",Sold,C0343,203521.4,284.4305000419264,True
20124,2,2025-08-01,Apartment,15,1603.33,"$452,266.31",Sold,C1087,452266.31,282.0793660693681,True
20197,2,2025-08-01,Apartment,22,653.41,"$167,447.91",Sold,C1720,167447.91,256.2677491926968,True
20228,2,2025-08-01,Apartment,26,1577.79,"$426,863.72",Sold,C1891,426863.72,270.5453323953124,True
20259,2,2025-08-01,Apartment,30,786.4,"$249,593.94",Available,,249593.94,317.38802136317395,False
20299,2,2025-08-01,Apartment,35,1391.68,"$379,072.42",Sold,C1298,379072.42,272.38475799034256,True
20313,2,2025-08-01,Apartment,37,780.46,"$221,160.83",Sold,C0851,221160.83,283.3724085795556,True
20337,2,2025-08-01,Apartment,41,654.93,"$184,248.76",Sold,C0691,184248.76,281.32588215534486,True
20371,2,2025-08-01,Apartment,44,580.26,"$179,779.28",Sold,C0697,179779.28,309.825388618895,True
20402,2,2025-08-01,Apartment,47,708.32,"$209,740.71",Sold,C1427,209740.71,296.11010560198775,True
20437,2,2025-08-01,Apartment,50,1604.8,"$433,638.45",Sold,C0175,433638.45,270.2133910767697,True
20457,2,2025-08-01,Apartment,54,924.4,"$261,633.77",Sold,C0566,261633.77,283.030906533968,True
20461,2,2025-08-01,Apartment,54,924.4,"$281,935.41",Sold,C1154,281935.41,304.99287105149284,True
20471,2,2025-08-01,Office,55,579.26,"$162,668.39",Sold,C1075,162668.39,280.82103028001245,True
30059,3,2025-08-01,Apartment,7,744.01,"$230,350.37",Available,,230350.37,309.60655098721793,False
30118,3,2025-08-01,Apartment,10,784.09,"$172,499.80",Sold,C0369,172499.8,219.99999999999997,True
30123,3,2025-08-01,Apartment,11,1283.1,"$408,032.61",Available,,408032.61,318.005307458499,False
30124,3,2025-08-01,Apartment,11,1283.1,"$460,400.58",Sold,C1173,460400.58,358.8189385083002,True
30188,3,2025-08-01,Apartment,20,802.97,"$238,551.35",Sold,C1930,238551.35,297.08625477913245,True
30199,3,2025-08-01,Apartment,21,1122.15,"$324,660.64",Available,,324660.64,289.3201800115849,False
30208,3,2025-08-01,Office,23,924.21,"$285,914.44",Available,,285914.44,309.3609028251155,False
30248,3,2025-08-01,Apartment,28,679.93,"$199,268.27",Sold,C0348,199268.27,293.0717426793935,True
30258,3,2025-08-01,Apartment,28,679.93,"$197,536.31",Sold,C0766,197536.31,290.52448046122396,True
30272,3,2025-08-01,Apartment,30,796.57,"$244,706.58",Sold,C0949,244706.58,307.2003464855568,True
30293,3,2025-08-01,Apartment,36,733.45,"$265,536.81",Sold,C1814,265536.81,362.0380530370168,True
30303,3,2025-08-01,Apartment,36,733.45,"$207,623.02",Available,,207623.02,283.0772649805712,False
30312,3,2025-08-01,Apartment,38,1173.4,"$304,001.87",Sold,C1402,304001.87,259.0777825123572,True
30330,3,2025-08-01,Apartment,40,678.71,"$174,757.05",Available,,174757.05,257.4841242946177,False
30375,3,2025-08-01,Apartment,46,1599.81,"$524,650.21",Sold,C1986,524650.21,327.9453247573149,True
30379,3,2025-08-01,Apartment,46,1599.81,"$426,455.73",Sold,C0123,426455.73,266.5664860202149,True
30390,3,2025-08-01,Apartment,48,783.39,"$196,490.72",Available,,196490.72,250.82107251815827,False
30404,3,2025-08-01,Apartment,49,1174.48,"$345,884.05",Sold,C0677,345884.05,294.49973605340233,True
30425,3,2025-08-01,Apartment,49,1174.48,"$371,550.12",Available,,371550.12,316.3528710578298,False
30461,3,2025-08-01,Apartment,55,688.14,"$258,376.64",Sold,C1554,258376.64,375.47103787020086,True
30487,3,2025-08-01,Apartment,57,1607.94,"$480,579.28",Sold,C1525,480579.28,298.8788636391905,True
40016,4,2025-08-01,Office,2,1620.07,"$574,268.12",Sold,C1577,574268.12,354.4711771713568,True
40038,4,2025-08-01,Apartment,4,783.03,"$235,584.51",Sold,C0776,235584.51,300.86268725336197,True
40050,4,2025-08-01,Apartment,5,786.98,"$219,862.84",Sold,C0645,219862.84,279.37538438079747,True
40065,4,2025-08-01,Apartment,7,786.36,"$220,742.50",Sold,C0190,220742.5,280.71430388117403,True
40081,4,2025-08-01,Apartment,10,1614.62,"$431,485.71",Sold,C1194,431485.71,267.2366934634775,True
40118,4,2025-08-01,Apartment,14,1322.66,"$418,846.63",Sold,C1261,418846.63,316.6699151709434,True
40172,4,2025-08-01,Apartment,21,801.66,"$231,625.87",Sold,C1079,231625.87,288.93280193598287,True
40187,4,2025-08-01,Office,23,1110.99,"$372,010.36",Sold,C1231,372010.36,334.8458221946192,True
40235,4,2025-08-01,Apartment,28,1070.72,"$308,842.84",Sold,C0053,308842.84,288.4440750149432,True
40241,4,2025-08-01,Apartment,29,776.79,"$256,700.86",Sold,C1621,256700.86,330.46365169479526,True
40257,4,2025-08-01,Apartment,31,793.1,"$279,217.08",Sold,C0300,279217.08,352.05784894716936,True
40265,4,2025-08-01,Apartment,31,793.1,"$213,135.38",Available,,213135.38,268.7370823351406,False
40283,4,2025-08-01,Apartment,33,734.73,"$206,069.70",Available,,206069.7,280.46996855987913,False
40297,4,2025-08-01,Office,34,795.1,"$244,253.23",Available,,244253.23,307.19812602188404,False
40305,4,2025-08-01,Apartment,36,736.77,"$207,914.99",Available,,207914.99,282.1979586573829,False
40332,4,2025-08-01,Apartment,40,780.74,"$250,618.24",Available,,250618.24,321.0008965852909,False
40367,4,2025-08-01,Apartment,43,1616.99,"$421,547.56",Available,,421547.56,260.698928255586,False
40372,4,2025-08-01,Office,44,799.67,"$265,635.52",Available,,265635.52,332.1814248377456,False
40422,4,2025-08-01,Apartment,49,739.7,"$222,422.59",Sold,C0819,222422.59,300.6929701230228,True
40426,4,2025-08-01,Office,49,739.7,"$228,542.89",Sold,C1059,228542.89,308.96700013518995,True
40429,4,2025-08-01,Apartment,49,739.7,"$225,902.20",Sold,C1801,225902.2,305.39705285926726,True
50013,5,2025-08-01,Apartment,4,799.1,"$225,786.57",Available,,225786.57,282.55108246777627,False
50045,5,2025-08-01,Apartment,8,782.15,"$224,775.54",Available,,224775.54,287.3816275650451,False
50071,5,2025-08-01,Apartment,10,629.27,"$212,891.50",Sold,C0678,212891.5,338.3150317034024,True
50200,5,2025-08-01,Apartment,26,1272.4,"$420,345.63",Sold,C0296,420345.63,330.35651524677775,True
50216,5,2025-08-01,Office,28,1247.24,"$365,998.75",Sold,C0244,365998.75,293.44693082325773,True
50231,5,2025-08-01,Apartment,31,1008.52,"$314,487.78",Available,,314487.78,311.83098004997424,False
50296,5,2025-08-01,Apartment,39,591.14,"$180,885.12",Available,,180885.12,305.9937070744663,False
50318,5,2025-08-01,Apartment,41,630.83,"$198,203.74",Sold,C0185,198203.74,314.19517144080015,True
50324,5,2025-08-01,Apartment,42,791.2,"$256,025.28",Sold,C0985,256025.28,323.5911021233569,True
50325,5,2025-08-01,Apartment,42,791.2,"$257,129.67",Available,,257129.67,324.9869438827098,False
50344,5,2025-08-01,Apartment,44,806.03,"$199,834.13",Available,,199834.13,247.92393583365384,False
50383,5,2025-08-01,Office,46,1272.95,"$452,275.63",Sold,C1938,452275.63,355.29724655328175,True
50385,5,2025-08-01,Apartment,46,1272.95,"$304,264.54",Sold,C0815,304264.54,239.02316666012018,True
50400,5,2025-08-01,Apartment,47,1241.14,"$294,124.85",Sold,C0953,294124.85,236.97959134344228,True
60014,6,2025-08-01,Office,1,1720.95,"$519,970.36",Sold,C0672,519970.36,302.1414683750254,True
60032,6,2025-08-01,Apartment,3,605.21,"$165,472.93",Available,,165472.93,273.4140711488574,False
60038,6,2025-08-01,Office,4,1925.28,"$662,126.19",Sold,C1167,662126.19,343.9116336325106,True
60089,6,2025-08-01,Apartment,7,1075.42,"$324,499.23",Sold,C0703,324499.23,301.7418589946253,True
60101,6,2025-08-01,Office,8,986.97,"$312,769.84",Sold,C0423,312769.84,316.8990344184727,True
60102,6,2025-08-01,Apartment,8,986.97,"$270,860.88",Sold,C1005,270860.88,274.43679139183564,True
60124,6,2025-08-01,Apartment,10,942.08,"$327,848.52",Available,,327848.52,348.00496773097825,False
60137,6,2025-08-01,Office,11,1719.85,"$586,709.71",Available,,586709.71,341.14004709713055,False
60163,6,2025-08-01,Apartment,14,1890.0,"$495,847.14",Sold,C0345,495847.14,262.35298412698415,True
60179,6,2025-08-01,Apartment,16,1687.92,"$490,784.82",Sold,C1139,490784.82,290.7630811886819,True
60221,6,2025-08-01,Apartment,20,1897.17,"$565,905.82",Sold,C1499,565905.82,298.2894627260604,True
60248,6,2025-08-01,Apartment,25,1086.43,"$307,679.73",Sold,C1376,307679.73,283.20253490790935,True
60289,6,2025-08-01,Office,32,793.11,"$268,744.96",Sold,C0980,268744.96,338.8495416776992,True
60292,6,2025-08-01,Apartment,33,1131.0,"$345,419.11",Sold,C0755,345419.11,305.4103536693192,True
60330,6,2025-08-01,Apartment,37,1721.96,"$519,549.30",Available,,519549.3,301.71972635833583,False
60334,6,2025-08-01,Apartment,37,1721.96,"$533,120.65",Sold,C0049,533120.65,309.6010650653906,True
60337,6,2025-08-01,Apartment,37,1721.96,"$491,267.17",Sold,C1584,491267.17,285.2953436781342,True
60344,6,2025-08-01,Apartment,38,698.21,"$194,006.16",Sold,C1553,194006.16,277.86219045845803,True
60349,6,2025-08-01,Apartment,39,744.54,"$171,012.46",Sold,C1625,171012.46,229.68874741451097,True
60367,6,2025-08-01,Apartment,41,940.72,"$278,346.08",Available,,278346.08,295.8862148141849,False
60392,6,2025-08-01,Office,46,1870.54,"$666,036.60",Available,,666036.6,356.06648347536003,False
60420,6,2025-08-01,Office,51,1476.63,"$522,271.82",Sold,C1003,522271.82,353.6917304944366,True
70002,7,2025-08-01,Apartment,1,759.04,"$234,980.38",Available,,234980.38,309.5757535834739,False
70016,7,2025-08-01,Apartment,3,888.5,"$222,286.33",Sold,C1008,222286.33,250.18157568936408,True
70188,7,2025-08-01,Apartment,21,1528.62,"$482,573.13",Sold,C1487,482573.13,315.6920163284531,True
70209,7,2025-08-01,Apartment,23,1222.69,"$301,780.43",Available,,301780.43,246.8167973893628,False
70274,7,2025-08-01,Apartment,31,839.7,"$224,848.12",Available,,224848.12,267.771966178397,False
70287,7,2025-08-01,Apartment,35,613.21,"$177,007.87",Available,,177007.87,288.6578333686665,False
70302,7,2025-08-01,Apartment,36,1748.75,"$562,599.61",Sold,C0731,562599.61,321.71528806290206,True
70319,7,2025-08-01,Apartment,38,1755.26,"$427,360.08",Sold,C0035,427360.08,243.47394687966457,True
70428,7,2025-08-01,Office,50,502.02,"$176,868.98",Sold,C1517,176868.98,352.314608979722,True
70488,7,2025-08-01,Apartment,57,1347.67,"$411,172.03",Sold,C1808,411172.03,305.09845140130744,True
80004,8,2025-08-01,Office,1,1109.29,"$352,321.29",Sold,C0167,352321.29,317.6097233365486,True
80036,8,2025-08-01,Apartment,4,1934.75,"$650,190.52",Sold,C1495,650190.52,336.0591911099625,True
80060,8,2025-08-01,Apartment,6,1370.17,"$377,502.89",Sold,C0726,377502.89,275.5153667063211,True
80088,8,2025-08-01,Apartment,9,1869.81,"$606,634.75",Sold,C0004,606634.75,324.4365737695274,True
80098,8,2025-08-01,Apartment,12,1430.46,"$428,385.38",Sold,C0521,428385.38,299.47386155502426,True
80125,8,2025-08-01,Apartment,14,685.93,"$226,667.28",Sold,C0316,226667.28,330.4524951525666,True
80141,8,2025-08-01,Apartment,17,1109.27,"$357,308.53",Sold,C1836,357308.53,322.1114156156752,True
80166,8,2025-08-01,Apartment,21,1501.64,"$488,338.32",Available,,488338.32,325.2033243653605,False
80219,8,2025-08-01,Apartment,29,1848.51,"$542,053.98",Sold,C0881,542053.98,293.2383270850577,True
80294,8,2025-08-01,Apartment,34,1684.75,"$495,102.93",Sold,C1202,495102.93,293.873233417421,True
80297,8,2025-08-01,Apartment,34,1684.75,"$472,720.62",Sold,C1234,472720.62,280.58799228372163,True
80300,8,2025-08-01,Office,34,1684.75,"$494,645.93",Available,,494645.93,293.6019765543849,False
80326,8,2025-08-01,Apartment,37,890.65,"$277,936.36",Sold,C0492,277936.36,312.0601358558356,True
80343,8,2025-08-01,Apartment,39,1290.89,"$388,539.05",Sold,C0924,388539.05,300.9854054179674,True
80437,8,2025-08-01,Apartment,50,913.15,"$273,978.28",Sold,C1592,273978.28,300.03644527186117,True
80467,8,2025-08-01,Apartment,55,1300.05,"$396,074.48",Sold,C0178,396074.48,304.66095919387715,True
90001,9,2025-08-01,Apartment,1,832.35,"$292,166.93",Available,,292166.93,351.01451312548807,False
90005,9,2025-08-01,Apartment,1,832.35,"$239,359.44",Sold,C0285,239359.44,287.5706613804289,True
90008,9,2025-08-01,Apartment,1,832.35,"$267,376.53",Sold,C1471,267376.53,321.2308884483691,True
90031,9,2025-08-01,Apartment,7,697.68,"$200,892.73",Available,,200892.73,287.9439427817911,False
90033,9,2025-08-01,Apartment,7,697.68,"$209,895.78",Sold,C1961,209895.78,300.8482112143103,True
90035,9,2025-08-01,Apartment,7,697.68,"$234,440.69",Sold,C0432,234440.69,336.0289674349272,True
90048,9,2025-08-01,Apartment,8,1315.55,"$426,150.16",Available,,426150.16,323.93307742009046,False
90146,9,2025-08-01,Apartment,22,1115.88,"$367,987.52",Sold,C0216,367987.52,329.7733806502491,True
90154,9,2025-08-01,Apartment,24,914.61,"$333,845.60",Sold,C1073,333845.6,365.0141590404653,True
90206,9,2025-08-01,Apartment,30,1250.17,"$380,898.54",Sold,C0517,380898.54,304.6773958741611,True
90261,9,2025-08-01,Apartment,34,1577.36,"$440,833.65",Sold,C0199,440833.65,279.47561114774055,True
90267,9,2025-08-01,Apartment,35,1376.88,"$429,975.23",Sold,C0880,429975.23,312.2822831328801,True
90277,9,2025-08-01,Apartment,35,1376.88,"$440,971.56",Sold,C1681,440971.56,320.26869443960254,True
90304,9,2025-08-01,Apartment,38,1260.31,"$371,180.76",Available,,371180.76,294.5154446128334,False
90305,9,2025-08-01,Apartment,38,1260.31,"$367,461.52",Available,,367461.52,291.56439288746424,False
90351,9,2025-08-01,Apartment,41,1488.32,"$354,183.19",Available,,354183.19,237.97515991184693,False
90401,9,2025-08-01,Apartment,48,1264.94,"$406,345.88",Sold,C0014,406345.88,321.2372760763356,True
90420,9,2025-08-01,Apartment,53,599.72,"$173,669.46",Sold,C0467,173669.46,289.58423931167874,True
90429,9,2025-08-01,Apartment,54,1693.18,"$540,205.30",Sold,C1418,540205.3,319.0477681049859,True
90505,9,2025-08-01,Apartment,58,838.34,"$264,552.04",Available,,264552.04,315.56652432187417,False
100022,10,2025-08-01,Apartment,4,1765.37,"$619,177.19",Sold,C0620,619177.19,350.73508103117194,True
100031,10,2025-08-01,Apartment,4,1765.37,"$574,122.16",Sold,C0408,574122.16,325.2135019854195,True
100049,10,2025-08-01,Office,5,1741.96,"$704,058.44",Sold,C0386,704058.44,404.1760086339525,True
100071,10,2025-08-01,Apartment,9,1849.4,"$660,723.30",Sold,C1311,660723.3,357.2635990050827,True
100090,10,2025-08-01,Office,11,1675.44,"$462,989.76",Sold,C0882,462989.76,276.3392064174187,True
100157,10,2025-08-01,Apartment,20,1264.43,"$389,694.82",Sold,C0270,389694.82,308.19801807929264,True
100165,10,2025-08-01,Apartment,21,1251.45,"$291,083.40",Sold,C1085,291083.4,232.59690758719887,True
100256,10,2025-08-01,Apartment,30,1559.4,"$462,179.03",Sold,C0323,462179.03,296.3826022829293,True
100264,10,2025-08-01,Apartment,31,1499.0,"$500,985.77",Sold,C1315,500985.77,334.21332221480986,True
100280,10,2025-08-01,Office,33,1010.7,"$349,143.67",Sold,C1380,349143.67,345.44738300187987,True
100288,10,2025-08-01,Apartment,34,1435.44,"$415,026.87",Available,,415026.87,289.1286783146631,False
100328,10,2025-08-01,Apartment,39,1188.51,"$380,782.35",Sold,C0931,380782.35,320.3863240528056,True
100373,10,2025-08-01,Apartment,43,1093.67,"$364,059.52",Sold,C0263,364059.52,332.87876598974094,True
100381,10,2025-08-01,Apartment,44,1224.71,"$361,389.54",Sold,C0213,361389.54,295.08172546970303,True
100402,10,2025-08-01,Apartment,47,1047.27,"$293,129.02",Sold,C1213,293129.02,279.89823063775344,True
100407,10,2025-08-01,Apartment,48,1421.82,"$385,864.39",Sold,C1444,385864.39,271.38765103880945,True
100419,10,2025-08-01,Apartment,50,1138.32,"$360,288.63",Sold,C1716,360288.63,316.5090923466161,True
110014,11,2025-08-01,Office,2,938.0,"$280,215.32",Available,,280215.32,298.73701492537316,False
110020,11,2025-08-01,Office,3,1479.84,"$385,425.29",Sold,C1730,385425.29,260.45065007027785,True
110037,11,2025-08-01,Apartment,4,1414.25,"$422,353.15",Sold,C1441,422353.15,298.64108184550116,True
110159,11,2025-08-01,Apartment,16,1829.02,"$617,917.92",Available,,617917.92,337.84098588315055,False
110176,11,2025-08-01,Apartment,19,1083.98,"$364,813.91",Available,,364813.91,336.5504068340744,False
110251,11,2025-08-01,Apartment,30,642.72,"$216,852.53",Sold,C0671,216852.53,337.3981360468011,True
110270,11,2025-08-01,Apartment,32,1285.87,"$381,642.32",Sold,C0287,381642.32,296.79697014472697,True
110367,11,2025-08-01,Apartment,43,810.65,"$231,665.39",Available,,231665.39,285.77732683648924,False
110419,11,2025-08-01,Apartment,49,1095.85,"$322,523.39",Sold,C0597,322523.39,294.31344618332804,True
110458,11,2025-08-01,Apartment,53,1069.19,"$334,574.59",Available,,334574.59,312.923418662726,False
110460,11,2025-08-01,Apartment,53,1069.19,"$335,095.00",Sold,C0286,335095.0,313.41015161009733,True
110483,11,2025-08-01,Apartment,57,1008.58,"$287,414.43",Available,,287414.43,284.9693926113942,False
120021,12,2025-08-01,Apartment,2,1285.87,"$343,389.83",Sold,C1993,343389.83,267.0486363318221,True
120028,12,2025-08-01,Office,3,1469.27,"$549,840.47",Sold,C0129,549840.47,374.2269766618797,True
120130,12,2025-08-01,Apartment,15,1456.98,"$363,553.58",Sold,C0049,363553.58,249.5254430397123,True
120193,12,2025-08-01,Apartment,22,892.67,"$302,473.56",Available,,302473.56,338.8414083591921,False
120199,12,2025-08-01,Apartment,22,892.67,"$286,734.23",Available,,286734.23,321.20966314539527,False
120203,12,2025-08-01,Apartment,23,1094.46,"$302,296.14",Sold,C1265,302296.14,276.2057452990516,True
120209,12,2025-08-01,Apartment,23,1094.46,"$329,829.37",Sold,C1098,329829.37,301.3626537287795,True
120232,12,2025-08-01,Apartment,24,1306.75,"$393,046.65",Sold,C1132,393046.65,300.7818251387029,True
120233,12,2025-08-01,Apartment,24,1306.75,"$389,151.65",Sold,C0456,389151.65,297.80114788597666,True
120254,12,2025-08-01,Apartment,27,871.52,"$301,543.09",Sold,C0230,301543.09,345.9967527997063,True
120311,12,2025-08-01,Apartment,34,1817.64,"$446,332.10",Sold,C0844,446332.1,245.55583063752997,True
120316,12,2025-08-01,Apartment,34,1817.64,"$542,250.95",Sold,C1616,542250.95,298.3269239233291,True
120367,12,2025-08-01,Apartment,38,1157.23,"$335,887.04",Available,,335887.04,290.250892216759,False
120368,12,2025-08-01,Apartment,38,1157.23,"$371,637.67",Sold,C1917,371637.67,321.1441718586625,True
120381,12,2025-08-01,Apartment,41,938.23,"$289,808.82",Sold,C0083,289808.82,308.8888865203628,True
120408,12,2025-08-01,Apartment,47,1528.05,"$450,231.11",Sold,C0344,450231.11,294.6442263014954,True
130030,13,2025-08-01,Office,2,1651.02,"$507,988.85",Available,,507988.85,307.68182699179897,False
130059,13,2025-08-01,Apartment,5,441.3,"$122,930.75",Sold,C0077,122930.75,278.5650351234988,True
130128,13,2025-08-01,Apartment,15,458.29,"$145,782.57",Sold,C1103,145782.57,318.10113683475527,True
130138,13,2025-08-01,Apartment,16,1772.88,"$390,033.60",Sold,C0609,390033.6,219.99999999999997,True
130220,13,2025-08-01,Apartment,25,633.86,"$177,168.94",Sold,C0923,177168.94,279.5079986116808,True
130227,13,2025-08-01,Apartment,26,1867.78,"$595,268.86",Sold,C1408,595268.86,318.7039480024414,True
130244,13,2025-08-01,Apartment,28,1173.72,"$400,382.01",Sold,C0906,400382.01,341.12225232593806,True
130281,13,2025-08-01,Office,32,1114.07,"$327,322.30",Sold,C0853,327322.3,293.80766020088504,True
130297,13,2025-08-01,Apartment,33,1445.84,"$398,499.79",Sold,C1292,398499.79,275.6181804349029,True
130310,13,2025-08-01,Apartment,34,1557.0,"$426,946.49",Sold,C0267,426946.49,274.21097623635194,True
130319,13,2025-08-01,Apartment,35,1867.34,"$555,241.82",Sold,C1841,555241.82,297.34371887283515,True
130344,13,2025-08-01,Apartment,38,656.42,"$207,388.64",Sold,C0074,207388.64,315.9389415313367,True
130377,13,2025-08-01,Apartment,42,1044.42,"$336,118.31",Sold,C1929,336118.31,321.82293521763273,True
130398,13,2025-08-01,Apartment,45,986.91,"$328,260.40",Available,,328260.4,332.6143214680164,False
130471,13,2025-08-01,Apartment,53,968.77,"$285,014.58",Sold,C0311,285014.58,294.2025248510999,True
130484,13,2025-08-01,Apartment,56,606.9,"$133,518.00",Sold,C0090,133518.0,220.0,True
130506,13,2025-08-01,Office,59,1434.04,"$388,770.41",Sold,C0502,388770.41,271.1015104181194,True
130526,13,2025-08-01,Apartment,60,1401.81,"$516,863.32",Sold,C1232,516863.32,368.7113945541835,True
130528,13,2025-08-01,Apartment,60,1401.81,"$448,470.16",Available,,448470.16,319.9222148508,False
130535,13,2025-08-01,Apartment,61,1333.63,"$386,702.48",Sold,C0791,386702.48,289.96234337859823,True
130568,13,2025-08-01,Apartment,67,524.97,"$174,346.40",Sold,C0887,174346.4,332.1073585157247,True
130576,13,2025-08-01,Apartment,67,524.97,"$156,428.32",Available,,156428.32,297.9757319465874,False
130601,13,2025-08-01,Office,70,750.41,"$234,899.31",Available,,234899.31,313.0279580495996,False
140004,14,2025-08-01,Office,2,922.7,"$284,889.27",Available,,284889.27,308.7561179148152,False
140050,14,2025-08-01,Apartment,8,618.89,"$182,738.17",Sold,C1850,182738.17,295.2676081371488,True
140087,14,2025-08-01,Apartment,11,1431.42,"$551,610.52",Sold,C0492,551610.52,385.35895823727486,True
140114,14,2025-08-01,Apartment,12,459.44,"$137,109.06",Sold,C0110,137109.06,298.42647570955944,True
140119,14,2025-08-01,Apartment,13,442.74,"$159,112.85",Sold,C1407,159112.85,359.38214301847586,True
140140,14,2025-08-01,Office,15,784.04,"$228,159.59",Sold,C0191,228159.59,291.0050380082649,True
140196,14,2025-08-01,Office,22,1148.66,"$333,341.20",Sold,C0998,333341.2,290.20005919941497,True
140202,14,2025-08-01,Office,22,1148.66,"$359,175.12",Available,,359175.12,312.69054376403807,False
140206,14,2025-08-01,Apartment,22,1148.66,"$312,372.65",Sold,C1371,312372.65,271.94526665854124,True
140208,14,2025-08-01,Apartment,22,1148.66,"$350,042.48",Sold,C1834,350042.48,304.73985339438997,True
140217,14,2025-08-01,Apartment,23,1610.37,"$530,764.64",Sold,C1566,530764.64,329.5917335767557,True
140253,14,2025-08-01,Apartment,29,1618.34,"$538,714.61",Available,,538714.61,332.8809829825624,False
140256,14,2025-08-01,Apartment,29,1618.34,"$533,570.63",Sold,C1683,533570.63,329.70242965013534,True
140303,14,2025-08-01,Apartment,35,1152.84,"$356,376.59",Sold,C1781,356376.59,309.12927205856846,True
140333,14,2025-08-01,Apartment,40,532.44,"$175,169.52",Sold,C0153,175169.52,328.9939148073022,True
140402,14,2025-08-01,Apartment,48,1941.78,"$565,653.37",Sold,C0298,565653.37,291.3066207294338,True
140425,14,2025-08-01,Office,51,1346.3,"$413,335.13",Sold,C0948,413335.13,307.0156205897646,True
140436,14,2025-08-01,Apartment,51,1346.3,"$387,962.94",Available,,387962.94,288.16975414097897,False
140438,14,2025-08-01,Apartment,51,1346.3,"$369,050.25",Sold,C1945,369050.25,274.1218524845874,True
150015,15,2025-08-01,Office,2,1522.89,"$504,070.70",Sold,C0180,504070.7,330.9961323536171,True
150018,15,2025-08-01,Apartment,2,1522.89,"$412,253.02",Available,,412253.02,270.70439755990253,False
150152,15,2025-08-01,Apartment,20,1662.01,"$505,470.60",Sold,C0020,505470.6,304.132105101654,True
150161,15,2025-08-01,Apartment,21,1271.25,"$347,956.45",Available,,347956.45,273.71205506391345,False
150176,15,2025-08-01,Apartment,23,1279.23,"$430,250.98",Sold,C1788,430250.98,336.33590519296763,True
150188,15,2025-08-01,Apartment,23,1279.23,"$360,894.66",Sold,C1418,360894.66,282.11866513449496,True
150207,15,2025-08-01,Apartment,24,924.36,"$243,788.12",Sold,C1043,243788.12,263.7372019559479,True
150217,15,2025-08-01,Apartment,25,607.01,"$166,028.66",Available,,166028.66,273.51882176570405,False
150287,15,2025-08-01,Apartment,35,745.49,"$195,720.27",Available,,195720.27,262.5390950918188,False
150309,15,2025-08-01,Apartment,35,745.49,"$233,979.83",Available,,233979.83,313.8604541979101,False
150317,15,2025-08-01,Apartment,36,1424.81,"$381,257.52",Sold,C0449,381257.52,267.58481481741427,True
150346,15,2025-08-01,Apartment,40,982.37,"$296,414.35",Sold,C0170,296414.35,301.7339189918259,True
150395,15,2025-08-01,Apartment,50,1841.5,"$517,724.81",Sold,C0737,517724.81,281.14298669562857,True
150399,15,2025-08-01,Apartment,50,1841.5,"$519,209.27",Sold,C0824,519209.27,281.9491012761336,True
150412,15,2025-08-01,Office,52,829.2,"$248,737.71",Sold,C1701,248737.71,299.9731186685962,True
150433,15,2025-08-01,Apartment,54,1495.13,"$457,107.06",Available,,457107.06,305.7306454957094,False
150460,15,2025-08-01,Apartment,56,939.93,"$279,312.27",Sold,C0042,279312.27,297.16284191375956,True
150473,15,2025-08-01,Office,57,429.34,"$128,430.27",Sold,C1184,128430.27,299.13418269902644,True
160003,16,2025-08-01,Apartment,1,637.07,"$216,362.33",Sold,C0639,216362.33,339.62096786852305,True
160016,16,2025-08-01,Apartment,3,466.91,"$135,169.08",Available,,135169.08,289.49707652438366,False
160022,16,2025-08-01,Apartment,4,1561.55,"$491,066.86",Sold,C0196,491066.86,314.47399058627644,True
160033,16,2025-08-01,Office,5,749.15,"$199,582.69",Sold,C1895,199582.69,266.4121871454315,True
160035,16,2025-08-01,Apartment,5,749.15,"$199,912.89",Sold,C0359,199912.89,266.85295334712674,True
160057,16,2025-08-01,Apartment,7,941.57,"$299,250.24",Sold,C1450,299250.24,317.8204913070722,True
160166,16,2025-08-01,Apartment,21,837.95,"$237,154.66",Sold,C0553,237154.66,283.01767408556594,True
160201,16,2025-08-01,Office,25,853.37,"$230,136.01",Sold,C1055,230136.01,269.6790489471156,True
160234,16,2025-08-01,Apartment,28,1440.71,"$421,867.31",Sold,C1378,421867.31,292.81903367089836,True
160281,16,2025-08-01,Apartment,33,881.17,"$321,750.41",Sold,C0594,321750.41,365.1399956875518,True
160311,16,2025-08-01,Office,36,810.94,"$294,382.11",Available,,294382.11,363.0134288603349,False
160331,16,2025-08-01,Office,39,1562.93,"$540,440.51",Sold,C0244,540440.51,345.7867658820293,True
160344,16,2025-08-01,Apartment,41,1001.72,"$329,442.10",Sold,C1106,329442.1,328.876432536038,True
160362,16,2025-08-01,Office,42,1496.62,"$393,962.39",Sold,C0555,393962.39,263.23474896767385,True
170012,17,2025-08-01,Apartment,1,530.28,"$164,681.66",Sold,C0185,164681.66,310.5560458625632,True
170014,17,2025-08-01,Apartment,1,530.28,"$164,903.93",Sold,C0126,164903.93,310.9752017801916,True
170060,17,2025-08-01,Apartment,8,1297.3,"$347,713.31",Available,,347713.31,268.0284513990596,False
170097,17,2025-08-01,Apartment,11,596.22,"$170,444.19",Sold,C0953,170444.19,285.8746603602697,True
170098,17,2025-08-01,Apartment,11,596.22,"$170,363.30",Available,,170363.3,285.7389889638053,False
170147,17,2025-08-01,Office,16,1693.0,"$468,036.24",Sold,C0192,468036.24,276.4537743650325,True
170163,17,2025-08-01,Office,17,1827.25,"$734,390.86",Sold,C0477,734390.86,401.91044465727185,True
170242,17,2025-08-01,Office,27,677.24,"$188,332.34",Available,,188332.34,278.08803378418287,False
170252,17,2025-08-01,Apartment,28,1201.04,"$344,995.54",Sold,C0423,344995.54,287.2473356424432,True
170267,17,2025-08-01,Apartment,32,954.54,"$316,446.78",Available,,316446.78,331.51756867182104,False
170385,17,2025-08-01,Apartment,48,1833.96,"$578,696.13",Sold,C0291,578696.13,315.54457567231566,True
180008,18,2025-08-01,Apartment,1,1379.64,"$370,207.67",Sold,C1785,370207.67,268.33642834362587,True
180112,18,2025-08-01,Apartment,15,1728.6,"$494,231.73",Sold,C1465,494231.73,285.91445678583824,True
180137,18,2025-08-01,Apartment,18,1127.95,"$351,114.27",Sold,C1078,351114.27,311.2853140653398,True
180169,18,2025-08-01,Apartment,22,1108.09,"$365,667.40",Sold,C0396,365667.4,329.9979243563249,True
180184,18,2025-08-01,Apartment,24,1417.31,"$390,892.15",Sold,C1816,390892.15,275.7986255653315,True
180247,18,2025-08-01,Apartment,30,1795.66,"$556,439.70",Sold,C0765,556439.7,309.8803225554949,True
180269,18,2025-08-01,Apartment,31,945.46,"$252,357.45",Sold,C1913,252357.45,266.9149937596514,True
180315,18,2025-08-01,Apartment,36,1089.77,"$333,304.61",Sold,C1391,333304.61,305.84858272846566,True
180327,18,2025-08-01,Apartment,38,1219.8,"$356,066.44",Sold,C1931,356066.44,291.905591080505,True
180345,18,2025-08-01,Apartment,39,662.88,"$185,282.56",Sold,C1479,185282.56,279.51146512189234,True
180417,18,2025-08-01,Apartment,47,520.85,"$160,996.66",Sold,C1653,160996.66,309.10369588173177,True
180458,18,2025-08-01,Apartment,52,1424.54,"$424,694.05",Available,,424694.05,298.12714981678295,False
180467,18,2025-08-01,Apartment,53,1806.7,"$557,253.35",Sold,C1635,557253.35,308.4371229313112,True
190005,19,2025-08-01,Office,2,1550.33,"$573,983.92",Sold,C1605,573983.92,370.2333825701625,True
190010,19,2025-08-01,Apartment,3,1468.68,"$371,548.46",Sold,C1603,371548.46,252.98122123267152,True
190061,19,2025-08-01,Apartment,9,695.8,"$189,974.77",Sold,C1832,189974.77,273.03071284851967,True
190140,19,2025-08-01,Apartment,19,1697.73,"$488,398.67",Sold,C0360,488398.67,287.67746932668916,True
190208,19,2025-08-01,Office,25,996.38,"$281,211.11",Sold,C0108,281211.11,282.23279270960876,True
190223,19,2025-08-01,Apartment,26,668.24,"$206,760.76",Sold,C1370,206760.76,309.41093020471686,True
190225,19,2025-08-01,Apartment,26,668.24,"$206,090.56",Sold,C1697,206090.56,308.4079971267808,True
190244,19,2025-08-01,Apartment,29,1657.84,"$463,761.47",Sold,C1339,463761.47,279.7383764416349,True
190261,19,2025-08-01,Office,30,673.27,"$216,191.56",Sold,C0533,216191.56,321.1067773701487,True
190296,19,2025-08-01,Apartment,35,1099.62,"$307,764.22",Sold,C1555,307764.22,279.882341172405,True
190317,19,2025-08-01,Apartment,38,1106.86,"$311,159.57",Sold,C1050,311159.57,281.11917496341005,True
190416,19,2025-08-01,Apartment,47,1126.37,"$364,901.73",Available,,364901.73,323.9625789039126,False
190421,19,2025-08-01,Office,49,1004.26,"$275,910.01",Sold,C0179,275910.01,274.7396192221138,True
200017,20,2025-08-01,Apartment,1,1898.39,"$583,901.51",Available,,583901.51,307.5772154299169,False
200024,20,2025-08-01,Apartment,2,1669.84,"$487,772.33",Sold,C0110,487772.33,292.10722584199686,True
200057,20,2025-08-01,Apartment,6,1401.0,"$450,265.88",Sold,C1691,450265.88,321.38892219842967,True
200161,20,2025-08-01,Office,18,1868.01,"$728,976.07",Sold,C0771,728976.07,390.24205973201424,True
200197,20,2025-08-01,Apartment,24,1188.07,"$388,613.06",Sold,C1980,388613.06,327.09609703131974,True
200220,20,2025-08-01,Office,27,993.62,"$354,812.31",Sold,C0239,354812.31,357.09054769428957,True
200252,20,2025-08-01,Apartment,30,1703.94,"$521,629.37",Available,,521629.37,306.1313015716516,False
200256,20,2025-08-01,Apartment,30,1703.94,"$616,263.98",Available,,616263.98,361.670000117375,False
200276,20,2025-08-01,Apartment,31,1414.44,"$426,764.59",Available,,426764.59,301.71982551398435,False
200285,20,2025-08-01,Apartment,32,1630.81,"$473,195.39",Sold,C0011,473195.39,290.15973044070125,True
200287,20,2025-08-01,Apartment,32,1630.81,"$443,461.13",Sold,C0987,443461.13,271.9269136196124,True
200293,20,2025-08-01,Apartment,32,1630.81,"$462,252.41",Sold,C0937,462252.41,283.4495802699272,True
200313,20,2025-08-01,Apartment,34,858.93,"$257,252.42",Sold,C0006,257252.42,299.50335883017243,True
200318,20,2025-08-01,Apartment,34,858.93,"$216,920.25",Available,,216920.25,252.54706437078693,False
200322,20,2025-08-01,Apartment,36,1484.99,"$456,715.62",Available,,456715.62,307.55467713587296,False
200326,20,2025-08-01,Apartment,36,1484.99,"$528,385.57",Sold,C0197,528385.57,355.8175947312776,True
200327,20,2025-08-01,Apartment,36,1484.99,"$446,810.74",Sold,C0466,446810.74,300.88467935811013,True
200361,20,2025-08-01,Apartment,39,1106.36,"$341,599.16",Sold,C0773,341599.16,308.75949962037674,True
200440,20,2025-08-01,Apartment,49,880.76,"$298,569.27",Available,,298569.27,338.99049684363507,False
200469,20,2025-08-01,Apartment,53,1119.38,"$380,365.78",Sold,C1505,380365.78,339.80040736836463,True
200470,20,2025-08-01,Office,53,1119.38,"$400,533.14",Available,,400533.14,357.81695224141936,False
200487,20,2025-08-01,Apartment,56,1333.01,"$386,928.92",Sold,C0778,386928.92,290.26707976684344,True
200490,20,2025-08-01,Apartment,57,445.15,"$138,157.57",Sold,C0326,138157.57,310.3618330899697,True
1038,1,2025-09-01,Apartment,38,743.09,"$207,581.43",Sold,C0011,207581.43,279.3489752250737,True
2017,2,2025-09-01,Apartment,17,747.5,"$199,054.20",Sold,C0045,199054.2,266.2932441471572,True
2023,2,2025-09-01,Apartment,23,723.83,"$219,373.41",Sold,C0080,219373.41,303.07311108962045,True
2045,2,2025-09-01,Apartment,45,1603.99,"$538,271.74",Available,,538271.74,335.58297744998407,False
2047,2,2025-09-01,Apartment,47,649.8,"$214,631.68",Sold,C0010,214631.68,330.30421668205605,True
3037,3,2025-09-01,Apartment,37,720.81,"$204,808.16",Sold,C0105,204808.16,284.13612463756056,True
5011,5,2025-09-01,Apartment,11,798.5,"$230,943.38",Available,,230943.38,289.2215153412649,False
5013,5,2025-09-01,Apartment,13,618.38,"$188,743.11",Sold,C0029,188743.11,305.2218862188298,True
5017,5,2025-09-01,Apartment,17,798.28,"$273,165.58",Available,,273165.58,342.19268928195623,False
5028,5,2025-09-01,Apartment,28,798.28,"$223,577.32",Sold,C0026,223577.32,280.0738086886807,True
5036,5,2025-09-01,Apartment,36,1057.92,"$286,433.57",Sold,C0081,286433.57,270.7516352843315,True
10022,1,2025-09-01,Office,3,788.73,"$220,227.16",Available,,220227.16,279.21742548147023,False
10030,1,2025-09-01,Apartment,3,788.73,"$278,953.11",Available,,278953.11,353.67376668822027,False
10079,1,2025-09-01,Office,10,1439.52,"$532,913.83",Sold,C1058,532913.83,370.20244942758694,True
10110,1,2025-09-01,Office,14,1181.69,"$376,550.87",Sold,C0160,376550.87,318.65452868349564,True
10228,1,2025-09-01,Office,26,828.98,"$287,610.63",Sold,C0707,287610.63,346.94519771285195,True
10272,1,2025-09-01,Apartment,30,753.29,"$249,704.13",Sold,C1893,249704.13,331.4847269975707,True
10316,1,2025-09-01,Apartment,34,1469.14,"$425,898.83",Available,,425898.83,289.89669466490597,False
10326,1,2025-09-01,Apartment,34,1469.14,"$461,784.12",Sold,C0413,461784.12,314.3227466408919,True
10363,1,2025-09-01,Apartment,40,784.22,"$242,457.71",Available,,242457.71,309.1705261278723,False
10365,1,2025-09-01,Apartment,40,784.22,"$205,607.66",Available,,205607.66,262.18109714110835,False
10377,1,2025-09-01,Apartment,42,800.21,"$263,780.66",Available,,263780.66,329.6392946851451,False
20049,2,2025-09-01,Office,5,933.95,"$360,598.52",Sold,C1906,360598.52,386.10045505648054,True
20091,2,2025-09-01,Apartment,11,1625.05,"$494,131.44",Sold,C0367,494131.44,304.071530106766,True
20122,2,2025-09-01,Apartment,15,1603.33,"$523,765.32",Sold,C1263,523765.32,326.6734359115092,True
20172,2,2025-09-01,Apartment,20,727.55,"$226,753.78",Sold,C0559,226753.78,311.6676242182668,True
20226,2,2025-09-01,Apartment,25,943.48,"$255,615.79",Sold,C0452,255615.79,270.9286789333107,True
20274,2,2025-09-01,Apartment,32,925.63,"$243,341.83",Sold,C0070,243341.83,262.8931970657822,True
20427,2,2025-09-01,Apartment,49,1617.9,"$487,369.99",Available,,487369.99,301.2361641634217,False
20443,2,2025-09-01,Apartment,51,699.31,"$208,699.33",Available,,208699.33,298.43607270023307,False
20493,2,2025-09-01,Apartment,57,789.52,"$206,465.91",Sold,C0888,206465.91,261.50814418887427,True
30013,3,2025-09-01,Apartment,1,689.75,"$179,465.84",Sold,C0392,179465.84,260.18969191736136,True
30027,3,2025-09-01,Apartment,3,783.65,"$252,745.06",Sold,C1480,252745.06,322.52288649269445,True
30038,3,2025-09-01,Apartment,4,719.96,"$212,345.96",Sold,C1466,212345.96,294.94133007389297,True
30042,3,2025-09-01,Apartment,4,719.96,"$213,815.06",Sold,C0023,213815.06,296.98186010333905,True
30076,3,2025-09-01,Apartment,7,744.01,"$249,430.34",Sold,C0764,249430.34,335.2513272671066,True
30144,3,2025-09-01,Apartment,14,788.59,"$220,098.68",Available,,220098.68,279.1040718243954,False
30309,3,2025-09-01,Apartment,38,1173.4,"$302,431.34",Sold,C0958,302431.34,257.73933867393896,True
30343,3,2025-09-01,Apartment,41,965.5,"$231,119.17",Available,,231119.17,239.37770067322631,False
30369,3,2025-09-01,Office,46,1599.81,"$485,150.67",Sold,C0767,485150.67,303.25518030266096,True
30378,3,2025-09-01,Apartment,46,1599.81,"$561,232.25",Sold,C1096,561232.25,350.81181515304945,True
30463,3,2025-09-01,Apartment,55,688.14,"$211,696.98",Sold,C0963,211696.98,307.6364983869562,True
40028,4,2025-09-01,Apartment,3,1630.82,"$424,592.34",Available,,424592.34,260.3551219631842,False
40124,4,2025-09-01,Office,14,1322.66,"$482,940.68",Sold,C1879,482940.68,365.1283625421499,True
40163,4,2025-09-01,Apartment,20,1609.62,"$413,239.73",Sold,C1678,413239.73,256.73123470135806,True
40184,4,2025-09-01,Apartment,22,737.92,"$213,975.95",Sold,C0224,213975.95,289.97174490459673,True
40246,4,2025-09-01,Office,29,776.79,"$221,054.54",Sold,C0187,221054.54,284.5743894746328,True
40247,4,2025-09-01,Apartment,29,776.79,"$243,387.09",Sold,C1390,243387.09,313.32418028038467,True
40282,4,2025-09-01,Apartment,33,734.73,"$217,580.04",Available,,217580.04,296.13604997754277,False
40289,4,2025-09-01,Apartment,33,734.73,"$232,019.84",Available,,232019.84,315.7892559171396,False
40290,4,2025-09-01,Apartment,34,795.1,"$235,414.26",Sold,C1615,235414.26,296.0813231040121,True
40315,4,2025-09-01,Apartment,38,800.08,"$242,361.50",Sold,C1943,242361.5,302.9215828417158,True
40327,4,2025-09-01,Office,39,743.73,"$231,462.78",Available,,231462.78,311.2188294139002,False
40369,4,2025-09-01,Apartment,44,799.67,"$272,403.71",Available,,272403.71,340.6451536258707,False
40431,4,2025-09-01,Apartment,50,791.37,"$229,012.23",Sold,C0184,229012.23,289.387050305167,True
50024,5,2025-09-01,Apartment,5,821.43,"$236,976.12",Available,,236976.12,288.49216610058073,False
50033,5,2025-09-01,Apartment,8,782.15,"$216,845.11",Available,,216845.11,277.24235760404014,False
50049,5,2025-09-01,Apartment,8,782.15,"$223,045.28",Sold,C0869,223045.28,285.16944320143193,True
50094,5,2025-09-01,Apartment,11,1058.56,"$298,413.06",Sold,C1348,298413.06,281.9047196191052,True
50191,5,2025-09-01,Apartment,24,807.02,"$215,336.92",Available,,215336.92,266.82971921389804,False
50207,5,2025-09-01,Apartment,27,1278.6,"$371,396.41",Sold,C0269,371396.41,290.47114813076803,True
50225,5,2025-09-01,Apartment,30,794.93,"$230,930.79",Available,,230930.79,290.50456014995035,False
50271,5,2025-09-01,Apartment,36,627.56,"$209,904.27",Sold,C0784,209904.27,334.4768149658997,True
50317,5,2025-09-01,Office,41,630.83,"$196,059.27",Sold,C0769,196059.27,310.79572943582264,True
50326,5,2025-09-01,Apartment,42,791.2,"$241,447.03",Sold,C0920,241447.03,305.16560920121333,True
50351,5,2025-09-01,Office,44,806.03,"$241,818.73",Sold,C0252,241818.73,300.01207151098595,True
50365,5,2025-09-01,Apartment,44,806.03,"$245,566.63",Sold,C0722,245566.63,304.66189844050473,True
50384,5,2025-09-01,Apartment,46,1272.95,"$398,094.90",Sold,C0955,398094.9,312.7341215287325,True
50419,5,2025-09-01,Apartment,48,788.04,"$231,915.89",Sold,C1145,231915.89,294.29456626567185,True
50450,5,2025-09-01,Apartment,52,1755.18,"$544,798.52",Available,,544798.52,310.3946717715562,False
60068,6,2025-09-01,Apartment,6,951.22,"$286,118.59",Sold,C1936,286118.59,300.791183953239,True
60069,6,2025-09-01,Apartment,6,951.22,"$363,203.22",Sold,C1436,363203.22,381.82883034418956,True
60084,6,2025-09-01,Apartment,7,1075.42,"$296,209.13",Sold,C0921,296209.13,275.4357646314928,True
60168,6,2025-09-01,Apartment,14,1890.0,"$605,691.78",Sold,C0196,605691.78,320.47184126984126,True
60194,6,2025-09-01,Apartment,19,1542.71,"$440,465.95",Sold,C1125,440465.95,285.514419430742,True
60234,6,2025-09-01,Office,22,1656.54,"$570,834.48",Available,,570834.48,344.59444384077653,False
60261,6,2025-09-01,Apartment,27,830.65,"$247,249.71",Available,,247249.71,297.6581111177993,False
60279,6,2025-09-01,Apartment,30,552.59,"$146,337.68",Available,,146337.68,264.821440851264,False
60342,6,2025-09-01,Apartment,38,698.21,"$218,381.46",Sold,C0901,218381.46,312.77332034774633,True
60437,6,2025-09-01,Apartment,51,1476.63,"$426,236.07",Sold,C1324,426236.07,288.65461896345056,True
60460,6,2025-09-01,Apartment,53,1170.96,"$343,958.66",Available,,343958.66,293.7407426385188,False
60466,6,2025-09-01,Apartment,55,562.37,"$166,982.01",Sold,C1816,166982.01,296.92552945569645,True
60471,6,2025-09-01,Apartment,55,562.37,"$168,397.84",Available,,168397.84,299.4431424151359,False
70028,7,2025-09-01,Office,5,1144.09,"$355,112.08",Available,,355112.08,310.38823868751587,False
70054,7,2025-09-01,Apartment,9,926.11,"$255,729.49",Sold,C0656,255729.49,276.132953968751,True
70066,7,2025-09-01,Apartment,10,1495.37,"$420,829.52",Available,,420829.52,281.4216682158931,False
70086,7,2025-09-01,Office,12,804.65,"$302,130.61",Sold,C0160,302130.61,375.48078046355556,True
70130,7,2025-09-01,Apartment,15,602.92,"$183,586.48",Available,,183586.48,304.4955881377297,False
70168,7,2025-09-01,Apartment,19,751.07,"$246,114.84",Available,,246114.84,327.6856218461661,False
70204,7,2025-09-01,Apartment,23,1222.69,"$369,051.44",Sold,C1220,369051.44,301.8356574438329,True
70213,7,2025-09-01,Apartment,24,852.99,"$229,590.00",Sold,C1966,229590.0,269.15907572187245,True
70307,7,2025-09-01,Apartment,36,1748.75,"$493,983.79",Available,,493983.79,282.4782215868477,False
70340,7,2025-09-01,Apartment,41,1093.92,"$324,550.90",Sold,C1665,324550.9,296.6861379259909,True
70383,7,2025-09-01,Apartment,43,498.61,"$172,980.65",Sold,C1699,172980.65,346.92575359499403,True
70391,7,2025-09-01,Apartment,44,1859.83,"$571,612.79",Sold,C0906,571612.79,307.34679513719,True
70499,7,2025-09-01,Apartment,58,1629.83,"$555,539.40",Sold,C1239,555539.4,340.8572673223588,True
80012,8,2025-09-01,Apartment,2,1097.36,"$363,317.92",Sold,C0289,363317.92,331.08361886709923,True
80024,8,2025-09-01,Apartment,3,1736.05,"$488,649.27",Sold,C0647,488649.27,281.4718873304341,True
80027,8,2025-09-01,Office,4,1934.75,"$446,111.45",Available,,446111.45,230.5783434552268,False
80034,8,2025-09-01,Apartment,4,1934.75,"$656,465.40",Sold,C0433,656465.4,339.30244217599176,True
80035,8,2025-09-01,Apartment,4,1934.75,"$521,645.72",Sold,C1535,521645.72,269.61918594133607,True
80054,8,2025-09-01,Apartment,5,887.23,"$232,394.64",Sold,C1831,232394.64,261.932802091904,True
80063,8,2025-09-01,Apartment,6,1370.17,"$469,840.05",Available,,469840.05,342.906391177737,False
80079,8,2025-09-01,Apartment,9,1869.81,"$500,403.51",Sold,C0828,500403.51,267.62265149935024,True
80107,8,2025-09-01,Apartment,14,685.93,"$197,151.66",Sold,C0452,197151.66,287.42241919729423,True
80135,8,2025-09-01,Apartment,16,424.09,"$140,340.38",Sold,C1232,140340.38,330.9212195524535,True
80155,8,2025-09-01,Apartment,20,774.16,"$275,316.35",Available,,275316.35,355.63236281905546,False
80185,8,2025-09-01,Apartment,26,1625.38,"$474,524.95",Sold,C1853,474524.95,291.9470831436341,True
80199,8,2025-09-01,Apartment,28,1431.61,"$478,575.29",Sold,C0481,478575.29,334.2916646293334,True
80244,8,2025-09-01,Apartment,31,1253.18,"$321,563.69",Available,,321563.69,256.59816626502175,False
80251,8,2025-09-01,Apartment,31,1253.18,"$333,106.92",Available,,333106.92,265.8093170973044,False
80323,8,2025-09-01,Office,37,890.65,"$284,007.79",Sold,C1034,284007.79,318.8769887161062,True
80336,8,2025-09-01,Apartment,37,890.65,"$268,246.04",Sold,C0709,268246.04,301.18008196261155,True
80359,8,2025-09-01,Apartment,43,1490.59,"$435,769.25",Available,,435769.25,292.34682239918425,False
80361,8,2025-09-01,Apartment,43,1490.59,"$401,888.63",Sold,C1209,401888.63,269.61715159768954,True
80369,8,2025-09-01,Apartment,44,1862.29,"$575,087.19",Sold,C0566,575087.19,308.80646408454106,True
80375,8,2025-09-01,Apartment,45,1185.72,"$378,736.96",Available,,378736.96,319.41517390277636,False
80381,8,2025-09-01,Apartment,46,1175.51,"$344,735.03",Sold,C1448,344735.03,293.264225740317,True
80408,8,2025-09-01,Apartment,47,543.08,"$160,847.73",Sold,C1350,160847.73,296.17686160418356,True
80454,8,2025-09-01,Apartment,53,1891.72,"$525,056.67",Available,,525056.67,277.55517201277144,False
80460,8,2025-09-01,Apartment,54,1699.02,"$405,434.95",Sold,C0653,405434.95,238.62870949135385,True
90006,9,2025-09-01,Office,1,832.35,"$198,227.17",Available,,198227.17,238.15362527782784,False
90036,9,2025-09-01,Apartment,7,697.68,"$224,080.17",Sold,C0164,224080.17,321.1790075679395,True
90062,9,2025-09-01,Apartment,11,559.6,"$165,924.85",Available,,165924.85,296.5061651179414,False
90083,9,2025-09-01,Apartment,12,952.38,"$326,073.50",Sold,C0761,326073.5,342.3775173775174,True
90087,9,2025-09-01,Apartment,14,1445.3,"$390,369.60",Sold,C0387,390369.6,270.0958970455961,True
90117,9,2025-09-01,Apartment,18,860.97,"$224,360.63",Available,,224360.63,260.59053160969603,False
90134,9,2025-09-01,Apartment,21,1261.65,"$394,654.70",Sold,C0937,394654.7,312.8083858439345,True
90153,9,2025-09-01,Office,24,914.61,"$300,464.18",Sold,C1579,300464.18,328.51617629372083,True
90269,9,2025-09-01,Apartment,35,1376.88,"$381,682.42",Available,,381682.42,277.2081953401894,False
90282,9,2025-09-01,Apartment,35,1376.88,"$383,351.87",Sold,C1712,383351.87,278.4206829934344,True
90289,9,2025-09-01,Apartment,36,1582.79,"$494,203.69",Sold,C0451,494203.69,312.23579249300286,True
90296,9,2025-09-01,Apartment,36,1582.79,"$408,331.77",Sold,C0103,408331.77,257.9822781291264,True
90321,9,2025-09-01,Apartment,38,1260.31,"$370,756.27",Sold,C1937,370756.27,294.17863065436285,True
90330,9,2025-09-01,Office,39,1839.34,"$601,818.29",Sold,C0778,601818.29,327.19252014309484,True
90392,9,2025-09-01,Apartment,46,662.32,"$173,976.30",Sold,C0101,173976.3,262.6771047227926,True
90412,9,2025-09-01,Apartment,53,599.72,"$176,684.39",Sold,C0968,176684.39,294.6114686853865,True
90457,9,2025-09-01,Apartment,56,1516.4,"$407,901.41",Sold,C1191,407901.41,268.99328013716695,True
90458,9,2025-09-01,Apartment,56,1516.4,"$497,579.57",Sold,C0699,497579.57,328.1321353204959,True
90519,9,2025-09-01,Office,59,1697.13,"$501,931.04",Available,,501931.04,295.75285334653205,False
100024,10,2025-09-01,Apartment,4,1765.37,"$584,091.39",Sold,C1879,584091.39,330.86060712485204,True
100044,10,2025-09-01,Office,5,1741.96,"$606,790.94",Sold,C1225,606790.94,348.33804450159585,True
100117,10,2025-09-01,Apartment,15,1948.32,"$624,932.71",Sold,C1569,624932.71,320.75465529276505,True
100136,10,2025-09-01,Apartment,17,647.35,"$164,061.74",Available,,164061.74,253.43591565613653,False
100229,10,2025-09-01,Apartment,28,1606.58,"$470,763.27",Sold,C1877,470763.27,293.02199081278246,True
100238,10,2025-09-01,Apartment,28,1606.58,"$448,491.59",Sold,C0626,448491.59,279.15920153369274,True
100243,10,2025-09-01,Apartment,30,1559.4,"$522,829.28",Sold,C0342,522829.28,335.2759266384507,True
100306,10,2025-09-01,Apartment,36,1920.65,"$734,629.38",Sold,C1801,734629.38,382.48997995470285,True
100313,10,2025-09-01,Apartment,37,1177.85,"$377,522.43",Sold,C0552,377522.43,320.5182578426795,True
100376,10,2025-09-01,Apartment,44,1224.71,"$318,066.48",Sold,C0741,318066.48,259.70758791877256,True
110018,11,2025-09-01,Apartment,2,938.0,"$315,840.26",Sold,C1747,315840.26,336.71669509594886,True
110026,11,2025-09-01,Apartment,3,1479.84,"$424,586.91",Sold,C0742,424586.91,286.9140650340577,True
110029,11,2025-09-01,Apartment,3,1479.84,"$421,407.86",Sold,C1233,421407.86,284.7658260352471,True
110044,11,2025-09-01,Apartment,5,1723.2,"$437,454.23",Available,,437454.23,253.86155408542245,False
110055,11,2025-09-01,Apartment,6,1724.08,"$448,213.48",Available,,448213.48,259.97255347779685,False
110057,11,2025-09-01,Apartment,6,1724.08,"$558,548.42",Sold,C1159,558548.42,323.968968957357,True
110109,11,2025-09-01,Apartment,13,474.93,"$144,215.29",Sold,C1538,144215.29,303.6558861305877,True
110136,11,2025-09-01,Apartment,14,524.68,"$170,391.72",Available,,170391.72,324.753602195624,False
110153,11,2025-09-01,Apartment,16,1829.02,"$523,992.65",Sold,C1598,523992.65,286.4882013318608,True
110155,11,2025-09-01,Apartment,16,1829.02,"$522,680.38",Available,,522680.38,285.77072968037527,False
110199,11,2025-09-01,Apartment,23,1098.83,"$322,054.98",Sold,C0999,322054.98,293.08899465795434,True
110214,11,2025-09-01,Apartment,25,1802.24,"$606,301.47",Sold,C1608,606301.47,336.4154996004971,True
110217,11,2025-09-01,Apartment,26,490.37,"$159,048.20",Available,,159048.2,324.34325101454004,False
110243,11,2025-09-01,Apartment,29,993.51,"$308,764.15",Sold,C1892,308764.15,310.78111946533,True
110283,11,2025-09-01,Apartment,34,680.07,"$175,245.96",Sold,C0953,175245.96,257.68812034055316,True
110304,11,2025-09-01,Apartment,37,1368.16,"$434,958.41",Sold,C1277,434958.41,317.9148710677113,True
110361,11,2025-09-01,Apartment,43,810.65,"$278,982.99",Sold,C1928,278982.99,344.1472768765805,True
110368,11,2025-09-01,Apartment,43,810.65,"$220,011.39",Available,,220011.39,271.4012089064331,False
110376,11,2025-09-01,Apartment,44,434.38,"$120,422.49",Available,,120422.49,277.2284405359363,False
110410,11,2025-09-01,Apartment,49,1095.85,"$336,852.89",Available,,336852.89,307.3895971163937,False
110415,11,2025-09-01,Apartment,49,1095.85,"$373,735.42",Sold,C1936,373735.42,341.04614682666426,True
110424,11,2025-09-01,Apartment,50,948.72,"$320,784.87",Sold,C0229,320784.87,338.12386162408296,True
110487,11,2025-09-01,Office,57,1008.58,"$326,458.14",Available,,326458.14,323.6809573856313,False
110496,11,2025-09-01,Apartment,58,1159.31,"$341,227.90",Sold,C1217,341227.9,294.33706256307636,True
110554,11,2025-09-01,Apartment,65,1427.09,"$477,228.50",Sold,C0159,477228.5,334.40672977878063,True
120024,12,2025-09-01,Apartment,3,1469.27,"$417,320.08",Available,,417320.08,284.03226091868754,False
120125,12,2025-09-01,Apartment,15,1456.98,"$383,938.86",Available,,383938.86,263.5169048305399,False
120141,12,2025-09-01,Apartment,16,1523.02,"$381,756.88",Sold,C0564,381756.88,250.6578245853633,True
120147,12,2025-09-01,Apartment,17,1428.55,"$438,596.72",Sold,C1430,438596.72,307.02230933464,True
120154,12,2025-09-01,Apartment,17,1428.55,"$426,820.06",Sold,C1257,426820.06,298.77852367785516,True
120174,12,2025-09-01,Apartment,19,1381.22,"$414,089.58",Sold,C0237,414089.58,299.79987257641795,True
120177,12,2025-09-01,Apartment,19,1381.22,"$452,685.90",Sold,C1469,452685.9,327.7435166012656,True
120202,12,2025-09-01,Apartment,23,1094.46,"$327,725.79",Available,,327725.79,299.4406282550298,False
120207,12,2025-09-01,Apartment,23,1094.46,"$278,334.73",Sold,C0763,278334.73,254.31238236207807,True
120219,12,2025-09-01,Office,24,1306.75,"$372,374.04",Available,,372374.04,284.9619590587335,False
120234,12,2025-09-01,Apartment,24,1306.75,"$345,446.82",Sold,C0686,345446.82,264.3557069064473,True
120242,12,2025-09-01,Apartment,26,557.9,"$163,333.44",Available,,163333.44,292.7647248610862,False
120284,12,2025-09-01,Office,31,1245.29,"$328,706.37",Sold,C1207,328706.37,263.95969613503684,True
120286,12,2025-09-01,Office,32,1906.38,"$616,227.01",Sold,C0441,616227.01,323.24458397591246,True
120317,12,2025-09-01,Apartment,35,1690.62,"$499,070.64",Sold,C0254,499070.64,295.19977286439297,True
120404,12,2025-09-01,Apartment,47,1528.05,"$410,756.82",Sold,C1117,410756.82,268.8111122018259,True
130041,13,2025-09-01,Apartment,3,979.64,"$385,396.18",Available,,385396.18,393.40592462537256,False
130080,13,2025-09-01,Apartment,10,1314.38,"$330,914.17",Sold,C0428,330914.17,251.7644592887901,True
130094,13,2025-09-01,Apartment,11,1678.3,"$460,427.59",Sold,C0950,460427.59,274.34164928797,True
130106,13,2025-09-01,Apartment,13,585.77,"$195,626.05",Sold,C1974,195626.05,333.9639278214999,True
130125,13,2025-09-01,Apartment,15,458.29,"$146,853.21",Available,,146853.21,320.4372995265007,False
130130,13,2025-09-01,Apartment,15,458.29,"$118,024.61",Sold,C0668,118024.61,257.53258853564336,True
130141,13,2025-09-01,Apartment,16,1772.88,"$537,026.67",Sold,C0589,537026.67,302.9120245025044,True
130147,13,2025-09-01,Apartment,17,1278.95,"$352,647.72",Sold,C0120,352647.72,275.7322178349427,True
130157,13,2025-09-01,Apartment,18,1820.34,"$539,968.61",Sold,C0035,539968.61,296.6306349363306,True
130214,13,2025-09-01,Apartment,24,1044.69,"$296,391.37",Sold,C0659,296391.37,283.7122687112923,True
130289,13,2025-09-01,Apartment,32,1114.07,"$335,123.96",Sold,C0037,335123.96,300.8105056235246,True
130321,13,2025-09-01,Apartment,36,1061.26,"$273,674.59",Sold,C0538,273674.59,257.8770423835818,True
130375,13,2025-09-01,Apartment,41,1168.7,"$354,539.92",Sold,C1811,354539.92,303.3626422520749,True
130500,13,2025-09-01,Apartment,58,1115.72,"$351,636.29",Sold,C1891,351636.29,315.16535510701607,True
130517,13,2025-09-01,Apartment,60,1401.81,"$413,675.38",Sold,C0341,413675.38,295.1008909909332,True
130571,13,2025-09-01,Apartment,67,524.97,"$165,302.78",Sold,C1411,165302.78,314.8804312627388,True
130574,13,2025-09-01,Apartment,67,524.97,"$147,982.80",Available,,147982.8,281.8881078918795,False
130589,13,2025-09-01,Apartment,68,1590.69,"$459,757.05",Available,,459757.05,289.02994926729906,False
140009,14,2025-09-01,Apartment,2,922.7,"$270,218.56",Sold,C1218,270218.56,292.8563563455077,True
140026,14,2025-09-01,Apartment,5,424.34,"$113,550.95",Sold,C1715,113550.95,267.594264033558,True
140122,14,2025-09-01,Apartment,13,442.74,"$97,402.80",Sold,C1767,97402.8,220.0,True
140179,14,2025-09-01,Office,19,1554.83,"$484,864.24",Sold,C1997,484864.24,311.84389290147476,True
140182,14,2025-09-01,Office,20,1224.91,"$347,553.21",Available,,347553.21,283.7377521613833,False
140214,14,2025-09-01,Apartment,23,1610.37,"$520,595.39",Sold,C0141,520595.39,323.2768804684638,True
140222,14,2025-09-01,Office,23,1610.37,"$602,366.78",Sold,C0117,602366.78,374.05489421685706,True
140231,14,2025-09-01,Office,25,586.85,"$165,942.65",Available,,165942.65,282.76842464002726,False
140298,14,2025-09-01,Apartment,34,513.06,"$134,277.54",Sold,C0143,134277.54,261.7189802362297,True
140330,14,2025-09-01,Apartment,39,1811.84,"$512,102.89",Sold,C0531,512102.89,282.64244635287884,True
140342,14,2025-09-01,Apartment,40,532.44,"$164,304.60",Sold,C1794,164304.6,308.5880099166103,True
140421,14,2025-09-01,Office,51,1346.3,"$429,949.07",Available,,429949.07,319.35606477011066,False
140464,14,2025-09-01,Apartment,55,1415.9,"$397,913.16",Sold,C1866,397913.16,281.0319655342891,True
140470,14,2025-09-01,Apartment,55,1415.9,"$407,908.02",Sold,C1686,407908.02,288.09098100148316,True
140473,14,2025-09-01,Office,55,1415.9,"$427,279.83",Available,,427279.83,301.77260399745745,False
150005,15,2025-09-01,Apartment,1,1596.51,"$531,573.93",Sold,C1656,531573.93,332.9599751958961,True
150027,15,2025-09-01,Apartment,3,748.99,"$229,851.21",Sold,C1447,229851.21,306.8815471501622,True
150060,15,2025-09-01,Office,9,565.48,"$139,259.70",Sold,C1505,139259.7,246.26812619367618,True
150083,15,2025-09-01,Apartment,13,653.54,"$204,178.47",Available,,204178.47,312.419239832298,False
150087,15,2025-09-01,Apartment,14,1832.17,"$609,798.92",Sold,C0503,609798.92,332.8287877216634,True
150114,15,2025-09-01,Apartment,16,1692.61,"$533,937.17",Sold,C1386,533937.17,315.45197653328296,True
150134,15,2025-09-01,Apartment,17,562.64,"$152,674.09",Sold,C1516,152674.09,271.3530676809327,True
150169,15,2025-09-01,Apartment,22,1317.29,"$409,770.80",Available,,409770.8,311.0710625602563,False
150244,15,2025-09-01,Office,29,1748.18,"$536,330.79",Sold,C0349,536330.79,306.7938026976627,True
150260,15,2025-09-01,Apartment,30,1523.22,"$476,279.51",Sold,C1345,476279.51,312.6793962789354,True
150276,15,2025-09-01,Apartment,33,958.02,"$279,656.80",Available,,279656.8,291.9112335859377,False
150289,15,2025-09-01,Apartment,35,745.49,"$212,067.21",Sold,C1972,212067.21,284.46687413647396,True
150345,15,2025-09-01,Apartment,40,982.37,"$299,936.94",Sold,C0024,299936.94,305.3197267831876,True
150375,15,2025-09-01,Apartment,48,1403.33,"$380,538.08",Available,,380538.08,271.16792201406656,False
150376,15,2025-09-01,Apartment,48,1403.33,"$448,225.53",Sold,C0912,448225.53,319.4013738749974,True
150427,15,2025-09-01,Apartment,53,696.04,"$203,666.47",Sold,C1108,203666.47,292.6074219872421,True
150458,15,2025-09-01,Apartment,56,939.93,"$307,358.80",Sold,C1823,307358.8,327.00179800623454,True
150485,15,2025-09-01,Office,58,1750.89,"$489,878.14",Sold,C0729,489878.14,279.7880734940516,True
150519,15,2025-09-01,Apartment,60,1033.2,"$302,297.34",Sold,C0089,302297.34,292.5835656213705,True
160007,16,2025-09-01,Apartment,1,637.07,"$194,331.44",Available,,194331.44,305.03938342725286,False
160040,16,2025-09-01,Office,5,749.15,"$232,742.76",Sold,C0654,232742.76,310.67577921644533,True
160042,16,2025-09-01,Apartment,5,749.15,"$211,606.59",Sold,C1315,211606.59,282.46224387639325,True
160065,16,2025-09-01,Apartment,8,986.18,"$322,278.90",Sold,C1857,322278.9,326.79520979942816,True
160083,16,2025-09-01,Apartment,9,1524.04,"$540,445.52",Sold,C0819,540445.52,354.61373717225274,True
160144,16,2025-09-01,Apartment,18,1432.77,"$425,215.73",Available,,425215.73,296.77877817095555,False
160153,16,2025-09-01,Apartment,19,1163.06,"$344,081.34",Sold,C1384,344081.34,295.84143552353277,True
160184,16,2025-09-01,Office,23,594.14,"$195,445.31",Sold,C0357,195445.31,328.9549769414616,True
160230,16,2025-09-01,Apartment,28,1440.71,"$400,797.41",Available,,400797.41,278.1943694428441,False
160276,16,2025-09-01,Apartment,33,881.17,"$295,574.91",Sold,C1252,295574.91,335.43460399241917,True
160307,16,2025-09-01,Apartment,35,629.97,"$203,347.49",Sold,C0652,203347.49,322.78916456339186,True
160309,16,2025-09-01,Office,36,810.94,"$245,584.15",Available,,245584.15,302.83886600734945,False
160358,16,2025-09-01,Apartment,42,1496.62,"$441,789.19",Sold,C0886,441789.19,295.1912910424824,True
170022,17,2025-09-01,Apartment,2,1738.5,"$584,321.85",Sold,C1599,584321.85,336.106902502157,True
170031,17,2025-09-01,Apartment,2,1738.5,"$555,067.12",Sold,C1147,555067.12,319.27933275812484,True
170064,17,2025-09-01,Apartment,8,1297.3,"$361,032.68",Sold,C0671,361032.68,278.29544438449085,True
170075,17,2025-09-01,Apartment,10,1059.07,"$364,946.76",Sold,C1938,364946.76,344.5917267036174,True
170085,17,2025-09-01,Apartment,10,1059.07,"$282,677.95",Available,,282677.95,266.91148838131573,False
170135,17,2025-09-01,Apartment,15,1365.73,"$408,030.78",Sold,C1313,408030.78,298.7638698717902,True
170139,17,2025-09-01,Office,16,1693.0,"$492,913.41",Sold,C1153,492913.41,291.14790903721206,True
170142,17,2025-09-01,Apartment,16,1693.0,"$548,632.28",Available,,548632.28,324.05923213230955,False
170144,17,2025-09-01,Office,16,1693.0,"$545,423.83",Sold,C0309,545423.83,322.1641051388068,True
170165,17,2025-09-01,Apartment,17,1827.25,"$532,459.61",Sold,C0545,532459.61,291.399430838692,True
170366,17,2025-09-01,Office,46,1582.61,"$605,190.49",Sold,C0447,605190.49,382.4002691756023,True
170380,17,2025-09-01,Apartment,47,1106.83,"$403,444.27",Available,,403444.27,364.5042779830688,False
170401,17,2025-09-01,Office,48,1833.96,"$578,194.07",Sold,C0526,578194.07,315.2708183384588,True
170419,17,2025-09-01,Office,48,1833.96,"$573,266.03",Sold,C0877,573266.03,312.58371502104734,True
180021,18,2025-09-01,Apartment,3,524.48,"$158,850.09",Sold,C1563,158850.09,302.8715870957901,True
180037,18,2025-09-01,Office,4,1096.58,"$351,057.32",Sold,C0933,351057.32,320.1383574385818,True
180050,18,2025-09-01,Apartment,6,840.25,"$250,887.27",Sold,C0610,250887.27,298.5864564117822,True
180130,18,2025-09-01,Apartment,17,1195.81,"$325,517.91",Available,,325517.91,272.2154104749082,False
180158,18,2025-09-01,Apartment,21,1790.69,"$504,823.66",Available,,504823.66,281.9157196387984,False
180162,18,2025-09-01,Office,21,1790.69,"$429,013.25",Available,,429013.25,239.57985469288374,False
180167,18,2025-09-01,Apartment,22,1108.09,"$304,757.48",Sold,C1201,304757.48,275.0295373119512,True
180183,18,2025-09-01,Apartment,24,1417.31,"$384,011.41",Sold,C0870,384011.41,270.94383726919307,True
180187,18,2025-09-01,Office,25,911.94,"$263,752.65",Sold,C1462,263752.65,289.22149483518655,True
180205,18,2025-09-01,Apartment,26,1147.71,"$291,596.02",Sold,C1207,291596.02,254.06768260274808,True
180206,18,2025-09-01,Apartment,26,1147.71,"$277,216.89",Sold,C1927,277216.89,241.53914316334266,True
180358,18,2025-09-01,Apartment,40,990.46,"$347,614.42",Available,,347614.42,350.9626032348605,False
180363,18,2025-09-01,Apartment,40,990.46,"$272,054.89",Available,,272054.89,274.67529228843165,False
180386,18,2025-09-01,Apartment,43,937.7,"$226,894.78",Available,,226894.78,241.9694785112509,False
180393,18,2025-09-01,Apartment,44,1334.77,"$389,378.82",Sold,C0186,389378.82,291.7197869295834,True
180445,18,2025-09-01,Apartment,50,854.74,"$292,598.12",Sold,C0094,292598.12,342.3241219552144,True
180457,18,2025-09-01,Apartment,52,1424.54,"$313,398.80",Available,,313398.8,220.0,False
180487,18,2025-09-01,Apartment,54,1756.12,"$539,233.83",Available,,539233.83,307.0597852083001,False
180508,18,2025-09-01,Apartment,56,1311.59,"$413,424.87",Available,,413424.87,315.2089219954407,False
180587,18,2025-09-01,Apartment,68,1445.28,"$495,056.58",Sold,C1190,495056.58,342.53333610096314,True
190007,19,2025-09-01,Office,3,1468.68,"$462,830.35",Sold,C1969,462830.35,315.133555301359,True
190070,19,2025-09-01,Apartment,10,747.71,"$245,137.31",Available,,245137.31,327.85078439501945,False
190137,19,2025-09-01,Apartment,18,1599.44,"$464,113.69",Available,,464113.69,290.17261666583306,False
190155,19,2025-09-01,Apartment,20,1772.03,"$436,200.11",Sold,C0433,436200.11,246.15842282579865,True
190206,19,2025-09-01,Apartment,25,996.38,"$296,623.87",Sold,C0828,296623.87,297.7015496095867,True
190222,19,2025-09-01,Apartment,26,668.24,"$174,836.95",Available,,174836.95,261.63795941577877,False
190252,19,2025-09-01,Apartment,29,1657.84,"$584,357.04",Sold,C0341,584357.04,352.48096318100664,True
190259,19,2025-09-01,Apartment,29,1657.84,"$508,392.39",Sold,C1232,508392.39,306.65950272643926,True
190340,19,2025-09-01,Apartment,40,893.49,"$267,747.05",Available,,267747.05,299.6642939484493,False
190376,19,2025-09-01,Apartment,42,1137.59,"$325,270.28",Sold,C0697,325270.28,285.92927153016467,True
190417,19,2025-09-01,Apartment,47,1126.37,"$314,692.40",Available,,314692.4,279.3863472926304,False
190428,19,2025-09-01,Office,49,1004.26,"$306,188.54",Sold,C1918,306188.54,304.8897098360982,True
200015,20,2025-09-01,Apartment,1,1898.39,"$586,824.88",Sold,C1456,586824.88,309.11713609953694,True
200032,20,2025-09-01,Apartment,3,1645.93,"$500,222.50",Sold,C1407,500222.5,303.9148080416542,True
200034,20,2025-09-01,Apartment,3,1645.93,"$428,571.15",Sold,C0458,428571.15,260.3823674153822,True
200046,20,2025-09-01,Apartment,5,802.5,"$193,328.23",Sold,C1154,193328.23,240.90745171339566,True
200058,20,2025-09-01,Apartment,7,1757.4,"$570,187.06",Sold,C1552,570187.06,324.44922043928534,True
200072,20,2025-09-01,Office,8,1268.45,"$380,297.96",Sold,C1859,380297.96,299.8131262564547,True
200155,20,2025-09-01,Apartment,18,1868.01,"$550,183.00",Sold,C1475,550183.0,294.5289372112569,True
200200,20,2025-09-01,Apartment,24,1188.07,"$368,118.52",Available,,368118.52,309.84581716565526,False
200218,20,2025-09-01,Apartment,26,1941.62,"$529,272.37",Sold,C0812,529272.37,272.59317992192086,True
200226,20,2025-09-01,Apartment,28,463.13,"$154,194.36",Sold,C1157,154194.36,332.9396929587804,True
200286,20,2025-09-01,Apartment,32,1630.81,"$479,050.00",Sold,C1028,479050.0,293.7497317284049,True
200346,20,2025-09-01,Apartment,38,1499.47,"$387,508.03",Sold,C1282,387508.03,258.42999859950515,True
200389,20,2025-09-01,Apartment,43,1697.49,"$507,427.41",Available,,507427.41,298.9280702684552,False
200395,20,2025-09-01,Office,43,1697.49,"$579,807.82",Sold,C0109,579807.82,341.5677382488262,True
200467,20,2025-09-01,Apartment,52,1634.67,"$526,337.84",Sold,C0633,526337.84,321.9841558234995,True
990007,2,2025-09-01,Apartment,52,1615.29,"$461,464.99",Available,,461464.99,285.68553634331914,False
990010,3,2025-09-01,Apartment,31,1596.35,"$495,024.09",Available,,495024.09,310.09746609452816,False
990025,5,2025-09-01,Apartment,50,1074.71,"$365,868.78",Available,,365868.78,340.4348894120274,False
2005,2,2025-10-01,Apartment,5,785.48,"$257,183.48",Sold,C0073,257183.48,327.4220603961909,True
2022,2,2025-10-01,Apartment,22,1109.25,"$344,568.74",Sold,C0068,344568.74,310.63217489294567,True
3022,3,2025-10-01,Apartment,22,1137.44,"$354,553.23",Sold,C0059,354553.23,311.7115891827261,True
3041,3,2025-10-01,Apartment,41,781.07,"$239,248.75",Sold,C0019,239248.75,306.3089735875146,True
3052,3,2025-10-01,Apartment,52,923.21,"$291,494.36",Sold,C0057,291494.36,315.74003747793023,True
3054,3,2025-10-01,Apartment,54,781.07,"$200,719.02",Sold,C0095,200719.02,256.97955368916996,True
5019,5,2025-10-01,Apartment,19,618.38,"$153,466.71",Sold,C0135,153466.71,248.1754099421068,True
10055,1,2025-10-01,Apartment,7,758.88,"$194,960.28",Sold,C0441,194960.28,256.90528146742565,True
10080,1,2025-10-01,Apartment,10,1439.52,"$376,111.25",Available,,376111.25,261.27545987551406,False
10082,1,2025-10-01,Office,10,1439.52,"$411,692.78",Sold,C0335,411692.78,285.9930949205291,True
10091,1,2025-10-01,Apartment,12,621.14,"$177,556.15",Sold,C0013,177556.15,285.8552822230093,True
10107,1,2025-10-01,Office,14,1181.69,"$369,296.54",Sold,C1431,369296.54,312.51558361329955,True
10112,1,2025-10-01,Apartment,14,1181.69,"$335,715.04",Sold,C0194,335715.04,284.097385947245,True
10113,1,2025-10-01,Apartment,14,1181.69,"$345,800.05",Sold,C0663,345800.05,292.63178160092747,True
10210,1,2025-10-01,Apartment,24,1146.11,"$311,548.88",Sold,C1487,311548.88,271.8315693956078,True
10218,1,2025-10-01,Apartment,25,1154.92,"$274,518.10",Sold,C0696,274518.1,237.69447234440477,True
10234,1,2025-10-01,Apartment,27,725.12,"$208,024.42",Available,,208024.42,286.88275044130626,False
10274,1,2025-10-01,Office,30,753.29,"$263,983.27",Sold,C1249,263983.27,350.44042798922067,True
10349,1,2025-10-01,Apartment,38,1355.85,"$358,085.01",Sold,C1344,358085.01,264.1037061621861,True
10352,1,2025-10-01,Apartment,38,1355.85,"$472,614.44",Sold,C0684,472614.44,348.5742818158351,True
10355,1,2025-10-01,Apartment,38,1355.85,"$386,382.22",Sold,C0587,386382.22,284.9741638086809,True
10362,1,2025-10-01,Apartment,39,742.93,"$222,002.82",Sold,C1665,222002.82,298.82064259082284,True
10399,1,2025-10-01,Apartment,46,1153.16,"$362,593.45",Sold,C1618,362593.45,314.4346404661972,True
10407,1,2025-10-01,Office,47,771.08,"$261,411.51",Available,,261411.51,339.0199590185195,False
10419,1,2025-10-01,Apartment,49,629.24,"$176,063.64",Sold,C0857,176063.64,279.80363613247727,True
20024,2,2025-10-01,Apartment,3,645.84,"$217,462.85",Available,,217462.85,336.71319521863,False
20059,2,2025-10-01,Apartment,7,733.14,"$225,333.86",Sold,C1522,225333.86,307.3544752707532,True
20144,2,2025-10-01,Office,17,1397.4,"$553,392.84",Sold,C0261,553392.84,396.01605839416055,True
20151,2,2025-10-01,Apartment,17,1397.4,"$409,624.51",Sold,C0679,409624.51,293.1333261771862,True
20157,2,2025-10-01,Apartment,18,784.76,"$208,475.27",Sold,C0840,208475.27,265.6548116621642,True
20193,2,2025-10-01,Apartment,22,653.41,"$197,732.56",Sold,C0651,197732.56,302.61636644679453,True
20201,2,2025-10-01,Apartment,22,653.41,"$189,843.92",Sold,C0828,189843.92,290.54333420057856,True
20204,2,2025-10-01,Office,23,1416.33,"$567,444.09",Sold,C1275,567444.09,400.6439812755502,True
20229,2,2025-10-01,Apartment,26,1577.79,"$446,099.24",Sold,C1174,446099.24,282.7367647152029,True
20233,2,2025-10-01,Apartment,26,1577.79,"$512,979.13",Available,,512979.13,325.125099030923,False
20236,2,2025-10-01,Office,26,1577.79,"$493,737.03",Sold,C0539,493737.03,312.9294963208032,True
20311,2,2025-10-01,Apartment,36,641.72,"$194,714.91",Sold,C1728,194714.91,303.4265879199651,True
20321,2,2025-10-01,Apartment,38,710.81,"$216,079.00",Sold,C1084,216079.0,303.9898144370507,True
20340,2,2025-10-01,Apartment,41,654.93,"$236,630.24",Sold,C0072,236630.24,361.3061548562442,True
20342,2,2025-10-01,Apartment,41,654.93,"$202,522.58",Sold,C0188,202522.58,309.22782587452093,True
20351,2,2025-10-01,Office,42,786.45,"$213,128.24",Sold,C0775,213128.24,271.0003687456291,True
20375,2,2025-10-01,Apartment,45,782.2,"$262,249.92",Sold,C1457,262249.92,335.2722065967783,True
20424,2,2025-10-01,Apartment,48,788.44,"$219,968.35",Sold,C1130,219968.35,278.9918700218152,True
20439,2,2025-10-01,Office,51,699.31,"$189,593.20",Sold,C0315,189593.2,271.1146701748867,True
20485,2,2025-10-01,Apartment,56,722.22,"$241,503.00",Sold,C1859,241503.0,334.3897981224558,True
30032,3,2025-10-01,Office,4,719.96,"$219,505.52",Sold,C0954,219505.52,304.885715873104,True
30071,3,2025-10-01,Office,7,744.01,"$229,701.65",Sold,C1200,229701.65,308.73462722275235,True
30080,3,2025-10-01,Apartment,7,744.01,"$206,070.96",Sold,C1475,206070.96,276.97337401379013,True
30087,3,2025-10-01,Apartment,9,1125.84,"$337,560.83",Sold,C0771,337560.83,299.8301978966816,True
30122,3,2025-10-01,Apartment,11,1283.1,"$348,727.22",Sold,C1961,348727.22,271.7849115423584,True
30132,3,2025-10-01,Apartment,12,657.47,"$179,742.66",Sold,C1983,179742.66,273.38534077600497,True
30134,3,2025-10-01,Apartment,13,754.84,"$261,580.40",Sold,C0221,261580.4,346.537544380266,True
30145,3,2025-10-01,Apartment,14,788.59,"$227,380.78",Sold,C1175,227380.78,288.33840145069047,True
30146,3,2025-10-01,Apartment,14,788.59,"$262,619.56",Available,,262619.56,333.02420776322293,False
30211,3,2025-10-01,Apartment,23,924.21,"$246,746.22",Sold,C0987,246746.22,266.98068620768004,True
30232,3,2025-10-01,Office,27,1117.14,"$364,706.25",Sold,C0216,364706.25,326.46423008754493,True
30264,3,2025-10-01,Apartment,29,666.0,"$179,911.30",Available,,179911.3,270.1370870870871,False
30289,3,2025-10-01,Apartment,35,925.48,"$280,028.94",Sold,C1413,280028.94,302.5769762717725,True
30304,3,2025-10-01,Apartment,36,733.45,"$219,584.35",Sold,C1945,219584.35,299.38557502215554,True
30331,3,2025-10-01,Office,40,678.71,"$164,477.46",Sold,C1686,164477.46,242.33834774793357,True
30360,3,2025-10-01,Apartment,44,673.86,"$207,942.28",Sold,C1412,207942.28,308.5838007894815,True
30367,3,2025-10-01,Apartment,46,1599.81,"$474,806.32",Sold,C1406,474806.32,296.78919371675386,True
30400,3,2025-10-01,Apartment,49,1174.48,"$378,839.98",Available,,378839.98,322.5597541039439,False
30416,3,2025-10-01,Apartment,49,1174.48,"$352,375.03",Sold,C1523,352375.03,300.02642020298345,True
30426,3,2025-10-01,Apartment,49,1174.48,"$343,009.36",Sold,C0210,343009.36,292.05210816701856,True
30431,3,2025-10-01,Apartment,50,713.67,"$212,239.58",Sold,C0904,212239.58,297.39176370030964,True
30443,3,2025-10-01,Apartment,51,693.85,"$192,947.73",Sold,C0796,192947.73,278.0827700511638,True
30457,3,2025-10-01,Office,54,787.64,"$199,665.03",Available,,199665.03,253.4978289573917,False
30482,3,2025-10-01,Apartment,56,1179.42,"$400,338.61",Available,,400338.61,339.4368503162571,False
30493,3,2025-10-01,Apartment,58,1588.14,"$468,242.33",Available,,468242.33,294.83693503091666,False
30498,3,2025-10-01,Office,58,1588.14,"$365,164.05",Sold,C1143,365164.05,229.93190146964372,True
40004,4,2025-10-01,Apartment,1,1615.98,"$475,895.11",Sold,C1245,475895.11,294.4931929850617,True
40011,4,2025-10-01,Apartment,2,1620.07,"$469,692.03",Available,,469692.03,289.9208244088219,False
40047,4,2025-10-01,Apartment,5,786.98,"$231,129.57",Sold,C0016,231129.57,293.6917964878396,True
40068,4,2025-10-01,Office,7,786.36,"$265,542.11",Available,,265542.11,337.68516964240297,False
40158,4,2025-10-01,Office,19,1063.07,"$304,502.38",Available,,304502.38,286.4368103699662,False
40175,4,2025-10-01,Apartment,21,801.66,"$250,152.29",Available,,250152.29,312.0428735374099,False
40191,4,2025-10-01,Apartment,23,1110.99,"$337,233.00",Sold,C0329,337233.0,303.54278616369186,True
40210,4,2025-10-01,Apartment,26,790.05,"$211,905.04",Sold,C0332,211905.04,268.21725207265365,True
40269,4,2025-10-01,Apartment,31,793.1,"$223,661.90",Sold,C0193,223661.9,282.00970873786406,True
40337,4,2025-10-01,Office,40,780.74,"$251,534.87",Sold,C1629,251534.87,322.17494940697287,True
40358,4,2025-10-01,Office,43,1616.99,"$531,903.04",Sold,C0839,531903.04,328.94640041063957,True
40405,4,2025-10-01,Apartment,46,800.23,"$243,500.06",Sold,C0183,243500.06,304.2875923172088,True
40440,4,2025-10-01,Office,51,802.11,"$272,608.20",Sold,C1921,272608.2,339.8638590716984,True
50012,5,2025-10-01,Apartment,3,1008.42,"$329,670.08",Sold,C0810,329670.08,326.9174351956526,True
50021,5,2025-10-01,Apartment,4,799.1,"$245,118.66",Sold,C1557,245118.66,306.743411337755,True
50029,5,2025-10-01,Apartment,6,775.85,"$235,257.98",Available,,235257.98,303.22611329509573,False
50075,5,2025-10-01,Apartment,10,629.27,"$206,318.00",Sold,C1377,206318.0,327.86880035596806,True
50095,5,2025-10-01,Apartment,11,1058.56,"$353,759.71",Sold,C0689,353759.71,334.1895688482467,True
50132,5,2025-10-01,Apartment,17,798.74,"$258,083.75",Available,,258083.75,323.11359140646516,False
50307,5,2025-10-01,Apartment,41,630.83,"$170,043.33",Sold,C0106,170043.33,269.55491970895486,True
50335,5,2025-10-01,Apartment,43,802.72,"$216,010.59",Sold,C1608,216010.59,269.0983032688858,True
50355,5,2025-10-01,Apartment,44,806.03,"$285,832.09",Sold,C0214,285832.09,354.6171854645609,True
50413,5,2025-10-01,Apartment,47,1241.14,"$368,136.36",Sold,C1534,368136.36,296.61147010006925,True
50445,5,2025-10-01,Apartment,52,1755.18,"$595,572.15",Available,,595572.15,339.3225481147233,False
60047,6,2025-10-01,Office,4,1925.28,"$664,212.71",Available,,664212.71,344.99538248981963,False
60062,6,2025-10-01,Apartment,5,1617.43,"$427,168.05",Available,,427168.05,264.1029596334926,False
60076,6,2025-10-01,Apartment,7,1075.42,"$330,083.38",Sold,C0061,330083.38,306.93438842498745,True
60077,6,2025-10-01,Apartment,7,1075.42,"$266,400.52",Sold,C0177,266400.52,247.7176544977776,True
60112,6,2025-10-01,Apartment,9,1194.12,"$305,848.02",Available,,305848.02,256.1283790573812,False
60165,6,2025-10-01,Apartment,14,1890.0,"$559,835.83",Sold,C0056,559835.83,296.20943386243385,True
60178,6,2025-10-01,Office,16,1687.92,"$460,221.94",Available,,460221.94,272.65625148111286,False
60198,6,2025-10-01,Office,19,1542.71,"$467,192.08",Sold,C0714,467192.08,302.83856330742657,True
60245,6,2025-10-01,Apartment,25,1086.43,"$332,809.37",Sold,C0879,332809.37,306.33300810912806,True
60338,6,2025-10-01,Apartment,37,1721.96,"$576,990.75",Sold,C1970,576990.75,335.07790541011406,True
60369,6,2025-10-01,Office,42,1766.89,"$632,201.17",Sold,C0685,632201.17,357.8044869799478,True
60402,6,2025-10-01,Apartment,47,550.99,"$145,680.60",Sold,C0756,145680.6,264.39790195829323,True
60411,6,2025-10-01,Apartment,50,1579.99,"$419,860.65",Available,,419860.65,265.7362704827246,False
60456,6,2025-10-01,Apartment,53,1170.96,"$300,537.15",Available,,300537.15,256.65876716540276,False
70005,7,2025-10-01,Apartment,1,759.04,"$245,775.23",Sold,C0615,245775.23,323.7974678541316,True
70021,7,2025-10-01,Apartment,5,1144.09,"$340,932.23",Sold,C0441,340932.23,297.99423996363925,True
70029,7,2025-10-01,Apartment,5,1144.09,"$314,987.60",Available,,314987.6,275.31715162268705,False
70035,7,2025-10-01,Apartment,5,1144.09,"$335,913.42",Available,,335913.42,293.6075133949252,False
70121,7,2025-10-01,Apartment,15,602.92,"$177,781.18",Sold,C0083,177781.18,294.8669475220593,True
70177,7,2025-10-01,Apartment,20,1160.82,"$361,543.25",Sold,C0525,361543.25,311.45504901707415,True
70201,7,2025-10-01,Office,23,1222.69,"$397,235.93",Sold,C0054,397235.93,324.88687238793153,True
70310,7,2025-10-01,Apartment,37,1171.04,"$312,306.37",Sold,C0120,312306.37,266.6914622899303,True
70325,7,2025-10-01,Office,38,1755.26,"$413,510.38",Sold,C1180,413510.38,235.58354887595002,True
70358,7,2025-10-01,Office,41,1093.92,"$330,019.64",Sold,C0115,330019.64,301.6853517624689,True
70359,7,2025-10-01,Office,42,702.08,"$170,341.14",Sold,C0585,170341.14,242.62354717411122,True
70412,7,2025-10-01,Apartment,48,533.35,"$136,888.93",Sold,C1969,136888.93,256.65872316490106,True
70416,7,2025-10-01,Office,49,1383.05,"$432,256.61",Sold,C1110,432256.61,312.53867177614694,True
70473,7,2025-10-01,Apartment,55,601.23,"$203,757.78",Available,,203757.78,338.9015518187715,False
70493,7,2025-10-01,Apartment,58,1629.83,"$499,403.26",Available,,499403.26,306.41432542044265,False
70519,7,2025-10-01,Apartment,60,1219.54,"$332,945.53",Sold,C1944,332945.53,273.0091099922922,True
80093,8,2025-10-01,Apartment,10,737.92,"$243,765.37",Available,,243765.37,330.3411887467476,False
80138,8,2025-10-01,Apartment,16,424.09,"$141,613.50",Sold,C0067,141613.5,333.9232238439954,True
80144,8,2025-10-01,Apartment,17,1109.27,"$338,553.67",Available,,338553.67,305.20402607119996,False
80176,8,2025-10-01,Apartment,23,1114.67,"$306,537.19",Sold,C0547,306537.19,275.00263755192117,True
80200,8,2025-10-01,Apartment,28,1431.61,"$471,604.55",Available,,471604.55,329.4225033354056,False
80216,8,2025-10-01,Apartment,29,1848.51,"$641,122.99",Sold,C0859,641122.99,346.83230818334766,True
80220,8,2025-10-01,Apartment,29,1848.51,"$537,255.18",Available,,537255.18,290.64229027703396,False
80250,8,2025-10-01,Office,31,1253.18,"$451,028.35",Available,,451028.35,359.90707639764435,False
80291,8,2025-10-01,Apartment,34,1684.75,"$559,025.42",Available,,559025.42,331.8150586140377,False
80404,8,2025-10-01,Apartment,47,543.08,"$159,068.05",Sold,C0046,159068.05,292.899849009354,True
80424,8,2025-10-01,Apartment,48,480.99,"$154,831.75",Available,,154831.75,321.90222249942826,False
80425,8,2025-10-01,Apartment,49,1081.0,"$266,060.18",Sold,C1089,266060.18,246.1241258094357,True
80435,8,2025-10-01,Office,50,913.15,"$263,718.66",Available,,263718.66,288.8010294037124,False
80445,8,2025-10-01,Apartment,53,1891.72,"$504,661.03",Available,,504661.03,266.77363986213606,False
90102,9,2025-10-01,Apartment,16,924.6,"$257,664.17",Available,,257664.17,278.676368159204,False
90142,9,2025-10-01,Apartment,22,1115.88,"$313,328.75",Available,,313328.75,280.7907212245044,False
90143,9,2025-10-01,Office,22,1115.88,"$344,251.82",Sold,C1985,344251.82,308.5025450765315,True
90159,9,2025-10-01,Apartment,25,1904.38,"$571,558.04",Sold,C0348,571558.04,300.128146693412,True
90200,9,2025-10-01,Office,29,1426.22,"$514,489.27",Sold,C0773,514489.27,360.7362608854174,True
90245,9,2025-10-01,Apartment,34,1577.36,"$436,190.63",Sold,C1656,436190.63,276.5320725769641,True
90257,9,2025-10-01,Apartment,34,1577.36,"$407,520.59",Sold,C1575,407520.59,258.3561076735812,True
90266,9,2025-10-01,Apartment,35,1376.88,"$424,308.42",Sold,C0504,424308.42,308.16659403869613,True
90283,9,2025-10-01,Apartment,36,1582.79,"$479,074.37",Sold,C1986,479074.37,302.6771523701818,True
90291,9,2025-10-01,Apartment,36,1582.79,"$536,760.46",Available,,536760.46,339.12297904333485,False
90301,9,2025-10-01,Apartment,37,731.44,"$235,500.65",Sold,C0633,235500.65,321.9685141638412,True
90347,9,2025-10-01,Office,40,1090.32,"$348,371.69",Available,,348371.69,319.51325298994794,False
90354,9,2025-10-01,Apartment,41,1488.32,"$473,066.31",Sold,C1287,473066.31,317.8525518705655,True
90388,9,2025-10-01,Office,46,662.32,"$246,380.95",Sold,C1230,246380.95,371.99684442565524,True
90411,9,2025-10-01,Apartment,52,1126.02,"$375,050.13",Available,,375050.13,333.0759045132413,False
90454,9,2025-10-01,Apartment,56,1516.4,"$436,569.79",Sold,C1256,436569.79,287.8988327618042,True
90455,9,2025-10-01,Apartment,56,1516.4,"$460,353.21",Sold,C1935,460353.21,303.5829662358217,True
90487,9,2025-10-01,Apartment,58,838.34,"$252,742.94",Sold,C0043,252742.94,301.48023474962423,True
100070,10,2025-10-01,Apartment,9,1849.4,"$617,512.00",Sold,C0912,617512.0,333.8985616956851,True
100186,10,2025-10-01,Office,25,1487.17,"$492,734.29",Available,,492734.29,331.3234465461245,False
100228,10,2025-10-01,Apartment,28,1606.58,"$446,713.63",Sold,C0639,446713.63,278.0525277297116,True
100236,10,2025-10-01,Apartment,28,1606.58,"$475,442.78",Available,,475442.78,295.93470602148665,False
100257,10,2025-10-01,Apartment,30,1559.4,"$393,759.61",Sold,C0359,393759.61,252.50712453507757,True
100272,10,2025-10-01,Apartment,31,1499.0,"$365,717.82",Sold,C0522,365717.82,243.97452968645763,True
100278,10,2025-10-01,Apartment,32,1661.46,"$462,160.46",Sold,C1734,462160.46,278.1652642856283,True
100286,10,2025-10-01,Office,33,1010.7,"$372,884.46",Sold,C1857,372884.46,368.9368358563372,True
100321,10,2025-10-01,Apartment,38,476.64,"$152,349.87",Sold,C1933,152349.87,319.63299345417926,True
100361,10,2025-10-01,Apartment,43,1093.67,"$382,767.51",Sold,C0402,382767.51,349.9844651494509,True
100420,10,2025-10-01,Apartment,50,1138.32,"$269,612.68",Available,,269612.68,236.85139503830206,False
100432,10,2025-10-01,Apartment,50,1138.32,"$391,681.55",Sold,C0929,391681.55,344.0873831611498,True
110004,11,2025-10-01,Apartment,1,1902.88,"$557,477.28",Available,,557477.28,292.96502144118386,False
110039,11,2025-10-01,Apartment,5,1723.2,"$565,819.26",Sold,C1146,565819.26,328.35379526462395,True
110051,11,2025-10-01,Apartment,6,1724.08,"$513,716.25",Sold,C1252,513716.25,297.96543663867106,True
110078,11,2025-10-01,Apartment,10,1519.64,"$499,960.73",Available,,499960.73,328.9994538180095,False
110112,11,2025-10-01,Office,13,474.93,"$154,886.03",Available,,154886.03,326.1239129977049,False
110129,11,2025-10-01,Apartment,14,524.68,"$154,333.84",Sold,C0227,154333.84,294.14850956773654,True
110161,11,2025-10-01,Apartment,17,1946.06,"$560,190.29",Available,,560190.29,287.8586939765475,False
110190,11,2025-10-01,Apartment,21,1389.63,"$461,847.13",Available,,461847.13,332.3525902578384,False
110250,11,2025-10-01,Apartment,30,642.72,"$178,108.71",Sold,C0780,178108.71,277.1171116504854,True
110257,11,2025-10-01,Apartment,30,642.72,"$217,768.24",Sold,C1206,217768.24,338.8228777694797,True
110274,11,2025-10-01,Apartment,33,1632.55,"$448,877.05",Sold,C0892,448877.05,274.95454963094545,True
110326,11,2025-10-01,Apartment,38,788.47,"$263,327.86",Available,,263327.86,333.97321394599663,False
110400,11,2025-10-01,Apartment,47,1456.74,"$383,057.87",Sold,C0613,383057.87,262.9555514367698,True
110416,11,2025-10-01,Office,49,1095.85,"$305,312.51",Sold,C1436,305312.51,278.6079390427522,True
110431,11,2025-10-01,Apartment,51,1318.98,"$430,426.11",Sold,C1136,430426.11,326.3325524268753,True
110510,11,2025-10-01,Apartment,61,1299.46,"$400,289.00",Available,,400289.0,308.04257152971235,False
110512,11,2025-10-01,Apartment,61,1299.46,"$388,520.34",Available,,388520.34,298.9859941821988,False
110546,11,2025-10-01,Apartment,63,871.7,"$259,885.32",Sold,C0748,259885.32,298.1361936446025,True
110563,11,2025-10-01,Apartment,65,1427.09,"$453,651.73",Sold,C1702,453651.73,317.88585863540493,True
120022,12,2025-10-01,Apartment,3,1469.27,"$480,115.60",Sold,C1830,480115.6,326.7715259959027,True
120088,12,2025-10-01,Office,12,959.05,"$304,737.72",Sold,C0864,304737.72,317.74956467337466,True
120098,12,2025-10-01,Apartment,12,959.05,"$269,450.51",Sold,C0218,269450.51,280.95564360565146,True
120110,12,2025-10-01,Apartment,14,1369.96,"$332,581.75",Available,,332581.75,242.767489561739,False
120118,12,2025-10-01,Apartment,14,1369.96,"$421,206.38",Sold,C0482,421206.38,307.4588893106368,True
120123,12,2025-10-01,Apartment,14,1369.96,"$393,709.76",Available,,393709.76,287.38777774533565,False
120139,12,2025-10-01,Apartment,16,1523.02,"$428,682.58",Available,,428682.58,281.46877913618994,False
120140,12,2025-10-01,Apartment,16,1523.02,"$414,436.72",Available,,414436.72,272.11508712951894,False
120212,12,2025-10-01,Apartment,23,1094.46,"$338,457.73",Available,,338457.73,309.246322387296,False
120214,12,2025-10-01,Apartment,24,1306.75,"$349,696.41",Available,,349696.41,267.60773675148266,False
120220,12,2025-10-01,Apartment,24,1306.75,"$452,121.47",Sold,C0133,452121.47,345.98926343983163,True
120247,12,2025-10-01,Apartment,27,871.52,"$276,613.41",Available,,276613.41,317.39192445382776,False
120258,12,2025-10-01,Office,27,871.52,"$231,712.38",Sold,C0142,231712.38,265.8715577382045,True
120336,12,2025-10-01,Apartment,36,813.16,"$260,144.68",Sold,C0003,260144.68,319.91819568104677,True
120339,12,2025-10-01,Apartment,37,1681.78,"$536,786.13",Sold,C0674,536786.13,319.1773775404631,True
120393,12,2025-10-01,Apartment,45,1898.75,"$650,710.38",Sold,C0567,650710.38,342.7046109282423,True
130025,13,2025-10-01,Apartment,2,1651.02,"$552,484.63",Available,,552484.63,334.6323060895689,False
130045,13,2025-10-01,Apartment,4,1629.74,"$554,713.49",Sold,C1004,554713.49,340.3693165781045,True
130055,13,2025-10-01,Apartment,5,441.3,"$129,127.59",Available,,129127.59,292.60727396329025,False
130071,13,2025-10-01,Apartment,8,1449.43,"$384,925.51",Sold,C1266,384925.51,265.57026555266555,True
130097,13,2025-10-01,Apartment,11,1678.3,"$554,107.09",Sold,C1893,554107.09,330.15973902162904,True
130109,13,2025-10-01,Apartment,13,585.77,"$159,232.31",Sold,C1824,159232.31,271.8341840654182,True
130149,13,2025-10-01,Apartment,17,1278.95,"$328,669.66",Sold,C0177,328669.66,256.9839790453106,True
130193,13,2025-10-01,Office,21,1680.5,"$610,193.44",Sold,C1476,610193.44,363.10231478726564,True
130197,13,2025-10-01,Apartment,22,1811.36,"$525,721.08",Sold,C0086,525721.08,290.23555781291407,True
130288,13,2025-10-01,Office,32,1114.07,"$357,615.84",Sold,C1670,357615.84,320.9994345059108,True
130307,13,2025-10-01,Apartment,33,1445.84,"$457,810.49",Sold,C1211,457810.49,316.63980108449067,True
130361,13,2025-10-01,Office,40,571.5,"$230,574.30",Available,,230574.3,403.454593175853,False
130364,13,2025-10-01,Apartment,40,571.5,"$193,173.23",Sold,C0962,193173.23,338.01090113735785,True
130387,13,2025-10-01,Apartment,43,1875.83,"$510,253.90",Sold,C1087,510253.9,272.01500135939824,True
130395,13,2025-10-01,Apartment,44,470.06,"$158,566.14",Available,,158566.14,337.331702335872,False
130406,13,2025-10-01,Apartment,45,986.91,"$345,185.95",Sold,C0198,345185.95,349.7643655449839,True
130417,13,2025-10-01,Office,47,1874.35,"$647,138.13",Sold,C0647,647138.13,345.26002614239604,True
130428,13,2025-10-01,Apartment,47,1874.35,"$565,118.87",Sold,C0840,565118.87,301.50125110038147,True
130439,13,2025-10-01,Apartment,48,1728.84,"$416,215.94",Sold,C1831,416215.94,240.74867541241528,True
130452,13,2025-10-01,Apartment,50,1469.09,"$418,942.17",Available,,418942.17,285.17120802673765,False
130460,13,2025-10-01,Apartment,53,968.77,"$281,662.24",Sold,C0473,281662.24,290.7421162917927,True
130467,13,2025-10-01,Apartment,53,968.77,"$308,824.33",Sold,C1482,308824.33,318.77982390040984,True
130545,13,2025-10-01,Apartment,63,1623.8,"$512,052.93",Sold,C0217,512052.93,315.34236359157535,True
130548,13,2025-10-01,Office,63,1623.8,"$465,022.35",Available,,465022.35,286.3790799359527,False
130557,13,2025-10-01,Apartment,64,792.66,"$177,430.54",Available,,177430.54,223.841924658744,False
130575,13,2025-10-01,Apartment,67,524.97,"$147,823.33",Sold,C0464,147823.33,281.5843381526563,True
130593,13,2025-10-01,Apartment,69,736.95,"$249,402.29",Available,,249402.29,338.42498134201776,False
140049,14,2025-10-01,Apartment,8,618.89,"$169,315.54",Sold,C0697,169315.54,273.57937597957635,True
140054,14,2025-10-01,Office,8,618.89,"$217,668.00",Sold,C1457,217668.0,351.7070884971481,True
140069,14,2025-10-01,Apartment,9,803.5,"$279,354.07",Sold,C1920,279354.07,347.6715245799627,True
140131,14,2025-10-01,Apartment,14,1628.68,"$505,173.86",Sold,C1989,505173.86,310.1737971854508,True
140132,14,2025-10-01,Apartment,14,1628.68,"$518,104.03",Sold,C1154,518104.03,318.1128459857062,True
140134,14,2025-10-01,Apartment,14,1628.68,"$452,942.38",Available,,452942.38,278.1039737701697,False
140194,14,2025-10-01,Office,22,1148.66,"$324,682.00",Sold,C0211,324682.0,282.6615360507025,True
140235,14,2025-10-01,Office,25,586.85,"$169,562.88",Sold,C1798,169562.88,288.93734344381016,True
140236,14,2025-10-01,Apartment,26,1190.87,"$386,974.11",Sold,C0771,386974.11,324.9507586890257,True
140242,14,2025-10-01,Apartment,27,1866.49,"$454,295.52",Available,,454295.52,243.39563565837483,False
140287,14,2025-10-01,Apartment,33,1894.96,"$588,224.19",Sold,C1423,588224.19,310.4150958331574,True
140291,14,2025-10-01,Apartment,33,1894.96,"$582,007.30",Available,,582007.3,307.13434584371174,False
140327,14,2025-10-01,Apartment,38,1170.11,"$273,024.80",Available,,273024.8,233.33259266222834,False
140332,14,2025-10-01,Apartment,39,1811.84,"$536,812.04",Sold,C0092,536812.04,296.2800468032498,True
140361,14,2025-10-01,Apartment,43,520.49,"$163,915.34",Sold,C0866,163915.34,314.92505139387885,True
140364,14,2025-10-01,Apartment,44,840.77,"$246,954.87",Sold,C1855,246954.87,293.7246452656494,True
140384,14,2025-10-01,Apartment,47,917.53,"$287,593.83",Sold,C1579,287593.83,313.4435168332371,True
140393,14,2025-10-01,Apartment,47,917.53,"$315,690.21",Sold,C0328,315690.21,344.06527307009037,True
140405,14,2025-10-01,Apartment,49,1231.75,"$323,757.32",Available,,323757.32,262.8433691901766,False
140440,14,2025-10-01,Apartment,52,571.74,"$161,481.48",Available,,161481.48,282.4386609297933,False
150053,15,2025-10-01,Apartment,9,565.48,"$155,811.47",Sold,C1323,155811.47,275.5384275305935,True
150063,15,2025-10-01,Apartment,9,565.48,"$171,784.49",Available,,171784.49,303.7852620782344,False
150089,15,2025-10-01,Apartment,14,1832.17,"$578,866.18",Sold,C0598,578866.18,315.94567098031297,True
150095,15,2025-10-01,Office,15,522.71,"$165,771.56",Available,,165771.56,317.13868110424517,False
150130,15,2025-10-01,Apartment,17,562.64,"$164,204.09",Sold,C0963,164204.09,291.8457450590075,True
150249,15,2025-10-01,Apartment,30,1523.22,"$476,537.31",Sold,C0736,476537.31,312.84864300626305,True
150315,15,2025-10-01,Apartment,36,1424.81,"$382,995.00",Available,,382995.0,268.8042616208477,False
150331,15,2025-10-01,Apartment,38,585.57,"$172,889.19",Sold,C0116,172889.19,295.24939802243966,True
150334,15,2025-10-01,Apartment,39,1713.42,"$504,362.44",Sold,C0408,504362.44,294.36007517129485,True
150337,15,2025-10-01,Apartment,39,1713.42,"$605,272.25",Sold,C0862,605272.25,353.25387237221463,True
150350,15,2025-10-01,Apartment,42,1298.37,"$520,647.76",Sold,C0386,520647.76,401.0010705731032,True
150353,15,2025-10-01,Apartment,42,1298.37,"$334,658.48",Sold,C0030,334658.48,257.7527823347736,True
150360,15,2025-10-01,Apartment,43,1655.05,"$508,654.74",Available,,508654.74,307.33496873206246,False
150418,15,2025-10-01,Apartment,52,829.2,"$231,633.55",Available,,231633.55,279.3458152436083,False
150520,15,2025-10-01,Apartment,60,1033.2,"$288,427.44",Sold,C1137,288427.44,279.1593495934959,True
160049,16,2025-10-01,Office,6,1062.34,"$297,202.96",Sold,C0194,297202.96,279.76256189167316,True
160052,16,2025-10-01,Apartment,7,941.57,"$296,837.59",Sold,C0922,296837.59,315.2581220727084,True
160067,16,2025-10-01,Apartment,8,986.18,"$280,293.38",Sold,C1127,280293.38,284.22131862337505,True
160097,16,2025-10-01,Office,11,1288.42,"$366,009.11",Sold,C1921,366009.11,284.07593020909326,True
160100,16,2025-10-01,Apartment,11,1288.42,"$410,663.51",Sold,C0941,410663.51,318.7341938187858,True
160116,16,2025-10-01,Office,12,549.98,"$159,995.77",Sold,C0169,159995.77,290.91197861740426,True
160135,16,2025-10-01,Apartment,16,1451.17,"$454,823.84",Sold,C0520,454823.84,313.4187173108595,True
160171,16,2025-10-01,Apartment,21,837.95,"$248,737.57",Sold,C0946,248737.57,296.8405871472045,True
160185,16,2025-10-01,Apartment,23,594.14,"$172,502.97",Sold,C1614,172502.97,290.3406099572491,True
160193,16,2025-10-01,Apartment,23,594.14,"$150,326.78",Sold,C1281,150326.78,253.01575386272597,True
160212,16,2025-10-01,Apartment,26,1458.08,"$404,054.56",Sold,C0629,404054.56,277.11412268188303,True
160215,16,2025-10-01,Apartment,26,1458.08,"$486,734.54",Available,,486734.54,333.8188165258422,False
160253,16,2025-10-01,Apartment,29,489.49,"$151,928.96",Available,,151928.96,310.3821528529694,False
160264,16,2025-10-01,Apartment,31,1336.97,"$424,676.81",Sold,C1441,424676.81,317.64124101513124,True
160289,16,2025-10-01,Apartment,34,743.19,"$229,781.30",Sold,C1343,229781.3,309.18244325138926,True
160300,16,2025-10-01,Apartment,35,629.97,"$188,562.02",Available,,188562.02,299.3190469387431,False
160303,16,2025-10-01,Apartment,35,629.97,"$185,979.89",Available,,185979.89,295.2202327094941,False
160334,16,2025-10-01,Apartment,40,688.81,"$222,496.16",Sold,C0127,222496.16,323.01528723450593,True
170026,17,2025-10-01,Apartment,2,1738.5,"$542,001.16",Sold,C1803,542001.16,311.76368133448375,True
170069,17,2025-10-01,Apartment,9,1505.53,"$431,674.94",Sold,C1998,431674.94,286.72622930130916,True
170096,17,2025-10-01,Apartment,11,596.22,"$179,694.61",Sold,C0465,179694.61,301.3897722317265,True
170162,17,2025-10-01,Apartment,17,1827.25,"$527,772.89",Available,,527772.89,288.8345272951156,False
170219,17,2025-10-01,Apartment,26,929.59,"$257,546.10",Sold,C1040,257546.1,277.0534321582633,True
170234,17,2025-10-01,Apartment,27,677.24,"$174,630.68",Sold,C0921,174630.68,257.85641722284566,True
170355,17,2025-10-01,Apartment,46,1582.61,"$456,081.83",Available,,456081.83,288.18333638736016,False
170392,17,2025-10-01,Apartment,48,1833.96,"$601,201.34",Sold,C0795,601201.34,327.8159501843006,True
170405,17,2025-10-01,Apartment,48,1833.96,"$538,317.81",Available,,538317.81,293.52756330563375,False
170407,17,2025-10-01,Apartment,48,1833.96,"$563,558.93",Sold,C1745,563558.93,307.2907424371306,True
170437,17,2025-10-01,Apartment,51,1375.52,"$404,608.18",Sold,C0022,404608.18,294.149252646272,True
180063,18,2025-10-01,Apartment,7,505.94,"$152,268.30",Sold,C0564,152268.3,300.9611811677274,True
180145,18,2025-10-01,Apartment,19,1268.1,"$381,039.09",Sold,C0176,381039.09,300.4803170096996,True
180160,18,2025-10-01,Apartment,21,1790.69,"$476,904.44",Sold,C0843,476904.44,266.3244000915848,True
180200,18,2025-10-01,Apartment,26,1147.71,"$354,247.08",Sold,C1305,354247.08,308.6555663015919,True
180228,18,2025-10-01,Office,29,578.36,"$183,675.08",Sold,C1907,183675.08,317.57915485164943,True
180265,18,2025-10-01,Apartment,31,945.46,"$308,632.27",Available,,308632.27,326.43609459945424,False
180273,18,2025-10-01,Office,32,1512.9,"$432,544.27",Sold,C1733,432544.27,285.9040716504726,True
180286,18,2025-10-01,Apartment,35,799.05,"$235,606.44",Sold,C0260,235606.44,294.8581941055003,True
180300,18,2025-10-01,Office,36,1089.77,"$352,286.02",Available,,352286.02,323.26639566146986,False
180308,18,2025-10-01,Apartment,36,1089.77,"$334,296.35",Sold,C0688,334296.35,306.75862796736925,True
180320,18,2025-10-01,Apartment,37,1092.32,"$281,773.47",Available,,281773.47,257.95872088765196,False
180385,18,2025-10-01,Apartment,43,937.7,"$322,557.06",Sold,C1904,322557.06,343.98748000426576,True
180435,18,2025-10-01,Office,49,1457.92,"$445,807.43",Sold,C1893,445807.43,305.7831911215979,True
180441,18,2025-10-01,Apartment,49,1457.92,"$454,071.94",Sold,C0383,454071.94,311.4518903643547,True
180513,18,2025-10-01,Apartment,57,636.39,"$196,039.10",Sold,C0041,196039.1,308.0486808403652,True
190027,19,2025-10-01,Apartment,5,1408.42,"$482,067.87",Sold,C0037,482067.87,342.2756493091549,True
190033,19,2025-10-01,Apartment,6,1067.81,"$300,952.93",Sold,C0596,300952.93,281.8412732602242,True
190071,19,2025-10-01,Apartment,10,747.71,"$225,336.63",Sold,C1634,225336.63,301.3690200746279,True
190107,19,2025-10-01,Apartment,15,538.06,"$142,150.33",Sold,C1811,142150.33,264.19048061554474,True
190110,19,2025-10-01,Apartment,15,538.06,"$155,403.48",Available,,155403.48,288.8218414303238,False
190116,19,2025-10-01,Apartment,16,1711.98,"$506,115.59",Sold,C1263,506115.59,295.631718828491,True
190149,19,2025-10-01,Apartment,19,1697.73,"$502,330.57",Sold,C0580,502330.57,295.88366230201507,True
190153,19,2025-10-01,Apartment,19,1697.73,"$493,386.88",Available,,493386.88,290.61563381692025,False
190166,19,2025-10-01,Apartment,21,477.75,"$135,540.98",Sold,C1951,135540.98,283.70691784406074,True
190271,19,2025-10-01,Apartment,31,1089.64,"$301,120.30",Available,,301120.3,276.3484270034139,False
190275,19,2025-10-01,Apartment,32,1048.61,"$342,021.93",Sold,C1676,342021.93,326.1669543490907,True
190276,19,2025-10-01,Apartment,32,1048.61,"$327,116.73",Sold,C0217,327116.73,311.95270882406237,True
190301,19,2025-10-01,Apartment,36,855.94,"$245,493.58",Sold,C1654,245493.58,286.81166904222255,True
190307,19,2025-10-01,Apartment,37,1565.26,"$531,754.05",Sold,C1298,531754.05,339.72250616510996,True
190321,19,2025-10-01,Apartment,39,1237.04,"$341,413.93",Sold,C1718,341413.93,275.9926356463817,True
190342,19,2025-10-01,Apartment,40,893.49,"$232,412.79",Available,,232412.79,260.11795319477557,False
190395,19,2025-10-01,Apartment,44,982.8,"$290,049.44",Sold,C1308,290049.44,295.1256003256003,True
190418,19,2025-10-01,Office,48,851.11,"$261,753.92",Available,,261753.92,307.54417172868375,False
190424,19,2025-10-01,Apartment,49,1004.26,"$297,694.12",Sold,C0047,297694.12,296.4313225658694,True
200076,20,2025-10-01,Apartment,10,1714.22,"$377,128.40",Sold,C1950,377128.4,220.0,True
200135,20,2025-10-01,Apartment,17,1089.33,"$318,346.14",Sold,C0141,318346.14,292.2403128528545,True
200224,20,2025-10-01,Apartment,27,993.62,"$292,047.40",Sold,C0143,292047.4,293.92262635615225,True
200268,20,2025-10-01,Apartment,31,1414.44,"$460,529.82",Sold,C1794,460529.82,325.59162636803256,True
200304,20,2025-10-01,Office,33,630.53,"$182,434.90",Sold,C0694,182434.9,289.33579686930045,True
200363,20,2025-10-01,Apartment,40,428.03,"$131,473.18",Sold,C0721,131473.18,307.15879728056444,True
200368,20,2025-10-01,Apartment,40,428.03,"$106,223.34",Available,,106223.34,248.16797887998504,False
200378,20,2025-10-01,Apartment,41,541.22,"$163,235.17",Sold,C0898,163235.17,301.6059458260966,True
200407,20,2025-10-01,Apartment,46,1227.49,"$393,941.16",Sold,C1591,393941.16,320.9322764340239,True
200416,20,2025-10-01,Apartment,48,860.8,"$321,775.28",Available,,321775.28,373.8095724907064,False
200435,20,2025-10-01,Office,49,880.76,"$244,772.31",Sold,C1901,244772.31,277.91033879831053,True
200437,20,2025-10-01,Office,49,880.76,"$220,783.13",Sold,C1406,220783.13,250.6734297652028,True
200441,20,2025-10-01,Apartment,49,880.76,"$200,706.98",Sold,C0767,200706.98,227.87930877878196,True
200455,20,2025-10-01,Apartment,51,1062.33,"$325,473.28",Sold,C0451,325473.28,306.3768132312935,True
200497,20,2025-10-01,Apartment,57,445.15,"$131,628.47",Sold,C0210,131628.47,295.6946422554195,True
2021,2,2025-11-01,Apartment,21,785.48,"$217,748.48",Sold,C0007,217748.48,277.2170901868921,True
3005,3,2025-11-01,Apartment,5,781.07,"$258,015.61",Sold,C0138,258015.61,330.33609023519017,True
5043,5,2025-11-01,Apartment,43,598.58,"$175,773.59",Available,,175773.59,293.6509572655284,False
5044,5,2025-11-01,Apartment,44,1238.58,"$322,610.74",Available,,322610.74,260.4682297469683,False
10040,1,2025-11-01,Apartment,5,753.87,"$255,451.33",Available,,255451.33,338.85329035510097,False
10103,1,2025-11-01,Apartment,13,719.47,"$256,265.53",Sold,C0351,256265.53,356.18654009201214,True
10135,1,2025-11-01,Office,17,608.25,"$183,058.38",Sold,C0444,183058.38,300.9591122071517,True
10161,1,2025-11-01,Office,20,1146.24,"$366,393.76",Sold,C1894,366393.76,319.6483807928532,True
10171,1,2025-11-01,Office,22,740.83,"$247,904.66",Sold,C1674,247904.66,334.6309679683598,True
10180,1,2025-11-01,Office,22,740.83,"$207,582.07",Sold,C1477,207582.07,280.2020301553663,True
10238,1,2025-11-01,Office,27,725.12,"$219,709.14",Sold,C1966,219709.14,302.99693843777584,True
10244,1,2025-11-01,Apartment,29,757.2,"$207,676.96",Sold,C1183,207676.96,274.26962493396724,True
10283,1,2025-11-01,Apartment,30,753.29,"$219,138.43",Sold,C0681,219138.43,290.9084549111232,True
10305,1,2025-11-01,Office,32,800.77,"$272,567.73",Available,,272567.73,340.38204478189743,False
10310,1,2025-11-01,Apartment,33,827.74,"$284,008.39",Sold,C0724,284008.39,343.1130427428903,True
10320,1,2025-11-01,Apartment,34,1469.14,"$514,431.17",Available,,514431.17,350.15803122915446,False
10328,1,2025-11-01,Apartment,35,1168.59,"$374,729.63",Sold,C1196,374729.63,320.66818131252194,True
10330,1,2025-11-01,Apartment,35,1168.59,"$338,658.30",Sold,C0177,338658.3,289.80078556208764,True
10336,1,2025-11-01,Apartment,36,613.59,"$195,068.84",Sold,C1529,195068.84,317.91398164898385,True
10338,1,2025-11-01,Apartment,36,613.59,"$178,955.35",Sold,C1483,178955.35,291.65297674342804,True
10360,1,2025-11-01,Apartment,39,742.93,"$226,371.81",Sold,C1795,226371.81,304.701398516684,True
10374,1,2025-11-01,Apartment,41,835.25,"$227,751.55",Sold,C1474,227751.55,272.6747081712062,True
20001,2,2025-11-01,Apartment,1,706.3,"$262,842.09",Sold,C0623,262842.09,372.13944499504464,True
20017,2,2025-11-01,Apartment,2,788.72,"$233,220.13",Available,,233220.13,295.6944543057105,False
20021,2,2025-11-01,Office,3,645.84,"$229,427.60",Sold,C1110,229427.6,355.23906849993807,True
20055,2,2025-11-01,Apartment,6,967.84,"$302,858.56",Sold,C0267,302858.56,312.92213589022975,True
20085,2,2025-11-01,Apartment,10,788.79,"$234,972.82",Sold,C1046,234972.82,297.8902115899036,True
20103,2,2025-11-01,Apartment,11,1625.05,"$443,635.55",Sold,C1610,443635.55,272.99809236638873,True
20180,2,2025-11-01,Office,20,727.55,"$216,508.73",Available,,216508.73,297.58604906879253,False
20217,2,2025-11-01,Office,24,785.12,"$231,620.61",Sold,C1751,231620.61,295.0130043814958,True
20253,2,2025-11-01,Apartment,28,650.67,"$225,279.10",Sold,C1836,225279.1,346.22635129942984,True
20277,2,2025-11-01,Office,33,931.4,"$294,176.92",Available,,294176.92,315.843805024694,False
20294,2,2025-11-01,Apartment,35,1391.68,"$415,639.70",Sold,C1411,415639.7,298.66039606806163,True
20319,2,2025-11-01,Apartment,37,780.46,"$239,437.46",Available,,239437.46,306.7901750249852,False
20414,2,2025-11-01,Apartment,47,708.32,"$229,657.95",Sold,C0942,229657.95,324.2290913711317,True
20491,2,2025-11-01,Apartment,57,789.52,"$233,326.12",Available,,233326.12,295.52908096058366,False
20494,2,2025-11-01,Apartment,57,789.52,"$201,052.00",Sold,C1687,201052.0,254.65092714560745,True
30006,3,2025-11-01,Apartment,1,689.75,"$198,664.15",Available,,198664.15,288.02341428053643,False
30029,3,2025-11-01,Apartment,4,719.96,"$199,587.11",Available,,199587.11,277.21972054003,False
30036,3,2025-11-01,Apartment,4,719.96,"$246,487.05",Sold,C0757,246487.05,342.36214511917325,True
30108,3,2025-11-01,Office,10,784.09,"$267,258.60",Sold,C0306,267258.6,340.8519430167455,True
30109,3,2025-11-01,Apartment,10,784.09,"$212,968.31",Sold,C0414,212968.31,271.61207259370735,True
30121,3,2025-11-01,Office,11,1283.1,"$286,088.15",Sold,C0275,286088.15,222.96637050892375,True
30131,3,2025-11-01,Office,12,657.47,"$193,765.86",Available,,193765.86,294.7143748003711,False
30180,3,2025-11-01,Apartment,20,802.97,"$233,194.73",Available,,233194.73,290.4152458995977,False
30204,3,2025-11-01,Apartment,22,1165.89,"$400,605.15",Sold,C1044,400605.15,343.6045853382395,True
30227,3,2025-11-01,Apartment,26,923.9,"$286,765.45",Available,,286765.45,310.38581015261394,False
30233,3,2025-11-01,Apartment,27,1117.14,"$356,949.82",Sold,C0781,356949.82,319.5211164222926,True
30254,3,2025-11-01,Apartment,28,679.93,"$219,865.93",Sold,C0466,219865.93,323.3655376288736,True
30259,3,2025-11-01,Apartment,28,679.93,"$203,901.13",Available,,203901.13,299.8854735046255,False
30277,3,2025-11-01,Office,31,915.38,"$223,789.27",Available,,223789.27,244.47690576591143,False
30392,3,2025-11-01,Apartment,48,783.39,"$198,403.30",Sold,C0842,198403.3,253.2624873945289,True
30411,3,2025-11-01,Apartment,49,1174.48,"$351,976.66",Sold,C1937,351976.66,299.6872317961991,True
30442,3,2025-11-01,Apartment,51,693.85,"$197,773.53",Available,,197773.53,285.037875621532,False
30453,3,2025-11-01,Apartment,52,1361.9,"$311,382.60",Sold,C1643,311382.6,228.63837286144354,True
30469,3,2025-11-01,Apartment,56,1179.42,"$363,347.59",Available,,363347.59,308.0731122076953,False
40017,4,2025-11-01,Apartment,2,1620.07,"$452,617.95",Sold,C1070,452617.95,279.3817242464832,True
40035,4,2025-11-01,Apartment,4,783.03,"$252,558.84",Available,,252558.84,322.5404390636374,False
40082,4,2025-11-01,Apartment,10,1614.62,"$523,968.19",Sold,C1150,523968.19,324.51486417856836,True
40090,4,2025-11-01,Apartment,12,789.38,"$233,668.32",Sold,C0340,233668.32,296.0149991132281,True
40112,4,2025-11-01,Apartment,14,1322.66,"$403,269.79",Sold,C0579,403269.79,304.8930110534831,True
40120,4,2025-11-01,Office,14,1322.66,"$335,954.58",Available,,335954.58,253.9991985846703,False
40189,4,2025-11-01,Apartment,23,1110.99,"$303,764.63",Available,,303764.63,273.4179695586819,False
40194,4,2025-11-01,Apartment,24,786.05,"$198,985.13",Available,,198985.13,253.14563959035686,False
40198,4,2025-11-01,Office,25,1310.16,"$357,740.08",Sold,C1068,357740.08,273.05068083287534,True
40199,4,2025-11-01,Apartment,25,1310.16,"$355,330.61",Sold,C0019,355330.61,271.2116153752213,True
40202,4,2025-11-01,Apartment,25,1310.16,"$424,125.21",Sold,C0733,424125.21,323.72016394944126,True
40301,4,2025-11-01,Apartment,35,777.82,"$204,368.26",Sold,C1949,204368.26,262.7449281324728,True
40326,4,2025-11-01,Apartment,39,743.73,"$242,986.99",Sold,C1818,242986.99,326.7139822247321,True
40338,4,2025-11-01,Apartment,40,780.74,"$198,594.76",Sold,C0639,198594.76,254.367343802034,True
40344,4,2025-11-01,Apartment,41,779.87,"$231,182.80",Sold,C0087,231182.8,296.4376113967712,True
40362,4,2025-11-01,Apartment,43,1616.99,"$472,001.11",Available,,472001.11,291.90106927068194,False
40412,4,2025-11-01,Apartment,48,1621.39,"$410,763.17",Sold,C0556,410763.17,253.34014025003236,True
50003,5,2025-11-01,Apartment,1,790.55,"$249,655.07",Sold,C0797,249655.07,315.7992157358801,True
50006,5,2025-11-01,Apartment,2,795.91,"$246,134.92",Sold,C0132,246134.92,309.24968903519243,True
50044,5,2025-11-01,Apartment,8,782.15,"$266,828.76",Available,,266828.76,341.14781052227835,False
50054,5,2025-11-01,Apartment,9,793.56,"$231,833.39",Sold,C1738,231833.39,292.14349261555526,True
50055,5,2025-11-01,Apartment,9,793.56,"$227,850.26",Sold,C0263,227850.26,287.1241746055749,True
50091,5,2025-11-01,Apartment,11,1058.56,"$338,810.07",Sold,C1383,338810.07,320.06694944074974,True
50183,5,2025-11-01,Apartment,23,1006.65,"$317,911.69",Sold,C1054,317911.69,315.8115432374708,True
50224,5,2025-11-01,Apartment,30,794.93,"$248,865.60",Available,,248865.6,313.0660561307285,False
50244,5,2025-11-01,Apartment,32,1051.39,"$280,556.27",Available,,280556.27,266.8431980521024,False
50261,5,2025-11-01,Apartment,34,802.33,"$227,403.75",Sold,C0085,227403.75,283.4291999551307,True
50286,5,2025-11-01,Apartment,37,1790.7,"$481,169.93",Available,,481169.93,268.7049366169654,False
50310,5,2025-11-01,Apartment,41,630.83,"$175,215.94",Sold,C0404,175215.94,277.754609007181,True
50315,5,2025-11-01,Office,41,630.83,"$163,897.50",Available,,163897.5,259.81246928649557,False
50349,5,2025-11-01,Apartment,44,806.03,"$244,970.45",Sold,C0044,244970.45,303.9222485515428,True
50360,5,2025-11-01,Apartment,44,806.03,"$253,742.21",Sold,C1606,253742.21,314.8049204123916,True
50415,5,2025-11-01,Apartment,48,788.04,"$242,719.06",Sold,C1297,242719.06,308.0034769808639,True
50428,5,2025-11-01,Apartment,50,1261.07,"$368,537.37",Available,,368537.37,292.241802596208,False
50441,5,2025-11-01,Office,52,1755.18,"$598,861.96",Available,,598861.96,341.196891486913,False
60018,6,2025-11-01,Apartment,1,1720.95,"$497,030.07",Sold,C0624,497030.07,288.81145297655365,True
60059,6,2025-11-01,Apartment,5,1617.43,"$392,959.84",Available,,392959.84,242.95322826953873,False
60113,6,2025-11-01,Apartment,9,1194.12,"$409,698.72",Available,,409698.72,343.0967741935484,False
60118,6,2025-11-01,Apartment,10,942.08,"$320,955.37",Available,,320955.37,340.6880201256793,False
60126,6,2025-11-01,Apartment,10,942.08,"$252,203.89",Sold,C1417,252203.89,267.70963187839675,True
60195,6,2025-11-01,Office,19,1542.71,"$484,844.40",Sold,C0748,484844.4,314.28097309280423,True
60222,6,2025-11-01,Apartment,20,1897.17,"$676,167.22",Sold,C1876,676167.22,356.40834506132813,True
60244,6,2025-11-01,Apartment,25,1086.43,"$352,321.38",Sold,C0129,352321.38,324.29275701149635,True
60291,6,2025-11-01,Office,32,793.11,"$276,330.88",Sold,C0658,276330.88,348.41431831650084,True
60294,6,2025-11-01,Apartment,33,1131.0,"$326,577.18",Sold,C1796,326577.18,288.7508222811671,True
60313,6,2025-11-01,Apartment,34,1353.81,"$386,941.83",Sold,C0549,386941.83,285.8169388614355,True
60336,6,2025-11-01,Apartment,37,1721.96,"$541,782.12",Sold,C0372,541782.12,314.6310715696067,True
60438,6,2025-11-01,Apartment,51,1476.63,"$445,059.31",Sold,C0347,445059.31,301.4020506152523,True
60447,6,2025-11-01,Apartment,53,1170.96,"$381,525.18",Sold,C0560,381525.18,325.8225558516089,True
70004,7,2025-11-01,Apartment,1,759.04,"$210,532.52",Sold,C0602,210532.52,277.36683178752105,True
70011,7,2025-11-01,Apartment,3,888.5,"$252,997.81",Sold,C0209,252997.81,284.7471131119865,True
70036,7,2025-11-01,Apartment,6,1232.31,"$370,506.46",Sold,C0896,370506.46,300.6601098749503,True
70044,7,2025-11-01,Apartment,7,1071.02,"$284,779.42",Available,,284779.42,265.8955201583537,False
70049,7,2025-11-01,Apartment,8,1561.28,"$381,856.69",Sold,C0680,381856.69,244.57924907767986,True
70056,7,2025-11-01,Apartment,9,926.11,"$245,007.73",Sold,C0844,245007.73,264.55575471596245,True
70087,7,2025-11-01,Apartment,12,804.65,"$260,656.65",Sold,C1351,260656.65,323.9379233206984,True
70119,7,2025-11-01,Apartment,15,602.92,"$185,296.54",Sold,C1711,185296.54,307.33188482717446,True
70143,7,2025-11-01,Apartment,17,1586.15,"$470,683.64",Sold,C0959,470683.64,296.74598241023864,True
70232,7,2025-11-01,Apartment,26,717.0,"$181,046.17",Available,,181046.17,252.50511854951188,False
70246,7,2025-11-01,Apartment,27,768.05,"$200,961.24",Sold,C1113,200961.24,261.6512466636287,True
70323,7,2025-11-01,Apartment,38,1755.26,"$492,569.41",Sold,C1682,492569.41,280.62475644633844,True
70366,7,2025-11-01,Office,43,498.61,"$173,467.51",Sold,C0659,173467.51,347.9021880828704,True
70388,7,2025-11-01,Apartment,44,1859.83,"$579,256.81",Available,,579256.81,311.4568589602276,False
70392,7,2025-11-01,Office,45,1150.93,"$337,914.19",Sold,C0857,337914.19,293.6009922410572,True
70393,7,2025-11-01,Apartment,45,1150.93,"$382,612.66",Sold,C0849,382612.66,332.43781985003426,True
70397,7,2025-11-01,Apartment,45,1150.93,"$338,690.28",Sold,C1484,338690.28,294.2753077945661,True
70427,7,2025-11-01,Apartment,50,502.02,"$155,945.89",Sold,C1838,155945.89,310.63680729851404,True
70445,7,2025-11-01,Apartment,52,1281.14,"$349,648.17",Sold,C1725,349648.17,272.9195638259675,True
70455,7,2025-11-01,Apartment,54,1940.69,"$480,664.14",Sold,C0429,480664.14,247.6769293395648,True
70459,7,2025-11-01,Apartment,54,1940.69,"$556,524.23",Sold,C1841,556524.23,286.76616564211696,True
70480,7,2025-11-01,Apartment,56,1589.6,"$543,124.84",Available,,543124.84,341.6739053850025,False
70495,7,2025-11-01,Apartment,58,1629.83,"$439,175.81",Sold,C0855,439175.81,269.4611155764712,True
80127,8,2025-11-01,Apartment,15,534.85,"$146,489.27",Available,,146489.27,273.8885107974198,False
80229,8,2025-11-01,Apartment,30,1070.46,"$312,199.71",Available,,312199.71,291.65004764306934,False
80230,8,2025-11-01,Apartment,30,1070.46,"$356,415.65",Sold,C0356,356415.65,332.95559852773573,True
80256,8,2025-11-01,Apartment,31,1253.18,"$368,476.78",Sold,C0775,368476.78,294.0334030227102,True
80317,8,2025-11-01,Apartment,37,890.65,"$282,190.81",Available,,282190.81,316.83692808622914,False
80319,8,2025-11-01,Office,37,890.65,"$259,033.69",Sold,C0302,259033.69,290.8366810756189,True
80320,8,2025-11-01,Apartment,37,890.65,"$303,140.71",Available,,303140.71,340.3589625554371,False
80385,8,2025-11-01,Apartment,46,1175.51,"$320,650.80",Available,,320650.8,272.77590152359403,False
80415,8,2025-11-01,Apartment,47,543.08,"$162,276.59",Sold,C0888,162276.59,298.80789202327463,True
80444,8,2025-11-01,Apartment,52,559.73,"$181,961.70",Available,,181961.7,325.0883461669019,False
80497,8,2025-11-01,Apartment,57,1949.35,"$611,950.16",Available,,611950.16,313.925236617334,False
90013,9,2025-11-01,Apartment,2,481.55,"$142,741.31",Sold,C0939,142741.31,296.42053784653723,True
90028,9,2025-11-01,Apartment,6,1821.59,"$664,971.32",Sold,C0304,664971.32,365.0499398876805,True
90032,9,2025-11-01,Apartment,7,697.68,"$235,108.59",Sold,C0275,235108.59,336.98628310973515,True
90064,9,2025-11-01,Apartment,11,559.6,"$163,278.20",Sold,C1399,163278.2,291.77662616154396,True
90123,9,2025-11-01,Office,18,860.97,"$312,329.10",Available,,312329.1,362.76420781211885,False
90209,9,2025-11-01,Apartment,30,1250.17,"$404,942.23",Sold,C1945,404942.23,323.90973227641035,True
90239,9,2025-11-01,Apartment,34,1577.36,"$566,466.92",Sold,C0541,566466.92,359.12342141299393,True
90248,9,2025-11-01,Apartment,34,1577.36,"$517,404.20",Sold,C1171,517404.2,328.0190951970381,True
90256,9,2025-11-01,Apartment,34,1577.36,"$453,005.17",Available,,453005.17,287.1919980220115,False
90309,9,2025-11-01,Office,38,1260.31,"$479,460.40",Sold,C0271,479460.4,380.43052899683414,True
90327,9,2025-11-01,Apartment,39,1839.34,"$563,581.06",Sold,C1214,563581.06,306.40396011612864,True
90410,9,2025-11-01,Apartment,52,1126.02,"$289,362.88",Available,,289362.88,256.9784550896077,False
90431,9,2025-11-01,Apartment,54,1693.18,"$507,727.45",Available,,507727.45,299.8661985140387,False
90438,9,2025-11-01,Apartment,56,1516.4,"$485,182.70",Sold,C0811,485182.7,319.95693748351357,True
90489,9,2025-11-01,Apartment,58,838.34,"$269,593.82",Sold,C0736,269593.82,321.5805281866546,True
90533,9,2025-11-01,Apartment,62,1263.44,"$375,639.73",Available,,375639.73,297.31505255492937,False
100042,10,2025-11-01,Apartment,5,1741.96,"$487,397.65",Sold,C1627,487397.65,279.79841672598684,True
100171,10,2025-11-01,Apartment,22,1116.68,"$349,536.03",Sold,C0096,349536.03,313.0136028226529,True
100197,10,2025-11-01,Apartment,26,1294.85,"$358,050.18",Sold,C0416,358050.18,276.5186546704252,True
100199,10,2025-11-01,Apartment,26,1294.85,"$411,006.55",Available,,411006.55,317.41634166119627,False
100227,10,2025-11-01,Apartment,28,1606.58,"$370,439.82",Sold,C1629,370439.82,230.57664106362586,True
100237,10,2025-11-01,Apartment,28,1606.58,"$492,594.19",Sold,C1735,492594.19,306.61043334287746,True
100248,10,2025-11-01,Apartment,30,1559.4,"$472,764.91",Sold,C1492,472764.91,303.1710337309221,True
100265,10,2025-11-01,Apartment,31,1499.0,"$517,225.72",Sold,C0490,517225.72,345.0471781187458,True
100343,10,2025-11-01,Office,41,1750.64,"$618,969.17",Available,,618969.17,353.56736393547504,False
100368,10,2025-11-01,Apartment,43,1093.67,"$319,736.59",Sold,C0673,319736.59,292.3519800305394,True
100400,10,2025-11-01,Apartment,46,1525.34,"$427,855.21",Available,,427855.21,280.49825612650295,False
100409,10,2025-11-01,Apartment,48,1421.82,"$433,353.30",Sold,C0689,433353.3,304.7877368443263,True
110066,11,2025-11-01,Apartment,8,1001.41,"$302,352.69",Available,,302352.69,301.92697296811497,False
110096,11,2025-11-01,Apartment,10,1519.64,"$498,329.20",Sold,C1915,498329.2,327.92582453739044,True
110143,11,2025-11-01,Office,14,524.68,"$185,648.15",Available,,185648.15,353.8311923458108,False
110158,11,2025-11-01,Apartment,16,1829.02,"$555,271.92",Sold,C0052,555271.92,303.58985686323825,True
110187,11,2025-11-01,Apartment,20,570.62,"$139,343.87",Sold,C0540,139343.87,244.1973116960499,True
110207,11,2025-11-01,Apartment,24,1481.82,"$483,310.62",Sold,C1599,483310.62,326.1601409078026,True
110405,11,2025-11-01,Apartment,48,661.7,"$187,373.72",Sold,C1141,187373.72,283.1701979749131,True
110409,11,2025-11-01,Apartment,49,1095.85,"$320,280.83",Sold,C0802,320280.83,292.2670347219054,True
110421,11,2025-11-01,Apartment,50,948.72,"$324,597.29",Available,,324597.29,342.14234969221684,False
110474,11,2025-11-01,Apartment,56,724.8,"$254,744.91",Available,,254744.91,351.46924668874175,False
110476,11,2025-11-01,Apartment,56,724.8,"$198,493.91",Sold,C1360,198493.91,273.8602511037528,True
110480,11,2025-11-01,Apartment,57,1008.58,"$293,155.68",Sold,C1424,293155.68,290.66180174106165,True
110536,11,2025-11-01,Apartment,62,1938.82,"$584,274.59",Available,,584274.59,301.35576794132515,False
120010,12,2025-11-01,Apartment,1,839.95,"$270,210.04",Sold,C1269,270210.04,321.6977677242693,True
120033,12,2025-11-01,Apartment,3,1469.27,"$461,277.40",Sold,C0873,461277.4,313.95005683094325,True
120069,12,2025-11-01,Apartment,8,1803.36,"$532,123.09",Sold,C1027,532123.09,295.0731357022447,True
120076,12,2025-11-01,Office,9,857.88,"$279,331.20",Sold,C0716,279331.2,325.60637851447757,True
120101,12,2025-11-01,Apartment,13,1394.03,"$367,948.15",Sold,C0643,367948.15,263.94564679382796,True
120105,12,2025-11-01,Office,13,1394.03,"$428,024.76",Sold,C1563,428024.76,307.0412831861581,True
120114,12,2025-11-01,Apartment,14,1369.96,"$408,970.70",Sold,C1288,408970.7,298.52747525475195,True
120135,12,2025-11-01,Office,16,1523.02,"$531,861.15",Sold,C1970,531861.15,349.2148166143583,True
120168,12,2025-11-01,Apartment,19,1381.22,"$404,116.85",Sold,C0657,404116.85,292.5796397387816,True
120176,12,2025-11-01,Apartment,19,1381.22,"$438,017.28",Sold,C1513,438017.28,317.1234705550166,True
120178,12,2025-11-01,Apartment,20,1802.21,"$589,821.06",Sold,C1155,589821.06,327.27654379900235,True
120216,12,2025-11-01,Apartment,24,1306.75,"$342,014.82",Available,,342014.82,261.72934379185,False
120305,12,2025-11-01,Apartment,34,1817.64,"$581,530.71",Sold,C1188,581530.71,319.9372317950749,True
120330,12,2025-11-01,Apartment,35,1690.62,"$522,782.23",Available,,522782.23,309.22515408548344,False
120380,12,2025-11-01,Apartment,41,938.23,"$301,777.57",Sold,C0625,301777.57,321.645619943937,True
130009,13,2025-11-01,Apartment,1,1899.92,"$585,383.34",Sold,C1039,585383.34,308.10946776706385,True
130019,13,2025-11-01,Apartment,1,1899.92,"$528,447.33",Sold,C0525,528447.33,278.14188492147036,True
130053,13,2025-11-01,Apartment,5,441.3,"$140,473.80",Available,,140473.8,318.318150917743,False
130101,13,2025-11-01,Apartment,11,1678.3,"$492,219.36",Available,,492219.36,293.28449025799915,False
130119,13,2025-11-01,Apartment,14,777.75,"$263,800.27",Sold,C1192,263800.27,339.18388942462235,True
130120,13,2025-11-01,Apartment,14,777.75,"$232,415.12",Sold,C1122,232415.12,298.830112504018,True
130127,13,2025-11-01,Apartment,15,458.29,"$133,001.94",Sold,C0069,133001.94,290.2134892753497,True
130206,13,2025-11-01,Apartment,24,1044.69,"$318,399.49",Sold,C0115,318399.49,304.77892006241086,True
130233,13,2025-11-01,Apartment,27,885.68,"$275,412.14",Sold,C1428,275412.14,310.9612275313883,True
130259,13,2025-11-01,Apartment,30,1777.51,"$517,851.19",Available,,517851.19,291.33517673599584,False
130283,13,2025-11-01,Apartment,32,1114.07,"$307,088.64",Sold,C1571,307088.64,275.64573141723594,True
130292,13,2025-11-01,Apartment,33,1445.84,"$349,555.66",Sold,C0596,349555.66,241.76648868477838,True
130306,13,2025-11-01,Apartment,33,1445.84,"$502,977.76",Available,,502977.76,347.8792674154817,False
130311,13,2025-11-01,Apartment,34,1557.0,"$442,471.98",Sold,C0739,442471.98,284.18238921001927,True
130335,13,2025-11-01,Apartment,37,1555.67,"$498,455.15",Sold,C1632,498455.15,320.41188041165543,True
130408,13,2025-11-01,Apartment,46,1098.38,"$301,584.36",Available,,301584.36,274.57196962799753,False
130486,13,2025-11-01,Apartment,56,606.9,"$209,460.48",Sold,C1751,209460.48,345.1317844784973,True
130524,13,2025-11-01,Apartment,60,1401.81,"$400,639.20",Sold,C1328,400639.2,285.8013568172577,True
130570,13,2025-11-01,Apartment,67,524.97,"$182,365.75",Sold,C1654,182365.75,347.3831838009791,True
130586,13,2025-11-01,Apartment,68,1590.69,"$456,114.67",Sold,C0163,456114.67,286.740137927566,True
140017,14,2025-11-01,Apartment,4,1797.81,"$674,634.08",Sold,C0072,674634.08,375.2532692553718,True
140037,14,2025-11-01,Apartment,6,1733.36,"$512,907.41",Available,,512907.41,295.90356879124937,False
140075,14,2025-11-01,Apartment,9,803.5,"$206,747.63",Sold,C0827,206747.63,257.30881144990667,True
140076,14,2025-11-01,Office,10,686.98,"$229,277.01",Sold,C0826,229277.01,333.7462662668491,True
140082,14,2025-11-01,Apartment,11,1431.42,"$424,295.01",Sold,C0537,424295.01,296.41545458356035,True
140111,14,2025-11-01,Apartment,12,459.44,"$150,372.92",Available,,150372.92,327.2960995995125,False
140220,14,2025-11-01,Apartment,23,1610.37,"$475,258.58",Sold,C0168,475258.58,295.1238411048393,True
140228,14,2025-11-01,Apartment,24,1205.25,"$313,395.21",Sold,C0764,313395.21,260.0250653391413,True
140285,14,2025-11-01,Office,33,1894.96,"$567,515.07",Sold,C1641,567515.07,299.4865696373538,True
140309,14,2025-11-01,Office,35,1152.84,"$383,709.90",Sold,C1619,383709.9,332.83881544706986,True
140343,14,2025-11-01,Office,40,532.44,"$173,509.18",Available,,173509.18,325.8755540530388,False
140381,14,2025-11-01,Apartment,46,1258.99,"$435,031.40",Sold,C0006,435031.4,345.5399963462776,True
140383,14,2025-11-01,Apartment,46,1258.99,"$301,009.14",Available,,301009.14,239.08779259565208,False
140391,14,2025-11-01,Apartment,47,917.53,"$260,925.13",Available,,260925.13,284.37776421479407,False
150058,15,2025-11-01,Apartment,9,565.48,"$155,758.36",Sold,C0842,155758.36,275.4445073212138,True
150068,15,2025-11-01,Apartment,10,1072.95,"$344,497.27",Available,,344497.27,321.07485903350573,False
150075,15,2025-11-01,Office,11,1437.62,"$431,869.41",Sold,C1937,431869.41,300.40581655792215,True
150090,15,2025-11-01,Apartment,14,1832.17,"$590,525.42",Sold,C0197,590525.42,322.3092944432012,True
150107,15,2025-11-01,Apartment,15,522.71,"$149,168.26",Available,,149168.26,285.37479673241376,False
150110,15,2025-11-01,Apartment,15,522.71,"$164,671.95",Sold,C0796,164671.95,315.03500985249946,True
150116,15,2025-11-01,Apartment,16,1692.61,"$451,472.07",Sold,C0512,451472.07,266.7313025445909,True
150153,15,2025-11-01,Apartment,20,1662.01,"$582,501.36",Available,,582501.36,350.4800572800404,False
150196,15,2025-11-01,Apartment,23,1279.23,"$424,459.34",Sold,C1577,424459.34,331.8084629034654,True
150215,15,2025-11-01,Apartment,24,924.36,"$299,400.10",Sold,C0699,299400.1,323.8998874897226,True
150255,15,2025-11-01,Apartment,30,1523.22,"$367,291.58",Sold,C1060,367291.58,241.12838591930253,True
150270,15,2025-11-01,Apartment,31,1901.65,"$487,419.68",Sold,C1049,487419.68,256.31408513659187,True
150285,15,2025-11-01,Apartment,34,1304.22,"$448,177.53",Available,,448177.53,343.6364493720385,False
150338,15,2025-11-01,Apartment,39,1713.42,"$528,186.67",Sold,C0787,528186.67,308.26456443837475,True
150369,15,2025-11-01,Apartment,46,1672.19,"$485,123.68",Sold,C0434,485123.68,290.11277426608217,True
150410,15,2025-11-01,Apartment,52,829.2,"$246,505.73",Sold,C1072,246505.73,297.2813917028461,True
150436,15,2025-11-01,Office,54,1495.13,"$441,341.34",Sold,C1689,441341.34,295.1859303204404,True
160001,16,2025-11-01,Apartment,1,637.07,"$182,821.64",Sold,C1156,182821.64,286.9726089754658,True
160004,16,2025-11-01,Office,1,637.07,"$203,005.54",Sold,C1877,203005.54,318.6549986657667,True
160017,16,2025-11-01,Apartment,3,466.91,"$155,288.54",Available,,155288.54,332.58773639459423,False
160075,16,2025-11-01,Apartment,9,1524.04,"$470,652.98",Sold,C1789,470652.98,308.8193092044828,True
160087,16,2025-11-01,Apartment,10,1608.56,"$457,443.89",Sold,C1059,457443.89,284.3809929377829,True
160149,16,2025-11-01,Apartment,19,1163.06,"$316,833.18",Sold,C1307,316833.18,272.4134438464052,True
160175,16,2025-11-01,Apartment,21,837.95,"$248,809.12",Sold,C1749,248809.12,296.9259741034668,True
160221,16,2025-11-01,Apartment,27,1164.55,"$315,946.58",Available,,315946.58,271.30357648877253,False
160299,16,2025-11-01,Office,35,629.97,"$185,818.63",Sold,C0967,185818.63,294.9642522659809,True
160330,16,2025-11-01,Apartment,39,1562.93,"$576,814.21",Sold,C1425,576814.21,369.0595292175593,True
160380,16,2025-11-01,Apartment,44,1695.03,"$485,666.87",Sold,C0184,485666.87,286.52405562143446,True
170028,17,2025-11-01,Office,2,1738.5,"$609,069.59",Sold,C1608,609069.59,350.3420132297958,True
170035,17,2025-11-01,Apartment,2,1738.5,"$500,319.59",Sold,C0472,500319.59,287.788087431694,True
170083,17,2025-11-01,Apartment,10,1059.07,"$362,011.56",Sold,C1374,362011.56,341.8202385111466,True
170118,17,2025-11-01,Apartment,14,1646.02,"$461,159.55",Sold,C0506,461159.55,280.1664317566008,True
170193,17,2025-11-01,Apartment,22,1221.66,"$389,362.89",Sold,C1274,389362.89,318.7162467462305,True
170203,17,2025-11-01,Apartment,23,1025.52,"$308,623.72",Available,,308623.72,300.9436383493252,False
170273,17,2025-11-01,Apartment,33,1532.89,"$492,997.29",Sold,C0558,492997.29,321.6129598340389,True
170283,17,2025-11-01,Office,34,1672.99,"$512,206.73",Sold,C1331,512206.73,306.16245763573005,True
170319,17,2025-11-01,Apartment,39,1341.67,"$350,729.78",Sold,C0205,350729.78,261.4128511481959,True
170322,17,2025-11-01,Apartment,39,1341.67,"$382,287.72",Sold,C1024,382287.72,284.93423867269894,True
170363,17,2025-11-01,Office,46,1582.61,"$563,644.13",Sold,C1285,563644.13,356.14846993257976,True
170365,17,2025-11-01,Office,46,1582.61,"$446,323.73",Available,,446323.73,282.0175090515035,False
170386,17,2025-11-01,Office,48,1833.96,"$427,154.66",Sold,C1355,427154.66,232.9138367249013,True
170397,17,2025-11-01,Apartment,48,1833.96,"$579,893.68",Sold,C0079,579893.68,316.1975615607756,True
170422,17,2025-11-01,Apartment,49,1283.67,"$420,964.33",Sold,C0569,420964.33,327.9381227262458,True
170425,17,2025-11-01,Office,49,1283.67,"$354,856.93",Available,,354856.93,276.4393730475901,False
180011,18,2025-11-01,Apartment,2,650.96,"$228,045.99",Available,,228045.99,350.3225851050756,False
180016,18,2025-11-01,Apartment,2,650.96,"$173,736.31",Available,,173736.31,266.89245114907214,False
180025,18,2025-11-01,Apartment,3,524.48,"$145,804.45",Available,,145804.45,277.9981124161074,False
180043,18,2025-11-01,Apartment,5,883.32,"$254,226.38",Sold,C0779,254226.38,287.8077933251823,True
180119,18,2025-11-01,Apartment,16,1360.96,"$424,747.54",Sold,C1494,424747.54,312.0940659534446,True
180176,18,2025-11-01,Apartment,23,1659.02,"$388,638.89",Available,,388638.89,234.25811020964184,False
180234,18,2025-11-01,Apartment,29,578.36,"$187,806.73",Sold,C0994,187806.73,324.72288885815067,True
180242,18,2025-11-01,Apartment,30,1795.66,"$554,041.06",Available,,554041.06,308.54452401902364,False
180270,18,2025-11-01,Apartment,32,1512.9,"$446,062.57",Available,,446062.57,294.8394275893978,False
180283,18,2025-11-01,Apartment,35,799.05,"$215,198.92",Sold,C1917,215198.92,269.31846567799266,True
180293,18,2025-11-01,Apartment,36,1089.77,"$319,872.98",Sold,C0104,319872.98,293.5233856685355,True
180338,18,2025-11-01,Apartment,38,1219.8,"$372,238.56",Sold,C0344,372238.56,305.1636005902607,True
180350,18,2025-11-01,Apartment,40,990.46,"$332,586.48",Sold,C1133,332586.48,335.7899157967005,True
180409,18,2025-11-01,Apartment,46,1410.38,"$429,061.94",Available,,429061.94,304.217260596435,False
180443,18,2025-11-01,Apartment,50,854.74,"$261,586.38",Available,,261586.38,306.04204787420736,False
180454,18,2025-11-01,Office,51,1527.31,"$462,493.65",Sold,C1192,462493.65,302.8158330659788,True
180478,18,2025-11-01,Office,53,1806.7,"$553,251.13",Sold,C1805,553251.13,306.22191287983617,True
180510,18,2025-11-01,Apartment,56,1311.59,"$344,932.72",Sold,C1671,344932.72,262.98822040424216,True
180566,18,2025-11-01,Office,66,1631.24,"$474,549.83",Sold,C1428,474549.83,290.91355655820115,True
190012,19,2025-11-01,Apartment,3,1468.68,"$441,268.43",Sold,C1110,441268.43,300.4523994335049,True
190048,19,2025-11-01,Apartment,8,974.77,"$337,242.78",Available,,337242.78,345.9716445930835,False
190064,19,2025-11-01,Apartment,10,747.71,"$184,861.04",Available,,184861.04,247.23628144601517,False
190074,19,2025-11-01,Apartment,11,1869.93,"$587,752.90",Sold,C1632,587752.9,314.3181295556518,True
190115,19,2025-11-01,Apartment,16,1711.98,"$494,772.35",Sold,C1624,494772.35,289.0059171252,True
190121,19,2025-11-01,Apartment,16,1711.98,"$419,974.59",Sold,C0167,419974.59,245.31512634493396,True
190141,19,2025-11-01,Apartment,19,1697.73,"$546,860.26",Sold,C0102,546860.26,322.11262097035456,True
190251,19,2025-11-01,Office,29,1657.84,"$629,727.03",Sold,C0265,629727.03,379.84789243835354,True
190270,19,2025-11-01,Apartment,31,1089.64,"$294,188.66",Sold,C1973,294188.66,269.98702323703236,True
190372,19,2025-11-01,Apartment,42,1137.59,"$349,796.52",Sold,C1010,349796.52,307.4890953682786,True
190431,19,2025-11-01,Apartment,50,1227.01,"$328,156.51",Sold,C1839,328156.51,267.4440387608903,True
200049,20,2025-11-01,Apartment,5,802.5,"$269,776.61",Sold,C1844,269776.61,336.170230529595,True
200116,20,2025-11-01,Apartment,16,645.44,"$214,742.16",Sold,C0806,214742.16,332.706618740704,True
200145,20,2025-11-01,Office,18,1868.01,"$566,409.84",Sold,C0117,566409.84,303.21563589060014,True
200164,20,2025-11-01,Apartment,18,1868.01,"$642,233.35",Sold,C0182,642233.35,343.8061627079084,True
200182,20,2025-11-01,Apartment,19,759.72,"$223,726.64",Sold,C1683,223726.64,294.4856526088559,True
200246,20,2025-11-01,Apartment,30,1703.94,"$569,890.18",Available,,569890.18,334.45437045905373,False
200255,20,2025-11-01,Apartment,30,1703.94,"$503,479.89",Sold,C1426,503479.89,295.4798232332124,True
200262,20,2025-11-01,Apartment,30,1703.94,"$570,549.18",Sold,C0153,570549.18,334.8411211662383,True
200270,20,2025-11-01,Office,31,1414.44,"$432,022.48",Available,,432022.48,305.43711999095046,False
200288,20,2025-11-01,Apartment,32,1630.81,"$505,190.92",Available,,505190.92,309.7791404271497,False
200330,20,2025-11-01,Apartment,36,1484.99,"$464,470.15",Sold,C1086,464470.15,312.7766180243638,True
200340,20,2025-11-01,Apartment,37,632.35,"$205,480.89",Available,,205480.89,324.9480351071401,False
200408,20,2025-11-01,Apartment,46,1227.49,"$375,996.10",Sold,C1780,375996.1,306.312963853066,True
200426,20,2025-11-01,Apartment,48,860.8,"$245,686.16",Available,,245686.16,285.4160780669145,False
200501,20,2025-11-01,Office,58,1208.52,"$391,528.70",Sold,C0904,391528.7,323.97370337272037,True
1006,1,2025-12-01,Apartment,6,736.63,"$198,841.70",Sold,C0121,198841.7,269.93429537216787,True
1008,1,2025-12-01,Office,8,775.69,"$246,050.40",Sold,C0058,246050.4,317.20197501579236,True
2019,2,2025-12-01,Apartment,19,649.8,"$177,555.06",Sold,C0007,177555.06,273.24570637119115,True
3003,3,2025-12-01,Apartment,3,675.19,"$233,142.80",Sold,C0112,233142.8,345.29954531317105,True
3044,3,2025-12-01,Apartment,44,720.38,"$197,869.36",Sold,C0007,197869.36,274.673588939171,True
4019,4,2025-12-01,Apartment,19,733.19,"$226,578.51",Sold,C0162,226578.51,309.03109698713837,True
5037,5,2025-12-01,Apartment,37,606.33,"$147,343.69",Available,,147343.69,243.00907096795473,False
10041,1,2025-12-01,Apartment,5,753.87,"$224,039.90",Sold,C0835,224039.9,297.186384920477,True
10061,1,2025-12-01,Apartment,8,763.88,"$255,059.25",Available,,255059.25,333.8996308320679,False
10064,1,2025-12-01,Apartment,8,763.88,"$267,545.27",Available,,267545.27,350.2451563072734,False
10200,1,2025-12-01,Office,24,1146.11,"$371,108.69",Sold,C0525,371108.69,323.7984922913159,True
10212,1,2025-12-01,Apartment,24,1146.11,"$332,901.57",Sold,C0666,332901.57,290.46214586732515,True
10239,1,2025-12-01,Apartment,27,725.12,"$212,299.67",Sold,C1284,212299.67,292.7786711165049,True
10252,1,2025-12-01,Office,29,757.2,"$280,255.58",Sold,C0908,280255.58,370.12094558901214,True
10276,1,2025-12-01,Apartment,30,753.29,"$217,191.25",Sold,C1756,217191.25,288.32355400974393,True
10325,1,2025-12-01,Apartment,34,1469.14,"$419,517.32",Available,,419517.32,285.5529901847339,False
10345,1,2025-12-01,Apartment,37,758.3,"$212,665.55",Sold,C0701,212665.55,280.45041540287485,True
10380,1,2025-12-01,Apartment,43,1159.2,"$380,589.52",Available,,380589.52,328.32084195997237,False
20023,2,2025-12-01,Apartment,3,645.84,"$194,560.69",Sold,C0235,194560.69,301.25215223584786,True
20056,2,2025-12-01,Apartment,6,967.84,"$276,986.59",Sold,C0739,276986.59,286.1904756984626,True
20063,2,2025-12-01,Apartment,8,715.54,"$228,175.89",Sold,C1763,228175.89,318.88628168935355,True
20066,2,2025-12-01,Apartment,8,715.54,"$193,247.56",Available,,193247.56,270.0723369762697,False
20080,2,2025-12-01,Apartment,10,788.79,"$247,002.06",Sold,C0421,247002.06,313.14045563457955,True
20105,2,2025-12-01,Apartment,12,1610.5,"$483,688.37",Sold,C1451,483688.37,300.33428748835763,True
20108,2,2025-12-01,Apartment,13,782.33,"$254,517.05",Sold,C1316,254517.05,325.33208492579854,True
20114,2,2025-12-01,Apartment,14,1296.39,"$364,395.62",Available,,364395.62,281.08487415052565,False
20116,2,2025-12-01,Apartment,14,1296.39,"$379,142.42",Sold,C0494,379142.42,292.46015473738606,True
20121,2,2025-12-01,Apartment,15,1603.33,"$545,362.91",Available,,545362.91,340.1438942700505,False
20123,2,2025-12-01,Apartment,15,1603.33,"$484,411.77",Sold,C1944,484411.77,302.1285512028092,True
20147,2,2025-12-01,Apartment,17,1397.4,"$421,336.89",Sold,C0647,421336.89,301.51487762988404,True
20196,2,2025-12-01,Apartment,22,653.41,"$187,153.56",Available,,187153.56,286.4259194074165,False
20218,2,2025-12-01,Apartment,24,785.12,"$191,362.48",Sold,C1697,191362.48,243.7366007744039,True
20237,2,2025-12-01,Apartment,26,1577.79,"$581,627.97",Sold,C1369,581627.97,368.6345901545833,True
20248,2,2025-12-01,Apartment,27,1211.51,"$338,051.96",Sold,C1328,338051.96,279.0335696775099,True
20262,2,2025-12-01,Apartment,31,629.92,"$213,840.74",Available,,213840.74,339.4728536957074,False
20275,2,2025-12-01,Apartment,33,931.4,"$323,223.26",Sold,C0339,323223.26,347.0294824994632,True
20353,2,2025-12-01,Apartment,42,786.45,"$234,308.20",Sold,C1723,234308.2,297.93146417445485,True
20470,2,2025-12-01,Apartment,55,579.26,"$170,336.43",Sold,C0495,170336.43,294.0586783137106,True
20487,2,2025-12-01,Apartment,57,789.52,"$236,588.93",Sold,C0031,236588.93,299.66173117843755,True
20489,2,2025-12-01,Apartment,57,789.52,"$227,269.77",Sold,C0327,227269.77,287.85815432161314,True
30008,3,2025-12-01,Apartment,1,689.75,"$199,928.99",Sold,C1089,199928.99,289.85718013773106,True
30043,3,2025-12-01,Apartment,5,701.19,"$240,775.59",Sold,C1371,240775.59,343.381380225046,True
30093,3,2025-12-01,Apartment,9,1125.84,"$340,383.54",Sold,C1260,340383.54,302.3374014069495,True
30110,3,2025-12-01,Office,10,784.09,"$229,122.78",Sold,C1683,229122.78,292.21489879988263,True
30179,3,2025-12-01,Office,19,1602.22,"$548,316.40",Sold,C0952,548316.4,342.2229157044601,True
30202,3,2025-12-01,Apartment,21,1122.15,"$326,871.64",Sold,C1693,326871.64,291.2905048344695,True
30228,3,2025-12-01,Apartment,26,923.9,"$290,397.87",Sold,C1985,290397.87,314.3174261283689,True
30231,3,2025-12-01,Apartment,27,1117.14,"$348,620.64",Available,,348620.64,312.0653096299479,False
30269,3,2025-12-01,Apartment,29,666.0,"$201,414.57",Sold,C0298,201414.57,302.4242792792793,True
30294,3,2025-12-01,Office,36,733.45,"$223,416.12",Sold,C1099,223416.12,304.60988479105595,True
30307,3,2025-12-01,Office,37,659.12,"$177,964.95",Sold,C0818,177964.95,270.00386879475667,True
30335,3,2025-12-01,Apartment,41,965.5,"$246,752.31",Available,,246752.31,255.56945624029,False
30354,3,2025-12-01,Apartment,44,673.86,"$229,430.73",Available,,229430.73,340.4723978274419,False
30365,3,2025-12-01,Apartment,45,1598.85,"$478,845.33",Sold,C1901,478845.33,299.4935922694437,True
30377,3,2025-12-01,Apartment,46,1599.81,"$451,305.59",Sold,C0002,451305.59,282.0994930648015,True
30396,3,2025-12-01,Apartment,48,783.39,"$226,226.94",Available,,226226.94,288.77945850725695,False
30432,3,2025-12-01,Apartment,50,713.67,"$223,479.12",Sold,C0001,223479.12,313.14069527933077,True
40044,4,2025-12-01,Apartment,4,783.03,"$219,176.28",Sold,C0353,219176.28,279.90789624918585,True
40129,4,2025-12-01,Apartment,15,760.39,"$241,793.69",Sold,C1493,241793.69,317.9864148660556,True
40144,4,2025-12-01,Apartment,18,1294.91,"$331,484.76",Available,,331484.76,255.9905784958028,False
40161,4,2025-12-01,Apartment,20,1609.62,"$493,358.40",Available,,493358.4,306.50613188205915,False
40181,4,2025-12-01,Apartment,22,737.92,"$221,931.40",Sold,C0113,221931.4,300.75265611448395,True
40249,4,2025-12-01,Apartment,30,1307.35,"$366,344.49",Sold,C0384,366344.49,280.21913795081656,True
40266,4,2025-12-01,Apartment,31,793.1,"$215,499.41",Available,,215499.41,271.71782877316855,False
40298,4,2025-12-01,Apartment,34,795.1,"$226,963.84",Sold,C0895,226963.84,285.4532008552383,True
40300,4,2025-12-01,Office,35,777.82,"$187,305.08",Sold,C1748,187305.08,240.80774472242933,True
50025,5,2025-12-01,Apartment,5,821.43,"$272,621.22",Sold,C1165,272621.22,331.88612541543404,True
50109,5,2025-12-01,Apartment,13,791.13,"$228,756.40",Sold,C0943,228756.4,289.15146688913325,True
50140,5,2025-12-01,Apartment,18,1267.03,"$383,350.47",Sold,C1358,383350.47,302.5583214288533,True
50232,5,2025-12-01,Apartment,31,1008.52,"$316,398.13",Sold,C0786,316398.13,313.7251913695316,True
50241,5,2025-12-01,Apartment,32,1051.39,"$356,271.34",Sold,C1510,356271.34,338.85745536860725,True
50263,5,2025-12-01,Apartment,35,605.55,"$223,340.65",Sold,C1097,223340.65,368.8228057138139,True
50277,5,2025-12-01,Apartment,36,627.56,"$174,036.19",Sold,C1528,174036.19,277.3219931161961,True
50343,5,2025-12-01,Apartment,44,806.03,"$240,727.61",Available,,240727.61,298.6583749984492,False
50366,5,2025-12-01,Apartment,44,806.03,"$226,621.01",Sold,C1521,226621.01,281.1570413011923,True
50381,5,2025-12-01,Apartment,46,1272.95,"$315,056.10",Sold,C0381,315056.1,247.5007659373895,True
50401,5,2025-12-01,Apartment,47,1241.14,"$387,349.97",Sold,C0582,387349.97,312.0920846963275,True
50417,5,2025-12-01,Apartment,48,788.04,"$240,777.19",Available,,240777.19,305.5393000355312,False
50423,5,2025-12-01,Apartment,48,788.04,"$245,774.19",Sold,C0130,245774.19,311.8803487132633,True
50434,5,2025-12-01,Apartment,50,1261.07,"$354,560.73",Available,,354560.73,281.15864305708646,False
50447,5,2025-12-01,Apartment,52,1755.18,"$600,255.95",Sold,C0192,600255.95,341.99110632527714,True
60070,6,2025-12-01,Apartment,7,1075.42,"$272,177.18",Sold,C1432,272177.18,253.08919305945582,True
60071,6,2025-12-01,Apartment,7,1075.42,"$355,403.13",Available,,355403.13,330.47844563054434,False
60139,6,2025-12-01,Apartment,12,1678.17,"$525,586.98",Sold,C0889,525586.98,313.1905468456712,True
60158,6,2025-12-01,Office,13,581.47,"$208,297.48",Sold,C0205,208297.48,358.225669424046,True
60185,6,2025-12-01,Apartment,17,1502.18,"$360,572.24",Available,,360572.24,240.03264588797612,False
60215,6,2025-12-01,Apartment,20,1897.17,"$574,185.82",Sold,C0256,574185.82,302.65385811498174,True
60219,6,2025-12-01,Apartment,20,1897.17,"$526,760.59",Sold,C0291,526760.59,277.6559770605691,True
60260,6,2025-12-01,Office,27,830.65,"$249,999.70",Available,,249999.7,300.968759405285,False
60305,6,2025-12-01,Office,33,1131.0,"$267,225.51",Sold,C0523,267225.51,236.2736604774536,True
60317,6,2025-12-01,Apartment,35,999.85,"$255,065.59",Sold,C1288,255065.59,255.10385557833675,True
60322,6,2025-12-01,Apartment,35,999.85,"$314,903.31",Sold,C0933,314903.31,314.95055258288744,True
60354,6,2025-12-01,Apartment,40,1640.68,"$483,705.16",Sold,C1388,483705.16,294.81992832240286,True
60368,6,2025-12-01,Apartment,41,940.72,"$291,458.17",Available,,291458.17,309.8245705417127,False
60394,6,2025-12-01,Apartment,47,550.99,"$169,119.00",Sold,C1578,169119.0,306.9366050200548,True
70022,7,2025-12-01,Apartment,5,1144.09,"$338,846.39",Sold,C0182,338846.39,296.1710966794571,True
70053,7,2025-12-01,Apartment,9,926.11,"$289,279.39",Sold,C1058,289279.39,312.3596441027524,True
70069,7,2025-12-01,Apartment,10,1495.37,"$469,951.83",Sold,C1602,469951.83,314.2712706554231,True
70093,7,2025-12-01,Apartment,13,604.6,"$190,112.97",Sold,C1988,190112.97,314.4442110486272,True
70159,7,2025-12-01,Apartment,19,751.07,"$237,334.62",Sold,C1479,237334.62,315.99533998162616,True
70171,7,2025-12-01,Apartment,19,751.07,"$229,319.93",Sold,C1727,229319.93,305.3243106501391,True
70283,7,2025-12-01,Apartment,34,1487.05,"$479,080.93",Sold,C0069,479080.93,322.16867623818973,True
70313,7,2025-12-01,Apartment,38,1755.26,"$492,244.23",Available,,492244.23,280.43949614302153,False
70332,7,2025-12-01,Apartment,39,1298.32,"$349,589.05",Sold,C0684,349589.05,269.26262400640826,True
70363,7,2025-12-01,Apartment,42,702.08,"$208,194.97",Sold,C1684,208194.97,296.54023757976296,True
70371,7,2025-12-01,Apartment,43,498.61,"$173,233.18",Sold,C0219,173233.18,347.4322215759812,True
70401,7,2025-12-01,Apartment,47,1033.08,"$312,842.27",Sold,C1102,312842.27,302.8248247957564,True
70435,7,2025-12-01,Office,51,648.27,"$160,146.36",Sold,C0596,160146.36,247.03651256420935,True
70472,7,2025-12-01,Apartment,55,601.23,"$153,831.90",Sold,C1580,153831.9,255.86198293498327,True
70502,7,2025-12-01,Apartment,58,1629.83,"$535,798.14",Sold,C0128,535798.14,328.7448016050754,True
80001,8,2025-12-01,Apartment,1,1109.29,"$313,855.45",Sold,C1087,313855.45,282.93363322485555,True
80006,8,2025-12-01,Apartment,1,1109.29,"$343,480.35",Sold,C0710,343480.35,309.6398146562215,True
80008,8,2025-12-01,Apartment,1,1109.29,"$359,701.01",Sold,C0902,359701.01,324.26237503267856,True
80064,8,2025-12-01,Apartment,6,1370.17,"$392,405.21",Sold,C1392,392405.21,286.39162293729976,True
80066,8,2025-12-01,Apartment,7,1352.74,"$450,542.24",Sold,C0830,450542.24,333.0590061652646,True
80077,8,2025-12-01,Apartment,9,1869.81,"$623,455.64",Sold,C1022,623455.64,333.4326161481648,True
80086,8,2025-12-01,Apartment,9,1869.81,"$630,466.93",Sold,C1519,630466.93,337.1823500783502,True
80121,8,2025-12-01,Apartment,14,685.93,"$211,248.28",Sold,C0539,211248.28,307.9735249952619,True
80128,8,2025-12-01,Apartment,15,534.85,"$157,988.27",Available,,157988.27,295.3879966345704,False
80140,8,2025-12-01,Office,17,1109.27,"$330,111.23",Available,,330111.23,297.59321896382306,False
80290,8,2025-12-01,Office,34,1684.75,"$599,958.23",Sold,C1308,599958.23,356.11113221546225,True
80301,8,2025-12-01,Apartment,34,1684.75,"$460,742.05",Available,,460742.05,273.4779937676213,False
80341,8,2025-12-01,Apartment,38,1565.91,"$448,751.85",Available,,448751.85,286.5757610590647,False
80344,8,2025-12-01,Apartment,39,1290.89,"$344,279.20",Sold,C0970,344279.2,266.6990990711834,True
80419,8,2025-12-01,Apartment,48,480.99,"$122,725.68",Sold,C1434,122725.68,255.15224848749452,True
80427,8,2025-12-01,Apartment,49,1081.0,"$300,111.63",Sold,C0971,300111.63,277.6240795559667,True
80475,8,2025-12-01,Apartment,55,1300.05,"$360,107.58",Available,,360107.58,276.99517710857276,False
90100,9,2025-12-01,Apartment,16,924.6,"$301,111.41",Sold,C0153,301111.41,325.6666774821544,True
90103,9,2025-12-01,Apartment,16,924.6,"$279,569.54",Sold,C1930,279569.54,302.3680943110534,True
90105,9,2025-12-01,Apartment,16,924.6,"$290,945.79",Available,,290945.79,314.6720635950681,False
90107,9,2025-12-01,Apartment,17,1481.32,"$448,326.14",Sold,C1794,448326.14,302.6531336915724,True
90138,9,2025-12-01,Apartment,21,1261.65,"$322,402.24",Sold,C0847,322402.24,255.54015772995677,True
90175,9,2025-12-01,Apartment,26,1038.39,"$274,444.30",Sold,C1786,274444.3,264.297903485203,True
90302,9,2025-12-01,Office,37,731.44,"$232,892.02",Sold,C1505,232892.02,318.40208356119433,True
90319,9,2025-12-01,Apartment,38,1260.31,"$369,333.99",Available,,369333.99,293.0501146543311,False
90336,9,2025-12-01,Apartment,40,1090.32,"$335,497.43",Sold,C0598,335497.43,307.7054717880989,True
90362,9,2025-12-01,Apartment,43,1908.91,"$475,625.61",Available,,475625.61,249.16083524105377,False
90382,9,2025-12-01,Apartment,45,786.13,"$249,761.11",Sold,C1548,249761.11,317.70967906071513,True
90389,9,2025-12-01,Office,46,662.32,"$218,823.87",Available,,218823.87,330.38994745742235,False
90407,9,2025-12-01,Apartment,52,1126.02,"$341,208.08",Sold,C1947,341208.08,303.02133177030606,True
90418,9,2025-12-01,Apartment,53,599.72,"$168,105.15",Sold,C1652,168105.15,280.3060594944307,True
90432,9,2025-12-01,Apartment,55,1182.51,"$329,392.09",Available,,329392.09,278.55332301629585,False
90503,9,2025-12-01,Apartment,58,838.34,"$289,916.64",Available,,289916.64,345.8222678149677,False
100002,10,2025-12-01,Apartment,1,1006.89,"$345,031.43",Sold,C0838,345031.43,342.6704307322548,True
100025,10,2025-12-01,Apartment,4,1765.37,"$581,087.19",Sold,C1123,581087.19,329.1588675461801,True
100059,10,2025-12-01,Office,6,842.66,"$258,394.11",Sold,C0281,258394.11,306.64100586238817,True
100061,10,2025-12-01,Apartment,8,1054.86,"$294,829.76",Sold,C0907,294829.76,279.4965777449141,True
100130,10,2025-12-01,Office,17,647.35,"$172,208.75",Available,,172208.75,266.02108596586083,False
100220,10,2025-12-01,Apartment,27,777.35,"$192,322.86",Sold,C0700,192322.86,247.4083231491606,True
100262,10,2025-12-01,Office,31,1499.0,"$494,246.62",Sold,C0058,494246.62,329.71755837224816,True
100284,10,2025-12-01,Apartment,33,1010.7,"$256,264.72",Sold,C0650,256264.72,253.5517166320372,True
100312,10,2025-12-01,Apartment,37,1177.85,"$423,654.20",Sold,C1865,423654.2,359.6843401112196,True
100338,10,2025-12-01,Apartment,40,1322.98,"$519,106.96",Sold,C0426,519106.96,392.37702761946514,True
100342,10,2025-12-01,Apartment,41,1750.64,"$487,726.42",Available,,487726.42,278.598923822145,False
100391,10,2025-12-01,Apartment,45,1119.1,"$388,898.15",Sold,C1749,388898.15,347.50973996961847,True
100410,10,2025-12-01,Apartment,48,1421.82,"$450,915.03",Sold,C1946,450915.03,317.13932143309285,True
100418,10,2025-12-01,Office,50,1138.32,"$401,935.35",Sold,C0735,401935.35,353.0952192705039,True
110001,11,2025-12-01,Apartment,1,1902.88,"$551,096.05",Sold,C1216,551096.05,289.61156247372406,True
110012,11,2025-12-01,Apartment,2,938.0,"$333,788.69",Sold,C0606,333788.69,355.8514818763326,True
110021,11,2025-12-01,Apartment,3,1479.84,"$416,304.72",Sold,C0055,416304.72,281.31738566331495,True
110137,11,2025-12-01,Apartment,14,524.68,"$156,613.99",Sold,C0886,156613.99,298.49430128840436,True
110195,11,2025-12-01,Apartment,23,1098.83,"$322,447.96",Available,,322447.96,293.44662959693494,False
110230,11,2025-12-01,Apartment,28,868.85,"$240,965.61",Sold,C0199,240965.61,277.33856246762963,True
110281,11,2025-12-01,Apartment,34,680.07,"$183,121.51",Sold,C0465,183121.51,269.26861940682574,True
110286,11,2025-12-01,Apartment,34,680.07,"$223,537.47",Sold,C0557,223537.47,328.697736997662,True
110310,11,2025-12-01,Office,38,788.47,"$213,799.71",Sold,C0066,213799.71,271.15769781982823,True
110358,11,2025-12-01,Apartment,42,808.59,"$224,518.89",Sold,C0277,224518.89,277.6671613549512,True
110395,11,2025-12-01,Apartment,47,1456.74,"$498,632.69",Sold,C1807,498632.69,342.2935389980367,True
110404,11,2025-12-01,Apartment,48,661.7,"$220,504.09",Sold,C1769,220504.09,333.2387637902372,True
110418,11,2025-12-01,Apartment,49,1095.85,"$337,603.60",Sold,C1797,337603.6,308.0746452525437,True
110492,11,2025-12-01,Apartment,58,1159.31,"$259,231.73",Sold,C0969,259231.73,223.60863789667994,True
110497,11,2025-12-01,Apartment,59,782.92,"$243,787.47",Available,,243787.47,311.38235068717114,False
110526,11,2025-12-01,Apartment,62,1938.82,"$644,513.43",Available,,644513.43,332.42561454905564,False
110529,11,2025-12-01,Apartment,62,1938.82,"$648,020.11",Sold,C0245,648020.11,334.23428167648365,True
110534,11,2025-12-01,Apartment,62,1938.82,"$518,507.57",Sold,C0119,518507.57,267.4346097110614,True
110559,11,2025-12-01,Apartment,65,1427.09,"$496,840.91",Sold,C1564,496840.91,348.1496682059296,True
120066,12,2025-12-01,Apartment,8,1803.36,"$551,363.70",Sold,C0158,551363.7,305.74244743146124,True
120096,12,2025-12-01,Apartment,12,959.05,"$230,717.53",Available,,230717.53,240.56882331473855,False
120097,12,2025-12-01,Apartment,12,959.05,"$324,581.41",Sold,C1601,324581.41,338.44055054481,True
120149,12,2025-12-01,Office,17,1428.55,"$414,273.14",Sold,C0240,414273.14,289.99554793321903,True
120201,12,2025-12-01,Apartment,22,892.67,"$278,444.81",Available,,278444.81,311.92356637951315,False
120217,12,2025-12-01,Apartment,24,1306.75,"$372,873.56",Sold,C1041,372873.56,285.34422039410754,True
120263,12,2025-12-01,Office,28,1563.65,"$563,520.95",Sold,C1462,563520.95,360.38816231253793,True
120399,12,2025-12-01,Apartment,47,1528.05,"$441,435.94",Available,,441435.94,288.8884133372599,False
130014,13,2025-12-01,Apartment,1,1899.92,"$510,953.78",Available,,510953.78,268.93436565750136,False
130016,13,2025-12-01,Apartment,1,1899.92,"$621,646.32",Sold,C0661,621646.32,327.19605036001514,True
130022,13,2025-12-01,Apartment,2,1651.02,"$438,704.41",Sold,C0093,438704.41,265.71719906482053,True
130064,13,2025-12-01,Apartment,7,1115.82,"$279,299.14",Sold,C1459,279299.14,250.30841892061446,True
130074,13,2025-12-01,Apartment,9,1448.68,"$467,397.36",Sold,C0908,467397.36,322.6367175635751,True
130078,13,2025-12-01,Apartment,10,1314.38,"$368,940.08",Sold,C0636,368940.08,280.6951414355057,True
130079,13,2025-12-01,Apartment,10,1314.38,"$402,388.87",Available,,402388.87,306.14348209802336,False
130107,13,2025-12-01,Apartment,13,585.77,"$167,021.08",Sold,C0094,167021.08,285.13081926353345,True
130131,13,2025-12-01,Apartment,15,458.29,"$137,979.81",Sold,C0474,137979.81,301.0753234851295,True
130154,13,2025-12-01,Office,18,1820.34,"$631,423.89",Available,,631423.89,346.87140314446754,False
130166,13,2025-12-01,Apartment,19,758.69,"$232,676.83",Sold,C1180,232676.83,306.6823472037327,True
130170,13,2025-12-01,Apartment,20,516.72,"$163,877.93",Available,,163877.93,317.1503522217061,False
130196,13,2025-12-01,Apartment,22,1811.36,"$595,167.57",Sold,C0134,595167.57,328.57497681300237,True
130276,13,2025-12-01,Apartment,32,1114.07,"$375,777.23",Sold,C1744,375777.23,337.3012737081153,True
130295,13,2025-12-01,Apartment,33,1445.84,"$361,953.92",Sold,C1871,361953.92,250.3416145631605,True
130309,13,2025-12-01,Apartment,34,1557.0,"$498,675.17",Sold,C1290,498675.17,320.2794926140013,True
130382,13,2025-12-01,Apartment,43,1875.83,"$548,576.41",Sold,C0807,548576.41,292.4446298438558,True
130411,13,2025-12-01,Apartment,47,1874.35,"$529,254.85",Sold,C0360,529254.85,282.36714060874436,True
130490,13,2025-12-01,Apartment,57,1717.49,"$477,356.80",Sold,C0690,477356.8,277.9386197299547,True
130496,13,2025-12-01,Apartment,57,1717.49,"$648,243.90",Available,,648243.9,377.4367827469156,False
130555,13,2025-12-01,Apartment,64,792.66,"$253,669.32",Sold,C0339,253669.32,320.02285973809705,True
130572,13,2025-12-01,Office,67,524.97,"$185,709.66",Sold,C0813,185709.66,353.75290016572376,True
140021,14,2025-12-01,Office,4,1797.81,"$598,226.98",Sold,C0188,598226.98,332.75317191471845,True
140033,14,2025-12-01,Apartment,5,424.34,"$104,223.52",Available,,104223.52,245.61323467031156,False
140055,14,2025-12-01,Office,8,618.89,"$215,053.02",Sold,C0338,215053.02,347.4818142157734,True
140070,14,2025-12-01,Apartment,9,803.5,"$247,414.28",Sold,C1234,247414.28,307.92069695084007,True
140125,14,2025-12-01,Apartment,13,442.74,"$122,946.25",Available,,122946.25,277.694019063107,False
140169,14,2025-12-01,Office,17,686.6,"$201,168.09",Sold,C0720,201168.09,292.9916836586076,True
140213,14,2025-12-01,Apartment,23,1610.37,"$584,831.47",Available,,584831.47,363.1658997621665,False
140266,14,2025-12-01,Apartment,29,1618.34,"$394,827.74",Sold,C0275,394827.74,243.97082195335963,True
140329,14,2025-12-01,Apartment,39,1811.84,"$456,636.39",Sold,C1426,456636.39,252.02909197280115,True
140338,14,2025-12-01,Apartment,40,532.44,"$158,985.82",Sold,C1930,158985.82,298.5985650965367,True
140403,14,2025-12-01,Apartment,48,1941.78,"$581,591.93",Sold,C1786,581591.93,299.51484205213774,True
140410,14,2025-12-01,Apartment,49,1231.75,"$390,024.91",Sold,C0583,390024.91,316.642914552466,True
140443,14,2025-12-01,Apartment,52,571.74,"$175,048.68",Available,,175048.68,306.1683282610977,False
140461,14,2025-12-01,Apartment,55,1415.9,"$451,347.51",Sold,C1340,451347.51,318.77075358429266,True
150065,15,2025-12-01,Apartment,10,1072.95,"$269,886.57",Sold,C0271,269886.57,251.53694953166504,True
150071,15,2025-12-01,Apartment,10,1072.95,"$248,482.96",Sold,C0542,248482.96,231.58857355887972,True
150080,15,2025-12-01,Apartment,12,992.68,"$292,138.69",Sold,C1523,292138.69,294.29291413144216,True
150088,15,2025-12-01,Apartment,14,1832.17,"$495,462.12",Available,,495462.12,270.42366155978976,False
150124,15,2025-12-01,Apartment,16,1692.61,"$605,784.18",Sold,C0385,605784.18,357.8994452354648,True
150125,15,2025-12-01,Apartment,16,1692.61,"$551,828.54",Sold,C1140,551828.54,326.022261477836,True
150156,15,2025-12-01,Apartment,20,1662.01,"$544,081.20",Sold,C1525,544081.2,327.3633732649021,True
150168,15,2025-12-01,Apartment,22,1317.29,"$337,265.16",Sold,C0308,337265.16,256.0295455063046,True
150209,15,2025-12-01,Apartment,24,924.36,"$282,320.19",Sold,C1833,282320.19,305.4223354537193,True
150219,15,2025-12-01,Apartment,25,607.01,"$197,503.46",Sold,C0743,197503.46,325.37101530452543,True
150221,15,2025-12-01,Apartment,26,961.01,"$334,454.42",Sold,C0622,334454.42,348.0238707193473,True
150273,15,2025-12-01,Apartment,32,1338.63,"$389,495.74",Sold,C1194,389495.74,290.96594279225775,True
150307,15,2025-12-01,Apartment,35,745.49,"$221,227.26",Sold,C0082,221227.26,296.75416169230976,True
150320,15,2025-12-01,Apartment,36,1424.81,"$422,938.38",Available,,422938.38,296.838441616777,False
150328,15,2025-12-01,Apartment,38,585.57,"$171,741.96",Sold,C0995,171741.96,293.2902300322762,True
150343,15,2025-12-01,Apartment,39,1713.42,"$447,350.47",Sold,C1817,447350.47,261.0862894094851,True
150359,15,2025-12-01,Apartment,43,1655.05,"$486,957.94",Sold,C0195,486957.94,294.22551584544277,True
150405,15,2025-12-01,Apartment,51,1689.08,"$534,107.07",Sold,C1442,534107.07,316.21182537239207,True
150429,15,2025-12-01,Apartment,53,696.04,"$260,013.87",Sold,C1651,260013.87,373.5616774897994,True
150430,15,2025-12-01,Apartment,53,696.04,"$212,562.05",Sold,C1497,212562.05,305.38769323602094,True
150463,15,2025-12-01,Office,56,939.93,"$332,240.58",Available,,332240.58,353.4737480450672,False
150478,15,2025-12-01,Office,57,429.34,"$140,270.18",Sold,C1064,140270.18,326.7111846089347,True
150490,15,2025-12-01,Apartment,58,1750.89,"$584,089.31",Available,,584089.31,333.59566277721615,False
150517,15,2025-12-01,Apartment,60,1033.2,"$282,882.02",Available,,282882.02,273.7921215640728,False
160048,16,2025-12-01,Apartment,6,1062.34,"$312,301.20",Available,,312301.2,293.97481032437827,False
160051,16,2025-12-01,Office,6,1062.34,"$345,683.12",Sold,C0522,345683.12,325.39781990699777,True
160098,16,2025-12-01,Apartment,11,1288.42,"$380,581.55",Available,,380581.55,295.38624827307865,False
160130,16,2025-12-01,Office,15,1365.29,"$485,729.33",Sold,C0187,485729.33,355.7700781518945,True
160159,16,2025-12-01,Office,20,1096.33,"$328,838.91",Sold,C0772,328838.91,299.9451898607171,True
160197,16,2025-12-01,Office,24,1077.77,"$411,693.07",Available,,411693.07,381.986017424868,False
160226,16,2025-12-01,Apartment,27,1164.55,"$394,988.77",Available,,394988.77,339.177167146108,False
160254,16,2025-12-01,Apartment,29,489.49,"$161,650.21",Available,,161650.21,330.24210913399656,False
160323,16,2025-12-01,Apartment,38,431.83,"$131,261.13",Sold,C1205,131261.13,303.96482412060305,True
160324,16,2025-12-01,Apartment,38,431.83,"$141,634.15",Sold,C0269,141634.15,327.9858972280759,True
160329,16,2025-12-01,Apartment,39,1562.93,"$479,212.80",Sold,C0646,479212.8,306.61181242921947,True
160385,16,2025-12-01,Apartment,44,1695.03,"$571,089.66",Sold,C0927,571089.66,336.92008990991314,True
160390,16,2025-12-01,Apartment,45,1653.49,"$465,826.16",Sold,C0977,465826.16,281.7229980223648,True
170033,17,2025-12-01,Office,2,1738.5,"$544,862.08",Sold,C1829,544862.08,313.4093068737417,True
170051,17,2025-12-01,Apartment,6,1739.03,"$484,217.81",Available,,484217.81,278.44132073627253,False
170053,17,2025-12-01,Apartment,7,1300.91,"$396,586.67",Sold,C1606,396586.67,304.85327194041093,True
170059,17,2025-12-01,Apartment,7,1300.91,"$435,938.93",Available,,435938.93,335.10306631511787,False
170123,17,2025-12-01,Apartment,14,1646.02,"$534,790.76",Sold,C1277,534790.76,324.899308635375,True
170210,17,2025-12-01,Apartment,23,1025.52,"$366,080.74",Sold,C1141,366080.74,356.970844059599,True
170235,17,2025-12-01,Apartment,27,677.24,"$205,598.72",Sold,C0719,205598.72,303.5832496603863,True
170240,17,2025-12-01,Apartment,27,677.24,"$210,136.82",Sold,C0975,210136.82,310.28412379658613,True
170257,17,2025-12-01,Apartment,31,1806.06,"$587,056.34",Available,,587056.34,325.04808256647067,False
170272,17,2025-12-01,Apartment,33,1532.89,"$452,395.80",Available,,452395.8,295.1260690590975,False
170314,17,2025-12-01,Office,39,1341.67,"$385,358.62",Sold,C1405,385358.62,287.223102551298,True
170352,17,2025-12-01,Apartment,45,1574.3,"$462,346.45",Sold,C1354,462346.45,293.6838277329607,True
170381,17,2025-12-01,Office,47,1106.83,"$300,057.11",Sold,C1702,300057.11,271.0959316245494,True
170399,17,2025-12-01,Apartment,48,1833.96,"$584,971.87",Sold,C1273,584971.87,318.9665368928439,True
180019,18,2025-12-01,Apartment,3,524.48,"$145,719.42",Sold,C1737,145719.42,277.8359899328859,True
180059,18,2025-12-01,Apartment,6,840.25,"$200,909.52",Available,,200909.52,239.1068372508182,False
180081,18,2025-12-01,Apartment,11,507.04,"$145,443.17",Sold,C0944,145443.17,286.8475268223414,True
180103,18,2025-12-01,Apartment,14,1742.3,"$552,490.44",Sold,C1513,552490.44,317.1040808127188,True
180139,18,2025-12-01,Apartment,18,1127.95,"$360,056.73",Sold,C1916,360056.73,319.21337825258206,True
180179,18,2025-12-01,Apartment,23,1659.02,"$542,607.18",Sold,C0792,542607.18,327.06488167713474,True
180182,18,2025-12-01,Apartment,23,1659.02,"$479,876.57",Sold,C0142,479876.57,289.2530349242324,True
180204,18,2025-12-01,Office,26,1147.71,"$350,791.53",Sold,C1401,350791.53,305.6447447525943,True
180237,18,2025-12-01,Apartment,29,578.36,"$171,091.26",Sold,C1616,171091.26,295.82139152085205,True
180351,18,2025-12-01,Apartment,40,990.46,"$256,435.44",Sold,C1403,256435.44,258.90539749207437,True
180396,18,2025-12-01,Apartment,45,1627.52,"$464,754.23",Sold,C1259,464754.23,285.5597657786079,True
180423,18,2025-12-01,Apartment,48,564.59,"$168,474.31",Sold,C1919,168474.31,298.40115836270564,True
180434,18,2025-12-01,Apartment,49,1457.92,"$425,283.53",Available,,425283.53,291.7056697212467,False
180450,18,2025-12-01,Apartment,50,854.74,"$292,067.45",Sold,C0225,292067.45,341.70326649039475,True
180460,18,2025-12-01,Office,52,1424.54,"$370,252.38",Sold,C1547,370252.38,259.9101323936148,True
180509,18,2025-12-01,Apartment,56,1311.59,"$404,881.60",Available,,404881.6,308.6952477527276,False
180537,18,2025-12-01,Office,61,1019.7,"$278,882.50",Sold,C0179,278882.5,273.4946552907718,True
180551,18,2025-12-01,Apartment,63,1855.14,"$554,198.64",Sold,C0923,554198.64,298.7368284873379,True
180567,18,2025-12-01,Apartment,66,1631.24,"$508,529.45",Available,,508529.45,311.74410264584,False
180586,18,2025-12-01,Apartment,68,1445.28,"$376,315.89",Available,,376315.89,260.37576801727005,False
190015,19,2025-12-01,Apartment,4,1225.38,"$338,955.08",Sold,C0235,338955.08,276.6122182506651,True
190066,19,2025-12-01,Office,10,747.71,"$205,334.04",Sold,C1134,205334.04,274.6172179053376,True
190138,19,2025-12-01,Apartment,18,1599.44,"$488,639.08",Sold,C1013,488639.08,305.50635222327816,True
190145,19,2025-12-01,Apartment,19,1697.73,"$558,396.13",Sold,C0647,558396.13,328.90750001472554,True
190150,19,2025-12-01,Office,19,1697.73,"$492,332.08",Sold,C0319,492332.08,289.9943336101736,True
190184,19,2025-12-01,Apartment,22,935.25,"$207,543.49",Sold,C1164,207543.49,221.91231221598503,True
190345,19,2025-12-01,Apartment,40,893.49,"$290,012.16",Sold,C1987,290012.16,324.5835543766578,True
190348,19,2025-12-01,Office,41,1657.19,"$544,140.97",Available,,544140.97,328.35158913582626,False
190402,19,2025-12-01,Apartment,46,1926.19,"$602,056.71",Sold,C0166,602056.71,312.56351138776546,True
200010,20,2025-12-01,Apartment,1,1898.39,"$467,528.98",Sold,C1033,467528.98,246.27657119980614,True
200083,20,2025-12-01,Apartment,11,1722.28,"$481,702.43",Available,,481702.43,279.6888020530924,False
200129,20,2025-12-01,Apartment,16,645.44,"$169,917.79",Sold,C1834,169917.79,263.258846678235,True
200169,20,2025-12-01,Office,19,759.72,"$255,423.12",Sold,C1471,255423.12,336.2069183383352,True
200178,20,2025-12-01,Apartment,19,759.72,"$224,217.07",Sold,C0630,224217.07,295.13119307113146,True
200212,20,2025-12-01,Apartment,26,1941.62,"$487,446.59",Available,,487446.59,251.0514879327572,False
200247,20,2025-12-01,Apartment,30,1703.94,"$467,957.38",Sold,C1334,467957.38,274.632545746916,True
200263,20,2025-12-01,Office,30,1703.94,"$538,035.23",Sold,C1066,538035.23,315.7594927051422,True
200307,20,2025-12-01,Apartment,33,630.53,"$217,209.99",Available,,217209.99,344.4879545778948,False
200381,20,2025-12-01,Apartment,42,811.56,"$225,326.30",Available,,225326.3,277.64589186258564,False
200404,20,2025-12-01,Apartment,46,1227.49,"$359,645.92",Available,,359645.92,292.99295309941425,False
200405,20,2025-12-01,Apartment,46,1227.49,"$404,637.37",Sold,C0541,404637.37,329.64616412353666,True
200417,20,2025-12-01,Apartment,48,860.8,"$271,177.34",Available,,271177.34,315.02943773234205,False
200429,20,2025-12-01,Apartment,48,860.8,"$265,186.67",Sold,C1412,265186.67,308.07001626394054,True
200430,20,2025-12-01,Apartment,48,860.8,"$288,189.74",Sold,C0504,288189.74,334.79291356877326,True
200449,20,2025-12-01,Apartment,51,1062.33,"$328,980.19",Available,,328980.19,309.67796259166175,False
990014,4,2025-12-01,Apartment,13,733.19,"$217,357.63",Available,,217357.63,296.45471160272234,False
